W&B offline. Running your script from this directory will only write metadata locally. Use wandb disabled to completely turn off W&B.
prompt tuning with question-only
start load args ...
end load args!
start seed everything...
end seed everything!
Namespace(model_name='pt_llm', project='project_g_retriever', seed=0, dataset='nl27k_baseline_tc', lr=1e-05, wd=0.05, patience=2, batch_size=16, grad_steps=2, num_epochs=3, warmup_epochs=1, eval_batch_size=16, llm_model_name='7b_chat', llm_model_path='', llm_frozen='True', llm_num_virtual_tokens=10, output_dir='output', max_txt_len=0, max_new_tokens=32, max_memory=['80', '80'], gnn_model_name='gt', gnn_num_layers=4, gnn_in_dim=1024, gnn_hidden_dim=1024, gnn_num_heads=4, gnn_dropout=0.0)
start load dataset...
end load dataset!
start load model...
Loading LLAMA
Freezing LLAMA!
Finish loading LLAMA!
trainable params: 40960 || all params: 6738456576 || trainable%: 0.0006078543289257816
start training...
Lr: 1.073191672032625e-09, Accum Loss: 10.064850807189941
Lr: 3.2195750160978755e-09, Accum Loss: 9.975022792816162
Lr: 5.365958360163126e-09, Accum Loss: 10.105863571166992
Lr: 7.512341704228376e-09, Accum Loss: 9.996497631072998
Lr: 9.658725048293626e-09, Accum Loss: 10.170363903045654
Lr: 1.1805108392358875e-08, Accum Loss: 10.080527305603027
Lr: 1.3951491736424127e-08, Accum Loss: 10.135221004486084
Lr: 1.6097875080489375e-08, Accum Loss: 10.160554885864258
Lr: 1.8244258424554626e-08, Accum Loss: 9.7445387840271
Lr: 2.0390641768619876e-08, Accum Loss: 10.125412464141846
Lr: 2.2537025112685127e-08, Accum Loss: 9.937923431396484
Lr: 2.4683408456750378e-08, Accum Loss: 9.924257278442383
Lr: 2.682979180081563e-08, Accum Loss: 10.176190853118896
Lr: 2.8976175144880877e-08, Accum Loss: 10.057058334350586
Lr: 3.112255848894613e-08, Accum Loss: 10.098059177398682
Lr: 3.326894183301138e-08, Accum Loss: 10.121474742889404
Lr: 3.541532517707663e-08, Accum Loss: 10.213299751281738
Lr: 3.756170852114188e-08, Accum Loss: 10.00626277923584
Lr: 3.970809186520713e-08, Accum Loss: 10.160576820373535
Lr: 4.1854475209272375e-08, Accum Loss: 9.973062992095947
Lr: 4.400085855333763e-08, Accum Loss: 9.91249942779541
Lr: 4.614724189740288e-08, Accum Loss: 10.137123107910156
Lr: 4.8293625241468134e-08, Accum Loss: 9.867559909820557
Lr: 5.044000858553338e-08, Accum Loss: 9.869545936584473
Lr: 5.258639192959863e-08, Accum Loss: 9.820758819580078
Lr: 5.473277527366388e-08, Accum Loss: 10.111754417419434
Lr: 5.687915861772913e-08, Accum Loss: 10.105921268463135
Lr: 5.9025541961794375e-08, Accum Loss: 10.092185974121094
Lr: 6.117192530585963e-08, Accum Loss: 10.20746660232544
Lr: 6.331830864992488e-08, Accum Loss: 10.074642658233643
Lr: 6.546469199399013e-08, Accum Loss: 9.996500968933105
Lr: 6.761107533805538e-08, Accum Loss: 9.998437404632568
Lr: 6.975745868212062e-08, Accum Loss: 9.801268100738525
Lr: 7.190384202618588e-08, Accum Loss: 9.769914150238037
Lr: 7.405022537025114e-08, Accum Loss: 10.10588026046753
Lr: 7.619660871431638e-08, Accum Loss: 10.129316329956055
Lr: 7.834299205838163e-08, Accum Loss: 10.15081787109375
Lr: 8.048937540244688e-08, Accum Loss: 9.98478078842163
Lr: 8.263575874651214e-08, Accum Loss: 9.855839729309082
Lr: 8.478214209057739e-08, Accum Loss: 10.1390700340271
Lr: 8.692852543464263e-08, Accum Loss: 9.85978078842163
Lr: 8.907490877870787e-08, Accum Loss: 10.211292743682861
Lr: 9.122129212277314e-08, Accum Loss: 9.934006214141846
Lr: 9.336767546683839e-08, Accum Loss: 9.816850662231445
Lr: 9.551405881090363e-08, Accum Loss: 9.9828462600708
Lr: 9.766044215496888e-08, Accum Loss: 10.012146949768066
Lr: 9.980682549903413e-08, Accum Loss: 9.9730806350708
Lr: 1.0195320884309939e-07, Accum Loss: 9.885179042816162
Lr: 1.0409959218716464e-07, Accum Loss: 9.879335403442383
Lr: 1.062459755312299e-07, Accum Loss: 9.97109603881836
Lr: 1.0839235887529514e-07, Accum Loss: 10.053123950958252
Lr: 1.1053874221936038e-07, Accum Loss: 10.01017141342163
Lr: 1.1268512556342563e-07, Accum Loss: 10.041415691375732
Lr: 1.148315089074909e-07, Accum Loss: 10.225017070770264
Lr: 1.1697789225155614e-07, Accum Loss: 10.008221626281738
Lr: 1.1912427559562139e-07, Accum Loss: 10.203586101531982
Lr: 1.2127065893968663e-07, Accum Loss: 10.045300006866455
Lr: 1.2341704228375187e-07, Accum Loss: 10.078536987304688
Lr: 1.2556342562781715e-07, Accum Loss: 9.799277782440186
Lr: 1.277098089718824e-07, Accum Loss: 9.846148490905762
Lr: 1.2985619231594763e-07, Accum Loss: 9.943756103515625
Lr: 1.3200257566001288e-07, Accum Loss: 9.855844497680664
Lr: 1.3414895900407812e-07, Accum Loss: 9.916440486907959
Lr: 1.362953423481434e-07, Accum Loss: 10.016061782836914
Lr: 1.3844172569220864e-07, Accum Loss: 9.826586723327637
Lr: 1.4058810903627388e-07, Accum Loss: 10.0199613571167
Lr: 1.4273449238033913e-07, Accum Loss: 10.053155899047852
Lr: 1.448808757244044e-07, Accum Loss: 10.017998218536377
Lr: 1.4702725906846964e-07, Accum Loss: 9.982824325561523
Lr: 1.4917364241253488e-07, Accum Loss: 10.010160446166992
Lr: 1.5132002575660016e-07, Accum Loss: 9.992602348327637
Lr: 1.534664091006654e-07, Accum Loss: 10.04338550567627
Lr: 1.5561279244473064e-07, Accum Loss: 10.04923152923584
Lr: 1.577591757887959e-07, Accum Loss: 9.965225219726562
Lr: 1.5990555913286116e-07, Accum Loss: 9.971190452575684
Lr: 1.6205194247692638e-07, Accum Loss: 10.006234645843506
Lr: 1.6419832582099165e-07, Accum Loss: 9.937887191772461
Lr: 1.6634470916505692e-07, Accum Loss: 9.967211246490479
Lr: 1.6849109250912214e-07, Accum Loss: 9.812950134277344
Lr: 1.706374758531874e-07, Accum Loss: 9.947709083557129
Lr: 1.7278385919725262e-07, Accum Loss: 9.992648124694824
Lr: 1.749302425413179e-07, Accum Loss: 9.83639907836914
Lr: 1.7707662588538317e-07, Accum Loss: 9.92618179321289
Lr: 1.7922300922944838e-07, Accum Loss: 9.91645336151123
Lr: 1.8136939257351365e-07, Accum Loss: 9.828547477722168
Lr: 1.8351577591757887e-07, Accum Loss: 9.885226726531982
Lr: 1.8566215926164414e-07, Accum Loss: 10.064879894256592
Lr: 1.878085426057094e-07, Accum Loss: 10.094167709350586
Lr: 1.8995492594977463e-07, Accum Loss: 9.977015495300293
Lr: 1.921013092938399e-07, Accum Loss: 10.012129783630371
Lr: 1.9424769263790515e-07, Accum Loss: 9.932091236114502
Lr: 1.963940759819704e-07, Accum Loss: 9.90278959274292
Lr: 1.9854045932603566e-07, Accum Loss: 10.066826820373535
Lr: 2.0068684267010088e-07, Accum Loss: 9.875430583953857
Lr: 2.0283322601416615e-07, Accum Loss: 9.62347412109375
Lr: 2.049796093582314e-07, Accum Loss: 9.623475074768066
Lr: 2.0712599270229664e-07, Accum Loss: 9.906643867492676
Lr: 2.092723760463619e-07, Accum Loss: 9.963345527648926
Lr: 2.1141875939042715e-07, Accum Loss: 9.988722324371338
Lr: 2.135651427344924e-07, Accum Loss: 10.082464218139648
Lr: 2.1571152607855764e-07, Accum Loss: 9.814904689788818
Lr: 2.178579094226229e-07, Accum Loss: 9.898918628692627
Lr: 2.2000429276668816e-07, Accum Loss: 9.779768466949463
Lr: 2.221506761107534e-07, Accum Loss: 9.908637523651123
Lr: 2.2429705945481867e-07, Accum Loss: 10.0179762840271
Lr: 2.264434427988839e-07, Accum Loss: 9.80123233795166
Lr: 2.2858982614294916e-07, Accum Loss: 10.002411365509033
Lr: 2.3073620948701438e-07, Accum Loss: 9.904720783233643
Lr: 2.3288259283107965e-07, Accum Loss: 9.852034568786621
Lr: 2.3502897617514492e-07, Accum Loss: 9.955534934997559
Lr: 2.3717535951921014e-07, Accum Loss: 9.947737693786621
Lr: 2.393217428632754e-07, Accum Loss: 9.877335548400879
Lr: 2.414681262073406e-07, Accum Loss: 9.848105907440186
Lr: 2.436145095514059e-07, Accum Loss: 9.885210514068604
Lr: 2.4576089289547117e-07, Accum Loss: 9.758289337158203
Lr: 2.479072762395364e-07, Accum Loss: 9.812921524047852
Lr: 2.5005365958360165e-07, Accum Loss: 10.082520961761475
Lr: 2.5220004292766687e-07, Accum Loss: 10.031729698181152
Lr: 2.5434642627173214e-07, Accum Loss: 9.7856125831604
Lr: 2.564928096157974e-07, Accum Loss: 9.877410888671875
Lr: 2.5863919295986263e-07, Accum Loss: 9.842293739318848
Lr: 2.607855763039279e-07, Accum Loss: 10.008274555206299
Lr: 2.629319596479931e-07, Accum Loss: 9.615688800811768
Lr: 2.650783429920584e-07, Accum Loss: 9.898882389068604
Lr: 2.6722472633612366e-07, Accum Loss: 9.867640972137451
Lr: 2.693711096801889e-07, Accum Loss: 9.773946285247803
Lr: 2.7151749302425415e-07, Accum Loss: 9.746541976928711
Lr: 2.7366387636831937e-07, Accum Loss: 9.826615810394287
Lr: 2.7581025971238464e-07, Accum Loss: 9.928237438201904
Lr: 2.779566430564499e-07, Accum Loss: 9.785623550415039
Lr: 2.8010302640051513e-07, Accum Loss: 9.572758197784424
Lr: 2.822494097445804e-07, Accum Loss: 9.711370944976807
Lr: 2.8439579308864567e-07, Accum Loss: 9.795398235321045
Lr: 2.865421764327109e-07, Accum Loss: 9.793399333953857
Lr: 2.8868855977677616e-07, Accum Loss: 9.73683786392212
Lr: 2.908349431208414e-07, Accum Loss: 9.73677921295166
Lr: 2.9298132646490665e-07, Accum Loss: 9.807075500488281
Lr: 2.951277098089719e-07, Accum Loss: 9.732912063598633
Lr: 2.9727409315303713e-07, Accum Loss: 9.828564167022705
Lr: 2.994204764971024e-07, Accum Loss: 9.79543924331665
Lr: 3.015668598411677e-07, Accum Loss: 9.760245323181152
Lr: 3.037132431852329e-07, Accum Loss: 9.717262744903564
Lr: 3.0585962652929816e-07, Accum Loss: 9.633244514465332
Lr: 3.0800600987336343e-07, Accum Loss: 9.643150329589844
Lr: 3.1015239321742865e-07, Accum Loss: 9.67431640625
Lr: 3.122987765614939e-07, Accum Loss: 9.766103267669678
Lr: 3.144451599055592e-07, Accum Loss: 9.490715980529785
Lr: 3.165915432496244e-07, Accum Loss: 9.6118483543396
Lr: 3.1873792659368963e-07, Accum Loss: 9.514191627502441
Lr: 3.208843099377549e-07, Accum Loss: 9.688021183013916
Lr: 3.2303069328182017e-07, Accum Loss: 9.551234722137451
Lr: 3.2517707662588544e-07, Accum Loss: 9.490745067596436
Lr: 3.2732345996995066e-07, Accum Loss: 9.600120067596436
Lr: 3.294698433140159e-07, Accum Loss: 9.932121753692627
Lr: 3.3161622665808115e-07, Accum Loss: 9.520087242126465
Lr: 3.337626100021464e-07, Accum Loss: 9.670422077178955
Lr: 3.359089933462117e-07, Accum Loss: 9.643096446990967
Lr: 3.3805537669027696e-07, Accum Loss: 9.621609210968018
Lr: 3.402017600343421e-07, Accum Loss: 9.697775840759277
Lr: 3.423481433784074e-07, Accum Loss: 9.484866619110107
Lr: 3.4449452672247267e-07, Accum Loss: 9.420398235321045
Lr: 3.4664091006653794e-07, Accum Loss: 9.547364711761475
Lr: 3.487872934106032e-07, Accum Loss: 9.629426002502441
Lr: 3.5093367675466837e-07, Accum Loss: 9.625514507293701
Lr: 3.5308006009873364e-07, Accum Loss: 9.604046821594238
Lr: 3.552264434427989e-07, Accum Loss: 9.523966789245605
Lr: 3.573728267868642e-07, Accum Loss: 9.566925048828125
Lr: 3.5951921013092945e-07, Accum Loss: 9.711437225341797
Lr: 3.616655934749946e-07, Accum Loss: 9.676373958587646
Lr: 3.638119768190599e-07, Accum Loss: 9.541533470153809
Lr: 3.6595836016312516e-07, Accum Loss: 9.469274997711182
Lr: 3.6810474350719043e-07, Accum Loss: 9.594278335571289
Lr: 3.702511268512557e-07, Accum Loss: 9.521972179412842
Lr: 3.7239751019532087e-07, Accum Loss: 9.348179340362549
Lr: 3.7454389353938614e-07, Accum Loss: 9.578660488128662
Lr: 3.766902768834514e-07, Accum Loss: 9.63531494140625
Lr: 3.788366602275167e-07, Accum Loss: 9.477152824401855
Lr: 3.8098304357158195e-07, Accum Loss: 9.480975151062012
Lr: 3.831294269156471e-07, Accum Loss: 9.62062692642212
Lr: 3.852758102597124e-07, Accum Loss: 9.455657005310059
Lr: 3.8742219360377766e-07, Accum Loss: 9.393162727355957
Lr: 3.8956857694784293e-07, Accum Loss: 9.46150827407837
Lr: 3.917149602919082e-07, Accum Loss: 9.531775951385498
Lr: 3.938613436359734e-07, Accum Loss: 9.330627918243408
Lr: 3.9600772698003863e-07, Accum Loss: 9.713464736938477
Lr: 3.981541103241039e-07, Accum Loss: 9.479053497314453
Lr: 4.003004936681692e-07, Accum Loss: 9.402900695800781
Lr: 4.0244687701223445e-07, Accum Loss: 9.40096378326416
Lr: 4.0459326035629966e-07, Accum Loss: 9.164688110351562
Lr: 4.0673964370036493e-07, Accum Loss: 9.367778301239014
Lr: 4.0888602704443015e-07, Accum Loss: 9.30921983718872
Lr: 4.110324103884954e-07, Accum Loss: 9.33650255203247
Lr: 4.131787937325607e-07, Accum Loss: 9.219294548034668
Lr: 4.153251770766259e-07, Accum Loss: 9.401951313018799
Lr: 4.174715604206912e-07, Accum Loss: 9.248682975769043
Lr: 4.196179437647564e-07, Accum Loss: 9.301365852355957
Lr: 4.2176432710882167e-07, Accum Loss: 9.3599534034729
Lr: 4.2391071045288694e-07, Accum Loss: 9.291595935821533
Lr: 4.2605709379695216e-07, Accum Loss: 9.359945297241211
Lr: 4.2820347714101743e-07, Accum Loss: 9.486957550048828
Lr: 4.303498604850827e-07, Accum Loss: 9.18125057220459
Lr: 4.324962438291479e-07, Accum Loss: 9.36192798614502
Lr: 4.346426271732132e-07, Accum Loss: 9.295560359954834
Lr: 4.367890105172784e-07, Accum Loss: 9.295560836791992
Lr: 4.389353938613437e-07, Accum Loss: 9.213547706604004
Lr: 4.4108177720540895e-07, Accum Loss: 9.180284023284912
Lr: 4.432281605494742e-07, Accum Loss: 9.034811019897461
Lr: 4.4537454389353944e-07, Accum Loss: 9.4282865524292
Lr: 4.4752092723760465e-07, Accum Loss: 9.160776615142822
Lr: 4.496673105816699e-07, Accum Loss: 9.279893398284912
Lr: 4.518136939257352e-07, Accum Loss: 9.398070335388184
Lr: 4.5396007726980047e-07, Accum Loss: 9.15003776550293
Lr: 4.5610646061386563e-07, Accum Loss: 9.29167652130127
Lr: 4.582528439579309e-07, Accum Loss: 9.227167129516602
Lr: 4.6039922730199617e-07, Accum Loss: 9.106069564819336
Lr: 4.6254561064606144e-07, Accum Loss: 9.052294254302979
Lr: 4.646919939901267e-07, Accum Loss: 9.087542533874512
Lr: 4.668383773341919e-07, Accum Loss: 9.09242296218872
Lr: 4.6898476067825715e-07, Accum Loss: 9.150045394897461
Lr: 4.711311440223224e-07, Accum Loss: 9.092424392700195
Lr: 4.732775273663877e-07, Accum Loss: 9.231143951416016
Lr: 4.7542391071045296e-07, Accum Loss: 9.097312450408936
Lr: 4.775702940545181e-07, Accum Loss: 8.906908988952637
Lr: 4.797166773985834e-07, Accum Loss: 9.034853458404541
Lr: 4.818630607426487e-07, Accum Loss: 9.080702781677246
Lr: 4.840094440867139e-07, Accum Loss: 8.974250793457031
Lr: 4.861558274307792e-07, Accum Loss: 8.921602725982666
Lr: 4.883022107748444e-07, Accum Loss: 9.215563774108887
Lr: 4.904485941189096e-07, Accum Loss: 8.834639549255371
Lr: 4.925949774629749e-07, Accum Loss: 8.938152313232422
Lr: 4.947413608070402e-07, Accum Loss: 8.913776874542236
Lr: 4.968877441511055e-07, Accum Loss: 8.901003360748291
Lr: 4.990341274951706e-07, Accum Loss: 8.913713932037354
Lr: 5.011805108392359e-07, Accum Loss: 9.04068660736084
Lr: 5.033268941833012e-07, Accum Loss: 8.939164638519287
Lr: 5.054732775273664e-07, Accum Loss: 9.110043048858643
Lr: 5.076196608714317e-07, Accum Loss: 8.7819242477417
Lr: 5.097660442154969e-07, Accum Loss: 8.717451095581055
Lr: 5.119124275595621e-07, Accum Loss: 8.584701538085938
Lr: 5.140588109036274e-07, Accum Loss: 9.035874366760254
Lr: 5.162051942476927e-07, Accum Loss: 9.061243534088135
Lr: 5.18351577591758e-07, Accum Loss: 8.716559410095215
Lr: 5.204979609358231e-07, Accum Loss: 9.036834239959717
Lr: 5.226443442798884e-07, Accum Loss: 8.986952304840088
Lr: 5.247907276239537e-07, Accum Loss: 8.676447868347168
Lr: 5.269371109680189e-07, Accum Loss: 8.796644687652588
Lr: 5.290834943120842e-07, Accum Loss: 8.698025703430176
Lr: 5.312298776561494e-07, Accum Loss: 8.79269790649414
Lr: 5.333762610002146e-07, Accum Loss: 8.61987590789795
Lr: 5.355226443442799e-07, Accum Loss: 8.867988586425781
Lr: 5.376690276883452e-07, Accum Loss: 8.772297859191895
Lr: 5.398154110324104e-07, Accum Loss: 8.666710376739502
Lr: 5.419617943764756e-07, Accum Loss: 8.752641201019287
Lr: 5.441081777205409e-07, Accum Loss: 8.72543716430664
Lr: 5.462545610646062e-07, Accum Loss: 8.56235408782959
Lr: 5.484009444086714e-07, Accum Loss: 8.540781497955322
Lr: 5.505473277527367e-07, Accum Loss: 8.371820449829102
Lr: 5.526937110968019e-07, Accum Loss: 8.695077896118164
Lr: 5.548400944408671e-07, Accum Loss: 8.360091209411621
Lr: 5.569864777849324e-07, Accum Loss: 8.620838642120361
Lr: 5.591328611289977e-07, Accum Loss: 8.74394941329956
Lr: 5.612792444730629e-07, Accum Loss: 8.515445232391357
Lr: 5.634256278171281e-07, Accum Loss: 8.415778160095215
Lr: 5.655720111611934e-07, Accum Loss: 8.52325439453125
Lr: 5.677183945052586e-07, Accum Loss: 8.576031684875488
Lr: 5.698647778493239e-07, Accum Loss: 8.762431144714355
Lr: 5.720111611933892e-07, Accum Loss: 8.283984184265137
Lr: 5.741575445374545e-07, Accum Loss: 8.422705173492432
Lr: 5.763039278815196e-07, Accum Loss: 8.430545330047607
Lr: 5.784503112255849e-07, Accum Loss: 8.27744722366333
Lr: 5.805966945696502e-07, Accum Loss: 8.438298225402832
Lr: 5.827430779137154e-07, Accum Loss: 8.301628589630127
Lr: 5.848894612577807e-07, Accum Loss: 8.190328598022461
Lr: 5.87035844601846e-07, Accum Loss: 8.181493282318115
Lr: 5.891822279459111e-07, Accum Loss: 8.042826652526855
Lr: 5.913286112899764e-07, Accum Loss: 8.167884826660156
Lr: 5.934749946340417e-07, Accum Loss: 7.8699963092803955
Lr: 5.95621377978107e-07, Accum Loss: 8.47055721282959
Lr: 5.977677613221722e-07, Accum Loss: 8.566269874572754
Lr: 5.999141446662374e-07, Accum Loss: 8.347506523132324
Lr: 6.020605280103027e-07, Accum Loss: 8.109294891357422
Lr: 6.042069113543679e-07, Accum Loss: 8.251855850219727
Lr: 6.063532946984332e-07, Accum Loss: 8.01167106628418
Lr: 6.084996780424985e-07, Accum Loss: 8.204954624176025
Lr: 6.106460613865637e-07, Accum Loss: 8.032193660736084
Lr: 6.127924447306289e-07, Accum Loss: 7.927685499191284
Lr: 6.149388280746942e-07, Accum Loss: 8.175795555114746
Lr: 6.170852114187595e-07, Accum Loss: 8.179648399353027
Lr: 6.192315947628247e-07, Accum Loss: 8.117032051086426
Lr: 6.2137797810689e-07, Accum Loss: 7.7519261837005615
Lr: 6.235243614509553e-07, Accum Loss: 7.731394529342651
Lr: 6.256707447950204e-07, Accum Loss: 7.8310227394104
Lr: 6.278171281390857e-07, Accum Loss: 7.7129364013671875
Lr: 6.29963511483151e-07, Accum Loss: 7.809667348861694
Lr: 6.321098948272161e-07, Accum Loss: 7.519552946090698
Lr: 6.342562781712815e-07, Accum Loss: 7.912055015563965
Lr: 6.364026615153467e-07, Accum Loss: 7.600675106048584
Lr: 6.385490448594119e-07, Accum Loss: 7.595743179321289
Lr: 6.406954282034772e-07, Accum Loss: 7.940557241439819
Lr: 6.428418115475424e-07, Accum Loss: 7.905188083648682
Lr: 6.449881948916078e-07, Accum Loss: 7.815436363220215
Lr: 6.471345782356729e-07, Accum Loss: 7.462987184524536
Lr: 6.492809615797382e-07, Accum Loss: 7.629974842071533
Lr: 6.514273449238035e-07, Accum Loss: 7.601832389831543
Lr: 6.535737282678686e-07, Accum Loss: 7.8927247524261475
Lr: 6.55720111611934e-07, Accum Loss: 7.4356231689453125
Lr: 6.578664949559992e-07, Accum Loss: 7.153472661972046
Lr: 6.600128783000645e-07, Accum Loss: 7.599724292755127
Lr: 6.621592616441297e-07, Accum Loss: 7.293019771575928
Lr: 6.643056449881949e-07, Accum Loss: 7.495163440704346
Lr: 6.664520283322603e-07, Accum Loss: 7.657240152359009
Lr: 6.685984116763254e-07, Accum Loss: 7.707130193710327
Lr: 6.707447950203908e-07, Accum Loss: 7.588927984237671
Lr: 6.72891178364456e-07, Accum Loss: 7.267714977264404
Lr: 6.750375617085211e-07, Accum Loss: 6.99812912940979
Lr: 6.771839450525865e-07, Accum Loss: 6.899421215057373
Lr: 6.793303283966517e-07, Accum Loss: 7.191493988037109
Lr: 6.81476711740717e-07, Accum Loss: 7.3097429275512695
Lr: 6.836230950847822e-07, Accum Loss: 7.1799843311309814
Lr: 6.857694784288474e-07, Accum Loss: 7.085075616836548
Lr: 6.879158617729127e-07, Accum Loss: 7.348829984664917
Lr: 6.900622451169779e-07, Accum Loss: 6.983585357666016
Lr: 6.922086284610433e-07, Accum Loss: 6.964040279388428
Lr: 6.943550118051085e-07, Accum Loss: 6.986653804779053
Lr: 6.965013951491736e-07, Accum Loss: 6.734664678573608
Lr: 6.98647778493239e-07, Accum Loss: 6.924113988876343
Lr: 7.007941618373042e-07, Accum Loss: 7.340987205505371
Lr: 7.029405451813695e-07, Accum Loss: 7.049014329910278
Lr: 7.050869285254347e-07, Accum Loss: 6.890154838562012
Lr: 7.072333118694999e-07, Accum Loss: 6.914316415786743
Lr: 7.093796952135652e-07, Accum Loss: 6.936899423599243
Lr: 7.115260785576304e-07, Accum Loss: 6.78526759147644
Lr: 7.136724619016958e-07, Accum Loss: 7.069531202316284
Lr: 7.15818845245761e-07, Accum Loss: 6.903561115264893
Lr: 7.179652285898261e-07, Accum Loss: 6.368363618850708
Lr: 7.201116119338915e-07, Accum Loss: 6.601863384246826
Lr: 7.222579952779567e-07, Accum Loss: 6.2152650356292725
Lr: 7.24404378622022e-07, Accum Loss: 6.636998653411865
Lr: 7.265507619660872e-07, Accum Loss: 6.777789831161499
Lr: 7.286971453101524e-07, Accum Loss: 6.714255332946777
Lr: 7.308435286542177e-07, Accum Loss: 6.5835020542144775
Lr: 7.329899119982829e-07, Accum Loss: 6.7483532428741455
Lr: 7.351362953423483e-07, Accum Loss: 6.674272775650024
Lr: 7.372826786864134e-07, Accum Loss: 6.5021913051605225
Lr: 7.394290620304786e-07, Accum Loss: 6.18971848487854
Lr: 7.41575445374544e-07, Accum Loss: 6.640866041183472
Lr: 7.437218287186092e-07, Accum Loss: 6.54049015045166
Lr: 7.458682120626745e-07, Accum Loss: 6.2963666915893555
Lr: 7.480145954067397e-07, Accum Loss: 6.127421617507935
Lr: 7.501609787508049e-07, Accum Loss: 6.378264427185059
Lr: 7.523073620948702e-07, Accum Loss: 6.684933185577393
Lr: 7.544537454389354e-07, Accum Loss: 6.3344902992248535
Lr: 7.566001287830008e-07, Accum Loss: 6.0951988697052
Lr: 7.587465121270659e-07, Accum Loss: 6.553210735321045
Lr: 7.608928954711311e-07, Accum Loss: 5.979810953140259
Lr: 7.630392788151965e-07, Accum Loss: 5.915513753890991
Lr: 7.651856621592616e-07, Accum Loss: 5.968935251235962
Lr: 7.67332045503327e-07, Accum Loss: 6.053279638290405
Lr: 7.694784288473922e-07, Accum Loss: 6.024973154067993
Lr: 7.716248121914574e-07, Accum Loss: 5.704663991928101
Lr: 7.737711955355227e-07, Accum Loss: 5.8199591636657715
Lr: 7.759175788795879e-07, Accum Loss: 6.177242279052734
Lr: 7.780639622236533e-07, Accum Loss: 5.9321510791778564
Lr: 7.802103455677184e-07, Accum Loss: 5.7759175300598145
Lr: 7.823567289117837e-07, Accum Loss: 5.977181911468506
Lr: 7.84503112255849e-07, Accum Loss: 5.501626014709473
Lr: 7.866494955999141e-07, Accum Loss: 5.936046361923218
Lr: 7.887958789439795e-07, Accum Loss: 5.584718704223633
Lr: 7.909422622880447e-07, Accum Loss: 5.4832923412323
Lr: 7.9308864563211e-07, Accum Loss: 5.928291320800781
Lr: 7.952350289761752e-07, Accum Loss: 5.403010368347168
Lr: 7.973814123202404e-07, Accum Loss: 5.338585138320923
Lr: 7.995277956643058e-07, Accum Loss: 5.4147560596466064
Lr: 8.016741790083709e-07, Accum Loss: 5.50769567489624
Lr: 8.038205623524362e-07, Accum Loss: 5.244839668273926
Lr: 8.059669456965015e-07, Accum Loss: 5.4088134765625
Lr: 8.081133290405666e-07, Accum Loss: 5.6314918994903564
Lr: 8.10259712384632e-07, Accum Loss: 5.364805221557617
Lr: 8.124060957286972e-07, Accum Loss: 5.800659418106079
Lr: 8.145524790727625e-07, Accum Loss: 5.342620372772217
Lr: 8.166988624168277e-07, Accum Loss: 5.341473340988159
Lr: 8.18845245760893e-07, Accum Loss: 5.303367853164673
Lr: 8.209916291049583e-07, Accum Loss: 4.992749452590942
Lr: 8.231380124490234e-07, Accum Loss: 5.019331455230713
Lr: 8.252843957930887e-07, Accum Loss: 4.872941255569458
Lr: 8.27430779137154e-07, Accum Loss: 5.063422918319702
Lr: 8.295771624812192e-07, Accum Loss: 5.129652976989746
Lr: 8.317235458252845e-07, Accum Loss: 5.139669895172119
Lr: 8.338699291693497e-07, Accum Loss: 4.92371392250061
Lr: 8.360163125134149e-07, Accum Loss: 4.968031644821167
Lr: 8.381626958574802e-07, Accum Loss: 4.833115339279175
Lr: 8.403090792015455e-07, Accum Loss: 4.940441608428955
Lr: 8.424554625456108e-07, Accum Loss: 4.90052342414856
Lr: 8.446018458896759e-07, Accum Loss: 5.046891927719116
Lr: 8.467482292337412e-07, Accum Loss: 4.431408405303955
Lr: 8.488946125778065e-07, Accum Loss: 5.081723213195801
Lr: 8.510409959218717e-07, Accum Loss: 4.501821994781494
Lr: 8.53187379265937e-07, Accum Loss: 5.037948846817017
Lr: 8.553337626100023e-07, Accum Loss: 4.276485443115234
Lr: 8.574801459540674e-07, Accum Loss: 4.743032455444336
Lr: 8.596265292981327e-07, Accum Loss: 4.564533472061157
Lr: 8.61772912642198e-07, Accum Loss: 4.4819865226745605
Lr: 8.639192959862633e-07, Accum Loss: 4.625447988510132
Lr: 8.660656793303285e-07, Accum Loss: 3.9774903059005737
Lr: 8.682120626743937e-07, Accum Loss: 4.407512903213501
Lr: 8.70358446018459e-07, Accum Loss: 4.465675592422485
Lr: 8.725048293625242e-07, Accum Loss: 4.5404052734375
Lr: 8.746512127065895e-07, Accum Loss: 4.633305072784424
Lr: 8.767975960506548e-07, Accum Loss: 4.269814968109131
Lr: 8.789439793947199e-07, Accum Loss: 4.7476725578308105
Lr: 8.810903627387852e-07, Accum Loss: 4.468074798583984
Lr: 8.832367460828505e-07, Accum Loss: 4.114686727523804
Lr: 8.853831294269157e-07, Accum Loss: 4.418861627578735
Lr: 8.87529512770981e-07, Accum Loss: 4.413255095481873
Lr: 8.896758961150462e-07, Accum Loss: 4.005225419998169
Lr: 8.918222794591116e-07, Accum Loss: 4.087514638900757
Lr: 8.939686628031767e-07, Accum Loss: 3.971525192260742
Lr: 8.961150461472419e-07, Accum Loss: 4.147938966751099
Lr: 8.982614294913073e-07, Accum Loss: 4.158937215805054
Lr: 9.004078128353724e-07, Accum Loss: 4.100805759429932
Lr: 9.025541961794378e-07, Accum Loss: 3.7345783710479736
Lr: 9.04700579523503e-07, Accum Loss: 4.084072709083557
Lr: 9.068469628675681e-07, Accum Loss: 4.188261270523071
Lr: 9.089933462116335e-07, Accum Loss: 3.7386720180511475
Lr: 9.111397295556987e-07, Accum Loss: 3.828364610671997
Lr: 9.132861128997641e-07, Accum Loss: 4.003570318222046
Lr: 9.154324962438292e-07, Accum Loss: 3.555222272872925
Lr: 9.175788795878944e-07, Accum Loss: 3.9453229904174805
Lr: 9.197252629319598e-07, Accum Loss: 3.6441256999969482
Lr: 9.218716462760249e-07, Accum Loss: 3.5741846561431885
Lr: 9.240180296200903e-07, Accum Loss: 3.7858033180236816
Lr: 9.261644129641555e-07, Accum Loss: 3.5751378536224365
Lr: 9.283107963082206e-07, Accum Loss: 3.5795738697052
Lr: 9.30457179652286e-07, Accum Loss: 3.3271899223327637
Lr: 9.326035629963512e-07, Accum Loss: 3.3337626457214355
Lr: 9.347499463404166e-07, Accum Loss: 3.2923271656036377
Lr: 9.368963296844817e-07, Accum Loss: 3.3580501079559326
Lr: 9.390427130285469e-07, Accum Loss: 3.2178306579589844
Lr: 9.411890963726123e-07, Accum Loss: 3.253660202026367
Lr: 9.433354797166774e-07, Accum Loss: 3.1769654750823975
Lr: 9.454818630607428e-07, Accum Loss: 3.1526119709014893
Lr: 9.47628246404808e-07, Accum Loss: 2.963939666748047
Lr: 9.497746297488731e-07, Accum Loss: 3.445850133895874
Lr: 9.519210130929385e-07, Accum Loss: 3.012458086013794
Lr: 9.540673964370038e-07, Accum Loss: 3.478259325027466
Lr: 9.56213779781069e-07, Accum Loss: 3.165957450866699
Lr: 9.583601631251343e-07, Accum Loss: 3.1129448413848877
Lr: 9.605065464691995e-07, Accum Loss: 3.2083418369293213
Lr: 9.626529298132646e-07, Accum Loss: 2.9216721057891846
Lr: 9.6479931315733e-07, Accum Loss: 2.950918197631836
Lr: 9.669456965013952e-07, Accum Loss: 2.6416845321655273
Lr: 9.690920798454606e-07, Accum Loss: 2.7423598766326904
Lr: 9.712384631895257e-07, Accum Loss: 2.8129122257232666
Lr: 9.73384846533591e-07, Accum Loss: 3.04742431640625
Lr: 9.755312298776563e-07, Accum Loss: 2.810265302658081
Lr: 9.776776132217214e-07, Accum Loss: 2.7165141105651855
Lr: 9.798239965657868e-07, Accum Loss: 2.588446617126465
Lr: 9.81970379909852e-07, Accum Loss: 2.7793049812316895
Lr: 9.841167632539174e-07, Accum Loss: 2.5125465393066406
Lr: 9.862631465979825e-07, Accum Loss: 2.833988904953003
Lr: 9.884095299420477e-07, Accum Loss: 2.482764720916748
Lr: 9.90555913286113e-07, Accum Loss: 2.6602988243103027
Lr: 9.927022966301782e-07, Accum Loss: 2.7144482135772705
Lr: 9.948486799742436e-07, Accum Loss: 2.7354190349578857
Lr: 9.969950633183088e-07, Accum Loss: 2.411714553833008
Lr: 9.99141446662374e-07, Accum Loss: 2.464752197265625
Lr: 1.0012878300064393e-06, Accum Loss: 2.503695487976074
Lr: 1.0034342133505045e-06, Accum Loss: 2.403291702270508
Lr: 1.0055805966945698e-06, Accum Loss: 2.357518196105957
Lr: 1.007726980038635e-06, Accum Loss: 2.3976407051086426
Lr: 1.0098733633827002e-06, Accum Loss: 2.3520708084106445
Lr: 1.0120197467267656e-06, Accum Loss: 2.0310659408569336
Lr: 1.0141661300708307e-06, Accum Loss: 2.3330531120300293
Lr: 1.016312513414896e-06, Accum Loss: 2.451770782470703
Lr: 1.0184588967589613e-06, Accum Loss: 2.5483767986297607
Lr: 1.0206052801030266e-06, Accum Loss: 2.141585350036621
Lr: 1.0227516634470918e-06, Accum Loss: 2.1396994590759277
Lr: 1.024898046791157e-06, Accum Loss: 2.0879383087158203
Lr: 1.0270444301352223e-06, Accum Loss: 2.230164051055908
Lr: 1.0291908134792875e-06, Accum Loss: 2.6465578079223633
Lr: 1.0313371968233529e-06, Accum Loss: 2.2183611392974854
Lr: 1.033483580167418e-06, Accum Loss: 2.1551873683929443
Lr: 1.0356299635114832e-06, Accum Loss: 2.449909210205078
Lr: 1.0377763468555486e-06, Accum Loss: 2.195439338684082
Lr: 1.0399227301996138e-06, Accum Loss: 2.468752861022949
Lr: 1.0420691135436791e-06, Accum Loss: 2.1969990730285645
Lr: 1.0442154968877443e-06, Accum Loss: 2.260951519012451
Lr: 1.0463618802318095e-06, Accum Loss: 2.2600278854370117
Lr: 1.0485082635758748e-06, Accum Loss: 2.28755521774292
Lr: 1.05065464691994e-06, Accum Loss: 1.9169623851776123
Lr: 1.0528010302640054e-06, Accum Loss: 2.019134044647217
Lr: 1.0549474136080705e-06, Accum Loss: 2.2394838333129883
Lr: 1.0570937969521357e-06, Accum Loss: 2.345881938934326
Lr: 1.059240180296201e-06, Accum Loss: 2.1092147827148438
Lr: 1.0613865636402663e-06, Accum Loss: 2.139975070953369
Lr: 1.0635329469843316e-06, Accum Loss: 1.9231514930725098
Lr: 1.0656793303283968e-06, Accum Loss: 1.827742099761963
Lr: 1.067825713672462e-06, Accum Loss: 2.0944972038269043
Lr: 1.0699720970165273e-06, Accum Loss: 2.172517776489258
Lr: 1.0721184803605925e-06, Accum Loss: 1.8361992835998535
Lr: 1.0742648637046579e-06, Accum Loss: 1.8796906471252441
Lr: 1.076411247048723e-06, Accum Loss: 1.9727182388305664
Lr: 1.0785576303927882e-06, Accum Loss: 2.159471035003662
Lr: 1.0807040137368536e-06, Accum Loss: 1.9883437156677246
Lr: 1.0828503970809187e-06, Accum Loss: 1.9346203804016113
Lr: 1.0849967804249841e-06, Accum Loss: 1.695286750793457
Lr: 1.0871431637690493e-06, Accum Loss: 1.8254547119140625
Lr: 1.0892895471131145e-06, Accum Loss: 1.7106437683105469
Lr: 1.0914359304571798e-06, Accum Loss: 2.036102294921875
Lr: 1.093582313801245e-06, Accum Loss: 1.937312126159668
Lr: 1.0957286971453104e-06, Accum Loss: 1.880495548248291
Lr: 1.0978750804893755e-06, Accum Loss: 1.8403034210205078
Lr: 1.1000214638334407e-06, Accum Loss: 2.1396989822387695
Lr: 1.102167847177506e-06, Accum Loss: 1.86604642868042
Lr: 1.1043142305215712e-06, Accum Loss: 1.9555087089538574
Lr: 1.1064606138656366e-06, Accum Loss: 1.8019514083862305
Lr: 1.1086069972097018e-06, Accum Loss: 1.7642202377319336
Lr: 1.110753380553767e-06, Accum Loss: 1.7560958862304688
Lr: 1.1128997638978323e-06, Accum Loss: 2.0067310333251953
Lr: 1.1150461472418975e-06, Accum Loss: 1.852665901184082
Lr: 1.1171925305859629e-06, Accum Loss: 1.6788239479064941
Lr: 1.119338913930028e-06, Accum Loss: 1.708876132965088
Lr: 1.1214852972740932e-06, Accum Loss: 1.6926584243774414
Lr: 1.1236316806181586e-06, Accum Loss: 1.6878166198730469
Lr: 1.1257780639622237e-06, Accum Loss: 1.5668387413024902
Lr: 1.1279244473062891e-06, Accum Loss: 1.7341876029968262
Lr: 1.1300708306503543e-06, Accum Loss: 1.6770849227905273
Lr: 1.1322172139944194e-06, Accum Loss: 1.520294189453125
Lr: 1.1343635973384848e-06, Accum Loss: 1.5757856369018555
Lr: 1.13650998068255e-06, Accum Loss: 1.6040778160095215
Lr: 1.1386563640266154e-06, Accum Loss: 1.570486068725586
Lr: 1.1408027473706805e-06, Accum Loss: 1.6731953620910645
Lr: 1.1429491307147457e-06, Accum Loss: 1.6287546157836914
Lr: 1.145095514058811e-06, Accum Loss: 1.61710786819458
Lr: 1.1472418974028762e-06, Accum Loss: 1.7466096878051758
Lr: 1.1493882807469416e-06, Accum Loss: 1.668442726135254
Lr: 1.1515346640910068e-06, Accum Loss: 1.617650032043457
Lr: 1.153681047435072e-06, Accum Loss: 1.460179328918457
Lr: 1.1558274307791373e-06, Accum Loss: 1.6062798500061035
Lr: 1.1579738141232025e-06, Accum Loss: 1.3527936935424805
Lr: 1.1601201974672679e-06, Accum Loss: 1.4637336730957031
Lr: 1.162266580811333e-06, Accum Loss: 1.6292943954467773
Lr: 1.1644129641553982e-06, Accum Loss: 1.3730721473693848
Lr: 1.1665593474994636e-06, Accum Loss: 1.3835630416870117
Lr: 1.1687057308435287e-06, Accum Loss: 1.5071592330932617
Lr: 1.170852114187594e-06, Accum Loss: 1.6906509399414062
Lr: 1.1729984975316593e-06, Accum Loss: 1.5779767036437988
Lr: 1.1751448808757244e-06, Accum Loss: 1.4119634628295898
Lr: 1.1772912642197898e-06, Accum Loss: 1.4178752899169922
Lr: 1.179437647563855e-06, Accum Loss: 1.4831666946411133
Lr: 1.1815840309079204e-06, Accum Loss: 1.541323184967041
Lr: 1.1837304142519855e-06, Accum Loss: 1.2419252395629883
Lr: 1.1858767975960507e-06, Accum Loss: 1.5590753555297852
Lr: 1.188023180940116e-06, Accum Loss: 1.1301350593566895
Lr: 1.1901695642841812e-06, Accum Loss: 1.3832716941833496
Lr: 1.1923159476282466e-06, Accum Loss: 1.1860084533691406
Lr: 1.1944623309723118e-06, Accum Loss: 1.368912696838379
Lr: 1.196608714316377e-06, Accum Loss: 1.3102664947509766
Lr: 1.1987550976604423e-06, Accum Loss: 1.4007916450500488
Lr: 1.2009014810045075e-06, Accum Loss: 1.2749996185302734
Lr: 1.2030478643485728e-06, Accum Loss: 1.2730903625488281
Lr: 1.205194247692638e-06, Accum Loss: 1.4039421081542969
Lr: 1.2073406310367032e-06, Accum Loss: 1.3522515296936035
Lr: 1.2094870143807686e-06, Accum Loss: 1.4491252899169922
Lr: 1.2116333977248337e-06, Accum Loss: 1.3513250350952148
Lr: 1.213779781068899e-06, Accum Loss: 1.383030891418457
Lr: 1.2159261644129643e-06, Accum Loss: 1.1786842346191406
Lr: 1.2180725477570294e-06, Accum Loss: 1.28074312210083
Lr: 1.2202189311010948e-06, Accum Loss: 1.2858290672302246
Lr: 1.22236531444516e-06, Accum Loss: 1.1870508193969727
Lr: 1.2245116977892253e-06, Accum Loss: 1.4343938827514648
Lr: 1.2266580811332905e-06, Accum Loss: 1.4012727737426758
Lr: 1.2288044644773557e-06, Accum Loss: 0.9888014793395996
Lr: 1.230950847821421e-06, Accum Loss: 0.854945182800293
Lr: 1.2330972311654862e-06, Accum Loss: 1.2621135711669922
Lr: 1.2352436145095516e-06, Accum Loss: 0.9605960845947266
Lr: 1.2373899978536168e-06, Accum Loss: 0.9955000877380371
Lr: 1.239536381197682e-06, Accum Loss: 1.1683874130249023
Lr: 1.2416827645417473e-06, Accum Loss: 1.3757481575012207
Lr: 1.2438291478858125e-06, Accum Loss: 1.31773042678833
Lr: 1.2459755312298778e-06, Accum Loss: 0.9237332344055176
Lr: 1.248121914573943e-06, Accum Loss: 1.1616487503051758
Lr: 1.2502682979180084e-06, Accum Loss: 1.1230311393737793
Lr: 1.2524146812620735e-06, Accum Loss: 1.3062758445739746
Lr: 1.2545610646061387e-06, Accum Loss: 1.2175250053405762
Lr: 1.2567074479502039e-06, Accum Loss: 1.1601958274841309
Lr: 1.258853831294269e-06, Accum Loss: 1.0624427795410156
Lr: 1.2610002146383346e-06, Accum Loss: 1.018427848815918
Lr: 1.2631465979823998e-06, Accum Loss: 1.0653486251831055
Lr: 1.265292981326465e-06, Accum Loss: 1.0945301055908203
Lr: 1.2674393646705301e-06, Accum Loss: 0.986574649810791
Lr: 1.2695857480145953e-06, Accum Loss: 1.1669654846191406
Lr: 1.2717321313586609e-06, Accum Loss: 1.0003490447998047
Lr: 1.273878514702726e-06, Accum Loss: 0.9498310089111328
Lr: 1.2760248980467912e-06, Accum Loss: 0.9709510803222656
Lr: 1.2781712813908564e-06, Accum Loss: 1.1198921203613281
Lr: 1.2803176647349215e-06, Accum Loss: 1.1037817001342773
Lr: 1.2824640480789871e-06, Accum Loss: 1.1534538269042969
Lr: 1.2846104314230523e-06, Accum Loss: 1.1307077407836914
Lr: 1.2867568147671175e-06, Accum Loss: 1.2264328002929688
Lr: 1.2889031981111826e-06, Accum Loss: 0.9547181129455566
Lr: 1.291049581455248e-06, Accum Loss: 1.3544321060180664
Lr: 1.2931959647993134e-06, Accum Loss: 1.0619487762451172
Lr: 1.2953423481433785e-06, Accum Loss: 0.8587665557861328
Lr: 1.2974887314874437e-06, Accum Loss: 0.9964113235473633
Lr: 1.2996351148315089e-06, Accum Loss: 1.0720739364624023
Lr: 1.3017814981755742e-06, Accum Loss: 1.0041656494140625
Lr: 1.3039278815196396e-06, Accum Loss: 0.9817686080932617
Lr: 1.3060742648637048e-06, Accum Loss: 1.0329523086547852
Lr: 1.30822064820777e-06, Accum Loss: 1.0576252937316895
Lr: 1.3103670315518351e-06, Accum Loss: 0.9671058654785156
Lr: 1.3125134148959005e-06, Accum Loss: 0.9977912902832031
Lr: 1.3146597982399659e-06, Accum Loss: 1.025752067565918
Lr: 1.316806181584031e-06, Accum Loss: 0.8952856063842773
Lr: 1.3189525649280962e-06, Accum Loss: 1.1153993606567383
Lr: 1.3210989482721614e-06, Accum Loss: 0.9891271591186523
Lr: 1.3232453316162267e-06, Accum Loss: 0.9218907356262207
Lr: 1.3253917149602921e-06, Accum Loss: 0.7371282577514648
Lr: 1.3275380983043573e-06, Accum Loss: 1.038318157196045
Lr: 1.3296844816484224e-06, Accum Loss: 0.6579275131225586
Lr: 1.3318308649924876e-06, Accum Loss: 0.8965015411376953
Lr: 1.333977248336553e-06, Accum Loss: 0.9923601150512695
Lr: 1.3361236316806184e-06, Accum Loss: 0.7490243911743164
Lr: 1.3382700150246835e-06, Accum Loss: 0.7268571853637695
Lr: 1.3404163983687487e-06, Accum Loss: 1.1507844924926758
Lr: 1.3425627817128139e-06, Accum Loss: 0.922968864440918
Lr: 1.3447091650568792e-06, Accum Loss: 0.7495718002319336
Lr: 1.3468555484009446e-06, Accum Loss: 0.7977638244628906
Lr: 1.3490019317450098e-06, Accum Loss: 0.8031740188598633
Lr: 1.351148315089075e-06, Accum Loss: 0.9719400405883789
Lr: 1.35329469843314e-06, Accum Loss: 0.8245635032653809
Lr: 1.3554410817772055e-06, Accum Loss: 0.7378745079040527
Lr: 1.3575874651212709e-06, Accum Loss: 1.0459251403808594
Lr: 1.359733848465336e-06, Accum Loss: 0.8785009384155273
Lr: 1.3618802318094012e-06, Accum Loss: 0.710965633392334
Lr: 1.3640266151534666e-06, Accum Loss: 0.9390182495117188
Lr: 1.3661729984975317e-06, Accum Loss: 0.7130599021911621
Lr: 1.368319381841597e-06, Accum Loss: 0.8476181030273438
Lr: 1.3704657651856623e-06, Accum Loss: 0.8669590950012207
Lr: 1.3726121485297274e-06, Accum Loss: 0.918736457824707
Lr: 1.3747585318737928e-06, Accum Loss: 1.0048651695251465
Lr: 1.376904915217858e-06, Accum Loss: 0.834291934967041
Lr: 1.3790512985619234e-06, Accum Loss: 0.8359518051147461
Lr: 1.3811976819059885e-06, Accum Loss: 0.6984195709228516
Lr: 1.3833440652500537e-06, Accum Loss: 0.6173372268676758
Lr: 1.385490448594119e-06, Accum Loss: 0.716456413269043
Lr: 1.3876368319381842e-06, Accum Loss: 0.8868522644042969
Lr: 1.3897832152822496e-06, Accum Loss: 0.6482081413269043
Lr: 1.3919295986263148e-06, Accum Loss: 0.681859016418457
Lr: 1.39407598197038e-06, Accum Loss: 0.6632165908813477
Lr: 1.3962223653144453e-06, Accum Loss: 0.7974510192871094
Lr: 1.3983687486585105e-06, Accum Loss: 0.5827932357788086
Lr: 1.4005151320025758e-06, Accum Loss: 0.5850896835327148
Lr: 1.402661515346641e-06, Accum Loss: 0.7217016220092773
Lr: 1.4048078986907062e-06, Accum Loss: 0.8359813690185547
Lr: 1.4069542820347716e-06, Accum Loss: 0.5388221740722656
Lr: 1.4091006653788367e-06, Accum Loss: 0.7843761444091797
Lr: 1.411247048722902e-06, Accum Loss: 0.7406406402587891
Lr: 1.4133934320669673e-06, Accum Loss: 0.8678655624389648
Lr: 1.4155398154110324e-06, Accum Loss: 0.6204094886779785
Lr: 1.4176861987550978e-06, Accum Loss: 0.7040166854858398
Lr: 1.419832582099163e-06, Accum Loss: 0.8257350921630859
Lr: 1.4219789654432283e-06, Accum Loss: 0.7476577758789062
Lr: 1.4241253487872935e-06, Accum Loss: 0.5103092193603516
Lr: 1.4262717321313587e-06, Accum Loss: 0.5923042297363281
Lr: 1.428418115475424e-06, Accum Loss: 0.6186952590942383
Lr: 1.4305644988194892e-06, Accum Loss: 0.9219264984130859
Lr: 1.4327108821635546e-06, Accum Loss: 0.664851188659668
Lr: 1.4348572655076198e-06, Accum Loss: 0.6100616455078125
Lr: 1.4370036488516851e-06, Accum Loss: 0.36490917205810547
Lr: 1.4391500321957503e-06, Accum Loss: 0.6275444030761719
Lr: 1.4412964155398155e-06, Accum Loss: 0.5454702377319336
Lr: 1.4434427988838808e-06, Accum Loss: 0.9547100067138672
Lr: 1.445589182227946e-06, Accum Loss: 0.6435832977294922
Lr: 1.4477355655720114e-06, Accum Loss: 0.6718711853027344
Lr: 1.4498819489160765e-06, Accum Loss: 0.5139331817626953
Lr: 1.4520283322601417e-06, Accum Loss: 0.7173080444335938
Lr: 1.454174715604207e-06, Accum Loss: 0.6750764846801758
Lr: 1.4563210989482723e-06, Accum Loss: 0.6585159301757812
Lr: 1.4584674822923376e-06, Accum Loss: 0.6612052917480469
Lr: 1.4606138656364028e-06, Accum Loss: 0.6848163604736328
Lr: 1.462760248980468e-06, Accum Loss: 0.6679220199584961
Lr: 1.4649066323245333e-06, Accum Loss: 0.4923419952392578
Lr: 1.4670530156685985e-06, Accum Loss: 0.6757998466491699
Lr: 1.4691993990126639e-06, Accum Loss: 0.6226415634155273
Lr: 1.471345782356729e-06, Accum Loss: 0.5267105102539062
Lr: 1.4734921657007942e-06, Accum Loss: 0.6408061981201172
Lr: 1.4756385490448596e-06, Accum Loss: 0.5408573150634766
Lr: 1.4777849323889247e-06, Accum Loss: 0.6173095703125
Lr: 1.4799313157329901e-06, Accum Loss: 0.7375755310058594
Lr: 1.4820776990770553e-06, Accum Loss: 0.9385309219360352
Lr: 1.4842240824211205e-06, Accum Loss: 0.5111618041992188
Lr: 1.4863704657651858e-06, Accum Loss: 0.6424226760864258
Lr: 1.488516849109251e-06, Accum Loss: 0.6676092147827148
Lr: 1.4906632324533164e-06, Accum Loss: 0.5978436470031738
Lr: 1.4928096157973815e-06, Accum Loss: 0.5511960983276367
Lr: 1.4949559991414467e-06, Accum Loss: 0.5962696075439453
Lr: 1.497102382485512e-06, Accum Loss: 0.6200380325317383
Lr: 1.4992487658295772e-06, Accum Loss: 0.7678756713867188
Lr: 1.5013951491736426e-06, Accum Loss: 0.36820125579833984
Lr: 1.5035415325177078e-06, Accum Loss: 0.456085205078125
Lr: 1.505687915861773e-06, Accum Loss: 0.5836706161499023
Lr: 1.5078342992058383e-06, Accum Loss: 0.6498861312866211
Lr: 1.5099806825499037e-06, Accum Loss: 0.6703395843505859
Lr: 1.5121270658939689e-06, Accum Loss: 0.5123825073242188
Lr: 1.514273449238034e-06, Accum Loss: 0.5642032623291016
Lr: 1.5164198325820992e-06, Accum Loss: 0.5022525787353516
Lr: 1.5185662159261646e-06, Accum Loss: 0.5501680374145508
Lr: 1.52071259927023e-06, Accum Loss: 0.5438218116760254
Lr: 1.5228589826142951e-06, Accum Loss: 0.4704132080078125
Lr: 1.5250053659583603e-06, Accum Loss: 0.5271434783935547
Lr: 1.5271517493024254e-06, Accum Loss: 0.5909938812255859
Lr: 1.5292981326464908e-06, Accum Loss: 0.7363729476928711
Lr: 1.5314445159905562e-06, Accum Loss: 0.48253726959228516
Lr: 1.5335908993346214e-06, Accum Loss: 0.6175222396850586
Lr: 1.5357372826786865e-06, Accum Loss: 0.4441852569580078
Lr: 1.5378836660227517e-06, Accum Loss: 0.542546272277832
Lr: 1.540030049366817e-06, Accum Loss: 0.5894756317138672
Lr: 1.5421764327108824e-06, Accum Loss: 0.6115255355834961
Lr: 1.5443228160549476e-06, Accum Loss: 0.5181589126586914
Lr: 1.5464691993990128e-06, Accum Loss: 0.6307277679443359
Lr: 1.548615582743078e-06, Accum Loss: 0.6400432586669922
Lr: 1.5507619660871433e-06, Accum Loss: 0.7101001739501953
Lr: 1.5529083494312087e-06, Accum Loss: 0.5135259628295898
Lr: 1.5550547327752739e-06, Accum Loss: 0.5049915313720703
Lr: 1.557201116119339e-06, Accum Loss: 0.6344480514526367
Lr: 1.5593474994634042e-06, Accum Loss: 0.5122842788696289
Lr: 1.5614938828074696e-06, Accum Loss: 0.4772529602050781
Lr: 1.563640266151535e-06, Accum Loss: 0.48644065856933594
Lr: 1.5657866494956e-06, Accum Loss: 0.4294614791870117
Lr: 1.5679330328396653e-06, Accum Loss: 0.6762409210205078
Lr: 1.5700794161837304e-06, Accum Loss: 0.3910818099975586
Lr: 1.5722257995277958e-06, Accum Loss: 0.4986734390258789
Lr: 1.5743721828718612e-06, Accum Loss: 0.6357078552246094
Lr: 1.5765185662159264e-06, Accum Loss: 0.3481407165527344
Lr: 1.5786649495599915e-06, Accum Loss: 0.698542594909668
Lr: 1.5808113329040567e-06, Accum Loss: 0.4006071090698242
Lr: 1.5829577162481223e-06, Accum Loss: 0.6472291946411133
Lr: 1.5851040995921874e-06, Accum Loss: 0.5543251037597656
Lr: 1.5872504829362526e-06, Accum Loss: 0.4167671203613281
Lr: 1.5893968662803178e-06, Accum Loss: 0.5451316833496094
Lr: 1.591543249624383e-06, Accum Loss: 0.3617744445800781
Lr: 1.5936896329684485e-06, Accum Loss: 0.5857467651367188
Lr: 1.5958360163125137e-06, Accum Loss: 0.4516110420227051
Lr: 1.5979823996565788e-06, Accum Loss: 0.5796957015991211
Lr: 1.600128783000644e-06, Accum Loss: 0.47861671447753906
Lr: 1.6022751663447092e-06, Accum Loss: 0.5693807601928711
Lr: 1.6044215496887748e-06, Accum Loss: 0.39984989166259766
Lr: 1.60656793303284e-06, Accum Loss: 0.43147802352905273
Lr: 1.608714316376905e-06, Accum Loss: 0.5650825500488281
Lr: 1.6108606997209703e-06, Accum Loss: 0.5479207038879395
Lr: 1.6130070830650354e-06, Accum Loss: 0.3532381057739258
Lr: 1.615153466409101e-06, Accum Loss: 0.530858039855957
Lr: 1.6172998497531662e-06, Accum Loss: 0.5462160110473633
Lr: 1.6194462330972313e-06, Accum Loss: 0.7047891616821289
Lr: 1.6215926164412965e-06, Accum Loss: 0.6739039421081543
Lr: 1.6237389997853617e-06, Accum Loss: 0.5710535049438477
Lr: 1.6258853831294273e-06, Accum Loss: 0.42237281799316406
Lr: 1.6280317664734924e-06, Accum Loss: 0.47865772247314453
Lr: 1.6301781498175576e-06, Accum Loss: 0.5417537689208984
Lr: 1.6323245331616228e-06, Accum Loss: 0.6121511459350586
Lr: 1.634470916505688e-06, Accum Loss: 0.4506864547729492
Lr: 1.6366172998497535e-06, Accum Loss: 0.5492649078369141
Lr: 1.6387636831938187e-06, Accum Loss: 0.5983572006225586
Lr: 1.6409100665378838e-06, Accum Loss: 0.450592041015625
Lr: 1.643056449881949e-06, Accum Loss: 0.5373258590698242
Lr: 1.6452028332260142e-06, Accum Loss: 0.4944324493408203
Lr: 1.6473492165700798e-06, Accum Loss: 0.580937385559082
Lr: 1.649495599914145e-06, Accum Loss: 0.3913745880126953
Lr: 1.65164198325821e-06, Accum Loss: 0.4824390411376953
Lr: 1.6537883666022752e-06, Accum Loss: 0.43077564239501953
Lr: 1.6559347499463404e-06, Accum Loss: 0.3916149139404297
Lr: 1.658081133290406e-06, Accum Loss: 0.3949470520019531
Lr: 1.6602275166344712e-06, Accum Loss: 0.4831228256225586
Lr: 1.6623738999785363e-06, Accum Loss: 0.5076408386230469
Lr: 1.6645202833226015e-06, Accum Loss: 0.4025135040283203
Lr: 1.6666666666666667e-06, Accum Loss: 0.5415306091308594
Lr: 1.6688130500107323e-06, Accum Loss: 0.4675154685974121
Lr: 1.6709594333547974e-06, Accum Loss: 0.6018857955932617
Lr: 1.6731058166988626e-06, Accum Loss: 0.3132333755493164
Lr: 1.6752522000429277e-06, Accum Loss: 0.4556732177734375
Lr: 1.677398583386993e-06, Accum Loss: 0.40254783630371094
Lr: 1.6795449667310585e-06, Accum Loss: 0.4101991653442383
Lr: 1.6816913500751237e-06, Accum Loss: 0.4282093048095703
Lr: 1.6838377334191888e-06, Accum Loss: 0.5439538955688477
Lr: 1.685984116763254e-06, Accum Loss: 0.3606109619140625
Lr: 1.6881305001073192e-06, Accum Loss: 0.5191850662231445
Lr: 1.6902768834513847e-06, Accum Loss: 0.5266437530517578
Lr: 1.69242326679545e-06, Accum Loss: 0.6775617599487305
Lr: 1.694569650139515e-06, Accum Loss: 0.48282527923583984
Lr: 1.6967160334835802e-06, Accum Loss: 0.45775508880615234
Lr: 1.6988624168276454e-06, Accum Loss: 0.35445404052734375
Lr: 1.701008800171711e-06, Accum Loss: 0.35167503356933594
Lr: 1.7031551835157762e-06, Accum Loss: 0.3936176300048828
Lr: 1.7053015668598413e-06, Accum Loss: 0.36559009552001953
Lr: 1.7074479502039065e-06, Accum Loss: 0.3913240432739258
Lr: 1.7095943335479717e-06, Accum Loss: 0.34293556213378906
Lr: 1.7117407168920372e-06, Accum Loss: 0.4474334716796875
Lr: 1.7138871002361024e-06, Accum Loss: 0.4766120910644531
Lr: 1.7160334835801676e-06, Accum Loss: 0.49166011810302734
Lr: 1.7181798669242327e-06, Accum Loss: 0.3904075622558594
Lr: 1.720326250268298e-06, Accum Loss: 0.53387451171875
Lr: 1.7224726336123635e-06, Accum Loss: 0.2787771224975586
Lr: 1.7246190169564287e-06, Accum Loss: 0.5270681381225586
Lr: 1.7267654003004938e-06, Accum Loss: 0.41821813583374023
Lr: 1.728911783644559e-06, Accum Loss: 0.36296558380126953
Lr: 1.7310581669886241e-06, Accum Loss: 0.4685831069946289
Lr: 1.7332045503326897e-06, Accum Loss: 0.42260169982910156
Lr: 1.735350933676755e-06, Accum Loss: 0.473236083984375
Lr: 1.73749731702082e-06, Accum Loss: 0.4409923553466797
Lr: 1.7396437003648852e-06, Accum Loss: 0.34450817108154297
Lr: 1.7417900837089504e-06, Accum Loss: 0.4351463317871094
Lr: 1.743936467053016e-06, Accum Loss: 0.48626232147216797
Lr: 1.7460828503970811e-06, Accum Loss: 0.43671131134033203
Lr: 1.7482292337411463e-06, Accum Loss: 0.42966556549072266
Lr: 1.7503756170852115e-06, Accum Loss: 0.4750995635986328
Lr: 1.7525220004292766e-06, Accum Loss: 0.4698600769042969
Lr: 1.7546683837733422e-06, Accum Loss: 0.4335355758666992
Lr: 1.7568147671174074e-06, Accum Loss: 0.46932411193847656
Lr: 1.7589611504614726e-06, Accum Loss: 0.3252096176147461
Lr: 1.7611075338055377e-06, Accum Loss: 0.45487022399902344
Lr: 1.7632539171496029e-06, Accum Loss: 0.40720653533935547
Lr: 1.7654003004936685e-06, Accum Loss: 0.38518810272216797
Lr: 1.7675466838377336e-06, Accum Loss: 0.40683650970458984
Lr: 1.7696930671817988e-06, Accum Loss: 0.3690814971923828
Lr: 1.771839450525864e-06, Accum Loss: 0.40253353118896484
Lr: 1.7739858338699291e-06, Accum Loss: 0.43660926818847656
Lr: 1.7761322172139947e-06, Accum Loss: 0.37696266174316406
Lr: 1.7782786005580599e-06, Accum Loss: 0.4079008102416992
Lr: 1.780424983902125e-06, Accum Loss: 0.39681243896484375
Lr: 1.7825713672461902e-06, Accum Loss: 0.3685140609741211
Lr: 1.7847177505902554e-06, Accum Loss: 0.3905339241027832
Lr: 1.7868641339343208e-06, Accum Loss: 0.35782623291015625
Lr: 1.7890105172783861e-06, Accum Loss: 0.32176685333251953
Lr: 1.7911569006224513e-06, Accum Loss: 0.36234283447265625
Lr: 1.7933032839665165e-06, Accum Loss: 0.5081071853637695
Lr: 1.7954496673105816e-06, Accum Loss: 0.38509654998779297
Lr: 1.797596050654647e-06, Accum Loss: 0.421414852142334
Lr: 1.7997424339987124e-06, Accum Loss: 0.3938770294189453
Lr: 1.8018888173427776e-06, Accum Loss: 0.40707874298095703
Lr: 1.8040352006868427e-06, Accum Loss: 0.3815488815307617
Lr: 1.8061815840309079e-06, Accum Loss: 0.44806909561157227
Lr: 1.8083279673749733e-06, Accum Loss: 0.40974998474121094
Lr: 1.8104743507190386e-06, Accum Loss: 0.4815816879272461
Lr: 1.8126207340631038e-06, Accum Loss: 0.36948442459106445
Lr: 1.814767117407169e-06, Accum Loss: 0.38970947265625
Lr: 1.8169135007512343e-06, Accum Loss: 0.3822622299194336
Lr: 1.8190598840952995e-06, Accum Loss: 0.32843017578125
Lr: 1.8212062674393649e-06, Accum Loss: 0.38907337188720703
Lr: 1.82335265078343e-06, Accum Loss: 0.31275463104248047
Lr: 1.8254990341274952e-06, Accum Loss: 0.37686729431152344
Lr: 1.8276454174715606e-06, Accum Loss: 0.40009593963623047
Lr: 1.8297918008156258e-06, Accum Loss: 0.4216318130493164
Lr: 1.8319381841596911e-06, Accum Loss: 0.3305635452270508
Lr: 1.8340845675037563e-06, Accum Loss: 0.39943885803222656
Lr: 1.8362309508478215e-06, Accum Loss: 0.46611499786376953
Lr: 1.8383773341918868e-06, Accum Loss: 0.3948030471801758
Lr: 1.840523717535952e-06, Accum Loss: 0.3692779541015625
Lr: 1.8426701008800174e-06, Accum Loss: 0.39798927307128906
Lr: 1.8448164842240825e-06, Accum Loss: 0.3314695358276367
Lr: 1.8469628675681477e-06, Accum Loss: 0.30817413330078125
Lr: 1.849109250912213e-06, Accum Loss: 0.42919254302978516
Lr: 1.8512556342562782e-06, Accum Loss: 0.4252614974975586
Lr: 1.8534020176003436e-06, Accum Loss: 0.3777003288269043
Lr: 1.8555484009444088e-06, Accum Loss: 0.3755483627319336
Lr: 1.857694784288474e-06, Accum Loss: 0.4544401168823242
Lr: 1.8598411676325393e-06, Accum Loss: 0.3756589889526367
Lr: 1.8619875509766045e-06, Accum Loss: 0.4103717803955078
Lr: 1.8641339343206699e-06, Accum Loss: 0.39794254302978516
Lr: 1.866280317664735e-06, Accum Loss: 0.34090137481689453
Lr: 1.8684267010088002e-06, Accum Loss: 0.3941202163696289
Lr: 1.8705730843528656e-06, Accum Loss: 0.41930580139160156
Lr: 1.8727194676969307e-06, Accum Loss: 0.4093160629272461
Lr: 1.8748658510409961e-06, Accum Loss: 0.33032989501953125
Lr: 1.8770122343850613e-06, Accum Loss: 0.4695005416870117
Lr: 1.8791586177291264e-06, Accum Loss: 0.4228949546813965
Lr: 1.8813050010731918e-06, Accum Loss: 0.4179997444152832
Lr: 1.883451384417257e-06, Accum Loss: 0.3438258171081543
Lr: 1.8855977677613224e-06, Accum Loss: 0.41045427322387695
Lr: 1.8877441511053875e-06, Accum Loss: 0.3703145980834961
Lr: 1.889890534449453e-06, Accum Loss: 0.4158296585083008
Lr: 1.892036917793518e-06, Accum Loss: 0.39135217666625977
Lr: 1.8941833011375832e-06, Accum Loss: 0.43343544006347656
Lr: 1.8963296844816486e-06, Accum Loss: 0.39931201934814453
Lr: 1.8984760678257138e-06, Accum Loss: 0.35839176177978516
Lr: 1.9006224511697792e-06, Accum Loss: 0.3293132781982422
Lr: 1.9027688345138443e-06, Accum Loss: 0.4028797149658203
Lr: 1.9049152178579095e-06, Accum Loss: 0.3122129440307617
Lr: 1.9070616012019749e-06, Accum Loss: 0.36974620819091797
Lr: 1.9092079845460402e-06, Accum Loss: 0.4156522750854492
Lr: 1.911354367890105e-06, Accum Loss: 0.3758678436279297
Lr: 1.9135007512341706e-06, Accum Loss: 0.37589550018310547
Lr: 1.9156471345782355e-06, Accum Loss: 0.35650062561035156
Lr: 1.9177935179223013e-06, Accum Loss: 0.35213470458984375
Lr: 1.9199399012663663e-06, Accum Loss: 0.45235538482666016
Lr: 1.9220862846104317e-06, Accum Loss: 0.36225318908691406
Lr: 1.9242326679544966e-06, Accum Loss: 0.3841705322265625
Lr: 1.926379051298562e-06, Accum Loss: 0.39070892333984375
Lr: 1.9285254346426274e-06, Accum Loss: 0.4029092788696289
Lr: 1.9306718179866927e-06, Accum Loss: 0.3476409912109375
Lr: 1.9328182013307577e-06, Accum Loss: 0.4033679962158203
Lr: 1.934964584674823e-06, Accum Loss: 0.34017181396484375
Lr: 1.937110968018888e-06, Accum Loss: 0.33974170684814453
Lr: 1.939257351362954e-06, Accum Loss: 0.39623546600341797
Lr: 1.9414037347070188e-06, Accum Loss: 0.4074420928955078
Lr: 1.943550118051084e-06, Accum Loss: 0.37602901458740234
Lr: 1.945696501395149e-06, Accum Loss: 0.38135433197021484
Lr: 1.9478428847392145e-06, Accum Loss: 0.4038105010986328
Lr: 1.94998926808328e-06, Accum Loss: 0.40269947052001953
Lr: 1.9521356514273452e-06, Accum Loss: 0.3904581069946289
Lr: 1.95428203477141e-06, Accum Loss: 0.3720569610595703
Lr: 1.9564284181154756e-06, Accum Loss: 0.4206123352050781
Lr: 1.9585748014595405e-06, Accum Loss: 0.36547327041625977
Lr: 1.9607211848036063e-06, Accum Loss: 0.3091154098510742
Lr: 1.9628675681476713e-06, Accum Loss: 0.44373512268066406
Lr: 1.9650139514917366e-06, Accum Loss: 0.4270181655883789
Lr: 1.9671603348358016e-06, Accum Loss: 0.3880195617675781
Lr: 1.969306718179867e-06, Accum Loss: 0.40004920959472656
Lr: 1.9714531015239323e-06, Accum Loss: 0.3335418701171875
Lr: 1.9735994848679977e-06, Accum Loss: 0.37014102935791016
Lr: 1.9757458682120627e-06, Accum Loss: 0.30964136123657227
Lr: 1.977892251556128e-06, Accum Loss: 0.4151268005371094
Lr: 1.980038634900193e-06, Accum Loss: 0.3835563659667969
Lr: 1.982185018244259e-06, Accum Loss: 0.4528207778930664
Lr: 1.9843314015883238e-06, Accum Loss: 0.4621706008911133
Lr: 1.986477784932389e-06, Accum Loss: 0.4390854835510254
Lr: 1.988624168276454e-06, Accum Loss: 0.3469095230102539
Lr: 1.9907705516205195e-06, Accum Loss: 0.32659006118774414
Lr: 1.992916934964585e-06, Accum Loss: 0.40790367126464844
Lr: 1.9950633183086502e-06, Accum Loss: 0.39388608932495117
Lr: 1.997209701652715e-06, Accum Loss: 0.3613262176513672
Lr: 1.9993560849967806e-06, Accum Loss: 0.44052982330322266
Lr: 2.001502468340846e-06, Accum Loss: 0.33724260330200195
Lr: 2.0036488516849113e-06, Accum Loss: 0.3994288444519043
Lr: 2.0057952350289763e-06, Accum Loss: 0.35743141174316406
Lr: 2.0079416183730416e-06, Accum Loss: 0.3574190139770508
Lr: 2.0100880017171066e-06, Accum Loss: 0.38855743408203125
Lr: 2.012234385061172e-06, Accum Loss: 0.36510372161865234
Lr: 2.0143807684052373e-06, Accum Loss: 0.40301990509033203
Lr: 2.0165271517493027e-06, Accum Loss: 0.3926057815551758
Lr: 2.0186735350933677e-06, Accum Loss: 0.3437204360961914
Lr: 2.020819918437433e-06, Accum Loss: 0.3749370574951172
Lr: 2.0229663017814984e-06, Accum Loss: 0.34727001190185547
Lr: 2.025112685125564e-06, Accum Loss: 0.3791170120239258
Lr: 2.0272590684696288e-06, Accum Loss: 0.36818838119506836
Lr: 2.029405451813694e-06, Accum Loss: 0.38439464569091797
Lr: 2.031551835157759e-06, Accum Loss: 0.4629344940185547
Lr: 2.0336982185018245e-06, Accum Loss: 0.3458561897277832
Lr: 2.03584460184589e-06, Accum Loss: 0.34658050537109375
Lr: 2.037990985189955e-06, Accum Loss: 0.35721874237060547
Lr: 2.04013736853402e-06, Accum Loss: 0.3684549331665039
Lr: 2.0422837518780855e-06, Accum Loss: 0.3005495071411133
Lr: 2.044430135222151e-06, Accum Loss: 0.3374471664428711
Lr: 2.0465765185662163e-06, Accum Loss: 0.3226346969604492
Lr: 2.0487229019102812e-06, Accum Loss: 0.37839317321777344
Lr: 2.0508692852543466e-06, Accum Loss: 0.3731966018676758
Lr: 2.0530156685984116e-06, Accum Loss: 0.3793363571166992
Lr: 2.055162051942477e-06, Accum Loss: 0.3814830780029297
Lr: 2.0573084352865423e-06, Accum Loss: 0.3958311080932617
Lr: 2.0594548186306077e-06, Accum Loss: 0.3713550567626953
Lr: 2.0616012019746727e-06, Accum Loss: 0.42530202865600586
Lr: 2.063747585318738e-06, Accum Loss: 0.36571693420410156
Lr: 2.0658939686628034e-06, Accum Loss: 0.3398017883300781
Lr: 2.068040352006869e-06, Accum Loss: 0.38266563415527344
Lr: 2.0701867353509337e-06, Accum Loss: 0.35135364532470703
Lr: 2.072333118694999e-06, Accum Loss: 0.4016904830932617
Lr: 2.0744795020390645e-06, Accum Loss: 0.41318416595458984
Lr: 2.0766258853831294e-06, Accum Loss: 0.42110443115234375
Lr: 2.078772268727195e-06, Accum Loss: 0.34330272674560547
Lr: 2.08091865207126e-06, Accum Loss: 0.4068441390991211
Lr: 2.083065035415325e-06, Accum Loss: 0.36131954193115234
Lr: 2.0852114187593905e-06, Accum Loss: 0.35678672790527344
Lr: 2.087357802103456e-06, Accum Loss: 0.35840320587158203
Lr: 2.0895041854475213e-06, Accum Loss: 0.3349933624267578
Lr: 2.0916505687915862e-06, Accum Loss: 0.39310169219970703
Lr: 2.0937969521356516e-06, Accum Loss: 0.3660459518432617
Lr: 2.095943335479717e-06, Accum Loss: 0.33356285095214844
Lr: 2.098089718823782e-06, Accum Loss: 0.3394484519958496
Lr: 2.1002361021678473e-06, Accum Loss: 0.3636188507080078
Lr: 2.1023824855119127e-06, Accum Loss: 0.2913379669189453
Lr: 2.1045288688559777e-06, Accum Loss: 0.3397698402404785
Lr: 2.106675252200043e-06, Accum Loss: 0.34731292724609375
Lr: 2.1088216355441084e-06, Accum Loss: 0.38267993927001953
Lr: 2.1109680188881738e-06, Accum Loss: 0.41240882873535156
Lr: 2.1131144022322387e-06, Accum Loss: 0.40012168884277344
Lr: 2.115260785576304e-06, Accum Loss: 0.3556857109069824
Lr: 2.1174071689203695e-06, Accum Loss: 0.4000558853149414
Lr: 2.1195535522644344e-06, Accum Loss: 0.37465763092041016
Lr: 2.1216999356085e-06, Accum Loss: 0.33242321014404297
Lr: 2.123846318952565e-06, Accum Loss: 0.36557483673095703
Lr: 2.12599270229663e-06, Accum Loss: 0.3484516143798828
Lr: 2.1281390856406955e-06, Accum Loss: 0.3513011932373047
Lr: 2.130285468984761e-06, Accum Loss: 0.37460756301879883
Lr: 2.1324318523288263e-06, Accum Loss: 0.42290163040161133
Lr: 2.1345782356728912e-06, Accum Loss: 0.3941459655761719
Lr: 2.1367246190169566e-06, Accum Loss: 0.3919057846069336
Lr: 2.138871002361022e-06, Accum Loss: 0.39839744567871094
Lr: 2.141017385705087e-06, Accum Loss: 0.3675556182861328
Lr: 2.1431637690491523e-06, Accum Loss: 0.33341264724731445
Lr: 2.1453101523932177e-06, Accum Loss: 0.3649439811706543
Lr: 2.147456535737283e-06, Accum Loss: 0.44090747833251953
Lr: 2.149602919081348e-06, Accum Loss: 0.32685279846191406
Lr: 2.1517493024254134e-06, Accum Loss: 0.38335227966308594
Lr: 2.1538956857694788e-06, Accum Loss: 0.3650374412536621
Lr: 2.1560420691135437e-06, Accum Loss: 0.36352109909057617
Lr: 2.158188452457609e-06, Accum Loss: 0.35663414001464844
Lr: 2.1603348358016745e-06, Accum Loss: 0.3685159683227539
Lr: 2.1624812191457394e-06, Accum Loss: 0.3073611259460449
Lr: 2.164627602489805e-06, Accum Loss: 0.3989734649658203
Lr: 2.16677398583387e-06, Accum Loss: 0.3872098922729492
Lr: 2.1689203691779356e-06, Accum Loss: 0.3097677230834961
Lr: 2.1710667525220005e-06, Accum Loss: 0.4368910789489746
Lr: 2.173213135866066e-06, Accum Loss: 0.4259204864501953
Lr: 2.1753595192101313e-06, Accum Loss: 0.36702442169189453
Lr: 2.1775059025541962e-06, Accum Loss: 0.37050390243530273
Lr: 2.1796522858982616e-06, Accum Loss: 0.32755279541015625
Lr: 2.181798669242327e-06, Accum Loss: 0.3472151756286621
Lr: 2.183945052586392e-06, Accum Loss: 0.3110389709472656
Lr: 2.1860914359304573e-06, Accum Loss: 0.36011219024658203
Lr: 2.1882378192745227e-06, Accum Loss: 0.38340091705322266
Lr: 2.190384202618588e-06, Accum Loss: 0.3358726501464844
Lr: 2.192530585962653e-06, Accum Loss: 0.3120307922363281
Lr: 2.1946769693067184e-06, Accum Loss: 0.2771449089050293
Lr: 2.1968233526507838e-06, Accum Loss: 0.3505401611328125
Lr: 2.1989697359948487e-06, Accum Loss: 0.3821687698364258
Lr: 2.201116119338914e-06, Accum Loss: 0.35106468200683594
Lr: 2.2032625026829795e-06, Accum Loss: 0.3310685157775879
Lr: 2.2054088860270444e-06, Accum Loss: 0.3356142044067383
Lr: 2.20755526937111e-06, Accum Loss: 0.4365568161010742
Lr: 2.209701652715175e-06, Accum Loss: 0.3885049819946289
Lr: 2.2118480360592406e-06, Accum Loss: 0.35918664932250977
Lr: 2.2139944194033055e-06, Accum Loss: 0.39302635192871094
Lr: 2.216140802747371e-06, Accum Loss: 0.4301490783691406
Lr: 2.2182871860914363e-06, Accum Loss: 0.36029911041259766
Lr: 2.2204335694355016e-06, Accum Loss: 0.31517601013183594
Lr: 2.2225799527795666e-06, Accum Loss: 0.366943359375
Lr: 2.224726336123632e-06, Accum Loss: 0.421175479888916
Lr: 2.226872719467697e-06, Accum Loss: 0.3545708656311035
Lr: 2.2290191028117623e-06, Accum Loss: 0.3623647689819336
Lr: 2.2311654861558277e-06, Accum Loss: 0.3493523597717285
Lr: 2.233311869499893e-06, Accum Loss: 0.34247732162475586
Lr: 2.235458252843958e-06, Accum Loss: 0.31322383880615234
Lr: 2.2376046361880234e-06, Accum Loss: 0.39992666244506836
Lr: 2.2397510195320888e-06, Accum Loss: 0.3416557312011719
Lr: 2.241897402876154e-06, Accum Loss: 0.37621498107910156
Lr: 2.244043786220219e-06, Accum Loss: 0.3273892402648926
Lr: 2.2461901695642845e-06, Accum Loss: 0.33264780044555664
Lr: 2.2483365529083494e-06, Accum Loss: 0.3056163787841797
Lr: 2.2504829362524148e-06, Accum Loss: 0.3213052749633789
Lr: 2.25262931959648e-06, Accum Loss: 0.4012947082519531
Lr: 2.2547757029405455e-06, Accum Loss: 0.3213973045349121
Lr: 2.2569220862846105e-06, Accum Loss: 0.3336811065673828
Lr: 2.259068469628676e-06, Accum Loss: 0.39440488815307617
Lr: 2.2612148529727412e-06, Accum Loss: 0.3951253890991211
Lr: 2.2633612363168066e-06, Accum Loss: 0.34478282928466797
Lr: 2.2655076196608716e-06, Accum Loss: 0.4143190383911133
Lr: 2.267654003004937e-06, Accum Loss: 0.35018205642700195
Lr: 2.269800386349002e-06, Accum Loss: 0.4413118362426758
Lr: 2.2719467696930673e-06, Accum Loss: 0.4035029411315918
Lr: 2.2740931530371327e-06, Accum Loss: 0.35356903076171875
Lr: 2.276239536381198e-06, Accum Loss: 0.2938423156738281
Lr: 2.278385919725263e-06, Accum Loss: 0.4124479293823242
Lr: 2.2805323030693284e-06, Accum Loss: 0.32160377502441406
Lr: 2.2826786864133937e-06, Accum Loss: 0.3679814338684082
Lr: 2.284825069757459e-06, Accum Loss: 0.40333986282348633
Lr: 2.286971453101524e-06, Accum Loss: 0.38058900833129883
Lr: 2.2891178364455894e-06, Accum Loss: 0.32643890380859375
Lr: 2.2912642197896544e-06, Accum Loss: 0.41538286209106445
Lr: 2.29341060313372e-06, Accum Loss: 0.3552718162536621
Lr: 2.295556986477785e-06, Accum Loss: 0.36493682861328125
Lr: 2.2977033698218505e-06, Accum Loss: 0.47303104400634766
Lr: 2.2998497531659155e-06, Accum Loss: 0.3541898727416992
Lr: 2.301996136509981e-06, Accum Loss: 0.3254518508911133
Lr: 2.3041425198540462e-06, Accum Loss: 0.38187313079833984
Lr: 2.3062889031981116e-06, Accum Loss: 0.38649892807006836
Lr: 2.3084352865421766e-06, Accum Loss: 0.40020132064819336
Lr: 2.310581669886242e-06, Accum Loss: 0.3812260627746582
Lr: 2.312728053230307e-06, Accum Loss: 0.34043359756469727
Lr: 2.3148744365743727e-06, Accum Loss: 0.35076332092285156
Lr: 2.3170208199184377e-06, Accum Loss: 0.35697221755981445
Lr: 2.319167203262503e-06, Accum Loss: 0.3723258972167969
Lr: 2.321313586606568e-06, Accum Loss: 0.34603261947631836
Lr: 2.3234599699506334e-06, Accum Loss: 0.33402538299560547
Lr: 2.3256063532946987e-06, Accum Loss: 0.3398275375366211
Lr: 2.327752736638764e-06, Accum Loss: 0.357053279876709
Lr: 2.329899119982829e-06, Accum Loss: 0.43895626068115234
Lr: 2.3320455033268944e-06, Accum Loss: 0.35393381118774414
Lr: 2.3341918866709594e-06, Accum Loss: 0.3576974868774414
Lr: 2.336338270015025e-06, Accum Loss: 0.39060068130493164
Lr: 2.33848465335909e-06, Accum Loss: 0.3623323440551758
Lr: 2.3406310367031555e-06, Accum Loss: 0.37427330017089844
Lr: 2.3427774200472205e-06, Accum Loss: 0.3573451042175293
Lr: 2.344923803391286e-06, Accum Loss: 0.35275983810424805
Lr: 2.3470701867353512e-06, Accum Loss: 0.3430171012878418
Lr: 2.3492165700794166e-06, Accum Loss: 0.3713951110839844
Lr: 2.3513629534234816e-06, Accum Loss: 0.32426929473876953
Lr: 2.353509336767547e-06, Accum Loss: 0.3382401466369629
Lr: 2.355655720111612e-06, Accum Loss: 0.343658447265625
Lr: 2.3578021034556777e-06, Accum Loss: 0.3346519470214844
Lr: 2.3599484867997426e-06, Accum Loss: 0.40082836151123047
Lr: 2.362094870143808e-06, Accum Loss: 0.3486919403076172
Lr: 2.364241253487873e-06, Accum Loss: 0.33933019638061523
Lr: 2.3663876368319383e-06, Accum Loss: 0.35819339752197266
Lr: 2.3685340201760037e-06, Accum Loss: 0.2981576919555664
Lr: 2.370680403520069e-06, Accum Loss: 0.3477344512939453
Lr: 2.372826786864134e-06, Accum Loss: 0.3626823425292969
Lr: 2.3749731702081994e-06, Accum Loss: 0.36000919342041016
Lr: 2.3771195535522644e-06, Accum Loss: 0.33876895904541016
Lr: 2.37926593689633e-06, Accum Loss: 0.3605475425720215
Lr: 2.381412320240395e-06, Accum Loss: 0.3730907440185547
Lr: 2.3835587035844605e-06, Accum Loss: 0.37032365798950195
Lr: 2.3857050869285255e-06, Accum Loss: 0.3390374183654785
Lr: 2.387851470272591e-06, Accum Loss: 0.29901742935180664
Lr: 2.3899978536166562e-06, Accum Loss: 0.314176082611084
Lr: 2.3921442369607216e-06, Accum Loss: 0.3581666946411133
Lr: 2.3942906203047865e-06, Accum Loss: 0.3716859817504883
Lr: 2.396437003648852e-06, Accum Loss: 0.3575477600097656
Lr: 2.398583386992917e-06, Accum Loss: 0.408297061920166
Lr: 2.4007297703369827e-06, Accum Loss: 0.3785243034362793
Lr: 2.4028761536810476e-06, Accum Loss: 0.40140390396118164
Lr: 2.405022537025113e-06, Accum Loss: 0.3194279670715332
Lr: 2.407168920369178e-06, Accum Loss: 0.44028520584106445
Lr: 2.4093153037132433e-06, Accum Loss: 0.3701786994934082
Lr: 2.4114616870573087e-06, Accum Loss: 0.34351205825805664
Lr: 2.413608070401374e-06, Accum Loss: 0.358461856842041
Lr: 2.415754453745439e-06, Accum Loss: 0.3936882019042969
Lr: 2.4179008370895044e-06, Accum Loss: 0.31243896484375
Lr: 2.4200472204335694e-06, Accum Loss: 0.363372802734375
Lr: 2.422193603777635e-06, Accum Loss: 0.3552513122558594
Lr: 2.4243399871217e-06, Accum Loss: 0.3778347969055176
Lr: 2.4264863704657655e-06, Accum Loss: 0.39742136001586914
Lr: 2.4286327538098305e-06, Accum Loss: 0.367952823638916
Lr: 2.430779137153896e-06, Accum Loss: 0.3624300956726074
Lr: 2.432925520497961e-06, Accum Loss: 0.3095417022705078
Lr: 2.4350719038420266e-06, Accum Loss: 0.36992692947387695
Lr: 2.4372182871860915e-06, Accum Loss: 0.3902721405029297
Lr: 2.439364670530157e-06, Accum Loss: 0.34035158157348633
Lr: 2.441511053874222e-06, Accum Loss: 0.38619470596313477
Lr: 2.4436574372182877e-06, Accum Loss: 0.4134502410888672
Lr: 2.4458038205623526e-06, Accum Loss: 0.3611106872558594
Lr: 2.447950203906418e-06, Accum Loss: 0.3925604820251465
Lr: 2.450096587250483e-06, Accum Loss: 0.36468029022216797
Lr: 2.4522429705945483e-06, Accum Loss: 0.3277435302734375
Lr: 2.4543893539386137e-06, Accum Loss: 0.3710212707519531
Lr: 2.456535737282679e-06, Accum Loss: 0.3377528190612793
Lr: 2.458682120626744e-06, Accum Loss: 0.3170170783996582
Lr: 2.4608285039708094e-06, Accum Loss: 0.325376033782959
Lr: 2.4629748873148744e-06, Accum Loss: 0.319643497467041
Lr: 2.46512127065894e-06, Accum Loss: 0.35671091079711914
Lr: 2.467267654003005e-06, Accum Loss: 0.36054372787475586
Lr: 2.4694140373470705e-06, Accum Loss: 0.45513391494750977
Lr: 2.4715604206911354e-06, Accum Loss: 0.3897275924682617
Lr: 2.473706804035201e-06, Accum Loss: 0.3543853759765625
Lr: 2.475853187379266e-06, Accum Loss: 0.3610658645629883
Lr: 2.4779995707233316e-06, Accum Loss: 0.333345890045166
Lr: 2.4801459540673965e-06, Accum Loss: 0.3044700622558594
Lr: 2.482292337411462e-06, Accum Loss: 0.3470039367675781
Lr: 2.484438720755527e-06, Accum Loss: 0.32980775833129883
Lr: 2.4865851040995927e-06, Accum Loss: 0.38646650314331055
Lr: 2.4887314874436576e-06, Accum Loss: 0.42214202880859375
Lr: 2.490877870787723e-06, Accum Loss: 0.3713040351867676
Lr: 2.493024254131788e-06, Accum Loss: 0.33220481872558594
Lr: 2.4951706374758533e-06, Accum Loss: 0.3338651657104492
Lr: 2.4973170208199187e-06, Accum Loss: 0.36569881439208984
Lr: 2.499463404163984e-06, Accum Loss: 0.3498101234436035
Lr: 2.501609787508049e-06, Accum Loss: 0.3931312561035156
Lr: 2.503756170852115e-06, Accum Loss: 0.3115720748901367
Lr: 2.5059025541961794e-06, Accum Loss: 0.3406071662902832
Lr: 2.508048937540245e-06, Accum Loss: 0.3238692283630371
Lr: 2.51019532088431e-06, Accum Loss: 0.31035947799682617
Lr: 2.5123417042283755e-06, Accum Loss: 0.3395266532897949
Lr: 2.514488087572441e-06, Accum Loss: 0.40421247482299805
Lr: 2.516634470916506e-06, Accum Loss: 0.34519052505493164
Lr: 2.518780854260571e-06, Accum Loss: 0.3326387405395508
Lr: 2.520927237604636e-06, Accum Loss: 0.3170003890991211
Lr: 2.5230736209487015e-06, Accum Loss: 0.42079639434814453
Lr: 2.5252200042927673e-06, Accum Loss: 0.3467421531677246
Lr: 2.5273663876368323e-06, Accum Loss: 0.3364419937133789
Lr: 2.5295127709808977e-06, Accum Loss: 0.33658313751220703
Lr: 2.5316591543249626e-06, Accum Loss: 0.37975215911865234
Lr: 2.533805537669028e-06, Accum Loss: 0.3900480270385742
Lr: 2.5359519210130934e-06, Accum Loss: 0.35096311569213867
Lr: 2.5380983043571583e-06, Accum Loss: 0.35744190216064453
Lr: 2.5402446877012237e-06, Accum Loss: 0.27927541732788086
Lr: 2.5423910710452886e-06, Accum Loss: 0.2907853126525879
Lr: 2.544537454389354e-06, Accum Loss: 0.3391084671020508
Lr: 2.54668383773342e-06, Accum Loss: 0.355440616607666
Lr: 2.5488302210774848e-06, Accum Loss: 0.2796940803527832
Lr: 2.55097660442155e-06, Accum Loss: 0.3644118309020996
Lr: 2.553122987765615e-06, Accum Loss: 0.3543205261230469
Lr: 2.5552693711096805e-06, Accum Loss: 0.31267213821411133
Lr: 2.557415754453746e-06, Accum Loss: 0.34894418716430664
Lr: 2.559562137797811e-06, Accum Loss: 0.36212730407714844
Lr: 2.561708521141876e-06, Accum Loss: 0.37679004669189453
Lr: 2.563854904485941e-06, Accum Loss: 0.3500480651855469
Lr: 2.5660012878300065e-06, Accum Loss: 0.3338799476623535
Lr: 2.5681476711740723e-06, Accum Loss: 0.3230290412902832
Lr: 2.5702940545181373e-06, Accum Loss: 0.34753847122192383
Lr: 2.5724404378622026e-06, Accum Loss: 0.3619070053100586
Lr: 2.5745868212062676e-06, Accum Loss: 0.30259227752685547
Lr: 2.576733204550333e-06, Accum Loss: 0.3349118232727051
Lr: 2.5788795878943983e-06, Accum Loss: 0.3098134994506836
Lr: 2.5810259712384633e-06, Accum Loss: 0.3007216453552246
Lr: 2.5831723545825287e-06, Accum Loss: 0.3891749382019043
Lr: 2.5853187379265936e-06, Accum Loss: 0.35708093643188477
Lr: 2.587465121270659e-06, Accum Loss: 0.3067812919616699
Lr: 2.589611504614725e-06, Accum Loss: 0.3170766830444336
Lr: 2.5917578879587898e-06, Accum Loss: 0.37096118927001953
Lr: 2.593904271302855e-06, Accum Loss: 0.2947874069213867
Lr: 2.59605065464692e-06, Accum Loss: 0.3198213577270508
Lr: 2.5981970379909855e-06, Accum Loss: 0.3554539680480957
Lr: 2.600343421335051e-06, Accum Loss: 0.3628697395324707
Lr: 2.602489804679116e-06, Accum Loss: 0.3600296974182129
Lr: 2.604636188023181e-06, Accum Loss: 0.3313899040222168
Lr: 2.606782571367246e-06, Accum Loss: 0.3353843688964844
Lr: 2.6089289547113115e-06, Accum Loss: 0.3548164367675781
Lr: 2.6110753380553773e-06, Accum Loss: 0.28945302963256836
Lr: 2.6132217213994423e-06, Accum Loss: 0.28868865966796875
Lr: 2.6153681047435076e-06, Accum Loss: 0.40900468826293945
Lr: 2.6175144880875726e-06, Accum Loss: 0.34809398651123047
Lr: 2.619660871431638e-06, Accum Loss: 0.3617992401123047
Lr: 2.6218072547757033e-06, Accum Loss: 0.3649320602416992
Lr: 2.6239536381197683e-06, Accum Loss: 0.3256688117980957
Lr: 2.6261000214638337e-06, Accum Loss: 0.3432345390319824
Lr: 2.6282464048078986e-06, Accum Loss: 0.3761458396911621
Lr: 2.630392788151964e-06, Accum Loss: 0.37092018127441406
Lr: 2.63253917149603e-06, Accum Loss: 0.40009355545043945
Lr: 2.6346855548400948e-06, Accum Loss: 0.30364179611206055
Lr: 2.63683193818416e-06, Accum Loss: 0.31280088424682617
Lr: 2.638978321528225e-06, Accum Loss: 0.29085326194763184
Lr: 2.6411247048722905e-06, Accum Loss: 0.3714613914489746
Lr: 2.643271088216356e-06, Accum Loss: 0.3974785804748535
Lr: 2.6454174715604208e-06, Accum Loss: 0.3732452392578125
Lr: 2.647563854904486e-06, Accum Loss: 0.354215145111084
Lr: 2.649710238248551e-06, Accum Loss: 0.36575794219970703
Lr: 2.6518566215926165e-06, Accum Loss: 0.27317333221435547
Lr: 2.6540030049366823e-06, Accum Loss: 0.37404680252075195
Lr: 2.6561493882807472e-06, Accum Loss: 0.34186840057373047
Lr: 2.6582957716248126e-06, Accum Loss: 0.30904293060302734
Lr: 2.6604421549688776e-06, Accum Loss: 0.36092472076416016
Lr: 2.662588538312943e-06, Accum Loss: 0.3464961051940918
Lr: 2.6647349216570083e-06, Accum Loss: 0.35819482803344727
Lr: 2.6668813050010733e-06, Accum Loss: 0.31508779525756836
Lr: 2.6690276883451387e-06, Accum Loss: 0.36670637130737305
Lr: 2.6711740716892036e-06, Accum Loss: 0.3223757743835449
Lr: 2.6733204550332694e-06, Accum Loss: 0.33239316940307617
Lr: 2.6754668383773348e-06, Accum Loss: 0.33910083770751953
Lr: 2.6776132217213997e-06, Accum Loss: 0.3334054946899414
Lr: 2.679759605065465e-06, Accum Loss: 0.32165098190307617
Lr: 2.68190598840953e-06, Accum Loss: 0.35616064071655273
Lr: 2.6840523717535954e-06, Accum Loss: 0.28878355026245117
Lr: 2.686198755097661e-06, Accum Loss: 0.334136962890625
Lr: 2.6883451384417258e-06, Accum Loss: 0.36635398864746094
Lr: 2.690491521785791e-06, Accum Loss: 0.40265798568725586
Lr: 2.692637905129856e-06, Accum Loss: 0.33159399032592773
Lr: 2.694784288473922e-06, Accum Loss: 0.40352821350097656
Lr: 2.6969306718179873e-06, Accum Loss: 0.34684085845947266
Lr: 2.6990770551620522e-06, Accum Loss: 0.3224315643310547
Lr: 2.7012234385061176e-06, Accum Loss: 0.3755803108215332
Lr: 2.7033698218501826e-06, Accum Loss: 0.306459903717041
Lr: 2.705516205194248e-06, Accum Loss: 0.32199716567993164
Lr: 2.7076625885383133e-06, Accum Loss: 0.34248828887939453
Lr: 2.7098089718823783e-06, Accum Loss: 0.3348374366760254
Lr: 2.7119553552264436e-06, Accum Loss: 0.3432626724243164
Lr: 2.7141017385705086e-06, Accum Loss: 0.41627025604248047
Lr: 2.7162481219145744e-06, Accum Loss: 0.3596940040588379
Lr: 2.7183945052586398e-06, Accum Loss: 0.3506484031677246
Lr: 2.7205408886027047e-06, Accum Loss: 0.3724174499511719
Lr: 2.72268727194677e-06, Accum Loss: 0.3425412178039551
Lr: 2.724833655290835e-06, Accum Loss: 0.3324003219604492
Lr: 2.7269800386349004e-06, Accum Loss: 0.327481746673584
Lr: 2.729126421978966e-06, Accum Loss: 0.320159912109375
Lr: 2.7312728053230308e-06, Accum Loss: 0.3383641242980957
Lr: 2.733419188667096e-06, Accum Loss: 0.31217288970947266
Lr: 2.735565572011161e-06, Accum Loss: 0.3788480758666992
Lr: 2.737711955355227e-06, Accum Loss: 0.2730436325073242
Lr: 2.7398583386992923e-06, Accum Loss: 0.364992618560791
Lr: 2.7420047220433572e-06, Accum Loss: 0.38871240615844727
Lr: 2.7441511053874226e-06, Accum Loss: 0.34700965881347656
Lr: 2.7462974887314876e-06, Accum Loss: 0.3404364585876465
Lr: 2.748443872075553e-06, Accum Loss: 0.3343801498413086
Lr: 2.7505902554196183e-06, Accum Loss: 0.29329347610473633
Lr: 2.7527366387636833e-06, Accum Loss: 0.36267805099487305
Lr: 2.7548830221077486e-06, Accum Loss: 0.33637571334838867
Lr: 2.7570294054518136e-06, Accum Loss: 0.3944878578186035
Lr: 2.7591757887958794e-06, Accum Loss: 0.386106014251709
Lr: 2.7613221721399448e-06, Accum Loss: 0.39839601516723633
Lr: 2.7634685554840097e-06, Accum Loss: 0.3293426036834717
Lr: 2.765614938828075e-06, Accum Loss: 0.39531707763671875
Lr: 2.76776132217214e-06, Accum Loss: 0.29882049560546875
Lr: 2.7699077055162054e-06, Accum Loss: 0.2868781089782715
Lr: 2.772054088860271e-06, Accum Loss: 0.2583794593811035
Lr: 2.7742004722043358e-06, Accum Loss: 0.3379707336425781
Lr: 2.776346855548401e-06, Accum Loss: 0.337308406829834
Lr: 2.778493238892466e-06, Accum Loss: 0.3208131790161133
Lr: 2.780639622236532e-06, Accum Loss: 0.3030428886413574
Lr: 2.7827860055805973e-06, Accum Loss: 0.2969365119934082
Lr: 2.7849323889246622e-06, Accum Loss: 0.3536949157714844
Lr: 2.7870787722687276e-06, Accum Loss: 0.3002190589904785
Lr: 2.7892251556127925e-06, Accum Loss: 0.33121395111083984
Lr: 2.791371538956858e-06, Accum Loss: 0.34988927841186523
Lr: 2.7935179223009233e-06, Accum Loss: 0.3686356544494629
Lr: 2.7956643056449883e-06, Accum Loss: 0.34724950790405273
Lr: 2.7978106889890536e-06, Accum Loss: 0.33106517791748047
Lr: 2.7999570723331186e-06, Accum Loss: 0.339754581451416
Lr: 2.8021034556771844e-06, Accum Loss: 0.3225274085998535
Lr: 2.8042498390212498e-06, Accum Loss: 0.30149316787719727
Lr: 2.8063962223653147e-06, Accum Loss: 0.3388371467590332
Lr: 2.80854260570938e-06, Accum Loss: 0.3148818016052246
Lr: 2.810688989053445e-06, Accum Loss: 0.33737611770629883
Lr: 2.8128353723975104e-06, Accum Loss: 0.3325963020324707
Lr: 2.814981755741576e-06, Accum Loss: 0.3122568130493164
Lr: 2.8171281390856407e-06, Accum Loss: 0.34341859817504883
Lr: 2.8192745224297065e-06, Accum Loss: 0.38101911544799805
Lr: 2.821420905773771e-06, Accum Loss: 0.3440666198730469
Lr: 2.823567289117837e-06, Accum Loss: 0.3544473648071289
Lr: 2.8257136724619023e-06, Accum Loss: 0.3325934410095215
Lr: 2.827860055805967e-06, Accum Loss: 0.3187108039855957
Lr: 2.8300064391500326e-06, Accum Loss: 0.3267841339111328
Lr: 2.8321528224940975e-06, Accum Loss: 0.3507382869720459
Lr: 2.834299205838163e-06, Accum Loss: 0.3838186264038086
Lr: 2.8364455891822283e-06, Accum Loss: 0.35825204849243164
Lr: 2.8385919725262932e-06, Accum Loss: 0.3048529624938965
Lr: 2.840738355870359e-06, Accum Loss: 0.32480764389038086
Lr: 2.8428847392144236e-06, Accum Loss: 0.33042144775390625
Lr: 2.8450311225584894e-06, Accum Loss: 0.37035512924194336
Lr: 2.8471775059025547e-06, Accum Loss: 0.41158294677734375
Lr: 2.8493238892466197e-06, Accum Loss: 0.2892146110534668
Lr: 2.851470272590685e-06, Accum Loss: 0.3884265422821045
Lr: 2.85361665593475e-06, Accum Loss: 0.3176760673522949
Lr: 2.8557630392788154e-06, Accum Loss: 0.3321089744567871
Lr: 2.8579094226228804e-06, Accum Loss: 0.3183302879333496
Lr: 2.8600558059669457e-06, Accum Loss: 0.3581252098083496
Lr: 2.8622021893110115e-06, Accum Loss: 0.38431882858276367
Lr: 2.864348572655076e-06, Accum Loss: 0.35816049575805664
Lr: 2.866494955999142e-06, Accum Loss: 0.33508825302124023
Lr: 2.868641339343207e-06, Accum Loss: 0.35750913619995117
Lr: 2.870787722687272e-06, Accum Loss: 0.3232712745666504
Lr: 2.8729341060313376e-06, Accum Loss: 0.390963077545166
Lr: 2.8750804893754025e-06, Accum Loss: 0.33075428009033203
Lr: 2.877226872719468e-06, Accum Loss: 0.3161149024963379
Lr: 2.879373256063533e-06, Accum Loss: 0.36348581314086914
Lr: 2.8815196394075982e-06, Accum Loss: 0.38516807556152344
Lr: 2.883666022751664e-06, Accum Loss: 0.3741440773010254
Lr: 2.8858124060957286e-06, Accum Loss: 0.35536623001098633
Lr: 2.8879587894397944e-06, Accum Loss: 0.3244915008544922
Lr: 2.8901051727838593e-06, Accum Loss: 0.30594778060913086
Lr: 2.8922515561279247e-06, Accum Loss: 0.3321385383605957
Lr: 2.89439793947199e-06, Accum Loss: 0.33355140686035156
Lr: 2.896544322816055e-06, Accum Loss: 0.37542724609375
Lr: 2.8986907061601204e-06, Accum Loss: 0.361114501953125
Lr: 2.9008370895041854e-06, Accum Loss: 0.3597545623779297
Lr: 2.9029834728482507e-06, Accum Loss: 0.33496713638305664
Lr: 2.9051298561923165e-06, Accum Loss: 0.3571314811706543
Lr: 2.9072762395363815e-06, Accum Loss: 0.35486364364624023
Lr: 2.909422622880447e-06, Accum Loss: 0.38587379455566406
Lr: 2.911569006224512e-06, Accum Loss: 0.2871718406677246
Lr: 2.913715389568577e-06, Accum Loss: 0.29158782958984375
Lr: 2.9158617729126426e-06, Accum Loss: 0.3057889938354492
Lr: 2.9180081562567075e-06, Accum Loss: 0.3599977493286133
Lr: 2.920154539600773e-06, Accum Loss: 0.38762474060058594
Lr: 2.922300922944838e-06, Accum Loss: 0.33791017532348633
Lr: 2.9244473062889032e-06, Accum Loss: 0.34195375442504883
Lr: 2.926593689632969e-06, Accum Loss: 0.32729244232177734
Lr: 2.928740072977034e-06, Accum Loss: 0.3650832176208496
Lr: 2.9308864563210994e-06, Accum Loss: 0.365236759185791
Lr: 2.9330328396651643e-06, Accum Loss: 0.2818326950073242
Lr: 2.9351792230092297e-06, Accum Loss: 0.3119173049926758
Lr: 2.937325606353295e-06, Accum Loss: 0.3276538848876953
Lr: 2.93947198969736e-06, Accum Loss: 0.3129258155822754
Lr: 2.9416183730414254e-06, Accum Loss: 0.35598039627075195
Lr: 2.9437647563854903e-06, Accum Loss: 0.3299112319946289
Lr: 2.9459111397295557e-06, Accum Loss: 0.37353515625
Lr: 2.9480575230736215e-06, Accum Loss: 0.3185734748840332
Lr: 2.9502039064176865e-06, Accum Loss: 0.3473811149597168
Lr: 2.952350289761752e-06, Accum Loss: 0.358367919921875
Lr: 2.954496673105817e-06, Accum Loss: 0.3230576515197754
Lr: 2.956643056449882e-06, Accum Loss: 0.34099721908569336
Lr: 2.9587894397939476e-06, Accum Loss: 0.31093835830688477
Lr: 2.9609358231380125e-06, Accum Loss: 0.31549739837646484
Lr: 2.963082206482078e-06, Accum Loss: 0.26787710189819336
Lr: 2.965228589826143e-06, Accum Loss: 0.32824134826660156
Lr: 2.9673749731702082e-06, Accum Loss: 0.27526283264160156
Lr: 2.969521356514274e-06, Accum Loss: 0.3432755470275879
Lr: 2.971667739858339e-06, Accum Loss: 0.300384521484375
Lr: 2.9738141232024043e-06, Accum Loss: 0.3014388084411621
Lr: 2.9759605065464693e-06, Accum Loss: 0.3266477584838867
Lr: 2.9781068898905347e-06, Accum Loss: 0.29210853576660156
Lr: 2.9802532732346e-06, Accum Loss: 0.38893699645996094
Lr: 2.982399656578665e-06, Accum Loss: 0.340731143951416
Lr: 2.9845460399227304e-06, Accum Loss: 0.33880043029785156
Lr: 2.9866924232667953e-06, Accum Loss: 0.4146451950073242
Lr: 2.9888388066108607e-06, Accum Loss: 0.3550286293029785
Lr: 2.9909851899549265e-06, Accum Loss: 0.3654160499572754
Lr: 2.9931315732989915e-06, Accum Loss: 0.34920644760131836
Lr: 2.995277956643057e-06, Accum Loss: 0.35817527770996094
Lr: 2.997424339987122e-06, Accum Loss: 0.36269283294677734
Lr: 2.999570723331187e-06, Accum Loss: 0.37265634536743164
Lr: 3.0017171066752525e-06, Accum Loss: 0.3094749450683594
Lr: 3.0038634900193175e-06, Accum Loss: 0.3560309410095215
Lr: 3.006009873363383e-06, Accum Loss: 0.31728601455688477
Lr: 3.008156256707448e-06, Accum Loss: 0.31516170501708984
Lr: 3.010302640051513e-06, Accum Loss: 0.37571287155151367
Lr: 3.012449023395579e-06, Accum Loss: 0.2759683132171631
Lr: 3.014595406739644e-06, Accum Loss: 0.3264632225036621
Lr: 3.0167417900837093e-06, Accum Loss: 0.29316163063049316
Lr: 3.0188881734277743e-06, Accum Loss: 0.3411116600036621
Lr: 3.0210345567718397e-06, Accum Loss: 0.4015073776245117
Lr: 3.023180940115905e-06, Accum Loss: 0.2805309295654297
Lr: 3.02532732345997e-06, Accum Loss: 0.34696221351623535
Lr: 3.0274737068040354e-06, Accum Loss: 0.2610940933227539
Lr: 3.0296200901481003e-06, Accum Loss: 0.3860294818878174
Lr: 3.0317664734921657e-06, Accum Loss: 0.3839740753173828
Lr: 3.0339128568362315e-06, Accum Loss: 0.35945892333984375
Lr: 3.0360592401802965e-06, Accum Loss: 0.31002306938171387
Lr: 3.038205623524362e-06, Accum Loss: 0.29593849182128906
Lr: 3.0403520068684268e-06, Accum Loss: 0.35914134979248047
Lr: 3.042498390212492e-06, Accum Loss: 0.2927730083465576
Lr: 3.0446447735565575e-06, Accum Loss: 0.36699867248535156
Lr: 3.0467911569006225e-06, Accum Loss: 0.2960543632507324
Lr: 3.048937540244688e-06, Accum Loss: 0.3914802074432373
Lr: 3.051083923588753e-06, Accum Loss: 0.3072967529296875
Lr: 3.0532303069328186e-06, Accum Loss: 0.3430640697479248
Lr: 3.055376690276884e-06, Accum Loss: 0.3785679340362549
Lr: 3.057523073620949e-06, Accum Loss: 0.34012937545776367
Lr: 3.0596694569650143e-06, Accum Loss: 0.29889774322509766
Lr: 3.0618158403090793e-06, Accum Loss: 0.34198904037475586
Lr: 3.0639622236531447e-06, Accum Loss: 0.3801445960998535
Lr: 3.06610860699721e-06, Accum Loss: 0.32199954986572266
Lr: 3.068254990341275e-06, Accum Loss: 0.37830018997192383
Lr: 3.0704013736853404e-06, Accum Loss: 0.394378662109375
Lr: 3.0725477570294053e-06, Accum Loss: 0.3031585216522217
Lr: 3.074694140373471e-06, Accum Loss: 0.33477234840393066
Lr: 3.0768405237175365e-06, Accum Loss: 0.3246748447418213
Lr: 3.0789869070616014e-06, Accum Loss: 0.3331899642944336
Lr: 3.081133290405667e-06, Accum Loss: 0.301727294921875
Lr: 3.0832796737497318e-06, Accum Loss: 0.3584785461425781
Lr: 3.085426057093797e-06, Accum Loss: 0.339916467666626
Lr: 3.0875724404378625e-06, Accum Loss: 0.3693430423736572
Lr: 3.0897188237819275e-06, Accum Loss: 0.3368561267852783
Lr: 3.091865207125993e-06, Accum Loss: 0.3229541778564453
Lr: 3.094011590470058e-06, Accum Loss: 0.3361687660217285
Lr: 3.0961579738141236e-06, Accum Loss: 0.3577423095703125
Lr: 3.098304357158189e-06, Accum Loss: 0.3267488479614258
Lr: 3.100450740502254e-06, Accum Loss: 0.39215517044067383
Lr: 3.1025971238463193e-06, Accum Loss: 0.29434657096862793
Lr: 3.1047435071903843e-06, Accum Loss: 0.33524227142333984
Lr: 3.1068898905344496e-06, Accum Loss: 0.34860992431640625
Lr: 3.109036273878515e-06, Accum Loss: 0.3628687858581543
Lr: 3.11118265722258e-06, Accum Loss: 0.31809306144714355
Lr: 3.1133290405666454e-06, Accum Loss: 0.30536437034606934
Lr: 3.1154754239107103e-06, Accum Loss: 0.32387495040893555
Lr: 3.117621807254776e-06, Accum Loss: 0.3248424530029297
Lr: 3.1197681905988415e-06, Accum Loss: 0.39226865768432617
Lr: 3.1219145739429064e-06, Accum Loss: 0.304034948348999
Lr: 3.124060957286972e-06, Accum Loss: 0.3970222473144531
Lr: 3.1262073406310368e-06, Accum Loss: 0.36830759048461914
Lr: 3.128353723975102e-06, Accum Loss: 0.32144880294799805
Lr: 3.1305001073191675e-06, Accum Loss: 0.30875730514526367
Lr: 3.1326464906632325e-06, Accum Loss: 0.31981801986694336
Lr: 3.134792874007298e-06, Accum Loss: 0.3452029228210449
Lr: 3.136939257351363e-06, Accum Loss: 0.29894113540649414
Lr: 3.1390856406954286e-06, Accum Loss: 0.33716297149658203
Lr: 3.141232024039494e-06, Accum Loss: 0.3126235008239746
Lr: 3.143378407383559e-06, Accum Loss: 0.3463873863220215
Lr: 3.1455247907276243e-06, Accum Loss: 0.3181905746459961
Lr: 3.1476711740716893e-06, Accum Loss: 0.36699390411376953
Lr: 3.1498175574157546e-06, Accum Loss: 0.3322618007659912
Lr: 3.15196394075982e-06, Accum Loss: 0.36745190620422363
Lr: 3.154110324103885e-06, Accum Loss: 0.3058278560638428
Lr: 3.1562567074479503e-06, Accum Loss: 0.3038506507873535
Lr: 3.1584030907920153e-06, Accum Loss: 0.40630245208740234
Lr: 3.160549474136081e-06, Accum Loss: 0.32137060165405273
Lr: 3.1626958574801465e-06, Accum Loss: 0.35538768768310547
Lr: 3.1648422408242114e-06, Accum Loss: 0.3115229606628418
Lr: 3.166988624168277e-06, Accum Loss: 0.3290276527404785
Lr: 3.1691350075123418e-06, Accum Loss: 0.30301618576049805
Lr: 3.171281390856407e-06, Accum Loss: 0.31351709365844727
Lr: 3.1734277742004725e-06, Accum Loss: 0.3739132881164551
Lr: 3.1755741575445375e-06, Accum Loss: 0.3970799446105957
Lr: 3.177720540888603e-06, Accum Loss: 0.2856621742248535
Lr: 3.179866924232668e-06, Accum Loss: 0.32636046409606934
Lr: 3.1820133075767336e-06, Accum Loss: 0.3387584686279297
Lr: 3.184159690920799e-06, Accum Loss: 0.3422269821166992
Lr: 3.186306074264864e-06, Accum Loss: 0.33470678329467773
Lr: 3.1884524576089293e-06, Accum Loss: 0.2740182876586914
Lr: 3.1905988409529943e-06, Accum Loss: 0.2915337085723877
Lr: 3.1927452242970596e-06, Accum Loss: 0.36763715744018555
Lr: 3.194891607641125e-06, Accum Loss: 0.31379032135009766
Lr: 3.19703799098519e-06, Accum Loss: 0.42499876022338867
Lr: 3.1991843743292558e-06, Accum Loss: 0.29099059104919434
Lr: 3.2013307576733203e-06, Accum Loss: 0.3047950267791748
Lr: 3.203477141017386e-06, Accum Loss: 0.34858226776123047
Lr: 3.2056235243614515e-06, Accum Loss: 0.39294004440307617
Lr: 3.2077699077055164e-06, Accum Loss: 0.31838059425354004
Lr: 3.209916291049582e-06, Accum Loss: 0.30037593841552734
Lr: 3.2120626743936467e-06, Accum Loss: 0.3251311779022217
Lr: 3.214209057737712e-06, Accum Loss: 0.29083967208862305
Lr: 3.2163554410817775e-06, Accum Loss: 0.37178778648376465
Lr: 3.2185018244258425e-06, Accum Loss: 0.3055241107940674
Lr: 3.2206482077699083e-06, Accum Loss: 0.34880828857421875
Lr: 3.2227945911139728e-06, Accum Loss: 0.37478160858154297
Lr: 3.2249409744580386e-06, Accum Loss: 0.309354305267334
Lr: 3.227087357802104e-06, Accum Loss: 0.3620433807373047
Lr: 3.229233741146169e-06, Accum Loss: 0.4104483127593994
Lr: 3.2313801244902343e-06, Accum Loss: 0.33966636657714844
Lr: 3.2335265078342992e-06, Accum Loss: 0.3683738708496094
Lr: 3.2356728911783646e-06, Accum Loss: 0.34942102432250977
Lr: 3.23781927452243e-06, Accum Loss: 0.33049750328063965
Lr: 3.239965657866495e-06, Accum Loss: 0.3554973602294922
Lr: 3.2421120412105607e-06, Accum Loss: 0.3489534854888916
Lr: 3.2442584245546253e-06, Accum Loss: 0.30267930030822754
Lr: 3.246404807898691e-06, Accum Loss: 0.36051201820373535
Lr: 3.2485511912427565e-06, Accum Loss: 0.2891252040863037
Lr: 3.2506975745868214e-06, Accum Loss: 0.37310099601745605
Lr: 3.2528439579308868e-06, Accum Loss: 0.3193931579589844
Lr: 3.2549903412749517e-06, Accum Loss: 0.3217589855194092
Lr: 3.257136724619017e-06, Accum Loss: 0.3113389015197754
Lr: 3.2592831079630825e-06, Accum Loss: 0.42136335372924805
Lr: 3.2614294913071474e-06, Accum Loss: 0.3332357406616211
Lr: 3.2635758746512132e-06, Accum Loss: 0.3880953788757324
Lr: 3.2657222579952778e-06, Accum Loss: 0.3064002990722656
Lr: 3.2678686413393436e-06, Accum Loss: 0.3018527030944824
Lr: 3.270015024683409e-06, Accum Loss: 0.33527374267578125
Lr: 3.272161408027474e-06, Accum Loss: 0.3190891742706299
Lr: 3.2743077913715393e-06, Accum Loss: 0.3391261100769043
Lr: 3.2764541747156042e-06, Accum Loss: 0.3539714813232422
Lr: 3.2786005580596696e-06, Accum Loss: 0.31624722480773926
Lr: 3.280746941403735e-06, Accum Loss: 0.35201072692871094
Lr: 3.2828933247478e-06, Accum Loss: 0.31432628631591797
Lr: 3.2850397080918657e-06, Accum Loss: 0.30879712104797363
Lr: 3.2871860914359307e-06, Accum Loss: 0.36794090270996094
Lr: 3.289332474779996e-06, Accum Loss: 0.3605809211730957
Lr: 3.2914788581240614e-06, Accum Loss: 0.33605098724365234
Lr: 3.2936252414681264e-06, Accum Loss: 0.2852439880371094
Lr: 3.2957716248121918e-06, Accum Loss: 0.31905150413513184
Lr: 3.2979180081562567e-06, Accum Loss: 0.3325505256652832
Lr: 3.300064391500322e-06, Accum Loss: 0.360903263092041
Lr: 3.3022107748443875e-06, Accum Loss: 0.3114304542541504
Lr: 3.3043571581884524e-06, Accum Loss: 0.34496259689331055
Lr: 3.3065035415325182e-06, Accum Loss: 0.325469970703125
Lr: 3.308649924876583e-06, Accum Loss: 0.3302903175354004
Lr: 3.3107963082206486e-06, Accum Loss: 0.39193248748779297
Lr: 3.312942691564714e-06, Accum Loss: 0.3403434753417969
Lr: 3.315089074908779e-06, Accum Loss: 0.35787057876586914
Lr: 3.3172354582528443e-06, Accum Loss: 0.31734466552734375
Lr: 3.3193818415969092e-06, Accum Loss: 0.34804630279541016
Lr: 3.3215282249409746e-06, Accum Loss: 0.316072940826416
Lr: 3.32367460828504e-06, Accum Loss: 0.32558250427246094
Lr: 3.325820991629105e-06, Accum Loss: 0.31865715980529785
Lr: 3.3279673749731707e-06, Accum Loss: 0.4143040180206299
Lr: 3.3301137583172357e-06, Accum Loss: 0.3396592140197754
Lr: 3.332260141661301e-06, Accum Loss: 0.3273961544036865
Lr: 3.3344065250053664e-06, Accum Loss: 0.3335094451904297
Lr: 3.3365529083494314e-06, Accum Loss: 0.29206180572509766
Lr: 3.3386992916934968e-06, Accum Loss: 0.33759498596191406
Lr: 3.3408456750375617e-06, Accum Loss: 0.36266469955444336
Lr: 3.342992058381627e-06, Accum Loss: 0.377504825592041
Lr: 3.345138441725693e-06, Accum Loss: 0.3811159133911133
Lr: 3.3472848250697574e-06, Accum Loss: 0.33751630783081055
Lr: 3.3494312084138232e-06, Accum Loss: 0.3521251678466797
Lr: 3.351577591757888e-06, Accum Loss: 0.2858235836029053
Lr: 3.3537239751019536e-06, Accum Loss: 0.30397510528564453
Lr: 3.355870358446019e-06, Accum Loss: 0.35036468505859375
Lr: 3.358016741790084e-06, Accum Loss: 0.36841273307800293
Lr: 3.3601631251341493e-06, Accum Loss: 0.4067354202270508
Lr: 3.3623095084782142e-06, Accum Loss: 0.3070335388183594
Lr: 3.3644558918222796e-06, Accum Loss: 0.37786006927490234
Lr: 3.3666022751663454e-06, Accum Loss: 0.3441615104675293
Lr: 3.36874865851041e-06, Accum Loss: 0.3483462333679199
Lr: 3.3708950418544757e-06, Accum Loss: 0.3520236015319824
Lr: 3.3730414251985407e-06, Accum Loss: 0.3743405342102051
Lr: 3.375187808542606e-06, Accum Loss: 0.3775763511657715
Lr: 3.3773341918866714e-06, Accum Loss: 0.33563804626464844
Lr: 3.3794805752307364e-06, Accum Loss: 0.3453035354614258
Lr: 3.3816269585748018e-06, Accum Loss: 0.3757035732269287
Lr: 3.3837733419188667e-06, Accum Loss: 0.32123351097106934
Lr: 3.385919725262932e-06, Accum Loss: 0.30173492431640625
Lr: 3.388066108606998e-06, Accum Loss: 0.3565025329589844
Lr: 3.3902124919510624e-06, Accum Loss: 0.30210161209106445
Lr: 3.3923588752951282e-06, Accum Loss: 0.3565225601196289
Lr: 3.394505258639193e-06, Accum Loss: 0.3316965103149414
Lr: 3.3966516419832585e-06, Accum Loss: 0.3482780456542969
Lr: 3.398798025327324e-06, Accum Loss: 0.3717350959777832
Lr: 3.400944408671389e-06, Accum Loss: 0.3544423580169678
Lr: 3.4030907920154543e-06, Accum Loss: 0.3206038475036621
Lr: 3.405237175359519e-06, Accum Loss: 0.35255002975463867
Lr: 3.4073835587035846e-06, Accum Loss: 0.3859083652496338
Lr: 3.4095299420476504e-06, Accum Loss: 0.3630232810974121
Lr: 3.411676325391715e-06, Accum Loss: 0.33968496322631836
Lr: 3.4138227087357807e-06, Accum Loss: 0.3129384517669678
Lr: 3.4159690920798457e-06, Accum Loss: 0.34126806259155273
Lr: 3.418115475423911e-06, Accum Loss: 0.28827452659606934
Lr: 3.4202618587679764e-06, Accum Loss: 0.34122467041015625
Lr: 3.4224082421120414e-06, Accum Loss: 0.3372042179107666
Lr: 3.4245546254561067e-06, Accum Loss: 0.3083062171936035
Lr: 3.4267010088001717e-06, Accum Loss: 0.385922908782959
Lr: 3.428847392144237e-06, Accum Loss: 0.3348658084869385
Lr: 3.430993775488303e-06, Accum Loss: 0.3251228332519531
Lr: 3.433140158832368e-06, Accum Loss: 0.39530420303344727
Lr: 3.435286542176433e-06, Accum Loss: 0.36732006072998047
Lr: 3.437432925520498e-06, Accum Loss: 0.3841891288757324
Lr: 3.4395793088645635e-06, Accum Loss: 0.3097105026245117
Lr: 3.441725692208629e-06, Accum Loss: 0.34398818016052246
Lr: 3.443872075552694e-06, Accum Loss: 0.31322360038757324
Lr: 3.4460184588967592e-06, Accum Loss: 0.3196446895599365
Lr: 3.448164842240824e-06, Accum Loss: 0.33106422424316406
Lr: 3.4503112255848896e-06, Accum Loss: 0.3361368179321289
Lr: 3.4524576089289554e-06, Accum Loss: 0.321760892868042
Lr: 3.4546039922730203e-06, Accum Loss: 0.2778589725494385
Lr: 3.4567503756170857e-06, Accum Loss: 0.34909510612487793
Lr: 3.4588967589611507e-06, Accum Loss: 0.2847447395324707
Lr: 3.461043142305216e-06, Accum Loss: 0.38262295722961426
Lr: 3.4631895256492814e-06, Accum Loss: 0.38022947311401367
Lr: 3.4653359089933464e-06, Accum Loss: 0.35037803649902344
Lr: 3.4674822923374117e-06, Accum Loss: 0.34099555015563965
Lr: 3.4696286756814767e-06, Accum Loss: 0.32045769691467285
Lr: 3.471775059025542e-06, Accum Loss: 0.3364393711090088
Lr: 3.473921442369608e-06, Accum Loss: 0.3285043239593506
Lr: 3.476067825713673e-06, Accum Loss: 0.35037970542907715
Lr: 3.478214209057738e-06, Accum Loss: 0.37761569023132324
Lr: 3.480360592401803e-06, Accum Loss: 0.33572912216186523
Lr: 3.4825069757458685e-06, Accum Loss: 0.3055708408355713
Lr: 3.484653359089934e-06, Accum Loss: 0.3305656909942627
Lr: 3.486799742433999e-06, Accum Loss: 0.35414719581604004
Lr: 3.4889461257780642e-06, Accum Loss: 0.3347153663635254
Lr: 3.491092509122129e-06, Accum Loss: 0.29186344146728516
Lr: 3.4932388924661946e-06, Accum Loss: 0.30168700218200684
Lr: 3.4953852758102604e-06, Accum Loss: 0.2817072868347168
Lr: 3.4975316591543253e-06, Accum Loss: 0.367781400680542
Lr: 3.4996780424983907e-06, Accum Loss: 0.34800004959106445
Lr: 3.5018244258424556e-06, Accum Loss: 0.39423108100891113
Lr: 3.503970809186521e-06, Accum Loss: 0.29392361640930176
Lr: 3.5061171925305864e-06, Accum Loss: 0.25279974937438965
Lr: 3.5082635758746514e-06, Accum Loss: 0.36127352714538574
Lr: 3.5104099592187167e-06, Accum Loss: 0.40739965438842773
Lr: 3.5125563425627817e-06, Accum Loss: 0.3691275119781494
Lr: 3.514702725906847e-06, Accum Loss: 0.36771726608276367
Lr: 3.516849109250913e-06, Accum Loss: 0.40496039390563965
Lr: 3.518995492594978e-06, Accum Loss: 0.28455138206481934
Lr: 3.521141875939043e-06, Accum Loss: 0.35050010681152344
Lr: 3.523288259283108e-06, Accum Loss: 0.3840193748474121
Lr: 3.5254346426271735e-06, Accum Loss: 0.3181004524230957
Lr: 3.527581025971239e-06, Accum Loss: 0.324892520904541
Lr: 3.529727409315304e-06, Accum Loss: 0.32021188735961914
Lr: 3.5318737926593692e-06, Accum Loss: 0.3473527431488037
Lr: 3.534020176003434e-06, Accum Loss: 0.3153221607208252
Lr: 3.5361665593474996e-06, Accum Loss: 0.3547205924987793
Lr: 3.5383129426915654e-06, Accum Loss: 0.34076976776123047
Lr: 3.5404593260356303e-06, Accum Loss: 0.2956850528717041
Lr: 3.5426057093796957e-06, Accum Loss: 0.36783742904663086
Lr: 3.5447520927237606e-06, Accum Loss: 0.3475034236907959
Lr: 3.546898476067826e-06, Accum Loss: 0.31438732147216797
Lr: 3.5490448594118914e-06, Accum Loss: 0.35354018211364746
Lr: 3.5511912427559563e-06, Accum Loss: 0.3155250549316406
Lr: 3.5533376261000217e-06, Accum Loss: 0.3570384979248047
Lr: 3.5554840094440867e-06, Accum Loss: 0.33507704734802246
Lr: 3.557630392788152e-06, Accum Loss: 0.29724836349487305
Lr: 3.559776776132218e-06, Accum Loss: 0.3848612308502197
Lr: 3.561923159476283e-06, Accum Loss: 0.34447789192199707
Lr: 3.564069542820348e-06, Accum Loss: 0.26816797256469727
Lr: 3.566215926164413e-06, Accum Loss: 0.2776026725769043
Lr: 3.5683623095084785e-06, Accum Loss: 0.3052804470062256
Lr: 3.570508692852544e-06, Accum Loss: 0.3507833480834961
Lr: 3.572655076196609e-06, Accum Loss: 0.3539106845855713
Lr: 3.5748014595406742e-06, Accum Loss: 0.33969616889953613
Lr: 3.576947842884739e-06, Accum Loss: 0.3615226745605469
Lr: 3.579094226228805e-06, Accum Loss: 0.2736661434173584
Lr: 3.5812406095728703e-06, Accum Loss: 0.3269922733306885
Lr: 3.5833869929169353e-06, Accum Loss: 0.366579532623291
Lr: 3.5855333762610007e-06, Accum Loss: 0.2874736785888672
Lr: 3.5876797596050656e-06, Accum Loss: 0.29349613189697266
Lr: 3.589826142949131e-06, Accum Loss: 0.3254060745239258
Lr: 3.5919725262931964e-06, Accum Loss: 0.31777024269104004
Lr: 3.5941189096372613e-06, Accum Loss: 0.3725709915161133
Lr: 3.5962652929813267e-06, Accum Loss: 0.381547212600708
Lr: 3.5984116763253917e-06, Accum Loss: 0.3816978931427002
Lr: 3.6005580596694575e-06, Accum Loss: 0.40308165550231934
Lr: 3.602704443013523e-06, Accum Loss: 0.3017861843109131
Lr: 3.604850826357588e-06, Accum Loss: 0.3428020477294922
Lr: 3.606997209701653e-06, Accum Loss: 0.3882472515106201
Lr: 3.609143593045718e-06, Accum Loss: 0.3245420455932617
Lr: 3.6112899763897835e-06, Accum Loss: 0.3407590389251709
Lr: 3.613436359733849e-06, Accum Loss: 0.3777947425842285
Lr: 3.615582743077914e-06, Accum Loss: 0.3523290157318115
Lr: 3.617729126421979e-06, Accum Loss: 0.2897303104400635
Lr: 3.619875509766044e-06, Accum Loss: 0.37145423889160156
Lr: 3.62202189311011e-06, Accum Loss: 0.27217936515808105
Lr: 3.6241682764541753e-06, Accum Loss: 0.3365175724029541
Lr: 3.6263146597982403e-06, Accum Loss: 0.36150693893432617
Lr: 3.6284610431423057e-06, Accum Loss: 0.39588260650634766
Lr: 3.6306074264863706e-06, Accum Loss: 0.397066593170166
Lr: 3.632753809830436e-06, Accum Loss: 0.3252079486846924
Lr: 3.6349001931745014e-06, Accum Loss: 0.34443092346191406
Lr: 3.6370465765185663e-06, Accum Loss: 0.37586379051208496
Lr: 3.6391929598626317e-06, Accum Loss: 0.26377010345458984
Lr: 3.6413393432066967e-06, Accum Loss: 0.3310120105743408
Lr: 3.6434857265507625e-06, Accum Loss: 0.35622119903564453
Lr: 3.645632109894828e-06, Accum Loss: 0.3312408924102783
Lr: 3.6477784932388928e-06, Accum Loss: 0.33985376358032227
Lr: 3.649924876582958e-06, Accum Loss: 0.30669116973876953
Lr: 3.652071259927023e-06, Accum Loss: 0.34400057792663574
Lr: 3.6542176432710885e-06, Accum Loss: 0.3830738067626953
Lr: 3.656364026615154e-06, Accum Loss: 0.29183006286621094
Lr: 3.658510409959219e-06, Accum Loss: 0.33536696434020996
Lr: 3.660656793303284e-06, Accum Loss: 0.3464498519897461
Lr: 3.662803176647349e-06, Accum Loss: 0.32385778427124023
Lr: 3.664949559991415e-06, Accum Loss: 0.33075833320617676
Lr: 3.6670959433354803e-06, Accum Loss: 0.32634973526000977
Lr: 3.6692423266795453e-06, Accum Loss: 0.3087575435638428
Lr: 3.6713887100236107e-06, Accum Loss: 0.27472400665283203
Lr: 3.6735350933676756e-06, Accum Loss: 0.3630056381225586
Lr: 3.675681476711741e-06, Accum Loss: 0.35875773429870605
Lr: 3.6778278600558064e-06, Accum Loss: 0.2902190685272217
Lr: 3.6799742433998713e-06, Accum Loss: 0.29828929901123047
Lr: 3.6821206267439367e-06, Accum Loss: 0.33025479316711426
Lr: 3.6842670100880016e-06, Accum Loss: 0.291292667388916
Lr: 3.6864133934320674e-06, Accum Loss: 0.3217897415161133
Lr: 3.688559776776133e-06, Accum Loss: 0.3709542751312256
Lr: 3.6907061601201978e-06, Accum Loss: 0.33498191833496094
Lr: 3.692852543464263e-06, Accum Loss: 0.29503297805786133
Lr: 3.694998926808328e-06, Accum Loss: 0.3195986747741699
Lr: 3.6971453101523935e-06, Accum Loss: 0.31214308738708496
Lr: 3.699291693496459e-06, Accum Loss: 0.30839967727661133
Lr: 3.701438076840524e-06, Accum Loss: 0.3020198345184326
Lr: 3.703584460184589e-06, Accum Loss: 0.316622257232666
Lr: 3.705730843528654e-06, Accum Loss: 0.3504459857940674
Lr: 3.70787722687272e-06, Accum Loss: 0.37487006187438965
Lr: 3.7100236102167853e-06, Accum Loss: 0.31641244888305664
Lr: 3.7121699935608503e-06, Accum Loss: 0.3011298179626465
Lr: 3.7143163769049156e-06, Accum Loss: 0.36923670768737793
Lr: 3.7164627602489806e-06, Accum Loss: 0.33981966972351074
Lr: 3.718609143593046e-06, Accum Loss: 0.37192392349243164
Lr: 3.7207555269371114e-06, Accum Loss: 0.3722093105316162
Lr: 3.7229019102811763e-06, Accum Loss: 0.32877540588378906
Lr: 3.725048293625242e-06, Accum Loss: 0.29849672317504883
Lr: 3.7271946769693066e-06, Accum Loss: 0.307797908782959
Lr: 3.7293410603133724e-06, Accum Loss: 0.3061192035675049
Lr: 3.731487443657438e-06, Accum Loss: 0.30708837509155273
Lr: 3.7336338270015028e-06, Accum Loss: 0.37958431243896484
Lr: 3.735780210345568e-06, Accum Loss: 0.3462083339691162
Lr: 3.737926593689633e-06, Accum Loss: 0.35141587257385254
Lr: 3.7400729770336985e-06, Accum Loss: 0.33425283432006836
Lr: 3.742219360377764e-06, Accum Loss: 0.3343532085418701
Lr: 3.744365743721829e-06, Accum Loss: 0.3167262077331543
Lr: 3.7465121270658946e-06, Accum Loss: 0.32588911056518555
Lr: 3.748658510409959e-06, Accum Loss: 0.4020707607269287
Lr: 3.750804893754025e-06, Accum Loss: 0.3642425537109375
Lr: 3.7529512770980903e-06, Accum Loss: 0.2856581211090088
Lr: 3.7550976604421553e-06, Accum Loss: 0.38177013397216797
Lr: 3.7572440437862206e-06, Accum Loss: 0.32839107513427734
Lr: 3.7593904271302856e-06, Accum Loss: 0.31069493293762207
Lr: 3.761536810474351e-06, Accum Loss: 0.3243422508239746
Lr: 3.7636831938184163e-06, Accum Loss: 0.3862314224243164
Lr: 3.7658295771624813e-06, Accum Loss: 0.30181026458740234
Lr: 3.767975960506547e-06, Accum Loss: 0.3224353790283203
Lr: 3.7701223438506116e-06, Accum Loss: 0.28530430793762207
Lr: 3.7722687271946774e-06, Accum Loss: 0.31317853927612305
Lr: 3.774415110538743e-06, Accum Loss: 0.3123281002044678
Lr: 3.7765614938828078e-06, Accum Loss: 0.3548390865325928
Lr: 3.778707877226873e-06, Accum Loss: 0.3381664752960205
Lr: 3.780854260570938e-06, Accum Loss: 0.36417341232299805
Lr: 3.7830006439150035e-06, Accum Loss: 0.3144829273223877
Lr: 3.785147027259069e-06, Accum Loss: 0.37159252166748047
Lr: 3.787293410603134e-06, Accum Loss: 0.3417494297027588
Lr: 3.7894397939471996e-06, Accum Loss: 0.3497610092163086
Lr: 3.791586177291264e-06, Accum Loss: 0.3684544563293457
Lr: 3.79373256063533e-06, Accum Loss: 0.3460376262664795
Lr: 3.7958789439793953e-06, Accum Loss: 0.3616652488708496
Lr: 3.7980253273234602e-06, Accum Loss: 0.3044745922088623
Lr: 3.8001717106675256e-06, Accum Loss: 0.3197166919708252
Lr: 3.8023180940115906e-06, Accum Loss: 0.3156743049621582
Lr: 3.804464477355656e-06, Accum Loss: 0.3661489486694336
Lr: 3.8066108606997213e-06, Accum Loss: 0.30182528495788574
Lr: 3.8087572440437863e-06, Accum Loss: 0.292224645614624
Lr: 3.810903627387852e-06, Accum Loss: 0.3326590061187744
Lr: 3.813050010731917e-06, Accum Loss: 0.3930070400238037
Lr: 3.815196394075982e-06, Accum Loss: 0.33139967918395996
Lr: 3.817342777420047e-06, Accum Loss: 0.3117489814758301
Lr: 3.819489160764113e-06, Accum Loss: 0.33498334884643555
Lr: 3.821635544108178e-06, Accum Loss: 0.34414076805114746
Lr: 3.8237819274522435e-06, Accum Loss: 0.3030543327331543
Lr: 3.825928310796309e-06, Accum Loss: 0.33803534507751465
Lr: 3.828074694140374e-06, Accum Loss: 0.3799147605895996
Lr: 3.830221077484439e-06, Accum Loss: 0.34044766426086426
Lr: 3.832367460828504e-06, Accum Loss: 0.3400578498840332
Lr: 3.8345138441725695e-06, Accum Loss: 0.31470394134521484
Lr: 3.836660227516635e-06, Accum Loss: 0.2917318344116211
Lr: 3.8388066108607e-06, Accum Loss: 0.27874755859375
Lr: 3.840952994204765e-06, Accum Loss: 0.3612823486328125
Lr: 3.843099377548831e-06, Accum Loss: 0.36724424362182617
Lr: 3.8452457608928956e-06, Accum Loss: 0.3471238613128662
Lr: 3.847392144236961e-06, Accum Loss: 0.34252119064331055
Lr: 3.849538527581026e-06, Accum Loss: 0.303011417388916
Lr: 3.851684910925092e-06, Accum Loss: 0.30904412269592285
Lr: 3.853831294269157e-06, Accum Loss: 0.4138147830963135
Lr: 3.855977677613222e-06, Accum Loss: 0.3281419277191162
Lr: 3.858124060957287e-06, Accum Loss: 0.29955387115478516
Lr: 3.860270444301352e-06, Accum Loss: 0.38036537170410156
Lr: 3.862416827645418e-06, Accum Loss: 0.36014223098754883
Lr: 3.864563210989483e-06, Accum Loss: 0.31153011322021484
Lr: 3.8667095943335485e-06, Accum Loss: 0.3284125328063965
Lr: 3.868855977677614e-06, Accum Loss: 0.31383442878723145
Lr: 3.871002361021679e-06, Accum Loss: 0.3399486541748047
Lr: 3.873148744365744e-06, Accum Loss: 0.3530862331390381
Lr: 3.875295127709809e-06, Accum Loss: 0.32988715171813965
Lr: 3.8774415110538745e-06, Accum Loss: 0.28557801246643066
Lr: 3.87958789439794e-06, Accum Loss: 0.3663179874420166
Lr: 3.881734277742005e-06, Accum Loss: 0.3355882167816162
Lr: 3.88388066108607e-06, Accum Loss: 0.3511049747467041
Lr: 3.886027044430136e-06, Accum Loss: 0.2972557544708252
Lr: 3.8881734277742006e-06, Accum Loss: 0.3212318420410156
Lr: 3.890319811118266e-06, Accum Loss: 0.3795442581176758
Lr: 3.892466194462331e-06, Accum Loss: 0.3724253177642822
Lr: 3.894612577806397e-06, Accum Loss: 0.3305211067199707
Lr: 3.896758961150462e-06, Accum Loss: 0.30029988288879395
Lr: 3.898905344494527e-06, Accum Loss: 0.3531062602996826
Lr: 3.901051727838592e-06, Accum Loss: 0.2932143211364746
Lr: 3.903198111182658e-06, Accum Loss: 0.32247138023376465
Lr: 3.905344494526723e-06, Accum Loss: 0.39099597930908203
Lr: 3.907490877870788e-06, Accum Loss: 0.3086719512939453
Lr: 3.9096372612148535e-06, Accum Loss: 0.352447509765625
Lr: 3.911783644558919e-06, Accum Loss: 0.36803436279296875
Lr: 3.913930027902984e-06, Accum Loss: 0.3239457607269287
Lr: 3.916076411247049e-06, Accum Loss: 0.36494898796081543
Lr: 3.918222794591114e-06, Accum Loss: 0.3285849094390869
Lr: 3.9203691779351795e-06, Accum Loss: 0.3474757671356201
Lr: 3.922515561279245e-06, Accum Loss: 0.2960188388824463
Lr: 3.92466194462331e-06, Accum Loss: 0.31876373291015625
Lr: 3.926808327967375e-06, Accum Loss: 0.3486607074737549
Lr: 3.928954711311441e-06, Accum Loss: 0.3248775005340576
Lr: 3.9311010946555056e-06, Accum Loss: 0.3186380863189697
Lr: 3.933247477999571e-06, Accum Loss: 0.3388192653656006
Lr: 3.935393861343636e-06, Accum Loss: 0.35814738273620605
Lr: 3.937540244687702e-06, Accum Loss: 0.3478372097015381
Lr: 3.939686628031767e-06, Accum Loss: 0.32442784309387207
Lr: 3.941833011375832e-06, Accum Loss: 0.3648345470428467
Lr: 3.943979394719897e-06, Accum Loss: 0.3257901668548584
Lr: 3.946125778063963e-06, Accum Loss: 0.3047182559967041
Lr: 3.948272161408028e-06, Accum Loss: 0.3623490333557129
Lr: 3.950418544752093e-06, Accum Loss: 0.38556599617004395
Lr: 3.9525649280961585e-06, Accum Loss: 0.3692474365234375
Lr: 3.954711311440224e-06, Accum Loss: 0.35554051399230957
Lr: 3.956857694784289e-06, Accum Loss: 0.28720736503601074
Lr: 3.959004078128354e-06, Accum Loss: 0.40558719635009766
Lr: 3.961150461472419e-06, Accum Loss: 0.33226513862609863
Lr: 3.9632968448164845e-06, Accum Loss: 0.30313539505004883
Lr: 3.96544322816055e-06, Accum Loss: 0.35495638847351074
Lr: 3.967589611504615e-06, Accum Loss: 0.3108494281768799
Lr: 3.969735994848681e-06, Accum Loss: 0.2901653051376343
Lr: 3.971882378192746e-06, Accum Loss: 0.36200594902038574
Lr: 3.9740287615368105e-06, Accum Loss: 0.3168759346008301
Lr: 3.976175144880876e-06, Accum Loss: 0.3537254333496094
Lr: 3.978321528224941e-06, Accum Loss: 0.3158109188079834
Lr: 3.980467911569007e-06, Accum Loss: 0.2937943935394287
Lr: 3.982614294913072e-06, Accum Loss: 0.31508898735046387
Lr: 3.984760678257137e-06, Accum Loss: 0.38672542572021484
Lr: 3.986907061601202e-06, Accum Loss: 0.3083113431930542
Lr: 3.989053444945268e-06, Accum Loss: 0.36122655868530273
Lr: 3.991199828289333e-06, Accum Loss: 0.3540496826171875
Lr: 3.993346211633398e-06, Accum Loss: 0.36276936531066895
Lr: 3.9954925949774635e-06, Accum Loss: 0.3560144901275635
Lr: 3.997638978321529e-06, Accum Loss: 0.3480103015899658
Lr: 3.999785361665594e-06, Accum Loss: 0.3289954662322998
Lr: 4.001931745009659e-06, Accum Loss: 0.32830333709716797
Lr: 4.004078128353724e-06, Accum Loss: 0.35981059074401855
Lr: 4.0062245116977895e-06, Accum Loss: 0.36847782135009766
Lr: 4.008370895041855e-06, Accum Loss: 0.37146711349487305
Lr: 4.01051727838592e-06, Accum Loss: 0.34032773971557617
Lr: 4.012663661729986e-06, Accum Loss: 0.29906177520751953
Lr: 4.014810045074051e-06, Accum Loss: 0.32207775115966797
Lr: 4.0169564284181155e-06, Accum Loss: 0.33361053466796875
Lr: 4.019102811762181e-06, Accum Loss: 0.3166489601135254
Lr: 4.021249195106246e-06, Accum Loss: 0.34297871589660645
Lr: 4.023395578450312e-06, Accum Loss: 0.35498476028442383
Lr: 4.025541961794377e-06, Accum Loss: 0.3375983238220215
Lr: 4.0276883451384416e-06, Accum Loss: 0.2983710765838623
Lr: 4.029834728482507e-06, Accum Loss: 0.3353019952774048
Lr: 4.031981111826573e-06, Accum Loss: 0.29801344871520996
Lr: 4.034127495170638e-06, Accum Loss: 0.32267189025878906
Lr: 4.036273878514703e-06, Accum Loss: 0.35012364387512207
Lr: 4.0384202618587685e-06, Accum Loss: 0.3740072250366211
Lr: 4.040566645202834e-06, Accum Loss: 0.30643367767333984
Lr: 4.042713028546899e-06, Accum Loss: 0.3663763999938965
Lr: 4.044859411890964e-06, Accum Loss: 0.3413689136505127
Lr: 4.047005795235029e-06, Accum Loss: 0.32303333282470703
Lr: 4.0491521785790945e-06, Accum Loss: 0.3460710048675537
Lr: 4.05129856192316e-06, Accum Loss: 0.3134477138519287
Lr: 4.053444945267225e-06, Accum Loss: 0.3314857482910156
Lr: 4.055591328611291e-06, Accum Loss: 0.311936616897583
Lr: 4.057737711955356e-06, Accum Loss: 0.3283247947692871
Lr: 4.0598840952994205e-06, Accum Loss: 0.3648395538330078
Lr: 4.062030478643486e-06, Accum Loss: 0.39902591705322266
Lr: 4.064176861987551e-06, Accum Loss: 0.3225216865539551
Lr: 4.066323245331617e-06, Accum Loss: 0.35652613639831543
Lr: 4.068469628675682e-06, Accum Loss: 0.35109949111938477
Lr: 4.0706160120197466e-06, Accum Loss: 0.3320643901824951
Lr: 4.072762395363812e-06, Accum Loss: 0.29808712005615234
Lr: 4.074908778707878e-06, Accum Loss: 0.30365920066833496
Lr: 4.077055162051943e-06, Accum Loss: 0.32065916061401367
Lr: 4.079201545396008e-06, Accum Loss: 0.3228874206542969
Lr: 4.0813479287400734e-06, Accum Loss: 0.3184947967529297
Lr: 4.083494312084139e-06, Accum Loss: 0.3271358013153076
Lr: 4.085640695428204e-06, Accum Loss: 0.35826945304870605
Lr: 4.087787078772269e-06, Accum Loss: 0.3625833988189697
Lr: 4.089933462116334e-06, Accum Loss: 0.26230812072753906
Lr: 4.0920798454603995e-06, Accum Loss: 0.3204050064086914
Lr: 4.094226228804465e-06, Accum Loss: 0.337371826171875
Lr: 4.09637261214853e-06, Accum Loss: 0.41016292572021484
Lr: 4.098518995492596e-06, Accum Loss: 0.3344883918762207
Lr: 4.100665378836661e-06, Accum Loss: 0.3115074634552002
Lr: 4.1028117621807255e-06, Accum Loss: 0.34996700286865234
Lr: 4.104958145524791e-06, Accum Loss: 0.2965199947357178
Lr: 4.107104528868856e-06, Accum Loss: 0.3374253511428833
Lr: 4.109250912212922e-06, Accum Loss: 0.35698533058166504
Lr: 4.111397295556987e-06, Accum Loss: 0.3415050506591797
Lr: 4.1135436789010515e-06, Accum Loss: 0.29491472244262695
Lr: 4.115690062245118e-06, Accum Loss: 0.3470940589904785
Lr: 4.117836445589183e-06, Accum Loss: 0.3130013942718506
Lr: 4.119982828933248e-06, Accum Loss: 0.37976694107055664
Lr: 4.122129212277313e-06, Accum Loss: 0.343883752822876
Lr: 4.1242755956213784e-06, Accum Loss: 0.34696054458618164
Lr: 4.126421978965444e-06, Accum Loss: 0.3611793518066406
Lr: 4.128568362309509e-06, Accum Loss: 0.3214600086212158
Lr: 4.130714745653574e-06, Accum Loss: 0.31074249744415283
Lr: 4.132861128997639e-06, Accum Loss: 0.38912510871887207
Lr: 4.1350075123417045e-06, Accum Loss: 0.33416032791137695
Lr: 4.13715389568577e-06, Accum Loss: 0.29567527770996094
Lr: 4.139300279029835e-06, Accum Loss: 0.3001713752746582
Lr: 4.141446662373901e-06, Accum Loss: 0.35075974464416504
Lr: 4.143593045717966e-06, Accum Loss: 0.3263850212097168
Lr: 4.1457394290620305e-06, Accum Loss: 0.31656980514526367
Lr: 4.147885812406096e-06, Accum Loss: 0.3426647186279297
Lr: 4.150032195750161e-06, Accum Loss: 0.3276097774505615
Lr: 4.152178579094227e-06, Accum Loss: 0.32042527198791504
Lr: 4.154324962438292e-06, Accum Loss: 0.33975672721862793
Lr: 4.1564713457823565e-06, Accum Loss: 0.3408067226409912
Lr: 4.158617729126423e-06, Accum Loss: 0.3592038154602051
Lr: 4.160764112470488e-06, Accum Loss: 0.29639339447021484
Lr: 4.162910495814553e-06, Accum Loss: 0.31427955627441406
Lr: 4.165056879158618e-06, Accum Loss: 0.34435391426086426
Lr: 4.167203262502683e-06, Accum Loss: 0.34267258644104004
Lr: 4.169349645846749e-06, Accum Loss: 0.3256990909576416
Lr: 4.171496029190814e-06, Accum Loss: 0.3575378656387329
Lr: 4.173642412534879e-06, Accum Loss: 0.31070196628570557
Lr: 4.175788795878944e-06, Accum Loss: 0.3052690029144287
Lr: 4.1779351792230095e-06, Accum Loss: 0.3461277484893799
Lr: 4.180081562567075e-06, Accum Loss: 0.3896239995956421
Lr: 4.18222794591114e-06, Accum Loss: 0.34723007678985596
Lr: 4.184374329255206e-06, Accum Loss: 0.37364649772644043
Lr: 4.186520712599271e-06, Accum Loss: 0.3523867130279541
Lr: 4.1886670959433355e-06, Accum Loss: 0.2910912036895752
Lr: 4.190813479287401e-06, Accum Loss: 0.33188843727111816
Lr: 4.192959862631466e-06, Accum Loss: 0.36633729934692383
Lr: 4.195106245975532e-06, Accum Loss: 0.35828280448913574
Lr: 4.197252629319597e-06, Accum Loss: 0.30821943283081055
Lr: 4.1993990126636615e-06, Accum Loss: 0.336397647857666
Lr: 4.201545396007728e-06, Accum Loss: 0.2868218421936035
Lr: 4.203691779351793e-06, Accum Loss: 0.30870819091796875
Lr: 4.205838162695858e-06, Accum Loss: 0.33443641662597656
Lr: 4.207984546039923e-06, Accum Loss: 0.3014652729034424
Lr: 4.210130929383988e-06, Accum Loss: 0.3549264669418335
Lr: 4.212277312728054e-06, Accum Loss: 0.3050196170806885
Lr: 4.214423696072119e-06, Accum Loss: 0.34349966049194336
Lr: 4.216570079416184e-06, Accum Loss: 0.35689830780029297
Lr: 4.218716462760249e-06, Accum Loss: 0.29764318466186523
Lr: 4.2208628461043144e-06, Accum Loss: 0.3049945831298828
Lr: 4.22300922944838e-06, Accum Loss: 0.36846089363098145
Lr: 4.225155612792445e-06, Accum Loss: 0.30468153953552246
Lr: 4.227301996136511e-06, Accum Loss: 0.2964608669281006
Lr: 4.229448379480576e-06, Accum Loss: 0.2909672260284424
Lr: 4.2315947628246405e-06, Accum Loss: 0.3653852939605713
Lr: 4.233741146168706e-06, Accum Loss: 0.32086610794067383
Lr: 4.235887529512771e-06, Accum Loss: 0.3213388919830322
Lr: 4.238033912856837e-06, Accum Loss: 0.29010581970214844
Lr: 4.240180296200902e-06, Accum Loss: 0.3678065538406372
Lr: 4.2423266795449665e-06, Accum Loss: 0.3716721534729004
Lr: 4.244473062889033e-06, Accum Loss: 0.3394806385040283
Lr: 4.246619446233098e-06, Accum Loss: 0.3561842441558838
Lr: 4.248765829577163e-06, Accum Loss: 0.40364110469818115
Lr: 4.250912212921228e-06, Accum Loss: 0.3564035892486572
Lr: 4.253058596265293e-06, Accum Loss: 0.36177873611450195
Lr: 4.255204979609359e-06, Accum Loss: 0.3699483871459961
Lr: 4.257351362953424e-06, Accum Loss: 0.33267366886138916
Lr: 4.259497746297489e-06, Accum Loss: 0.30220091342926025
Lr: 4.261644129641555e-06, Accum Loss: 0.3361375331878662
Lr: 4.2637905129856194e-06, Accum Loss: 0.3202335834503174
Lr: 4.265936896329685e-06, Accum Loss: 0.28442084789276123
Lr: 4.26808327967375e-06, Accum Loss: 0.3071577548980713
Lr: 4.2702296630178156e-06, Accum Loss: 0.3273317813873291
Lr: 4.272376046361881e-06, Accum Loss: 0.3090803623199463
Lr: 4.2745224297059455e-06, Accum Loss: 0.3404674530029297
Lr: 4.276668813050011e-06, Accum Loss: 0.36014747619628906
Lr: 4.278815196394076e-06, Accum Loss: 0.317490816116333
Lr: 4.280961579738142e-06, Accum Loss: 0.3406803607940674
Lr: 4.283107963082207e-06, Accum Loss: 0.30586767196655273
Lr: 4.2852543464262715e-06, Accum Loss: 0.33136439323425293
Lr: 4.287400729770338e-06, Accum Loss: 0.3562663793563843
Lr: 4.289547113114402e-06, Accum Loss: 0.3114206790924072
Lr: 4.291693496458468e-06, Accum Loss: 0.3824576139450073
Lr: 4.293839879802533e-06, Accum Loss: 0.30602192878723145
Lr: 4.295986263146598e-06, Accum Loss: 0.3605663776397705
Lr: 4.298132646490664e-06, Accum Loss: 0.2879655361175537
Lr: 4.300279029834728e-06, Accum Loss: 0.3102238178253174
Lr: 4.302425413178794e-06, Accum Loss: 0.35283219814300537
Lr: 4.30457179652286e-06, Accum Loss: 0.2932544946670532
Lr: 4.3067181798669244e-06, Accum Loss: 0.32585930824279785
Lr: 4.30886456321099e-06, Accum Loss: 0.3387765884399414
Lr: 4.311010946555055e-06, Accum Loss: 0.3572937250137329
Lr: 4.3131573298991206e-06, Accum Loss: 0.2854175567626953
Lr: 4.315303713243186e-06, Accum Loss: 0.3019552230834961
Lr: 4.3174500965872505e-06, Accum Loss: 0.3144339323043823
Lr: 4.319596479931316e-06, Accum Loss: 0.3275240659713745
Lr: 4.321742863275381e-06, Accum Loss: 0.36713945865631104
Lr: 4.323889246619447e-06, Accum Loss: 0.29500555992126465
Lr: 4.326035629963512e-06, Accum Loss: 0.3679800033569336
Lr: 4.3281820133075765e-06, Accum Loss: 0.3054842948913574
Lr: 4.330328396651643e-06, Accum Loss: 0.3831820487976074
Lr: 4.332474779995707e-06, Accum Loss: 0.38913774490356445
Lr: 4.334621163339773e-06, Accum Loss: 0.36237096786499023
Lr: 4.336767546683838e-06, Accum Loss: 0.29434680938720703
Lr: 4.338913930027903e-06, Accum Loss: 0.3518507480621338
Lr: 4.341060313371969e-06, Accum Loss: 0.36438989639282227
Lr: 4.343206696716033e-06, Accum Loss: 0.2950021028518677
Lr: 4.345353080060099e-06, Accum Loss: 0.32919514179229736
Lr: 4.347499463404165e-06, Accum Loss: 0.32073187828063965
Lr: 4.349645846748229e-06, Accum Loss: 0.33304667472839355
Lr: 4.351792230092295e-06, Accum Loss: 0.303249716758728
Lr: 4.35393861343636e-06, Accum Loss: 0.36190009117126465
Lr: 4.3560849967804256e-06, Accum Loss: 0.3140376806259155
Lr: 4.358231380124491e-06, Accum Loss: 0.3740757703781128
Lr: 4.3603777634685555e-06, Accum Loss: 0.3255441188812256
Lr: 4.362524146812621e-06, Accum Loss: 0.3453711271286011
Lr: 4.364670530156686e-06, Accum Loss: 0.37321019172668457
Lr: 4.366816913500752e-06, Accum Loss: 0.3180091381072998
Lr: 4.368963296844817e-06, Accum Loss: 0.2598915100097656
Lr: 4.371109680188882e-06, Accum Loss: 0.3243190050125122
Lr: 4.373256063532948e-06, Accum Loss: 0.2847583293914795
Lr: 4.375402446877012e-06, Accum Loss: 0.288740873336792
Lr: 4.377548830221078e-06, Accum Loss: 0.3582608699798584
Lr: 4.379695213565143e-06, Accum Loss: 0.320675253868103
Lr: 4.381841596909208e-06, Accum Loss: 0.30774927139282227
Lr: 4.383987980253274e-06, Accum Loss: 0.3315002918243408
Lr: 4.386134363597338e-06, Accum Loss: 0.31978678703308105
Lr: 4.388280746941404e-06, Accum Loss: 0.36401963233947754
Lr: 4.39042713028547e-06, Accum Loss: 0.3539998531341553
Lr: 4.392573513629534e-06, Accum Loss: 0.37007999420166016
Lr: 4.3947198969736e-06, Accum Loss: 0.35001111030578613
Lr: 4.396866280317665e-06, Accum Loss: 0.3589651584625244
Lr: 4.3990126636617305e-06, Accum Loss: 0.35561299324035645
Lr: 4.401159047005796e-06, Accum Loss: 0.3698629140853882
Lr: 4.4033054303498604e-06, Accum Loss: 0.3184535503387451
Lr: 4.405451813693926e-06, Accum Loss: 0.37858152389526367
Lr: 4.407598197037991e-06, Accum Loss: 0.30057525634765625
Lr: 4.409744580382057e-06, Accum Loss: 0.31570732593536377
Lr: 4.411890963726122e-06, Accum Loss: 0.3620564937591553
Lr: 4.414037347070187e-06, Accum Loss: 0.329531192779541
Lr: 4.416183730414253e-06, Accum Loss: 0.33691251277923584
Lr: 4.418330113758317e-06, Accum Loss: 0.32196950912475586
Lr: 4.420476497102383e-06, Accum Loss: 0.2943824529647827
Lr: 4.422622880446448e-06, Accum Loss: 0.2733919620513916
Lr: 4.424769263790513e-06, Accum Loss: 0.3121206760406494
Lr: 4.426915647134579e-06, Accum Loss: 0.3153785467147827
Lr: 4.429062030478643e-06, Accum Loss: 0.29900383949279785
Lr: 4.431208413822709e-06, Accum Loss: 0.3463408946990967
Lr: 4.433354797166775e-06, Accum Loss: 0.3209933042526245
Lr: 4.435501180510839e-06, Accum Loss: 0.3374979496002197
Lr: 4.437647563854905e-06, Accum Loss: 0.3003230094909668
Lr: 4.43979394719897e-06, Accum Loss: 0.31859052181243896
Lr: 4.4419403305430355e-06, Accum Loss: 0.3851897716522217
Lr: 4.444086713887101e-06, Accum Loss: 0.32920336723327637
Lr: 4.4462330972311654e-06, Accum Loss: 0.3564431667327881
Lr: 4.448379480575231e-06, Accum Loss: 0.3503981828689575
Lr: 4.450525863919296e-06, Accum Loss: 0.33591580390930176
Lr: 4.4526722472633616e-06, Accum Loss: 0.33873212337493896
Lr: 4.454818630607427e-06, Accum Loss: 0.29436254501342773
Lr: 4.456965013951492e-06, Accum Loss: 0.31181907653808594
Lr: 4.459111397295558e-06, Accum Loss: 0.3538135290145874
Lr: 4.461257780639622e-06, Accum Loss: 0.35355281829833984
Lr: 4.463404163983688e-06, Accum Loss: 0.33966827392578125
Lr: 4.465550547327753e-06, Accum Loss: 0.2973451614379883
Lr: 4.467696930671818e-06, Accum Loss: 0.35219788551330566
Lr: 4.469843314015884e-06, Accum Loss: 0.29162323474884033
Lr: 4.471989697359948e-06, Accum Loss: 0.3317333459854126
Lr: 4.474136080704014e-06, Accum Loss: 0.3491249084472656
Lr: 4.47628246404808e-06, Accum Loss: 0.40015697479248047
Lr: 4.478428847392144e-06, Accum Loss: 0.31124448776245117
Lr: 4.48057523073621e-06, Accum Loss: 0.30756354331970215
Lr: 4.482721614080275e-06, Accum Loss: 0.2994656562805176
Lr: 4.4848679974243405e-06, Accum Loss: 0.3521629571914673
Lr: 4.487014380768406e-06, Accum Loss: 0.26628684997558594
Lr: 4.4891607641124704e-06, Accum Loss: 0.3178931474685669
Lr: 4.491307147456536e-06, Accum Loss: 0.289625883102417
Lr: 4.493453530800601e-06, Accum Loss: 0.3181251287460327
Lr: 4.4955999141446666e-06, Accum Loss: 0.2245253324508667
Lr: 4.497746297488732e-06, Accum Loss: 0.38942456245422363
Lr: 4.499892680832797e-06, Accum Loss: 0.34614109992980957
Lr: 4.502039064176863e-06, Accum Loss: 0.33997642993927
Lr: 4.504185447520927e-06, Accum Loss: 0.2967458963394165
Lr: 4.506331830864993e-06, Accum Loss: 0.2824859619140625
Lr: 4.508478214209058e-06, Accum Loss: 0.3256700038909912
Lr: 4.510624597553123e-06, Accum Loss: 0.3255659341812134
Lr: 4.512770980897189e-06, Accum Loss: 0.35910069942474365
Lr: 4.514917364241253e-06, Accum Loss: 0.2803363800048828
Lr: 4.5170637475853195e-06, Accum Loss: 0.2863048315048218
Lr: 4.519210130929385e-06, Accum Loss: 0.29832422733306885
Lr: 4.521356514273449e-06, Accum Loss: 0.31823980808258057
Lr: 4.523502897617515e-06, Accum Loss: 0.3798784017562866
Lr: 4.52564928096158e-06, Accum Loss: 0.3775731325149536
Lr: 4.5277956643056455e-06, Accum Loss: 0.3540889024734497
Lr: 4.529942047649711e-06, Accum Loss: 0.28238368034362793
Lr: 4.532088430993775e-06, Accum Loss: 0.33791232109069824
Lr: 4.534234814337841e-06, Accum Loss: 0.32607877254486084
Lr: 4.536381197681906e-06, Accum Loss: 0.35423922538757324
Lr: 4.5385275810259715e-06, Accum Loss: 0.322202205657959
Lr: 4.540673964370037e-06, Accum Loss: 0.32668614387512207
Lr: 4.542820347714102e-06, Accum Loss: 0.37240099906921387
Lr: 4.544966731058168e-06, Accum Loss: 0.3520236015319824
Lr: 4.547113114402232e-06, Accum Loss: 0.384502649307251
Lr: 4.549259497746298e-06, Accum Loss: 0.3129464387893677
Lr: 4.551405881090363e-06, Accum Loss: 0.3429245948791504
Lr: 4.553552264434428e-06, Accum Loss: 0.33658111095428467
Lr: 4.555698647778494e-06, Accum Loss: 0.3201432228088379
Lr: 4.557845031122558e-06, Accum Loss: 0.32548773288726807
Lr: 4.5599914144666245e-06, Accum Loss: 0.3354095220565796
Lr: 4.56213779781069e-06, Accum Loss: 0.35832250118255615
Lr: 4.564284181154754e-06, Accum Loss: 0.3620103597640991
Lr: 4.56643056449882e-06, Accum Loss: 0.29025912284851074
Lr: 4.568576947842885e-06, Accum Loss: 0.3852177858352661
Lr: 4.5707233311869505e-06, Accum Loss: 0.31185734272003174
Lr: 4.572869714531016e-06, Accum Loss: 0.34998655319213867
Lr: 4.57501609787508e-06, Accum Loss: 0.34642553329467773
Lr: 4.577162481219146e-06, Accum Loss: 0.3121521472930908
Lr: 4.579308864563211e-06, Accum Loss: 0.34269678592681885
Lr: 4.5814552479072765e-06, Accum Loss: 0.28888189792633057
Lr: 4.583601631251342e-06, Accum Loss: 0.3609246015548706
Lr: 4.585748014595407e-06, Accum Loss: 0.42536771297454834
Lr: 4.587894397939473e-06, Accum Loss: 0.29085099697113037
Lr: 4.590040781283537e-06, Accum Loss: 0.33184051513671875
Lr: 4.5921871646276026e-06, Accum Loss: 0.3159787654876709
Lr: 4.594333547971668e-06, Accum Loss: 0.3525815010070801
Lr: 4.596479931315733e-06, Accum Loss: 0.3042585849761963
Lr: 4.598626314659799e-06, Accum Loss: 0.33104443550109863
Lr: 4.600772698003863e-06, Accum Loss: 0.30782926082611084
Lr: 4.6029190813479295e-06, Accum Loss: 0.2903470993041992
Lr: 4.605065464691995e-06, Accum Loss: 0.3240840435028076
Lr: 4.607211848036059e-06, Accum Loss: 0.3655872344970703
Lr: 4.609358231380125e-06, Accum Loss: 0.42256879806518555
Lr: 4.61150461472419e-06, Accum Loss: 0.3404829502105713
Lr: 4.6136509980682555e-06, Accum Loss: 0.38356852531433105
Lr: 4.615797381412321e-06, Accum Loss: 0.3360021114349365
Lr: 4.617943764756385e-06, Accum Loss: 0.28307461738586426
Lr: 4.620090148100451e-06, Accum Loss: 0.3146185874938965
Lr: 4.622236531444516e-06, Accum Loss: 0.3515434265136719
Lr: 4.6243829147885815e-06, Accum Loss: 0.3159637451171875
Lr: 4.626529298132647e-06, Accum Loss: 0.28516459465026855
Lr: 4.628675681476712e-06, Accum Loss: 0.37844598293304443
Lr: 4.630822064820778e-06, Accum Loss: 0.36428511142730713
Lr: 4.632968448164842e-06, Accum Loss: 0.29843974113464355
Lr: 4.6351148315089076e-06, Accum Loss: 0.31400370597839355
Lr: 4.637261214852973e-06, Accum Loss: 0.3729029893875122
Lr: 4.639407598197038e-06, Accum Loss: 0.3252129554748535
Lr: 4.641553981541104e-06, Accum Loss: 0.33046233654022217
Lr: 4.643700364885168e-06, Accum Loss: 0.30853307247161865
Lr: 4.6458467482292344e-06, Accum Loss: 0.2933715581893921
Lr: 4.6479931315733e-06, Accum Loss: 0.33638298511505127
Lr: 4.650139514917364e-06, Accum Loss: 0.33232200145721436
Lr: 4.65228589826143e-06, Accum Loss: 0.29447460174560547
Lr: 4.654432281605495e-06, Accum Loss: 0.37291479110717773
Lr: 4.6565786649495605e-06, Accum Loss: 0.2904115915298462
Lr: 4.658725048293626e-06, Accum Loss: 0.3270920515060425
Lr: 4.66087143163769e-06, Accum Loss: 0.35191893577575684
Lr: 4.663017814981757e-06, Accum Loss: 0.35245001316070557
Lr: 4.665164198325821e-06, Accum Loss: 0.3871539831161499
Lr: 4.6673105816698865e-06, Accum Loss: 0.34645962715148926
Lr: 4.669456965013952e-06, Accum Loss: 0.35747790336608887
Lr: 4.671603348358017e-06, Accum Loss: 0.3690760135650635
Lr: 4.673749731702083e-06, Accum Loss: 0.328275203704834
Lr: 4.675896115046147e-06, Accum Loss: 0.33479905128479004
Lr: 4.6780424983902126e-06, Accum Loss: 0.33341193199157715
Lr: 4.680188881734278e-06, Accum Loss: 0.326249361038208
Lr: 4.682335265078343e-06, Accum Loss: 0.31803369522094727
Lr: 4.684481648422409e-06, Accum Loss: 0.26586365699768066
Lr: 4.686628031766473e-06, Accum Loss: 0.37003254890441895
Lr: 4.6887744151105394e-06, Accum Loss: 0.3503086566925049
Lr: 4.690920798454605e-06, Accum Loss: 0.3227665424346924
Lr: 4.693067181798669e-06, Accum Loss: 0.3304481506347656
Lr: 4.695213565142735e-06, Accum Loss: 0.2933375835418701
Lr: 4.6973599484868e-06, Accum Loss: 0.3342580795288086
Lr: 4.6995063318308655e-06, Accum Loss: 0.3142716884613037
Lr: 4.701652715174931e-06, Accum Loss: 0.30709850788116455
Lr: 4.703799098518995e-06, Accum Loss: 0.343996524810791
Lr: 4.705945481863062e-06, Accum Loss: 0.276278018951416
Lr: 4.708091865207126e-06, Accum Loss: 0.32715797424316406
Lr: 4.7102382485511915e-06, Accum Loss: 0.3003427982330322
Lr: 4.712384631895257e-06, Accum Loss: 0.3346182107925415
Lr: 4.714531015239322e-06, Accum Loss: 0.32900404930114746
Lr: 4.716677398583388e-06, Accum Loss: 0.3697044849395752
Lr: 4.718823781927452e-06, Accum Loss: 0.34778285026550293
Lr: 4.7209701652715175e-06, Accum Loss: 0.37987470626831055
Lr: 4.723116548615583e-06, Accum Loss: 0.3188755512237549
Lr: 4.725262931959648e-06, Accum Loss: 0.3386458158493042
Lr: 4.727409315303714e-06, Accum Loss: 0.359289288520813
Lr: 4.729555698647779e-06, Accum Loss: 0.28972315788269043
Lr: 4.7317020819918444e-06, Accum Loss: 0.3293973207473755
Lr: 4.73384846533591e-06, Accum Loss: 0.3656136989593506
Lr: 4.735994848679974e-06, Accum Loss: 0.35325396060943604
Lr: 4.73814123202404e-06, Accum Loss: 0.3430594205856323
Lr: 4.740287615368105e-06, Accum Loss: 0.3298286199569702
Lr: 4.7424339987121705e-06, Accum Loss: 0.3358154296875
Lr: 4.744580382056236e-06, Accum Loss: 0.35990142822265625
Lr: 4.7467267654003e-06, Accum Loss: 0.3047366142272949
Lr: 4.748873148744367e-06, Accum Loss: 0.31390857696533203
Lr: 4.751019532088431e-06, Accum Loss: 0.30737435817718506
Lr: 4.7531659154324965e-06, Accum Loss: 0.35167396068573
Lr: 4.755312298776562e-06, Accum Loss: 0.37119531631469727
Lr: 4.757458682120627e-06, Accum Loss: 0.3305765390396118
Lr: 4.759605065464693e-06, Accum Loss: 0.38866961002349854
Lr: 4.761751448808757e-06, Accum Loss: 0.33197569847106934
Lr: 4.7638978321528225e-06, Accum Loss: 0.3111097812652588
Lr: 4.766044215496889e-06, Accum Loss: 0.315981388092041
Lr: 4.768190598840953e-06, Accum Loss: 0.3272055387496948
Lr: 4.770336982185019e-06, Accum Loss: 0.3436363935470581
Lr: 4.772483365529084e-06, Accum Loss: 0.3506495952606201
Lr: 4.774629748873149e-06, Accum Loss: 0.27298498153686523
Lr: 4.776776132217215e-06, Accum Loss: 0.3707331418991089
Lr: 4.778922515561279e-06, Accum Loss: 0.3050651550292969
Lr: 4.781068898905345e-06, Accum Loss: 0.34947800636291504
Lr: 4.78321528224941e-06, Accum Loss: 0.36792564392089844
Lr: 4.7853616655934755e-06, Accum Loss: 0.36360621452331543
Lr: 4.787508048937541e-06, Accum Loss: 0.33480870723724365
Lr: 4.789654432281605e-06, Accum Loss: 0.3137035369873047
Lr: 4.791800815625672e-06, Accum Loss: 0.33098089694976807
Lr: 4.793947198969736e-06, Accum Loss: 0.3154933452606201
Lr: 4.7960935823138015e-06, Accum Loss: 0.3817179203033447
Lr: 4.798239965657867e-06, Accum Loss: 0.34557271003723145
Lr: 4.800386349001932e-06, Accum Loss: 0.3103911876678467
Lr: 4.802532732345998e-06, Accum Loss: 0.3155628442764282
Lr: 4.804679115690062e-06, Accum Loss: 0.3269244432449341
Lr: 4.8068254990341275e-06, Accum Loss: 0.31500935554504395
Lr: 4.808971882378194e-06, Accum Loss: 0.32082974910736084
Lr: 4.811118265722258e-06, Accum Loss: 0.32296502590179443
Lr: 4.813264649066324e-06, Accum Loss: 0.3573293685913086
Lr: 4.815411032410389e-06, Accum Loss: 0.3333209753036499
Lr: 4.817557415754454e-06, Accum Loss: 0.304568886756897
Lr: 4.81970379909852e-06, Accum Loss: 0.36000823974609375
Lr: 4.821850182442584e-06, Accum Loss: 0.3123457431793213
Lr: 4.82399656578665e-06, Accum Loss: 0.33537423610687256
Lr: 4.826142949130715e-06, Accum Loss: 0.29363691806793213
Lr: 4.8282893324747804e-06, Accum Loss: 0.30367279052734375
Lr: 4.830435715818846e-06, Accum Loss: 0.31272053718566895
Lr: 4.83258209916291e-06, Accum Loss: 0.30367565155029297
Lr: 4.8347284825069766e-06, Accum Loss: 0.2780435085296631
Lr: 4.836874865851041e-06, Accum Loss: 0.3602731227874756
Lr: 4.8390212491951065e-06, Accum Loss: 0.34929394721984863
Lr: 4.841167632539172e-06, Accum Loss: 0.323879599571228
Lr: 4.843314015883237e-06, Accum Loss: 0.3564988374710083
Lr: 4.845460399227303e-06, Accum Loss: 0.31333792209625244
Lr: 4.847606782571367e-06, Accum Loss: 0.3407268524169922
Lr: 4.8497531659154325e-06, Accum Loss: 0.34294259548187256
Lr: 4.851899549259499e-06, Accum Loss: 0.2965201139450073
Lr: 4.854045932603563e-06, Accum Loss: 0.30044591426849365
Lr: 4.856192315947629e-06, Accum Loss: 0.295160174369812
Lr: 4.858338699291694e-06, Accum Loss: 0.308974027633667
Lr: 4.860485082635759e-06, Accum Loss: 0.3127150535583496
Lr: 4.862631465979825e-06, Accum Loss: 0.30312979221343994
Lr: 4.864777849323889e-06, Accum Loss: 0.41757452487945557
Lr: 4.866924232667955e-06, Accum Loss: 0.35103797912597656
Lr: 4.86907061601202e-06, Accum Loss: 0.30301058292388916
Lr: 4.8712169993560854e-06, Accum Loss: 0.3342268466949463
Lr: 4.873363382700151e-06, Accum Loss: 0.31531500816345215
Lr: 4.875509766044216e-06, Accum Loss: 0.2891043424606323
Lr: 4.8776561493882816e-06, Accum Loss: 0.3792397975921631
Lr: 4.879802532732346e-06, Accum Loss: 0.2586534023284912
Lr: 4.8819489160764115e-06, Accum Loss: 0.3523818254470825
Lr: 4.884095299420477e-06, Accum Loss: 0.4351085424423218
Lr: 4.886241682764542e-06, Accum Loss: 0.3160442113876343
Lr: 4.888388066108608e-06, Accum Loss: 0.3277214765548706
Lr: 4.890534449452672e-06, Accum Loss: 0.3512061834335327
Lr: 4.8926808327967375e-06, Accum Loss: 0.29729437828063965
Lr: 4.894827216140804e-06, Accum Loss: 0.3242459297180176
Lr: 4.896973599484868e-06, Accum Loss: 0.3875499963760376
Lr: 4.899119982828934e-06, Accum Loss: 0.3217281103134155
Lr: 4.901266366172999e-06, Accum Loss: 0.3179302215576172
Lr: 4.903412749517064e-06, Accum Loss: 0.31047844886779785
Lr: 4.90555913286113e-06, Accum Loss: 0.30093300342559814
Lr: 4.907705516205194e-06, Accum Loss: 0.32555699348449707
Lr: 4.90985189954926e-06, Accum Loss: 0.4010225534439087
Lr: 4.911998282893325e-06, Accum Loss: 0.3630582094192505
Lr: 4.9141446662373904e-06, Accum Loss: 0.3759160041809082
Lr: 4.916291049581456e-06, Accum Loss: 0.3360706567764282
Lr: 4.918437432925521e-06, Accum Loss: 0.39091944694519043
Lr: 4.9205838162695866e-06, Accum Loss: 0.35163331031799316
Lr: 4.922730199613651e-06, Accum Loss: 0.34901750087738037
Lr: 4.9248765829577165e-06, Accum Loss: 0.2965904474258423
Lr: 4.927022966301782e-06, Accum Loss: 0.32739901542663574
Lr: 4.929169349645847e-06, Accum Loss: 0.3459291458129883
Lr: 4.931315732989913e-06, Accum Loss: 0.28642165660858154
Lr: 4.933462116333977e-06, Accum Loss: 0.3778517246246338
Lr: 4.9356084996780425e-06, Accum Loss: 0.3547070026397705
Lr: 4.937754883022109e-06, Accum Loss: 0.3060399293899536
Lr: 4.939901266366173e-06, Accum Loss: 0.343921422958374
Lr: 4.942047649710239e-06, Accum Loss: 0.28104960918426514
Lr: 4.944194033054304e-06, Accum Loss: 0.3089374303817749
Lr: 4.946340416398369e-06, Accum Loss: 0.3014042377471924
Lr: 4.948486799742435e-06, Accum Loss: 0.3273378610610962
Lr: 4.950633183086499e-06, Accum Loss: 0.31797468662261963
Lr: 4.952779566430565e-06, Accum Loss: 0.2867985963821411
Lr: 4.95492594977463e-06, Accum Loss: 0.315456748008728
Lr: 4.957072333118695e-06, Accum Loss: 0.28305649757385254
Lr: 4.959218716462761e-06, Accum Loss: 0.25847697257995605
Lr: 4.961365099806826e-06, Accum Loss: 0.3146193027496338
Lr: 4.9635114831508915e-06, Accum Loss: 0.29807400703430176
Lr: 4.965657866494956e-06, Accum Loss: 0.33306288719177246
Lr: 4.9678042498390215e-06, Accum Loss: 0.283916711807251
Lr: 4.969950633183087e-06, Accum Loss: 0.29254889488220215
Lr: 4.972097016527152e-06, Accum Loss: 0.2932415008544922
Lr: 4.974243399871218e-06, Accum Loss: 0.25501954555511475
Lr: 4.976389783215282e-06, Accum Loss: 0.2668677568435669
Lr: 4.9785361665593475e-06, Accum Loss: 0.30050432682037354
Lr: 4.980682549903414e-06, Accum Loss: 0.33692121505737305
Lr: 4.982828933247478e-06, Accum Loss: 0.31351494789123535
Lr: 4.984975316591544e-06, Accum Loss: 0.331040620803833
Lr: 4.987121699935609e-06, Accum Loss: 0.32050466537475586
Lr: 4.989268083279674e-06, Accum Loss: 0.2224438190460205
Lr: 4.99141446662374e-06, Accum Loss: 0.31719017028808594
Lr: 4.993560849967804e-06, Accum Loss: 0.3389660120010376
Lr: 4.99570723331187e-06, Accum Loss: 0.30388784408569336
Lr: 4.997853616655935e-06, Accum Loss: 0.34612011909484863
Lr: 5e-06, Accum Loss: 0.34239137172698975
Lr: 5.002146383344065e-06, Accum Loss: 0.3277256488800049
Lr: 5.004292766688131e-06, Accum Loss: 0.3105889558792114
Lr: 5.0064391500321965e-06, Accum Loss: 0.32111334800720215
Lr: 5.008585533376261e-06, Accum Loss: 0.31668150424957275
Lr: 5.0107319167203264e-06, Accum Loss: 0.27844560146331787
Lr: 5.012878300064392e-06, Accum Loss: 0.30244553089141846
Lr: 5.015024683408457e-06, Accum Loss: 0.3440655469894409
Lr: 5.017171066752522e-06, Accum Loss: 0.3287101984024048
Lr: 5.019317450096588e-06, Accum Loss: 0.3393871784210205
Lr: 5.021463833440653e-06, Accum Loss: 0.3763580322265625
Lr: 5.023610216784718e-06, Accum Loss: 0.3152660131454468
Lr: 5.025756600128784e-06, Accum Loss: 0.3543921709060669
Lr: 5.027902983472849e-06, Accum Loss: 0.3050081729888916
Lr: 5.030049366816914e-06, Accum Loss: 0.33693861961364746
Lr: 5.0321957501609785e-06, Accum Loss: 0.35581767559051514
Lr: 5.034342133505045e-06, Accum Loss: 0.3256371021270752
Lr: 5.036488516849109e-06, Accum Loss: 0.3442554473876953
Lr: 5.038634900193175e-06, Accum Loss: 0.32250547409057617
Lr: 5.040781283537241e-06, Accum Loss: 0.3170057535171509
Lr: 5.042927666881305e-06, Accum Loss: 0.32306063175201416
Lr: 5.04507405022537e-06, Accum Loss: 0.3227344751358032
Lr: 5.047220433569436e-06, Accum Loss: 0.4052237272262573
Lr: 5.0493668169135015e-06, Accum Loss: 0.3173178434371948
Lr: 5.051513200257566e-06, Accum Loss: 0.299257755279541
Lr: 5.0536595836016314e-06, Accum Loss: 0.3017312288284302
Lr: 5.055805966945697e-06, Accum Loss: 0.33839738368988037
Lr: 5.057952350289762e-06, Accum Loss: 0.35113489627838135
Lr: 5.060098733633827e-06, Accum Loss: 0.3358410596847534
Lr: 5.062245116977893e-06, Accum Loss: 0.2951927185058594
Lr: 5.064391500321958e-06, Accum Loss: 0.3485221862792969
Lr: 5.066537883666023e-06, Accum Loss: 0.3676861524581909
Lr: 5.068684267010089e-06, Accum Loss: 0.30944764614105225
Lr: 5.070830650354154e-06, Accum Loss: 0.3318849802017212
Lr: 5.072977033698219e-06, Accum Loss: 0.29259467124938965
Lr: 5.0751234170422835e-06, Accum Loss: 0.3241792917251587
Lr: 5.07726980038635e-06, Accum Loss: 0.3670002222061157
Lr: 5.079416183730414e-06, Accum Loss: 0.32168424129486084
Lr: 5.08156256707448e-06, Accum Loss: 0.29309582710266113
Lr: 5.083708950418546e-06, Accum Loss: 0.33419740200042725
Lr: 5.08585533376261e-06, Accum Loss: 0.3341633081436157
Lr: 5.088001717106675e-06, Accum Loss: 0.38085615634918213
Lr: 5.090148100450741e-06, Accum Loss: 0.3470820188522339
Lr: 5.0922944837948065e-06, Accum Loss: 0.34254300594329834
Lr: 5.094440867138871e-06, Accum Loss: 0.34236299991607666
Lr: 5.0965872504829364e-06, Accum Loss: 0.3468141555786133
Lr: 5.098733633827002e-06, Accum Loss: 0.3296024799346924
Lr: 5.100880017171067e-06, Accum Loss: 0.3209953308105469
Lr: 5.103026400515132e-06, Accum Loss: 0.3652987480163574
Lr: 5.105172783859198e-06, Accum Loss: 0.3505585193634033
Lr: 5.107319167203263e-06, Accum Loss: 0.36310791969299316
Lr: 5.109465550547328e-06, Accum Loss: 0.34830498695373535
Lr: 5.111611933891394e-06, Accum Loss: 0.33776700496673584
Lr: 5.113758317235459e-06, Accum Loss: 0.36321544647216797
Lr: 5.115904700579524e-06, Accum Loss: 0.3906124234199524
Lr: 5.1180510839235885e-06, Accum Loss: 0.3150622844696045
Lr: 5.120197467267655e-06, Accum Loss: 0.323325514793396
Lr: 5.122343850611719e-06, Accum Loss: 0.32187211513519287
Lr: 5.124490233955785e-06, Accum Loss: 0.3078542947769165
Lr: 5.126636617299851e-06, Accum Loss: 0.34790611267089844
Lr: 5.128783000643915e-06, Accum Loss: 0.28062331676483154
Lr: 5.130929383987981e-06, Accum Loss: 0.362323522567749
Lr: 5.133075767332046e-06, Accum Loss: 0.3218740224838257
Lr: 5.1352221506761115e-06, Accum Loss: 0.3190532922744751
Lr: 5.137368534020176e-06, Accum Loss: 0.2955580949783325
Lr: 5.139514917364241e-06, Accum Loss: 0.30232691764831543
Lr: 5.141661300708307e-06, Accum Loss: 0.3315235376358032
Lr: 5.143807684052372e-06, Accum Loss: 0.37050414085388184
Lr: 5.145954067396437e-06, Accum Loss: 0.3381528854370117
Lr: 5.148100450740503e-06, Accum Loss: 0.3321906328201294
Lr: 5.150246834084568e-06, Accum Loss: 0.3385014533996582
Lr: 5.152393217428633e-06, Accum Loss: 0.3666931390762329
Lr: 5.154539600772699e-06, Accum Loss: 0.2930002212524414
Lr: 5.156685984116764e-06, Accum Loss: 0.3174179792404175
Lr: 5.158832367460829e-06, Accum Loss: 0.31473076343536377
Lr: 5.1609787508048935e-06, Accum Loss: 0.3153613805770874
Lr: 5.16312513414896e-06, Accum Loss: 0.3214752674102783
Lr: 5.165271517493024e-06, Accum Loss: 0.2770644426345825
Lr: 5.16741790083709e-06, Accum Loss: 0.3321661949157715
Lr: 5.169564284181156e-06, Accum Loss: 0.29237449169158936
Lr: 5.17171066752522e-06, Accum Loss: 0.3383077383041382
Lr: 5.173857050869286e-06, Accum Loss: 0.3311976194381714
Lr: 5.176003434213351e-06, Accum Loss: 0.33632969856262207
Lr: 5.1781498175574165e-06, Accum Loss: 0.33899497985839844
Lr: 5.180296200901481e-06, Accum Loss: 0.324865460395813
Lr: 5.182442584245546e-06, Accum Loss: 0.34380292892456055
Lr: 5.184588967589612e-06, Accum Loss: 0.2989966869354248
Lr: 5.186735350933677e-06, Accum Loss: 0.2898629903793335
Lr: 5.188881734277742e-06, Accum Loss: 0.3524976968765259
Lr: 5.191028117621808e-06, Accum Loss: 0.2999703884124756
Lr: 5.193174500965873e-06, Accum Loss: 0.28391993045806885
Lr: 5.195320884309938e-06, Accum Loss: 0.3060159683227539
Lr: 5.197467267654004e-06, Accum Loss: 0.3476969003677368
Lr: 5.1996136509980686e-06, Accum Loss: 0.318078875541687
Lr: 5.201760034342134e-06, Accum Loss: 0.39564406871795654
Lr: 5.2039064176861985e-06, Accum Loss: 0.28153884410858154
Lr: 5.206052801030265e-06, Accum Loss: 0.2993001937866211
Lr: 5.208199184374329e-06, Accum Loss: 0.33668792247772217
Lr: 5.210345567718395e-06, Accum Loss: 0.38452184200286865
Lr: 5.212491951062461e-06, Accum Loss: 0.3075181245803833
Lr: 5.214638334406525e-06, Accum Loss: 0.3228508234024048
Lr: 5.216784717750591e-06, Accum Loss: 0.33862102031707764
Lr: 5.218931101094656e-06, Accum Loss: 0.33358490467071533
Lr: 5.2210774844387215e-06, Accum Loss: 0.317024827003479
Lr: 5.223223867782786e-06, Accum Loss: 0.3351435661315918
Lr: 5.225370251126851e-06, Accum Loss: 0.37923479080200195
Lr: 5.227516634470917e-06, Accum Loss: 0.34313488006591797
Lr: 5.229663017814982e-06, Accum Loss: 0.33150267601013184
Lr: 5.231809401159047e-06, Accum Loss: 0.3246419429779053
Lr: 5.233955784503113e-06, Accum Loss: 0.2735236883163452
Lr: 5.236102167847178e-06, Accum Loss: 0.34595370292663574
Lr: 5.238248551191243e-06, Accum Loss: 0.3402591943740845
Lr: 5.240394934535309e-06, Accum Loss: 0.4364447593688965
Lr: 5.2425413178793736e-06, Accum Loss: 0.2717071771621704
Lr: 5.244687701223439e-06, Accum Loss: 0.3331589698791504
Lr: 5.2468340845675035e-06, Accum Loss: 0.2749643325805664
Lr: 5.24898046791157e-06, Accum Loss: 0.3055232763290405
Lr: 5.251126851255634e-06, Accum Loss: 0.3013511896133423
Lr: 5.2532732345997e-06, Accum Loss: 0.3376181125640869
Lr: 5.255419617943766e-06, Accum Loss: 0.32149064540863037
Lr: 5.25756600128783e-06, Accum Loss: 0.3541524410247803
Lr: 5.259712384631896e-06, Accum Loss: 0.290976881980896
Lr: 5.261858767975961e-06, Accum Loss: 0.3764007091522217
Lr: 5.2640051513200265e-06, Accum Loss: 0.29666268825531006
Lr: 5.266151534664091e-06, Accum Loss: 0.2980964183807373
Lr: 5.268297918008156e-06, Accum Loss: 0.3411705493927002
Lr: 5.270444301352222e-06, Accum Loss: 0.35460686683654785
Lr: 5.272590684696287e-06, Accum Loss: 0.35190069675445557
Lr: 5.274737068040352e-06, Accum Loss: 0.28208744525909424
Lr: 5.276883451384418e-06, Accum Loss: 0.3548204302787781
Lr: 5.279029834728483e-06, Accum Loss: 0.32095956802368164
Lr: 5.281176218072548e-06, Accum Loss: 0.305484414100647
Lr: 5.283322601416614e-06, Accum Loss: 0.325531005859375
Lr: 5.2854689847606786e-06, Accum Loss: 0.3206378221511841
Lr: 5.287615368104744e-06, Accum Loss: 0.34140390157699585
Lr: 5.2897617514488085e-06, Accum Loss: 0.2605196237564087
Lr: 5.291908134792875e-06, Accum Loss: 0.3417379856109619
Lr: 5.294054518136939e-06, Accum Loss: 0.38263219594955444
Lr: 5.296200901481005e-06, Accum Loss: 0.31539952754974365
Lr: 5.298347284825071e-06, Accum Loss: 0.3257561922073364
Lr: 5.300493668169135e-06, Accum Loss: 0.33254408836364746
Lr: 5.302640051513201e-06, Accum Loss: 0.35704565048217773
Lr: 5.304786434857266e-06, Accum Loss: 0.2905619144439697
Lr: 5.3069328182013315e-06, Accum Loss: 0.3396720886230469
Lr: 5.309079201545396e-06, Accum Loss: 0.2798779010772705
Lr: 5.311225584889461e-06, Accum Loss: 0.3703676462173462
Lr: 5.313371968233528e-06, Accum Loss: 0.3613194227218628
Lr: 5.315518351577592e-06, Accum Loss: 0.34820806980133057
Lr: 5.317664734921657e-06, Accum Loss: 0.3256922960281372
Lr: 5.319811118265723e-06, Accum Loss: 0.2534785270690918
Lr: 5.321957501609788e-06, Accum Loss: 0.3392336368560791
Lr: 5.324103884953853e-06, Accum Loss: 0.2841278314590454
Lr: 5.326250268297919e-06, Accum Loss: 0.30268120765686035
Lr: 5.3283966516419835e-06, Accum Loss: 0.37033820152282715
Lr: 5.330543034986049e-06, Accum Loss: 0.3143717050552368
Lr: 5.3326894183301135e-06, Accum Loss: 0.3229243755340576
Lr: 5.33483580167418e-06, Accum Loss: 0.38581812381744385
Lr: 5.336982185018244e-06, Accum Loss: 0.27870452404022217
Lr: 5.33912856836231e-06, Accum Loss: 0.3069866895675659
Lr: 5.341274951706376e-06, Accum Loss: 0.3397409915924072
Lr: 5.34342133505044e-06, Accum Loss: 0.3498774766921997
Lr: 5.345567718394506e-06, Accum Loss: 0.335119366645813
Lr: 5.347714101738571e-06, Accum Loss: 0.38869166374206543
Lr: 5.3498604850826365e-06, Accum Loss: 0.27501964569091797
Lr: 5.352006868426701e-06, Accum Loss: 0.3297203779220581
Lr: 5.354153251770766e-06, Accum Loss: 0.30316126346588135
Lr: 5.356299635114833e-06, Accum Loss: 0.35391759872436523
Lr: 5.358446018458897e-06, Accum Loss: 0.34992480278015137
Lr: 5.360592401802962e-06, Accum Loss: 0.2921783924102783
Lr: 5.362738785147028e-06, Accum Loss: 0.2924870252609253
Lr: 5.364885168491093e-06, Accum Loss: 0.37886834144592285
Lr: 5.367031551835158e-06, Accum Loss: 0.3110237121582031
Lr: 5.369177935179224e-06, Accum Loss: 0.285617470741272
Lr: 5.3713243185232885e-06, Accum Loss: 0.2349414825439453
Lr: 5.373470701867354e-06, Accum Loss: 0.32803356647491455
Lr: 5.3756170852114184e-06, Accum Loss: 0.277606725692749
Lr: 5.377763468555485e-06, Accum Loss: 0.27249741554260254
Lr: 5.37990985189955e-06, Accum Loss: 0.319504976272583
Lr: 5.3820562352436146e-06, Accum Loss: 0.3287733793258667
Lr: 5.384202618587681e-06, Accum Loss: 0.29366087913513184
Lr: 5.386349001931745e-06, Accum Loss: 0.26191282272338867
Lr: 5.388495385275811e-06, Accum Loss: 0.25494277477264404
Lr: 5.390641768619876e-06, Accum Loss: 0.28372764587402344
Lr: 5.3927881519639415e-06, Accum Loss: 0.3416132926940918
Lr: 5.394934535308006e-06, Accum Loss: 0.3434559106826782
Lr: 5.397080918652071e-06, Accum Loss: 0.3161236047744751
Lr: 5.399227301996138e-06, Accum Loss: 0.36171233654022217
Lr: 5.401373685340202e-06, Accum Loss: 0.365222692489624
Lr: 5.403520068684267e-06, Accum Loss: 0.3905559778213501
Lr: 5.405666452028333e-06, Accum Loss: 0.3644806146621704
Lr: 5.407812835372398e-06, Accum Loss: 0.34234583377838135
Lr: 5.409959218716463e-06, Accum Loss: 0.30436933040618896
Lr: 5.412105602060529e-06, Accum Loss: 0.3461883068084717
Lr: 5.4142519854045935e-06, Accum Loss: 0.3048454523086548
Lr: 5.416398368748659e-06, Accum Loss: 0.3230886459350586
Lr: 5.4185447520927234e-06, Accum Loss: 0.31475508213043213
Lr: 5.42069113543679e-06, Accum Loss: 0.30921316146850586
Lr: 5.422837518780855e-06, Accum Loss: 0.2656233310699463
Lr: 5.4249839021249196e-06, Accum Loss: 0.3049279451370239
Lr: 5.427130285468986e-06, Accum Loss: 0.3430241346359253
Lr: 5.42927666881305e-06, Accum Loss: 0.32920384407043457
Lr: 5.431423052157116e-06, Accum Loss: 0.29287827014923096
Lr: 5.433569435501181e-06, Accum Loss: 0.3977092504501343
Lr: 5.4357158188452464e-06, Accum Loss: 0.3529970645904541
Lr: 5.437862202189311e-06, Accum Loss: 0.27936863899230957
Lr: 5.440008585533376e-06, Accum Loss: 0.3373521566390991
Lr: 5.4421549688774426e-06, Accum Loss: 0.3190438747406006
Lr: 5.444301352221507e-06, Accum Loss: 0.3189270496368408
Lr: 5.446447735565572e-06, Accum Loss: 0.37450218200683594
Lr: 5.448594118909638e-06, Accum Loss: 0.3172966241836548
Lr: 5.450740502253703e-06, Accum Loss: 0.32166123390197754
Lr: 5.452886885597768e-06, Accum Loss: 0.3031792640686035
Lr: 5.455033268941834e-06, Accum Loss: 0.31688082218170166
Lr: 5.4571796522858985e-06, Accum Loss: 0.32553255558013916
Lr: 5.459326035629964e-06, Accum Loss: 0.3192020654678345
Lr: 5.461472418974028e-06, Accum Loss: 0.3216569423675537
Lr: 5.463618802318095e-06, Accum Loss: 0.35207098722457886
Lr: 5.46576518566216e-06, Accum Loss: 0.3173009157180786
Lr: 5.4679115690062246e-06, Accum Loss: 0.2907567024230957
Lr: 5.470057952350291e-06, Accum Loss: 0.33786511421203613
Lr: 5.472204335694355e-06, Accum Loss: 0.30294209718704224
Lr: 5.474350719038421e-06, Accum Loss: 0.3494981527328491
Lr: 5.476497102382486e-06, Accum Loss: 0.32445913553237915
Lr: 5.4786434857265514e-06, Accum Loss: 0.28401684761047363
Lr: 5.480789869070616e-06, Accum Loss: 0.33769357204437256
Lr: 5.482936252414681e-06, Accum Loss: 0.3947463631629944
Lr: 5.4850826357587476e-06, Accum Loss: 0.3284735679626465
Lr: 5.487229019102812e-06, Accum Loss: 0.33338499069213867
Lr: 5.4893754024468775e-06, Accum Loss: 0.38898909091949463
Lr: 5.491521785790943e-06, Accum Loss: 0.35587644577026367
Lr: 5.493668169135008e-06, Accum Loss: 0.36461400985717773
Lr: 5.495814552479073e-06, Accum Loss: 0.38347363471984863
Lr: 5.497960935823139e-06, Accum Loss: 0.34023141860961914
Lr: 5.5001073191672035e-06, Accum Loss: 0.2916196584701538
Lr: 5.502253702511269e-06, Accum Loss: 0.3336772918701172
Lr: 5.504400085855333e-06, Accum Loss: 0.2826650142669678
Lr: 5.5065464691994e-06, Accum Loss: 0.3272080421447754
Lr: 5.508692852543465e-06, Accum Loss: 0.3804817199707031
Lr: 5.5108392358875295e-06, Accum Loss: 0.3157613277435303
Lr: 5.512985619231596e-06, Accum Loss: 0.3378695249557495
Lr: 5.51513200257566e-06, Accum Loss: 0.30071520805358887
Lr: 5.517278385919726e-06, Accum Loss: 0.26805639266967773
Lr: 5.519424769263791e-06, Accum Loss: 0.35625672340393066
Lr: 5.5215711526078564e-06, Accum Loss: 0.37452614307403564
Lr: 5.523717535951921e-06, Accum Loss: 0.3241586685180664
Lr: 5.525863919295986e-06, Accum Loss: 0.31890201568603516
Lr: 5.5280103026400526e-06, Accum Loss: 0.3433701992034912
Lr: 5.530156685984117e-06, Accum Loss: 0.31749260425567627
Lr: 5.5323030693281825e-06, Accum Loss: 0.34196531772613525
Lr: 5.534449452672248e-06, Accum Loss: 0.2887533903121948
Lr: 5.536595836016313e-06, Accum Loss: 0.28895795345306396
Lr: 5.538742219360378e-06, Accum Loss: 0.27630484104156494
Lr: 5.540888602704444e-06, Accum Loss: 0.3150749206542969
Lr: 5.5430349860485085e-06, Accum Loss: 0.32446789741516113
Lr: 5.545181369392574e-06, Accum Loss: 0.3917107582092285
Lr: 5.547327752736638e-06, Accum Loss: 0.36617887020111084
Lr: 5.549474136080705e-06, Accum Loss: 0.27976930141448975
Lr: 5.55162051942477e-06, Accum Loss: 0.31474316120147705
Lr: 5.5537669027688345e-06, Accum Loss: 0.35040998458862305
Lr: 5.555913286112901e-06, Accum Loss: 0.3004915714263916
Lr: 5.558059669456965e-06, Accum Loss: 0.3460613489151001
Lr: 5.560206052801031e-06, Accum Loss: 0.23850762844085693
Lr: 5.562352436145096e-06, Accum Loss: 0.2989051342010498
Lr: 5.564498819489161e-06, Accum Loss: 0.32315993309020996
Lr: 5.566645202833226e-06, Accum Loss: 0.31157219409942627
Lr: 5.568791586177291e-06, Accum Loss: 0.27399981021881104
Lr: 5.5709379695213575e-06, Accum Loss: 0.34603631496429443
Lr: 5.573084352865422e-06, Accum Loss: 0.3309051990509033
Lr: 5.5752307362094875e-06, Accum Loss: 0.3414398431777954
Lr: 5.577377119553553e-06, Accum Loss: 0.3217637538909912
Lr: 5.579523502897618e-06, Accum Loss: 0.29206061363220215
Lr: 5.581669886241683e-06, Accum Loss: 0.28571784496307373
Lr: 5.583816269585749e-06, Accum Loss: 0.37684452533721924
Lr: 5.5859626529298135e-06, Accum Loss: 0.37396544218063354
Lr: 5.588109036273879e-06, Accum Loss: 0.3257046937942505
Lr: 5.590255419617943e-06, Accum Loss: 0.3015378713607788
Lr: 5.59240180296201e-06, Accum Loss: 0.2910945415496826
Lr: 5.594548186306075e-06, Accum Loss: 0.33672356605529785
Lr: 5.5966945696501395e-06, Accum Loss: 0.3177832365036011
Lr: 5.598840952994206e-06, Accum Loss: 0.344982385635376
Lr: 5.60098733633827e-06, Accum Loss: 0.35837042331695557
Lr: 5.603133719682336e-06, Accum Loss: 0.32123512029647827
Lr: 5.605280103026402e-06, Accum Loss: 0.29060637950897217
Lr: 5.607426486370466e-06, Accum Loss: 0.3498755693435669
Lr: 5.609572869714531e-06, Accum Loss: 0.3348742723464966
Lr: 5.611719253058596e-06, Accum Loss: 0.3619643449783325
Lr: 5.6138656364026625e-06, Accum Loss: 0.3531438112258911
Lr: 5.616012019746727e-06, Accum Loss: 0.31324154138565063
Lr: 5.6181584030907924e-06, Accum Loss: 0.326552152633667
Lr: 5.620304786434858e-06, Accum Loss: 0.3158758878707886
Lr: 5.622451169778923e-06, Accum Loss: 0.3229982256889343
Lr: 5.624597553122988e-06, Accum Loss: 0.32004082202911377
Lr: 5.626743936467054e-06, Accum Loss: 0.3222740888595581
Lr: 5.6288903198111185e-06, Accum Loss: 0.34239375591278076
Lr: 5.631036703155184e-06, Accum Loss: 0.3150290846824646
Lr: 5.633183086499248e-06, Accum Loss: 0.3083667755126953
Lr: 5.635329469843315e-06, Accum Loss: 0.3461707830429077
Lr: 5.63747585318738e-06, Accum Loss: 0.3418879508972168
Lr: 5.6396222365314445e-06, Accum Loss: 0.36797285079956055
Lr: 5.641768619875511e-06, Accum Loss: 0.317438006401062
Lr: 5.643915003219575e-06, Accum Loss: 0.34256041049957275
Lr: 5.646061386563641e-06, Accum Loss: 0.2826622724533081
Lr: 5.648207769907707e-06, Accum Loss: 0.33556628227233887
Lr: 5.650354153251771e-06, Accum Loss: 0.34357190132141113
Lr: 5.652500536595836e-06, Accum Loss: 0.35124528408050537
Lr: 5.654646919939901e-06, Accum Loss: 0.3213772773742676
Lr: 5.6567933032839675e-06, Accum Loss: 0.2794281244277954
Lr: 5.658939686628032e-06, Accum Loss: 0.3001765012741089
Lr: 5.6610860699720974e-06, Accum Loss: 0.39955782890319824
Lr: 5.663232453316163e-06, Accum Loss: 0.3313941955566406
Lr: 5.665378836660228e-06, Accum Loss: 0.3511645793914795
Lr: 5.667525220004293e-06, Accum Loss: 0.31496500968933105
Lr: 5.669671603348359e-06, Accum Loss: 0.36003565788269043
Lr: 5.671817986692424e-06, Accum Loss: 0.2917858362197876
Lr: 5.673964370036489e-06, Accum Loss: 0.34536826610565186
Lr: 5.676110753380553e-06, Accum Loss: 0.34057676792144775
Lr: 5.67825713672462e-06, Accum Loss: 0.32134389877319336
Lr: 5.680403520068685e-06, Accum Loss: 0.3170928955078125
Lr: 5.6825499034127495e-06, Accum Loss: 0.3251837491989136
Lr: 5.684696286756816e-06, Accum Loss: 0.34736764430999756
Lr: 5.68684267010088e-06, Accum Loss: 0.35396790504455566
Lr: 5.688989053444946e-06, Accum Loss: 0.36888647079467773
Lr: 5.691135436789012e-06, Accum Loss: 0.3625502586364746
Lr: 5.693281820133076e-06, Accum Loss: 0.37662196159362793
Lr: 5.695428203477141e-06, Accum Loss: 0.31851446628570557
Lr: 5.697574586821206e-06, Accum Loss: 0.2809995412826538
Lr: 5.6997209701652725e-06, Accum Loss: 0.3093719482421875
Lr: 5.701867353509337e-06, Accum Loss: 0.26790380477905273
Lr: 5.7040137368534024e-06, Accum Loss: 0.29019784927368164
Lr: 5.706160120197468e-06, Accum Loss: 0.311365008354187
Lr: 5.708306503541533e-06, Accum Loss: 0.3655761480331421
Lr: 5.710452886885598e-06, Accum Loss: 0.3438469171524048
Lr: 5.712599270229664e-06, Accum Loss: 0.3151019811630249
Lr: 5.714745653573729e-06, Accum Loss: 0.26818811893463135
Lr: 5.716892036917794e-06, Accum Loss: 0.2820531129837036
Lr: 5.719038420261858e-06, Accum Loss: 0.28625261783599854
Lr: 5.721184803605925e-06, Accum Loss: 0.31867289543151855
Lr: 5.72333118694999e-06, Accum Loss: 0.32596302032470703
Lr: 5.7254775702940545e-06, Accum Loss: 0.3225959539413452
Lr: 5.727623953638121e-06, Accum Loss: 0.3211543560028076
Lr: 5.729770336982185e-06, Accum Loss: 0.361531138420105
Lr: 5.731916720326251e-06, Accum Loss: 0.3048228621482849
Lr: 5.734063103670317e-06, Accum Loss: 0.30034494400024414
Lr: 5.736209487014381e-06, Accum Loss: 0.2690114974975586
Lr: 5.738355870358446e-06, Accum Loss: 0.3585648536682129
Lr: 5.740502253702511e-06, Accum Loss: 0.35486698150634766
Lr: 5.7426486370465775e-06, Accum Loss: 0.3182337284088135
Lr: 5.744795020390642e-06, Accum Loss: 0.3197474479675293
Lr: 5.746941403734707e-06, Accum Loss: 0.25932466983795166
Lr: 5.749087787078773e-06, Accum Loss: 0.34208714962005615
Lr: 5.751234170422838e-06, Accum Loss: 0.3571079969406128
Lr: 5.753380553766903e-06, Accum Loss: 0.3239790201187134
Lr: 5.755526937110969e-06, Accum Loss: 0.31407058238983154
Lr: 5.757673320455034e-06, Accum Loss: 0.34593284130096436
Lr: 5.759819703799099e-06, Accum Loss: 0.2986164093017578
Lr: 5.761966087143163e-06, Accum Loss: 0.357002854347229
Lr: 5.76411247048723e-06, Accum Loss: 0.342496395111084
Lr: 5.766258853831295e-06, Accum Loss: 0.31048083305358887
Lr: 5.7684052371753595e-06, Accum Loss: 0.34152132272720337
Lr: 5.770551620519426e-06, Accum Loss: 0.37890565395355225
Lr: 5.77269800386349e-06, Accum Loss: 0.3207698464393616
Lr: 5.774844387207556e-06, Accum Loss: 0.31530439853668213
Lr: 5.776990770551622e-06, Accum Loss: 0.3105957508087158
Lr: 5.779137153895686e-06, Accum Loss: 0.3192111849784851
Lr: 5.781283537239752e-06, Accum Loss: 0.32574236392974854
Lr: 5.783429920583816e-06, Accum Loss: 0.339709997177124
Lr: 5.7855763039278825e-06, Accum Loss: 0.3126671314239502
Lr: 5.787722687271947e-06, Accum Loss: 0.31724387407302856
Lr: 5.789869070616012e-06, Accum Loss: 0.30288589000701904
Lr: 5.792015453960078e-06, Accum Loss: 0.28076761960983276
Lr: 5.794161837304143e-06, Accum Loss: 0.28940892219543457
Lr: 5.796308220648208e-06, Accum Loss: 0.33486509323120117
Lr: 5.798454603992274e-06, Accum Loss: 0.4222598075866699
Lr: 5.800600987336339e-06, Accum Loss: 0.36351847648620605
Lr: 5.802747370680404e-06, Accum Loss: 0.32724666595458984
Lr: 5.804893754024468e-06, Accum Loss: 0.30469846725463867
Lr: 5.8070401373685346e-06, Accum Loss: 0.27594906091690063
Lr: 5.8091865207126e-06, Accum Loss: 0.30860549211502075
Lr: 5.8113329040566645e-06, Accum Loss: 0.33890479803085327
Lr: 5.813479287400731e-06, Accum Loss: 0.33037805557250977
Lr: 5.815625670744795e-06, Accum Loss: 0.3222506642341614
Lr: 5.817772054088861e-06, Accum Loss: 0.3265215754508972
Lr: 5.819918437432927e-06, Accum Loss: 0.30185896158218384
Lr: 5.822064820776991e-06, Accum Loss: 0.30518215894699097
Lr: 5.824211204121057e-06, Accum Loss: 0.27422893047332764
Lr: 5.826357587465121e-06, Accum Loss: 0.27869242429733276
Lr: 5.8285039708091875e-06, Accum Loss: 0.34250688552856445
Lr: 5.830650354153252e-06, Accum Loss: 0.32010793685913086
Lr: 5.832796737497317e-06, Accum Loss: 0.31150591373443604
Lr: 5.834943120841383e-06, Accum Loss: 0.3265058398246765
Lr: 5.837089504185448e-06, Accum Loss: 0.32694828510284424
Lr: 5.839235887529513e-06, Accum Loss: 0.36032670736312866
Lr: 5.841382270873579e-06, Accum Loss: 0.4066486358642578
Lr: 5.843528654217644e-06, Accum Loss: 0.4073909521102905
Lr: 5.845675037561709e-06, Accum Loss: 0.30950963497161865
Lr: 5.847821420905773e-06, Accum Loss: 0.319830060005188
Lr: 5.8499678042498396e-06, Accum Loss: 0.3333142399787903
Lr: 5.852114187593905e-06, Accum Loss: 0.28252530097961426
Lr: 5.8542605709379695e-06, Accum Loss: 0.3366694450378418
Lr: 5.856406954282036e-06, Accum Loss: 0.29519301652908325
Lr: 5.8585533376261e-06, Accum Loss: 0.334891676902771
Lr: 5.860699720970166e-06, Accum Loss: 0.3402320146560669
Lr: 5.862846104314232e-06, Accum Loss: 0.37584054470062256
Lr: 5.864992487658296e-06, Accum Loss: 0.31287384033203125
Lr: 5.867138871002362e-06, Accum Loss: 0.3302556276321411
Lr: 5.869285254346426e-06, Accum Loss: 0.3690427541732788
Lr: 5.8714316376904925e-06, Accum Loss: 0.2830871343612671
Lr: 5.873578021034557e-06, Accum Loss: 0.31035351753234863
Lr: 5.875724404378622e-06, Accum Loss: 0.3698122501373291
Lr: 5.877870787722688e-06, Accum Loss: 0.34497207403182983
Lr: 5.880017171066753e-06, Accum Loss: 0.3547123670578003
Lr: 5.882163554410818e-06, Accum Loss: 0.37651705741882324
Lr: 5.884309937754884e-06, Accum Loss: 0.3123195171356201
Lr: 5.886456321098949e-06, Accum Loss: 0.37673866748809814
Lr: 5.888602704443014e-06, Accum Loss: 0.3422822952270508
Lr: 5.890749087787079e-06, Accum Loss: 0.3246755599975586
Lr: 5.8928954711311446e-06, Accum Loss: 0.3887094259262085
Lr: 5.89504185447521e-06, Accum Loss: 0.35199272632598877
Lr: 5.8971882378192745e-06, Accum Loss: 0.3239138126373291
Lr: 5.899334621163341e-06, Accum Loss: 0.3583340048789978
Lr: 5.901481004507405e-06, Accum Loss: 0.31942176818847656
Lr: 5.903627387851471e-06, Accum Loss: 0.331367552280426
Lr: 5.905773771195537e-06, Accum Loss: 0.31505995988845825
Lr: 5.907920154539601e-06, Accum Loss: 0.35067784786224365
Lr: 5.910066537883667e-06, Accum Loss: 0.3218346834182739
Lr: 5.912212921227731e-06, Accum Loss: 0.3341212272644043
Lr: 5.9143593045717975e-06, Accum Loss: 0.31515800952911377
Lr: 5.916505687915862e-06, Accum Loss: 0.32909607887268066
Lr: 5.918652071259927e-06, Accum Loss: 0.30186688899993896
Lr: 5.920798454603993e-06, Accum Loss: 0.3703973889350891
Lr: 5.922944837948058e-06, Accum Loss: 0.30531036853790283
Lr: 5.925091221292123e-06, Accum Loss: 0.29009783267974854
Lr: 5.927237604636189e-06, Accum Loss: 0.3300884962081909
Lr: 5.929383987980254e-06, Accum Loss: 0.2681664228439331
Lr: 5.931530371324319e-06, Accum Loss: 0.28769171237945557
Lr: 5.933676754668384e-06, Accum Loss: 0.3381788730621338
Lr: 5.9358231380124495e-06, Accum Loss: 0.3101500868797302
Lr: 5.937969521356515e-06, Accum Loss: 0.364235520362854
Lr: 5.9401159047005794e-06, Accum Loss: 0.33258694410324097
Lr: 5.942262288044646e-06, Accum Loss: 0.33442556858062744
Lr: 5.94440867138871e-06, Accum Loss: 0.36169880628585815
Lr: 5.946555054732776e-06, Accum Loss: 0.350955605506897
Lr: 5.948701438076842e-06, Accum Loss: 0.2628285884857178
Lr: 5.950847821420906e-06, Accum Loss: 0.33519625663757324
Lr: 5.952994204764972e-06, Accum Loss: 0.29585814476013184
Lr: 5.955140588109036e-06, Accum Loss: 0.24876701831817627
Lr: 5.9572869714531025e-06, Accum Loss: 0.347833514213562
Lr: 5.959433354797167e-06, Accum Loss: 0.3410295248031616
Lr: 5.961579738141232e-06, Accum Loss: 0.2692974805831909
Lr: 5.963726121485299e-06, Accum Loss: 0.32934796810150146
Lr: 5.965872504829363e-06, Accum Loss: 0.2853512167930603
Lr: 5.968018888173428e-06, Accum Loss: 0.234050452709198
Lr: 5.970165271517494e-06, Accum Loss: 0.3585423231124878
Lr: 5.972311654861559e-06, Accum Loss: 0.4046393036842346
Lr: 5.974458038205624e-06, Accum Loss: 0.33650851249694824
Lr: 5.976604421549689e-06, Accum Loss: 0.3117724657058716
Lr: 5.9787508048937545e-06, Accum Loss: 0.3281000852584839
Lr: 5.98089718823782e-06, Accum Loss: 0.29860055446624756
Lr: 5.9830435715818844e-06, Accum Loss: 0.2665445804595947
Lr: 5.985189954925951e-06, Accum Loss: 0.32765471935272217
Lr: 5.987336338270015e-06, Accum Loss: 0.3174184560775757
Lr: 5.9894827216140806e-06, Accum Loss: 0.3794458508491516
Lr: 5.991629104958147e-06, Accum Loss: 0.34135544300079346
Lr: 5.993775488302211e-06, Accum Loss: 0.2901887893676758
Lr: 5.995921871646277e-06, Accum Loss: 0.28512346744537354
Lr: 5.998068254990341e-06, Accum Loss: 0.25814568996429443
Lr: 6.0002146383344075e-06, Accum Loss: 0.3325018286705017
Lr: 6.002361021678472e-06, Accum Loss: 0.30242109298706055
Lr: 6.004507405022537e-06, Accum Loss: 0.3287515640258789
Lr: 6.006653788366604e-06, Accum Loss: 0.3743879795074463
Lr: 6.008800171710668e-06, Accum Loss: 0.30682361125946045
Lr: 6.010946555054733e-06, Accum Loss: 0.2796698808670044
Lr: 6.013092938398799e-06, Accum Loss: 0.3510134220123291
Lr: 6.015239321742864e-06, Accum Loss: 0.3288732171058655
Lr: 6.017385705086929e-06, Accum Loss: 0.3696995973587036
Lr: 6.019532088430994e-06, Accum Loss: 0.36090946197509766
Lr: 6.0216784717750595e-06, Accum Loss: 0.3787611722946167
Lr: 6.023824855119125e-06, Accum Loss: 0.35638463497161865
Lr: 6.0259712384631894e-06, Accum Loss: 0.3615274429321289
Lr: 6.028117621807256e-06, Accum Loss: 0.2797985076904297
Lr: 6.03026400515132e-06, Accum Loss: 0.32457274198532104
Lr: 6.0324103884953856e-06, Accum Loss: 0.3300466537475586
Lr: 6.034556771839452e-06, Accum Loss: 0.3209308981895447
Lr: 6.036703155183516e-06, Accum Loss: 0.29131877422332764
Lr: 6.038849538527582e-06, Accum Loss: 0.29820990562438965
Lr: 6.040995921871646e-06, Accum Loss: 0.26768243312835693
Lr: 6.0431423052157124e-06, Accum Loss: 0.2906525731086731
Lr: 6.045288688559777e-06, Accum Loss: 0.3648275136947632
Lr: 6.047435071903842e-06, Accum Loss: 0.3430056571960449
Lr: 6.0495814552479086e-06, Accum Loss: 0.33108019828796387
Lr: 6.051727838591973e-06, Accum Loss: 0.3366592526435852
Lr: 6.053874221936038e-06, Accum Loss: 0.2845100164413452
Lr: 6.056020605280104e-06, Accum Loss: 0.31521809101104736
Lr: 6.058166988624169e-06, Accum Loss: 0.3058037757873535
Lr: 6.060313371968234e-06, Accum Loss: 0.33020830154418945
Lr: 6.062459755312299e-06, Accum Loss: 0.34789204597473145
Lr: 6.0646061386563645e-06, Accum Loss: 0.2952038049697876
Lr: 6.06675252200043e-06, Accum Loss: 0.3370378017425537
Lr: 6.068898905344494e-06, Accum Loss: 0.31948596239089966
Lr: 6.071045288688561e-06, Accum Loss: 0.31311213970184326
Lr: 6.073191672032626e-06, Accum Loss: 0.3193635940551758
Lr: 6.0753380553766906e-06, Accum Loss: 0.31091541051864624
Lr: 6.077484438720757e-06, Accum Loss: 0.3167020082473755
Lr: 6.079630822064821e-06, Accum Loss: 0.28705108165740967
Lr: 6.081777205408887e-06, Accum Loss: 0.3493354320526123
Lr: 6.083923588752951e-06, Accum Loss: 0.36435365676879883
Lr: 6.0860699720970174e-06, Accum Loss: 0.35042238235473633
Lr: 6.088216355441082e-06, Accum Loss: 0.3306468725204468
Lr: 6.090362738785147e-06, Accum Loss: 0.38708364963531494
Lr: 6.0925091221292136e-06, Accum Loss: 0.3235340714454651
Lr: 6.094655505473278e-06, Accum Loss: 0.38680529594421387
Lr: 6.096801888817343e-06, Accum Loss: 0.32965201139450073
Lr: 6.098948272161409e-06, Accum Loss: 0.3215342164039612
Lr: 6.101094655505474e-06, Accum Loss: 0.26246774196624756
Lr: 6.103241038849539e-06, Accum Loss: 0.34934407472610474
Lr: 6.105387422193604e-06, Accum Loss: 0.3231807351112366
Lr: 6.1075338055376695e-06, Accum Loss: 0.3415158987045288
Lr: 6.109680188881735e-06, Accum Loss: 0.33201026916503906
Lr: 6.111826572225799e-06, Accum Loss: 0.347348690032959
Lr: 6.113972955569866e-06, Accum Loss: 0.2764127850532532
Lr: 6.116119338913931e-06, Accum Loss: 0.3970460891723633
Lr: 6.1182657222579955e-06, Accum Loss: 0.3001214265823364
Lr: 6.120412105602062e-06, Accum Loss: 0.3675782084465027
Lr: 6.122558488946126e-06, Accum Loss: 0.3825094699859619
Lr: 6.124704872290192e-06, Accum Loss: 0.2946041226387024
Lr: 6.126851255634256e-06, Accum Loss: 0.33341073989868164
Lr: 6.1289976389783224e-06, Accum Loss: 0.3288884162902832
Lr: 6.131144022322387e-06, Accum Loss: 0.31835412979125977
Lr: 6.133290405666452e-06, Accum Loss: 0.34089064598083496
Lr: 6.1354367890105186e-06, Accum Loss: 0.3048691749572754
Lr: 6.137583172354583e-06, Accum Loss: 0.2851318120956421
Lr: 6.1397295556986485e-06, Accum Loss: 0.302287757396698
Lr: 6.141875939042714e-06, Accum Loss: 0.34175193309783936
Lr: 6.144022322386779e-06, Accum Loss: 0.32003629207611084
Lr: 6.146168705730844e-06, Accum Loss: 0.3409128189086914
Lr: 6.148315089074909e-06, Accum Loss: 0.27414798736572266
Lr: 6.1504614724189745e-06, Accum Loss: 0.2969423532485962
Lr: 6.15260785576304e-06, Accum Loss: 0.3576711416244507
Lr: 6.154754239107104e-06, Accum Loss: 0.3242684602737427
Lr: 6.156900622451171e-06, Accum Loss: 0.3859497308731079
Lr: 6.159047005795236e-06, Accum Loss: 0.34335875511169434
Lr: 6.1611933891393005e-06, Accum Loss: 0.3392287492752075
Lr: 6.163339772483367e-06, Accum Loss: 0.34634459018707275
Lr: 6.165486155827431e-06, Accum Loss: 0.35250407457351685
Lr: 6.167632539171497e-06, Accum Loss: 0.32230693101882935
Lr: 6.169778922515561e-06, Accum Loss: 0.3872564435005188
Lr: 6.171925305859627e-06, Accum Loss: 0.3073367476463318
Lr: 6.174071689203692e-06, Accum Loss: 0.340961754322052
Lr: 6.176218072547757e-06, Accum Loss: 0.3466496467590332
Lr: 6.1783644558918235e-06, Accum Loss: 0.3800175189971924
Lr: 6.180510839235888e-06, Accum Loss: 0.34891223907470703
Lr: 6.1826572225799535e-06, Accum Loss: 0.3139078617095947
Lr: 6.184803605924019e-06, Accum Loss: 0.3432406783103943
Lr: 6.186949989268084e-06, Accum Loss: 0.36085689067840576
Lr: 6.189096372612149e-06, Accum Loss: 0.3213045001029968
Lr: 6.191242755956214e-06, Accum Loss: 0.3425247073173523
Lr: 6.1933891393002795e-06, Accum Loss: 0.31136393547058105
Lr: 6.195535522644345e-06, Accum Loss: 0.3397013545036316
Lr: 6.197681905988409e-06, Accum Loss: 0.3527045249938965
Lr: 6.199828289332476e-06, Accum Loss: 0.2966347932815552
Lr: 6.201974672676541e-06, Accum Loss: 0.2666371464729309
Lr: 6.2041210560206055e-06, Accum Loss: 0.3708091974258423
Lr: 6.206267439364672e-06, Accum Loss: 0.3308733105659485
Lr: 6.208413822708736e-06, Accum Loss: 0.34629660844802856
Lr: 6.210560206052802e-06, Accum Loss: 0.2990655303001404
Lr: 6.212706589396866e-06, Accum Loss: 0.30240631103515625
Lr: 6.214852972740932e-06, Accum Loss: 0.2927103042602539
Lr: 6.216999356084997e-06, Accum Loss: 0.34097886085510254
Lr: 6.219145739429062e-06, Accum Loss: 0.3991290330886841
Lr: 6.2212921227731285e-06, Accum Loss: 0.3269222378730774
Lr: 6.223438506117193e-06, Accum Loss: 0.33890438079833984
Lr: 6.2255848894612584e-06, Accum Loss: 0.3357095718383789
Lr: 6.227731272805324e-06, Accum Loss: 0.30821698904037476
Lr: 6.229877656149389e-06, Accum Loss: 0.3344360589981079
Lr: 6.232024039493454e-06, Accum Loss: 0.345553994178772
Lr: 6.234170422837519e-06, Accum Loss: 0.2729267477989197
Lr: 6.2363168061815845e-06, Accum Loss: 0.29991817474365234
Lr: 6.23846318952565e-06, Accum Loss: 0.29000717401504517
Lr: 6.240609572869714e-06, Accum Loss: 0.2724193334579468
Lr: 6.242755956213781e-06, Accum Loss: 0.2974241375923157
Lr: 6.244902339557846e-06, Accum Loss: 0.31947243213653564
Lr: 6.2470487229019105e-06, Accum Loss: 0.263136625289917
Lr: 6.249195106245977e-06, Accum Loss: 0.3618451952934265
Lr: 6.251341489590041e-06, Accum Loss: 0.32689666748046875
Lr: 6.253487872934107e-06, Accum Loss: 0.36454296112060547
Lr: 6.255634256278171e-06, Accum Loss: 0.38211560249328613
Lr: 6.257780639622237e-06, Accum Loss: 0.37265753746032715
Lr: 6.259927022966302e-06, Accum Loss: 0.3655765652656555
Lr: 6.262073406310367e-06, Accum Loss: 0.28730839490890503
Lr: 6.2642197896544335e-06, Accum Loss: 0.333390474319458
Lr: 6.266366172998498e-06, Accum Loss: 0.3005461096763611
Lr: 6.2685125563425634e-06, Accum Loss: 0.31697750091552734
Lr: 6.270658939686629e-06, Accum Loss: 0.4257400631904602
Lr: 6.272805323030694e-06, Accum Loss: 0.3904719352722168
Lr: 6.274951706374759e-06, Accum Loss: 0.3649406433105469
Lr: 6.277098089718824e-06, Accum Loss: 0.37679702043533325
Lr: 6.2792444730628895e-06, Accum Loss: 0.3150465488433838
Lr: 6.281390856406955e-06, Accum Loss: 0.335518479347229
Lr: 6.283537239751019e-06, Accum Loss: 0.3952893614768982
Lr: 6.285683623095086e-06, Accum Loss: 0.29798567295074463
Lr: 6.287830006439151e-06, Accum Loss: 0.29395997524261475
Lr: 6.2899763897832155e-06, Accum Loss: 0.3547506332397461
Lr: 6.292122773127282e-06, Accum Loss: 0.327606201171875
Lr: 6.294269156471346e-06, Accum Loss: 0.30760353803634644
Lr: 6.296415539815412e-06, Accum Loss: 0.3465780019760132
Lr: 6.298561923159476e-06, Accum Loss: 0.29924750328063965
Lr: 6.300708306503542e-06, Accum Loss: 0.37558597326278687
Lr: 6.302854689847607e-06, Accum Loss: 0.32485461235046387
Lr: 6.305001073191672e-06, Accum Loss: 0.2867698073387146
Lr: 6.3071474565357385e-06, Accum Loss: 0.313595175743103
Lr: 6.309293839879803e-06, Accum Loss: 0.31181466579437256
Lr: 6.311440223223868e-06, Accum Loss: 0.2868334650993347
Lr: 6.313586606567934e-06, Accum Loss: 0.3740520477294922
Lr: 6.315732989911999e-06, Accum Loss: 0.2874472141265869
Lr: 6.317879373256064e-06, Accum Loss: 0.3695741891860962
Lr: 6.320025756600129e-06, Accum Loss: 0.35094308853149414
Lr: 6.3221721399441945e-06, Accum Loss: 0.39149296283721924
Lr: 6.32431852328826e-06, Accum Loss: 0.35800230503082275
Lr: 6.326464906632324e-06, Accum Loss: 0.33810150623321533
Lr: 6.328611289976391e-06, Accum Loss: 0.28241437673568726
Lr: 6.330757673320456e-06, Accum Loss: 0.3107966184616089
Lr: 6.3329040566645205e-06, Accum Loss: 0.31929290294647217
Lr: 6.335050440008587e-06, Accum Loss: 0.3451991081237793
Lr: 6.337196823352651e-06, Accum Loss: 0.3452298045158386
Lr: 6.339343206696717e-06, Accum Loss: 0.3319615125656128
Lr: 6.341489590040781e-06, Accum Loss: 0.283355712890625
Lr: 6.343635973384847e-06, Accum Loss: 0.30720245838165283
Lr: 6.345782356728912e-06, Accum Loss: 0.3499671220779419
Lr: 6.347928740072977e-06, Accum Loss: 0.37106889486312866
Lr: 6.3500751234170435e-06, Accum Loss: 0.3491002917289734
Lr: 6.352221506761108e-06, Accum Loss: 0.3210129737854004
Lr: 6.354367890105173e-06, Accum Loss: 0.30751168727874756
Lr: 6.356514273449239e-06, Accum Loss: 0.3419506549835205
Lr: 6.358660656793304e-06, Accum Loss: 0.3073744773864746
Lr: 6.360807040137369e-06, Accum Loss: 0.3569523096084595
Lr: 6.362953423481434e-06, Accum Loss: 0.32122814655303955
Lr: 6.3650998068255e-06, Accum Loss: 0.3470332622528076
Lr: 6.367246190169565e-06, Accum Loss: 0.29355698823928833
Lr: 6.369392573513629e-06, Accum Loss: 0.32944631576538086
Lr: 6.371538956857696e-06, Accum Loss: 0.28897446393966675
Lr: 6.373685340201761e-06, Accum Loss: 0.3167547583580017
Lr: 6.3758317235458255e-06, Accum Loss: 0.32454705238342285
Lr: 6.377978106889892e-06, Accum Loss: 0.32034969329833984
Lr: 6.380124490233956e-06, Accum Loss: 0.28215575218200684
Lr: 6.382270873578022e-06, Accum Loss: 0.34978997707366943
Lr: 6.384417256922086e-06, Accum Loss: 0.3111882209777832
Lr: 6.386563640266152e-06, Accum Loss: 0.25753968954086304
Lr: 6.388710023610217e-06, Accum Loss: 0.3523513078689575
Lr: 6.390856406954282e-06, Accum Loss: 0.3618500232696533
Lr: 6.3930027902983485e-06, Accum Loss: 0.3551030158996582
Lr: 6.395149173642413e-06, Accum Loss: 0.28127944469451904
Lr: 6.397295556986478e-06, Accum Loss: 0.33666956424713135
Lr: 6.399441940330544e-06, Accum Loss: 0.3670128583908081
Lr: 6.401588323674609e-06, Accum Loss: 0.3115859031677246
Lr: 6.403734707018674e-06, Accum Loss: 0.3206580877304077
Lr: 6.405881090362739e-06, Accum Loss: 0.31893229484558105
Lr: 6.408027473706805e-06, Accum Loss: 0.36696988344192505
Lr: 6.41017385705087e-06, Accum Loss: 0.277443528175354
Lr: 6.412320240394934e-06, Accum Loss: 0.2923828363418579
Lr: 6.4144666237390006e-06, Accum Loss: 0.28901559114456177
Lr: 6.416613007083066e-06, Accum Loss: 0.26724737882614136
Lr: 6.4187593904271305e-06, Accum Loss: 0.32431668043136597
Lr: 6.420905773771197e-06, Accum Loss: 0.31544530391693115
Lr: 6.423052157115261e-06, Accum Loss: 0.35749614238739014
Lr: 6.425198540459327e-06, Accum Loss: 0.2767230272293091
Lr: 6.427344923803391e-06, Accum Loss: 0.38194477558135986
Lr: 6.429491307147457e-06, Accum Loss: 0.3501558303833008
Lr: 6.431637690491523e-06, Accum Loss: 0.40041565895080566
Lr: 6.433784073835587e-06, Accum Loss: 0.2986406683921814
Lr: 6.4359304571796535e-06, Accum Loss: 0.31885695457458496
Lr: 6.438076840523718e-06, Accum Loss: 0.3365635275840759
Lr: 6.440223223867783e-06, Accum Loss: 0.28826701641082764
Lr: 6.442369607211848e-06, Accum Loss: 0.3896868824958801
Lr: 6.444515990555914e-06, Accum Loss: 0.3322466015815735
Lr: 6.446662373899979e-06, Accum Loss: 0.35047316551208496
Lr: 6.448808757244044e-06, Accum Loss: 0.37351536750793457
Lr: 6.45095514058811e-06, Accum Loss: 0.33733493089675903
Lr: 6.453101523932175e-06, Accum Loss: 0.30804312229156494
Lr: 6.455247907276239e-06, Accum Loss: 0.3455967903137207
Lr: 6.4573942906203056e-06, Accum Loss: 0.3600611686706543
Lr: 6.459540673964371e-06, Accum Loss: 0.309608519077301
Lr: 6.4616870573084355e-06, Accum Loss: 0.33276689052581787
Lr: 6.463833440652501e-06, Accum Loss: 0.34414970874786377
Lr: 6.465979823996566e-06, Accum Loss: 0.328216016292572
Lr: 6.468126207340632e-06, Accum Loss: 0.3666319251060486
Lr: 6.470272590684696e-06, Accum Loss: 0.33954668045043945
Lr: 6.472418974028762e-06, Accum Loss: 0.3250299096107483
Lr: 6.474565357372828e-06, Accum Loss: 0.3414933681488037
Lr: 6.476711740716892e-06, Accum Loss: 0.33617180585861206
Lr: 6.4788581240609585e-06, Accum Loss: 0.35172200202941895
Lr: 6.481004507405023e-06, Accum Loss: 0.3278299570083618
Lr: 6.483150890749088e-06, Accum Loss: 0.3089526891708374
Lr: 6.485297274093153e-06, Accum Loss: 0.35022157430648804
Lr: 6.487443657437219e-06, Accum Loss: 0.2586342692375183
Lr: 6.489590040781284e-06, Accum Loss: 0.34649670124053955
Lr: 6.491736424125349e-06, Accum Loss: 0.3492603898048401
Lr: 6.493882807469415e-06, Accum Loss: 0.26615530252456665
Lr: 6.49602919081348e-06, Accum Loss: 0.3443719148635864
Lr: 6.498175574157544e-06, Accum Loss: 0.2848002314567566
Lr: 6.5003219575016105e-06, Accum Loss: 0.26712566614151
Lr: 6.502468340845676e-06, Accum Loss: 0.30319225788116455
Lr: 6.5046147241897405e-06, Accum Loss: 0.28331995010375977
Lr: 6.506761107533806e-06, Accum Loss: 0.30792856216430664
Lr: 6.508907490877871e-06, Accum Loss: 0.3605448007583618
Lr: 6.511053874221937e-06, Accum Loss: 0.3207119107246399
Lr: 6.513200257566001e-06, Accum Loss: 0.3165690302848816
Lr: 6.515346640910067e-06, Accum Loss: 0.37422502040863037
Lr: 6.517493024254133e-06, Accum Loss: 0.28738492727279663
Lr: 6.519639407598197e-06, Accum Loss: 0.3187406659126282
Lr: 6.5217857909422635e-06, Accum Loss: 0.30213695764541626
Lr: 6.523932174286328e-06, Accum Loss: 0.31166601181030273
Lr: 6.526078557630393e-06, Accum Loss: 0.25983095169067383
Lr: 6.528224940974458e-06, Accum Loss: 0.3240886330604553
Lr: 6.530371324318524e-06, Accum Loss: 0.36487191915512085
Lr: 6.532517707662589e-06, Accum Loss: 0.36870890855789185
Lr: 6.534664091006654e-06, Accum Loss: 0.3560892939567566
Lr: 6.53681047435072e-06, Accum Loss: 0.32798439264297485
Lr: 6.538956857694785e-06, Accum Loss: 0.304656982421875
Lr: 6.54110324103885e-06, Accum Loss: 0.315385103225708
Lr: 6.5432496243829155e-06, Accum Loss: 0.32597506046295166
Lr: 6.545396007726981e-06, Accum Loss: 0.36613285541534424
Lr: 6.5475423910710454e-06, Accum Loss: 0.3200203776359558
Lr: 6.549688774415111e-06, Accum Loss: 0.32276129722595215
Lr: 6.551835157759176e-06, Accum Loss: 0.30805039405822754
Lr: 6.5539815411032416e-06, Accum Loss: 0.342750608921051
Lr: 6.556127924447306e-06, Accum Loss: 0.3077540397644043
Lr: 6.558274307791372e-06, Accum Loss: 0.37509816884994507
Lr: 6.560420691135438e-06, Accum Loss: 0.3602646589279175
Lr: 6.562567074479502e-06, Accum Loss: 0.2964341640472412
Lr: 6.5647134578235685e-06, Accum Loss: 0.3352893590927124
Lr: 6.566859841167633e-06, Accum Loss: 0.3333978056907654
Lr: 6.569006224511698e-06, Accum Loss: 0.3423694968223572
Lr: 6.571152607855763e-06, Accum Loss: 0.3111076354980469
Lr: 6.573298991199829e-06, Accum Loss: 0.3749087452888489
Lr: 6.575445374543894e-06, Accum Loss: 0.342769980430603
Lr: 6.577591757887959e-06, Accum Loss: 0.3340822458267212
Lr: 6.579738141232025e-06, Accum Loss: 0.3398767113685608
Lr: 6.58188452457609e-06, Accum Loss: 0.317915141582489
Lr: 6.584030907920155e-06, Accum Loss: 0.3127825856208801
Lr: 6.5861772912642205e-06, Accum Loss: 0.3094213604927063
Lr: 6.588323674608286e-06, Accum Loss: 0.3643413186073303
Lr: 6.5904700579523504e-06, Accum Loss: 0.30754566192626953
Lr: 6.592616441296416e-06, Accum Loss: 0.3235677480697632
Lr: 6.594762824640481e-06, Accum Loss: 0.3122088313102722
Lr: 6.5969092079845466e-06, Accum Loss: 0.3193690776824951
Lr: 6.599055591328611e-06, Accum Loss: 0.333249032497406
Lr: 6.601201974672677e-06, Accum Loss: 0.3462592363357544
Lr: 6.603348358016743e-06, Accum Loss: 0.2633708715438843
Lr: 6.605494741360807e-06, Accum Loss: 0.32595956325531006
Lr: 6.6076411247048734e-06, Accum Loss: 0.2742604613304138
Lr: 6.609787508048938e-06, Accum Loss: 0.2959727644920349
Lr: 6.611933891393003e-06, Accum Loss: 0.3048056364059448
Lr: 6.614080274737068e-06, Accum Loss: 0.3538816571235657
Lr: 6.616226658081134e-06, Accum Loss: 0.2688499689102173
Lr: 6.618373041425199e-06, Accum Loss: 0.3636828064918518
Lr: 6.620519424769264e-06, Accum Loss: 0.3159772753715515
Lr: 6.62266580811333e-06, Accum Loss: 0.3299638032913208
Lr: 6.624812191457395e-06, Accum Loss: 0.3616645932197571
Lr: 6.62695857480146e-06, Accum Loss: 0.3756560683250427
Lr: 6.6291049581455255e-06, Accum Loss: 0.2596142292022705
Lr: 6.631251341489591e-06, Accum Loss: 0.3620341420173645
Lr: 6.6333977248336554e-06, Accum Loss: 0.36727577447891235
Lr: 6.635544108177721e-06, Accum Loss: 0.32070791721343994
Lr: 6.637690491521786e-06, Accum Loss: 0.41217100620269775
Lr: 6.6398368748658516e-06, Accum Loss: 0.28141123056411743
Lr: 6.641983258209916e-06, Accum Loss: 0.29844123125076294
Lr: 6.644129641553982e-06, Accum Loss: 0.2826431393623352
Lr: 6.646276024898048e-06, Accum Loss: 0.34245508909225464
Lr: 6.648422408242112e-06, Accum Loss: 0.3255259394645691
Lr: 6.6505687915861784e-06, Accum Loss: 0.28651100397109985
Lr: 6.652715174930243e-06, Accum Loss: 0.2527642250061035
Lr: 6.654861558274308e-06, Accum Loss: 0.37977904081344604
Lr: 6.657007941618373e-06, Accum Loss: 0.29247522354125977
Lr: 6.659154324962439e-06, Accum Loss: 0.3497488498687744
Lr: 6.661300708306504e-06, Accum Loss: 0.23665761947631836
Lr: 6.663447091650569e-06, Accum Loss: 0.38327014446258545
Lr: 6.665593474994635e-06, Accum Loss: 0.34895598888397217
Lr: 6.6677398583387e-06, Accum Loss: 0.287325918674469
Lr: 6.669886241682765e-06, Accum Loss: 0.33668655157089233
Lr: 6.6720326250268305e-06, Accum Loss: 0.2548530101776123
Lr: 6.674179008370896e-06, Accum Loss: 0.28827470541000366
Lr: 6.67632539171496e-06, Accum Loss: 0.3338276743888855
Lr: 6.678471775059026e-06, Accum Loss: 0.25954145193099976
Lr: 6.680618158403091e-06, Accum Loss: 0.33027827739715576
Lr: 6.6827645417471565e-06, Accum Loss: 0.2990490198135376
Lr: 6.684910925091221e-06, Accum Loss: 0.2856290340423584
Lr: 6.687057308435287e-06, Accum Loss: 0.32542043924331665
Lr: 6.689203691779353e-06, Accum Loss: 0.3370119333267212
Lr: 6.691350075123417e-06, Accum Loss: 0.3562180995941162
Lr: 6.6934964584674834e-06, Accum Loss: 0.31292885541915894
Lr: 6.695642841811548e-06, Accum Loss: 0.306546151638031
Lr: 6.697789225155613e-06, Accum Loss: 0.26306045055389404
Lr: 6.699935608499678e-06, Accum Loss: 0.3073422312736511
Lr: 6.702081991843744e-06, Accum Loss: 0.25263041257858276
Lr: 6.704228375187809e-06, Accum Loss: 0.29416799545288086
Lr: 6.706374758531874e-06, Accum Loss: 0.34292322397232056
Lr: 6.70852114187594e-06, Accum Loss: 0.3482452630996704
Lr: 6.710667525220005e-06, Accum Loss: 0.359887957572937
Lr: 6.71281390856407e-06, Accum Loss: 0.3416987657546997
Lr: 6.7149602919081355e-06, Accum Loss: 0.37934714555740356
Lr: 6.717106675252201e-06, Accum Loss: 0.3024422526359558
Lr: 6.719253058596265e-06, Accum Loss: 0.33411794900894165
Lr: 6.721399441940331e-06, Accum Loss: 0.37549781799316406
Lr: 6.723545825284397e-06, Accum Loss: 0.3620545268058777
Lr: 6.7256922086284615e-06, Accum Loss: 0.31782984733581543
Lr: 6.727838591972526e-06, Accum Loss: 0.35704052448272705
Lr: 6.729984975316592e-06, Accum Loss: 0.34609198570251465
Lr: 6.732131358660658e-06, Accum Loss: 0.3291400671005249
Lr: 6.734277742004722e-06, Accum Loss: 0.31209737062454224
Lr: 6.736424125348788e-06, Accum Loss: 0.2852744460105896
Lr: 6.738570508692853e-06, Accum Loss: 0.3333733081817627
Lr: 6.740716892036918e-06, Accum Loss: 0.4001349210739136
Lr: 6.742863275380983e-06, Accum Loss: 0.317366361618042
Lr: 6.745009658725049e-06, Accum Loss: 0.29497379064559937
Lr: 6.747156042069114e-06, Accum Loss: 0.31950074434280396
Lr: 6.749302425413179e-06, Accum Loss: 0.3469928503036499
Lr: 6.751448808757245e-06, Accum Loss: 0.2985329031944275
Lr: 6.75359519210131e-06, Accum Loss: 0.3220752477645874
Lr: 6.755741575445375e-06, Accum Loss: 0.3325594663619995
Lr: 6.7578879587894405e-06, Accum Loss: 0.32537490129470825
Lr: 6.760034342133506e-06, Accum Loss: 0.38893866539001465
Lr: 6.76218072547757e-06, Accum Loss: 0.29285097122192383
Lr: 6.764327108821636e-06, Accum Loss: 0.3045405149459839
Lr: 6.766473492165702e-06, Accum Loss: 0.33771491050720215
Lr: 6.7686198755097665e-06, Accum Loss: 0.31052470207214355
Lr: 6.770766258853831e-06, Accum Loss: 0.3018184304237366
Lr: 6.772912642197897e-06, Accum Loss: 0.29538941383361816
Lr: 6.775059025541963e-06, Accum Loss: 0.3377498388290405
Lr: 6.777205408886027e-06, Accum Loss: 0.29951804876327515
Lr: 6.779351792230093e-06, Accum Loss: 0.32931941747665405
Lr: 6.781498175574158e-06, Accum Loss: 0.2946644425392151
Lr: 6.783644558918223e-06, Accum Loss: 0.3137372136116028
Lr: 6.785790942262288e-06, Accum Loss: 0.2945649027824402
Lr: 6.787937325606354e-06, Accum Loss: 0.37784498929977417
Lr: 6.790083708950419e-06, Accum Loss: 0.30001747608184814
Lr: 6.792230092294484e-06, Accum Loss: 0.3323099613189697
Lr: 6.79437647563855e-06, Accum Loss: 0.2868649959564209
Lr: 6.796522858982615e-06, Accum Loss: 0.33038461208343506
Lr: 6.79866924232668e-06, Accum Loss: 0.38112694025039673
Lr: 6.8008156256707455e-06, Accum Loss: 0.34110820293426514
Lr: 6.802962009014811e-06, Accum Loss: 0.30301201343536377
Lr: 6.805108392358875e-06, Accum Loss: 0.34165507555007935
Lr: 6.807254775702941e-06, Accum Loss: 0.2849651575088501
Lr: 6.809401159047007e-06, Accum Loss: 0.2920578122138977
Lr: 6.8115475423910715e-06, Accum Loss: 0.3368269205093384
Lr: 6.813693925735136e-06, Accum Loss: 0.22899895906448364
Lr: 6.815840309079202e-06, Accum Loss: 0.32954853773117065
Lr: 6.817986692423268e-06, Accum Loss: 0.3205376863479614
Lr: 6.820133075767332e-06, Accum Loss: 0.34449058771133423
Lr: 6.822279459111398e-06, Accum Loss: 0.3168110251426697
Lr: 6.824425842455463e-06, Accum Loss: 0.34147679805755615
Lr: 6.826572225799528e-06, Accum Loss: 0.3690030574798584
Lr: 6.828718609143593e-06, Accum Loss: 0.3246003985404968
Lr: 6.830864992487659e-06, Accum Loss: 0.3487367630004883
Lr: 6.8330113758317244e-06, Accum Loss: 0.3139287829399109
Lr: 6.835157759175789e-06, Accum Loss: 0.30157673358917236
Lr: 6.837304142519855e-06, Accum Loss: 0.3371157646179199
Lr: 6.83945052586392e-06, Accum Loss: 0.3429281711578369
Lr: 6.841596909207985e-06, Accum Loss: 0.3622968792915344
Lr: 6.8437432925520505e-06, Accum Loss: 0.3499390482902527
Lr: 6.845889675896116e-06, Accum Loss: 0.34016484022140503
Lr: 6.84803605924018e-06, Accum Loss: 0.333859920501709
Lr: 6.850182442584246e-06, Accum Loss: 0.30174577236175537
Lr: 6.852328825928312e-06, Accum Loss: 0.3604874014854431
Lr: 6.8544752092723765e-06, Accum Loss: 0.33814674615859985
Lr: 6.856621592616441e-06, Accum Loss: 0.3251076340675354
Lr: 6.858767975960507e-06, Accum Loss: 0.31966590881347656
Lr: 6.860914359304573e-06, Accum Loss: 0.34412211179733276
Lr: 6.863060742648637e-06, Accum Loss: 0.2979891896247864
Lr: 6.865207125992703e-06, Accum Loss: 0.3277696371078491
Lr: 6.867353509336768e-06, Accum Loss: 0.34533917903900146
Lr: 6.869499892680833e-06, Accum Loss: 0.3198206424713135
Lr: 6.871646276024898e-06, Accum Loss: 0.27409255504608154
Lr: 6.873792659368964e-06, Accum Loss: 0.3822983503341675
Lr: 6.8759390427130294e-06, Accum Loss: 0.24766004085540771
Lr: 6.878085426057094e-06, Accum Loss: 0.31693851947784424
Lr: 6.88023180940116e-06, Accum Loss: 0.30817854404449463
Lr: 6.882378192745225e-06, Accum Loss: 0.31771862506866455
Lr: 6.88452457608929e-06, Accum Loss: 0.330203652381897
Lr: 6.8866709594333555e-06, Accum Loss: 0.2351309061050415
Lr: 6.888817342777421e-06, Accum Loss: 0.26895904541015625
Lr: 6.890963726121485e-06, Accum Loss: 0.3501560688018799
Lr: 6.893110109465551e-06, Accum Loss: 0.33637499809265137
Lr: 6.895256492809617e-06, Accum Loss: 0.39977580308914185
Lr: 6.8974028761536815e-06, Accum Loss: 0.30397212505340576
Lr: 6.899549259497747e-06, Accum Loss: 0.31327319145202637
Lr: 6.901695642841812e-06, Accum Loss: 0.4216241240501404
Lr: 6.903842026185878e-06, Accum Loss: 0.33165276050567627
Lr: 6.905988409529942e-06, Accum Loss: 0.2805027961730957
Lr: 6.908134792874008e-06, Accum Loss: 0.3495798707008362
Lr: 6.910281176218073e-06, Accum Loss: 0.31543123722076416
Lr: 6.912427559562138e-06, Accum Loss: 0.36173152923583984
Lr: 6.914573942906203e-06, Accum Loss: 0.3582271337509155
Lr: 6.916720326250269e-06, Accum Loss: 0.3190159797668457
Lr: 6.918866709594334e-06, Accum Loss: 0.29661500453948975
Lr: 6.921013092938399e-06, Accum Loss: 0.25829917192459106
Lr: 6.923159476282465e-06, Accum Loss: 0.2937641739845276
Lr: 6.92530585962653e-06, Accum Loss: 0.28818410634994507
Lr: 6.927452242970595e-06, Accum Loss: 0.2739717960357666
Lr: 6.9295986263146605e-06, Accum Loss: 0.3367656469345093
Lr: 6.931745009658726e-06, Accum Loss: 0.3599342107772827
Lr: 6.93389139300279e-06, Accum Loss: 0.3083537817001343
Lr: 6.936037776346856e-06, Accum Loss: 0.3257564902305603
Lr: 6.938184159690922e-06, Accum Loss: 0.37249720096588135
Lr: 6.9403305430349865e-06, Accum Loss: 0.3268495202064514
Lr: 6.942476926379052e-06, Accum Loss: 0.3407120704650879
Lr: 6.944623309723117e-06, Accum Loss: 0.29036271572113037
Lr: 6.946769693067183e-06, Accum Loss: 0.30796903371810913
Lr: 6.948916076411247e-06, Accum Loss: 0.2736525535583496
Lr: 6.951062459755313e-06, Accum Loss: 0.32331401109695435
Lr: 6.953208843099378e-06, Accum Loss: 0.3090709447860718
Lr: 6.955355226443443e-06, Accum Loss: 0.3542006015777588
Lr: 6.957501609787508e-06, Accum Loss: 0.3019646406173706
Lr: 6.959647993131574e-06, Accum Loss: 0.24557596445083618
Lr: 6.961794376475639e-06, Accum Loss: 0.3370647430419922
Lr: 6.963940759819704e-06, Accum Loss: 0.24861329793930054
Lr: 6.96608714316377e-06, Accum Loss: 0.2651335597038269
Lr: 6.968233526507835e-06, Accum Loss: 0.32609909772872925
Lr: 6.9703799098519e-06, Accum Loss: 0.28522491455078125
Lr: 6.9725262931959654e-06, Accum Loss: 0.3231220841407776
Lr: 6.974672676540031e-06, Accum Loss: 0.32955044507980347
Lr: 6.976819059884095e-06, Accum Loss: 0.255887508392334
Lr: 6.978965443228161e-06, Accum Loss: 0.25197482109069824
Lr: 6.981111826572227e-06, Accum Loss: 0.32420796155929565
Lr: 6.9832582099162915e-06, Accum Loss: 0.37002116441726685
Lr: 6.985404593260357e-06, Accum Loss: 0.32181912660598755
Lr: 6.987550976604422e-06, Accum Loss: 0.33101171255111694
Lr: 6.989697359948488e-06, Accum Loss: 0.309783935546875
Lr: 6.991843743292552e-06, Accum Loss: 0.2774389982223511
Lr: 6.993990126636618e-06, Accum Loss: 0.3189316391944885
Lr: 6.996136509980683e-06, Accum Loss: 0.3340413570404053
Lr: 6.998282893324748e-06, Accum Loss: 0.3255664110183716
Lr: 7.000429276668813e-06, Accum Loss: 0.33253806829452515
Lr: 7.002575660012879e-06, Accum Loss: 0.3278847336769104
Lr: 7.004722043356944e-06, Accum Loss: 0.2882283329963684
Lr: 7.006868426701009e-06, Accum Loss: 0.346815824508667
Lr: 7.009014810045075e-06, Accum Loss: 0.296442449092865
Lr: 7.01116119338914e-06, Accum Loss: 0.2576642632484436
Lr: 7.013307576733205e-06, Accum Loss: 0.2960279583930969
Lr: 7.015453960077271e-06, Accum Loss: 0.2968735098838806
Lr: 7.017600343421336e-06, Accum Loss: 0.3130396008491516
Lr: 7.0197467267654e-06, Accum Loss: 0.2993311882019043
Lr: 7.021893110109466e-06, Accum Loss: 0.3329152464866638
Lr: 7.024039493453532e-06, Accum Loss: 0.3655461072921753
Lr: 7.0261858767975965e-06, Accum Loss: 0.34246593713760376
Lr: 7.028332260141662e-06, Accum Loss: 0.263749897480011
Lr: 7.030478643485727e-06, Accum Loss: 0.34544849395751953
Lr: 7.032625026829793e-06, Accum Loss: 0.31179726123809814
Lr: 7.034771410173857e-06, Accum Loss: 0.3360082507133484
Lr: 7.036917793517923e-06, Accum Loss: 0.24505597352981567
Lr: 7.039064176861988e-06, Accum Loss: 0.36940181255340576
Lr: 7.041210560206053e-06, Accum Loss: 0.2767401933670044
Lr: 7.043356943550118e-06, Accum Loss: 0.29316556453704834
Lr: 7.045503326894184e-06, Accum Loss: 0.3307727575302124
Lr: 7.047649710238249e-06, Accum Loss: 0.3814815282821655
Lr: 7.049796093582314e-06, Accum Loss: 0.3717638850212097
Lr: 7.05194247692638e-06, Accum Loss: 0.38272005319595337
Lr: 7.054088860270445e-06, Accum Loss: 0.32972806692123413
Lr: 7.05623524361451e-06, Accum Loss: 0.25519102811813354
Lr: 7.058381626958576e-06, Accum Loss: 0.3316950798034668
Lr: 7.060528010302641e-06, Accum Loss: 0.32396721839904785
Lr: 7.062674393646705e-06, Accum Loss: 0.33773273229599
Lr: 7.064820776990771e-06, Accum Loss: 0.31777775287628174
Lr: 7.066967160334837e-06, Accum Loss: 0.2901553511619568
Lr: 7.0691135436789015e-06, Accum Loss: 0.3054713010787964
Lr: 7.071259927022967e-06, Accum Loss: 0.3310578465461731
Lr: 7.073406310367032e-06, Accum Loss: 0.30619144439697266
Lr: 7.075552693711098e-06, Accum Loss: 0.2955533266067505
Lr: 7.077699077055162e-06, Accum Loss: 0.28751862049102783
Lr: 7.079845460399228e-06, Accum Loss: 0.2991222143173218
Lr: 7.081991843743293e-06, Accum Loss: 0.3647211194038391
Lr: 7.084138227087358e-06, Accum Loss: 0.33620649576187134
Lr: 7.086284610431423e-06, Accum Loss: 0.30821049213409424
Lr: 7.088430993775489e-06, Accum Loss: 0.3883237838745117
Lr: 7.090577377119554e-06, Accum Loss: 0.30990540981292725
Lr: 7.092723760463619e-06, Accum Loss: 0.302834153175354
Lr: 7.094870143807685e-06, Accum Loss: 0.31001758575439453
Lr: 7.09701652715175e-06, Accum Loss: 0.3454645872116089
Lr: 7.099162910495815e-06, Accum Loss: 0.3332001566886902
Lr: 7.101309293839881e-06, Accum Loss: 0.31964242458343506
Lr: 7.103455677183946e-06, Accum Loss: 0.32607293128967285
Lr: 7.10560206052801e-06, Accum Loss: 0.36663782596588135
Lr: 7.107748443872076e-06, Accum Loss: 0.3261502981185913
Lr: 7.109894827216142e-06, Accum Loss: 0.32710230350494385
Lr: 7.1120412105602065e-06, Accum Loss: 0.2905770540237427
Lr: 7.114187593904272e-06, Accum Loss: 0.3075207471847534
Lr: 7.116333977248337e-06, Accum Loss: 0.30425870418548584
Lr: 7.118480360592403e-06, Accum Loss: 0.31976425647735596
Lr: 7.120626743936467e-06, Accum Loss: 0.27621936798095703
Lr: 7.122773127280533e-06, Accum Loss: 0.2891707420349121
Lr: 7.124919510624599e-06, Accum Loss: 0.3757946491241455
Lr: 7.127065893968663e-06, Accum Loss: 0.3389321565628052
Lr: 7.129212277312728e-06, Accum Loss: 0.3697277307510376
Lr: 7.131358660656794e-06, Accum Loss: 0.368887722492218
Lr: 7.133505044000859e-06, Accum Loss: 0.3428061604499817
Lr: 7.135651427344924e-06, Accum Loss: 0.34048938751220703
Lr: 7.13779781068899e-06, Accum Loss: 0.30024850368499756
Lr: 7.139944194033055e-06, Accum Loss: 0.33050787448883057
Lr: 7.14209057737712e-06, Accum Loss: 0.3597029447555542
Lr: 7.144236960721186e-06, Accum Loss: 0.2646985650062561
Lr: 7.146383344065251e-06, Accum Loss: 0.3149492144584656
Lr: 7.148529727409315e-06, Accum Loss: 0.39432740211486816
Lr: 7.150676110753381e-06, Accum Loss: 0.29597675800323486
Lr: 7.152822494097447e-06, Accum Loss: 0.29760605096817017
Lr: 7.1549688774415114e-06, Accum Loss: 0.3025416135787964
Lr: 7.157115260785577e-06, Accum Loss: 0.3083062767982483
Lr: 7.159261644129642e-06, Accum Loss: 0.29728513956069946
Lr: 7.1614080274737076e-06, Accum Loss: 0.33924955129623413
Lr: 7.163554410817772e-06, Accum Loss: 0.3070322871208191
Lr: 7.165700794161838e-06, Accum Loss: 0.32299208641052246
Lr: 7.167847177505904e-06, Accum Loss: 0.34265244007110596
Lr: 7.169993560849968e-06, Accum Loss: 0.3175302743911743
Lr: 7.172139944194033e-06, Accum Loss: 0.3313601016998291
Lr: 7.174286327538099e-06, Accum Loss: 0.34797656536102295
Lr: 7.176432710882164e-06, Accum Loss: 0.3100496530532837
Lr: 7.178579094226229e-06, Accum Loss: 0.3640581965446472
Lr: 7.180725477570295e-06, Accum Loss: 0.3340177536010742
Lr: 7.18287186091436e-06, Accum Loss: 0.36766767501831055
Lr: 7.185018244258425e-06, Accum Loss: 0.33712685108184814
Lr: 7.187164627602491e-06, Accum Loss: 0.26976966857910156
Lr: 7.189311010946556e-06, Accum Loss: 0.35227328538894653
Lr: 7.191457394290621e-06, Accum Loss: 0.26598846912384033
Lr: 7.193603777634686e-06, Accum Loss: 0.37853479385375977
Lr: 7.195750160978752e-06, Accum Loss: 0.3228137493133545
Lr: 7.1978965443228164e-06, Accum Loss: 0.33147066831588745
Lr: 7.200042927666882e-06, Accum Loss: 0.30363136529922485
Lr: 7.202189311010947e-06, Accum Loss: 0.3356635570526123
Lr: 7.2043356943550126e-06, Accum Loss: 0.28966331481933594
Lr: 7.206482077699077e-06, Accum Loss: 0.34872961044311523
Lr: 7.208628461043143e-06, Accum Loss: 0.23208701610565186
Lr: 7.210774844387209e-06, Accum Loss: 0.4157094955444336
Lr: 7.212921227731273e-06, Accum Loss: 0.33019208908081055
Lr: 7.215067611075338e-06, Accum Loss: 0.34656405448913574
Lr: 7.217213994419404e-06, Accum Loss: 0.3573809862136841
Lr: 7.219360377763469e-06, Accum Loss: 0.248193621635437
Lr: 7.221506761107534e-06, Accum Loss: 0.3108142614364624
Lr: 7.2236531444516e-06, Accum Loss: 0.3209887742996216
Lr: 7.225799527795665e-06, Accum Loss: 0.29884767532348633
Lr: 7.22794591113973e-06, Accum Loss: 0.2445967197418213
Lr: 7.230092294483796e-06, Accum Loss: 0.35586440563201904
Lr: 7.232238677827861e-06, Accum Loss: 0.2923213243484497
Lr: 7.234385061171926e-06, Accum Loss: 0.2945181727409363
Lr: 7.236531444515991e-06, Accum Loss: 0.30439430475234985
Lr: 7.238677827860057e-06, Accum Loss: 0.29903119802474976
Lr: 7.2408242112041214e-06, Accum Loss: 0.3230021595954895
Lr: 7.242970594548187e-06, Accum Loss: 0.3275761604309082
Lr: 7.245116977892252e-06, Accum Loss: 0.30746936798095703
Lr: 7.2472633612363176e-06, Accum Loss: 0.29007667303085327
Lr: 7.249409744580382e-06, Accum Loss: 0.31512707471847534
Lr: 7.251556127924448e-06, Accum Loss: 0.3140992522239685
Lr: 7.253702511268514e-06, Accum Loss: 0.29158157110214233
Lr: 7.255848894612578e-06, Accum Loss: 0.3320421576499939
Lr: 7.257995277956643e-06, Accum Loss: 0.2426847219467163
Lr: 7.260141661300709e-06, Accum Loss: 0.3344343900680542
Lr: 7.262288044644774e-06, Accum Loss: 0.34062516689300537
Lr: 7.264434427988839e-06, Accum Loss: 0.36621224880218506
Lr: 7.266580811332905e-06, Accum Loss: 0.330963134765625
Lr: 7.26872719467697e-06, Accum Loss: 0.31485748291015625
Lr: 7.270873578021035e-06, Accum Loss: 0.3091854453086853
Lr: 7.273019961365101e-06, Accum Loss: 0.28752607107162476
Lr: 7.275166344709166e-06, Accum Loss: 0.35311615467071533
Lr: 7.277312728053231e-06, Accum Loss: 0.3374142646789551
Lr: 7.279459111397296e-06, Accum Loss: 0.36758822202682495
Lr: 7.281605494741362e-06, Accum Loss: 0.3163962960243225
Lr: 7.283751878085426e-06, Accum Loss: 0.31154078245162964
Lr: 7.285898261429492e-06, Accum Loss: 0.32093948125839233
Lr: 7.288044644773557e-06, Accum Loss: 0.33550941944122314
Lr: 7.2901910281176225e-06, Accum Loss: 0.32552051544189453
Lr: 7.292337411461687e-06, Accum Loss: 0.30227673053741455
Lr: 7.294483794805753e-06, Accum Loss: 0.3372689485549927
Lr: 7.296630178149819e-06, Accum Loss: 0.30863481760025024
Lr: 7.298776561493883e-06, Accum Loss: 0.3080343008041382
Lr: 7.300922944837949e-06, Accum Loss: 0.41023093461990356
Lr: 7.303069328182014e-06, Accum Loss: 0.3068908452987671
Lr: 7.305215711526079e-06, Accum Loss: 0.27526456117630005
Lr: 7.307362094870144e-06, Accum Loss: 0.3662959933280945
Lr: 7.30950847821421e-06, Accum Loss: 0.2838641405105591
Lr: 7.311654861558275e-06, Accum Loss: 0.29987573623657227
Lr: 7.31380124490234e-06, Accum Loss: 0.3481578826904297
Lr: 7.315947628246406e-06, Accum Loss: 0.3668569326400757
Lr: 7.318094011590471e-06, Accum Loss: 0.3452305197715759
Lr: 7.320240394934536e-06, Accum Loss: 0.3420104384422302
Lr: 7.322386778278601e-06, Accum Loss: 0.32538825273513794
Lr: 7.324533161622667e-06, Accum Loss: 0.35624319314956665
Lr: 7.326679544966731e-06, Accum Loss: 0.33890682458877563
Lr: 7.328825928310797e-06, Accum Loss: 0.3347834348678589
Lr: 7.330972311654862e-06, Accum Loss: 0.3678567409515381
Lr: 7.3331186949989275e-06, Accum Loss: 0.2723868489265442
Lr: 7.335265078342992e-06, Accum Loss: 0.3299283981323242
Lr: 7.337411461687058e-06, Accum Loss: 0.25621557235717773
Lr: 7.339557845031124e-06, Accum Loss: 0.29731452465057373
Lr: 7.341704228375188e-06, Accum Loss: 0.30538177490234375
Lr: 7.3438506117192536e-06, Accum Loss: 0.3208259344100952
Lr: 7.345996995063319e-06, Accum Loss: 0.3120906352996826
Lr: 7.348143378407384e-06, Accum Loss: 0.3366517424583435
Lr: 7.350289761751449e-06, Accum Loss: 0.3285648822784424
Lr: 7.352436145095515e-06, Accum Loss: 0.29761457443237305
Lr: 7.35458252843958e-06, Accum Loss: 0.3034379482269287
Lr: 7.356728911783645e-06, Accum Loss: 0.28607869148254395
Lr: 7.358875295127711e-06, Accum Loss: 0.35734522342681885
Lr: 7.361021678471776e-06, Accum Loss: 0.38810938596725464
Lr: 7.363168061815841e-06, Accum Loss: 0.3522180914878845
Lr: 7.365314445159906e-06, Accum Loss: 0.3232852816581726
Lr: 7.367460828503972e-06, Accum Loss: 0.32225489616394043
Lr: 7.369607211848036e-06, Accum Loss: 0.3134864568710327
Lr: 7.371753595192102e-06, Accum Loss: 0.3016699552536011
Lr: 7.373899978536167e-06, Accum Loss: 0.32134294509887695
Lr: 7.3760463618802325e-06, Accum Loss: 0.3190426826477051
Lr: 7.378192745224297e-06, Accum Loss: 0.36221200227737427
Lr: 7.380339128568363e-06, Accum Loss: 0.35752928256988525
Lr: 7.382485511912429e-06, Accum Loss: 0.26721346378326416
Lr: 7.384631895256493e-06, Accum Loss: 0.35114312171936035
Lr: 7.3867782786005586e-06, Accum Loss: 0.30505770444869995
Lr: 7.388924661944624e-06, Accum Loss: 0.2847038507461548
Lr: 7.391071045288689e-06, Accum Loss: 0.34689921140670776
Lr: 7.393217428632754e-06, Accum Loss: 0.3328452706336975
Lr: 7.39536381197682e-06, Accum Loss: 0.3107457756996155
Lr: 7.397510195320885e-06, Accum Loss: 0.34055429697036743
Lr: 7.39965657866495e-06, Accum Loss: 0.27885109186172485
Lr: 7.401802962009016e-06, Accum Loss: 0.3122933506965637
Lr: 7.403949345353081e-06, Accum Loss: 0.3007460832595825
Lr: 7.406095728697146e-06, Accum Loss: 0.302442729473114
Lr: 7.408242112041211e-06, Accum Loss: 0.3025931119918823
Lr: 7.410388495385277e-06, Accum Loss: 0.3292466998100281
Lr: 7.412534878729341e-06, Accum Loss: 0.3154040575027466
Lr: 7.414681262073407e-06, Accum Loss: 0.3231316804885864
Lr: 7.416827645417473e-06, Accum Loss: 0.4057319164276123
Lr: 7.4189740287615375e-06, Accum Loss: 0.35427284240722656
Lr: 7.421120412105602e-06, Accum Loss: 0.29781025648117065
Lr: 7.423266795449668e-06, Accum Loss: 0.2920759916305542
Lr: 7.425413178793734e-06, Accum Loss: 0.29556918144226074
Lr: 7.427559562137798e-06, Accum Loss: 0.32835060358047485
Lr: 7.4297059454818636e-06, Accum Loss: 0.318508505821228
Lr: 7.431852328825929e-06, Accum Loss: 0.35762572288513184
Lr: 7.433998712169994e-06, Accum Loss: 0.2996740937232971
Lr: 7.436145095514059e-06, Accum Loss: 0.33605778217315674
Lr: 7.438291478858125e-06, Accum Loss: 0.3528711795806885
Lr: 7.44043786220219e-06, Accum Loss: 0.29087698459625244
Lr: 7.442584245546255e-06, Accum Loss: 0.34253209829330444
Lr: 7.444730628890321e-06, Accum Loss: 0.34540241956710815
Lr: 7.446877012234386e-06, Accum Loss: 0.3460690379142761
Lr: 7.449023395578451e-06, Accum Loss: 0.3486796021461487
Lr: 7.451169778922516e-06, Accum Loss: 0.32795488834381104
Lr: 7.453316162266582e-06, Accum Loss: 0.32554876804351807
Lr: 7.455462545610646e-06, Accum Loss: 0.35210347175598145
Lr: 7.457608928954712e-06, Accum Loss: 0.30708760023117065
Lr: 7.459755312298778e-06, Accum Loss: 0.28761398792266846
Lr: 7.4619016956428425e-06, Accum Loss: 0.3046688437461853
Lr: 7.464048078986907e-06, Accum Loss: 0.2910880446434021
Lr: 7.466194462330973e-06, Accum Loss: 0.39901113510131836
Lr: 7.468340845675039e-06, Accum Loss: 0.3534671664237976
Lr: 7.470487229019103e-06, Accum Loss: 0.29473912715911865
Lr: 7.4726336123631685e-06, Accum Loss: 0.3039771318435669
Lr: 7.474779995707234e-06, Accum Loss: 0.38699018955230713
Lr: 7.476926379051299e-06, Accum Loss: 0.3521099090576172
Lr: 7.479072762395364e-06, Accum Loss: 0.31644564867019653
Lr: 7.48121914573943e-06, Accum Loss: 0.33723992109298706
Lr: 7.4833655290834954e-06, Accum Loss: 0.4170394539833069
Lr: 7.48551191242756e-06, Accum Loss: 0.3038053512573242
Lr: 7.487658295771626e-06, Accum Loss: 0.3124316930770874
Lr: 7.489804679115691e-06, Accum Loss: 0.33002883195877075
Lr: 7.491951062459756e-06, Accum Loss: 0.3283013105392456
Lr: 7.494097445803821e-06, Accum Loss: 0.3330226540565491
Lr: 7.496243829147887e-06, Accum Loss: 0.37995147705078125
Lr: 7.498390212491951e-06, Accum Loss: 0.3213728666305542
Lr: 7.500536595836017e-06, Accum Loss: 0.3443148732185364
Lr: 7.502682979180083e-06, Accum Loss: 0.3637464642524719
Lr: 7.5048293625241475e-06, Accum Loss: 0.30169421434402466
Lr: 7.506975745868212e-06, Accum Loss: 0.35977184772491455
Lr: 7.509122129212278e-06, Accum Loss: 0.3033108711242676
Lr: 7.511268512556344e-06, Accum Loss: 0.3337692618370056
Lr: 7.513414895900408e-06, Accum Loss: 0.3285079598426819
Lr: 7.5155612792444735e-06, Accum Loss: 0.25775742530822754
Lr: 7.517707662588539e-06, Accum Loss: 0.3160744309425354
Lr: 7.519854045932604e-06, Accum Loss: 0.3231016993522644
Lr: 7.522000429276669e-06, Accum Loss: 0.27931249141693115
Lr: 7.524146812620735e-06, Accum Loss: 0.29877036809921265
Lr: 7.5262931959648e-06, Accum Loss: 0.31426918506622314
Lr: 7.528439579308865e-06, Accum Loss: 0.329115092754364
Lr: 7.530585962652931e-06, Accum Loss: 0.33550143241882324
Lr: 7.532732345996996e-06, Accum Loss: 0.31334125995635986
Lr: 7.534878729341061e-06, Accum Loss: 0.3460279703140259
Lr: 7.537025112685126e-06, Accum Loss: 0.3474372625350952
Lr: 7.539171496029192e-06, Accum Loss: 0.38939231634140015
Lr: 7.541317879373256e-06, Accum Loss: 0.33509719371795654
Lr: 7.543464262717322e-06, Accum Loss: 0.34485119581222534
Lr: 7.545610646061388e-06, Accum Loss: 0.2851133942604065
Lr: 7.5477570294054525e-06, Accum Loss: 0.26951783895492554
Lr: 7.549903412749517e-06, Accum Loss: 0.3151046633720398
Lr: 7.552049796093583e-06, Accum Loss: 0.3412454128265381
Lr: 7.554196179437649e-06, Accum Loss: 0.28922367095947266
Lr: 7.556342562781713e-06, Accum Loss: 0.3816791772842407
Lr: 7.5584889461257785e-06, Accum Loss: 0.3285282850265503
Lr: 7.560635329469844e-06, Accum Loss: 0.3170865774154663
Lr: 7.562781712813909e-06, Accum Loss: 0.3646714687347412
Lr: 7.564928096157974e-06, Accum Loss: 0.33993661403656006
Lr: 7.56707447950204e-06, Accum Loss: 0.28683024644851685
Lr: 7.569220862846105e-06, Accum Loss: 0.30906355381011963
Lr: 7.57136724619017e-06, Accum Loss: 0.29960960149765015
Lr: 7.573513629534236e-06, Accum Loss: 0.33952218294143677
Lr: 7.575660012878301e-06, Accum Loss: 0.2852659225463867
Lr: 7.577806396222366e-06, Accum Loss: 0.41559404134750366
Lr: 7.579952779566431e-06, Accum Loss: 0.35364699363708496
Lr: 7.582099162910497e-06, Accum Loss: 0.2847139239311218
Lr: 7.584245546254561e-06, Accum Loss: 0.2607424855232239
Lr: 7.586391929598627e-06, Accum Loss: 0.3544922471046448
Lr: 7.588538312942693e-06, Accum Loss: 0.31132805347442627
Lr: 7.5906846962867575e-06, Accum Loss: 0.2983171343803406
Lr: 7.592831079630823e-06, Accum Loss: 0.34345585107803345
Lr: 7.594977462974888e-06, Accum Loss: 0.3176828622817993
Lr: 7.597123846318954e-06, Accum Loss: 0.31919097900390625
Lr: 7.599270229663018e-06, Accum Loss: 0.3038075566291809
Lr: 7.6014166130070835e-06, Accum Loss: 0.30778342485427856
Lr: 7.603562996351149e-06, Accum Loss: 0.30123013257980347
Lr: 7.605709379695214e-06, Accum Loss: 0.32667070627212524
Lr: 7.607855763039279e-06, Accum Loss: 0.3715600371360779
Lr: 7.610002146383345e-06, Accum Loss: 0.30203568935394287
Lr: 7.61214852972741e-06, Accum Loss: 0.3056778907775879
Lr: 7.614294913071475e-06, Accum Loss: 0.27262210845947266
Lr: 7.616441296415541e-06, Accum Loss: 0.3618083596229553
Lr: 7.618587679759606e-06, Accum Loss: 0.319572389125824
Lr: 7.620734063103671e-06, Accum Loss: 0.3428202271461487
Lr: 7.622880446447736e-06, Accum Loss: 0.2970815896987915
Lr: 7.625026829791802e-06, Accum Loss: 0.3425711989402771
Lr: 7.627173213135866e-06, Accum Loss: 0.36344146728515625
Lr: 7.629319596479932e-06, Accum Loss: 0.3494523763656616
Lr: 7.631465979823997e-06, Accum Loss: 0.32128340005874634
Lr: 7.633612363168063e-06, Accum Loss: 0.3182082176208496
Lr: 7.635758746512128e-06, Accum Loss: 0.30607569217681885
Lr: 7.637905129856194e-06, Accum Loss: 0.2947431206703186
Lr: 7.640051513200259e-06, Accum Loss: 0.30815571546554565
Lr: 7.642197896544323e-06, Accum Loss: 0.32573258876800537
Lr: 7.644344279888388e-06, Accum Loss: 0.3443859815597534
Lr: 7.646490663232454e-06, Accum Loss: 0.3260963559150696
Lr: 7.648637046576518e-06, Accum Loss: 0.34213900566101074
Lr: 7.650783429920585e-06, Accum Loss: 0.30523765087127686
Lr: 7.652929813264651e-06, Accum Loss: 0.29270702600479126
Lr: 7.655076196608715e-06, Accum Loss: 0.34914273023605347
Lr: 7.65722257995278e-06, Accum Loss: 0.2839662432670593
Lr: 7.659368963296846e-06, Accum Loss: 0.30623823404312134
Lr: 7.66151534664091e-06, Accum Loss: 0.32083332538604736
Lr: 7.663661729984975e-06, Accum Loss: 0.33442020416259766
Lr: 7.665808113329041e-06, Accum Loss: 0.3593106269836426
Lr: 7.667954496673106e-06, Accum Loss: 0.32647424936294556
Lr: 7.670100880017172e-06, Accum Loss: 0.34013330936431885
Lr: 7.672247263361237e-06, Accum Loss: 0.34814882278442383
Lr: 7.674393646705303e-06, Accum Loss: 0.33853548765182495
Lr: 7.676540030049367e-06, Accum Loss: 0.2799585461616516
Lr: 7.678686413393432e-06, Accum Loss: 0.3645692467689514
Lr: 7.680832796737498e-06, Accum Loss: 0.29493284225463867
Lr: 7.682979180081563e-06, Accum Loss: 0.3528713583946228
Lr: 7.685125563425629e-06, Accum Loss: 0.35470515489578247
Lr: 7.687271946769693e-06, Accum Loss: 0.304097056388855
Lr: 7.68941833011376e-06, Accum Loss: 0.2836056351661682
Lr: 7.691564713457824e-06, Accum Loss: 0.33346790075302124
Lr: 7.693711096801889e-06, Accum Loss: 0.32908737659454346
Lr: 7.695857480145955e-06, Accum Loss: 0.30868375301361084
Lr: 7.69800386349002e-06, Accum Loss: 0.34345734119415283
Lr: 7.700150246834086e-06, Accum Loss: 0.31019192934036255
Lr: 7.70229663017815e-06, Accum Loss: 0.3272104859352112
Lr: 7.704443013522217e-06, Accum Loss: 0.2840845584869385
Lr: 7.706589396866281e-06, Accum Loss: 0.269450306892395
Lr: 7.708735780210346e-06, Accum Loss: 0.2783883810043335
Lr: 7.710882163554412e-06, Accum Loss: 0.3155527710914612
Lr: 7.713028546898476e-06, Accum Loss: 0.3294438123703003
Lr: 7.715174930242541e-06, Accum Loss: 0.3657892942428589
Lr: 7.717321313586607e-06, Accum Loss: 0.3375372886657715
Lr: 7.719467696930673e-06, Accum Loss: 0.31526482105255127
Lr: 7.721614080274738e-06, Accum Loss: 0.3618006706237793
Lr: 7.723760463618804e-06, Accum Loss: 0.28423941135406494
Lr: 7.725906846962869e-06, Accum Loss: 0.36940908432006836
Lr: 7.728053230306933e-06, Accum Loss: 0.28764569759368896
Lr: 7.730199613650998e-06, Accum Loss: 0.325455904006958
Lr: 7.732345996995064e-06, Accum Loss: 0.28062957525253296
Lr: 7.734492380339128e-06, Accum Loss: 0.31703394651412964
Lr: 7.736638763683195e-06, Accum Loss: 0.32793325185775757
Lr: 7.73878514702726e-06, Accum Loss: 0.3009026050567627
Lr: 7.740931530371325e-06, Accum Loss: 0.26577192544937134
Lr: 7.74307791371539e-06, Accum Loss: 0.3391822576522827
Lr: 7.745224297059456e-06, Accum Loss: 0.32392948865890503
Lr: 7.74737068040352e-06, Accum Loss: 0.35252106189727783
Lr: 7.749517063747585e-06, Accum Loss: 0.31659412384033203
Lr: 7.751663447091651e-06, Accum Loss: 0.3017393946647644
Lr: 7.753809830435716e-06, Accum Loss: 0.3182312846183777
Lr: 7.755956213779782e-06, Accum Loss: 0.290157675743103
Lr: 7.758102597123847e-06, Accum Loss: 0.2910085916519165
Lr: 7.760248980467913e-06, Accum Loss: 0.3307647705078125
Lr: 7.762395363811977e-06, Accum Loss: 0.31543707847595215
Lr: 7.764541747156042e-06, Accum Loss: 0.30605584383010864
Lr: 7.766688130500108e-06, Accum Loss: 0.31982964277267456
Lr: 7.768834513844173e-06, Accum Loss: 0.32333070039749146
Lr: 7.770980897188239e-06, Accum Loss: 0.3338848352432251
Lr: 7.773127280532303e-06, Accum Loss: 0.3190176486968994
Lr: 7.77527366387637e-06, Accum Loss: 0.3455490469932556
Lr: 7.777420047220434e-06, Accum Loss: 0.40842849016189575
Lr: 7.779566430564499e-06, Accum Loss: 0.31336408853530884
Lr: 7.781712813908565e-06, Accum Loss: 0.29537874460220337
Lr: 7.78385919725263e-06, Accum Loss: 0.2899544835090637
Lr: 7.786005580596696e-06, Accum Loss: 0.3284359574317932
Lr: 7.78815196394076e-06, Accum Loss: 0.30794990062713623
Lr: 7.790298347284826e-06, Accum Loss: 0.3315046429634094
Lr: 7.792444730628891e-06, Accum Loss: 0.3400360941886902
Lr: 7.794591113972956e-06, Accum Loss: 0.3459971845149994
Lr: 7.796737497317022e-06, Accum Loss: 0.355720579624176
Lr: 7.798883880661086e-06, Accum Loss: 0.32163602113723755
Lr: 7.80103026400515e-06, Accum Loss: 0.32437562942504883
Lr: 7.803176647349217e-06, Accum Loss: 0.3160591721534729
Lr: 7.805323030693283e-06, Accum Loss: 0.3400999903678894
Lr: 7.807469414037348e-06, Accum Loss: 0.3345623016357422
Lr: 7.809615797381414e-06, Accum Loss: 0.36665529012680054
Lr: 7.811762180725479e-06, Accum Loss: 0.3219226598739624
Lr: 7.813908564069543e-06, Accum Loss: 0.39328092336654663
Lr: 7.816054947413608e-06, Accum Loss: 0.2916913628578186
Lr: 7.818201330757674e-06, Accum Loss: 0.3263571858406067
Lr: 7.820347714101738e-06, Accum Loss: 0.3221730589866638
Lr: 7.822494097445805e-06, Accum Loss: 0.33706456422805786
Lr: 7.82464048078987e-06, Accum Loss: 0.3756799101829529
Lr: 7.826786864133935e-06, Accum Loss: 0.3148621916770935
Lr: 7.828933247478e-06, Accum Loss: 0.2724100351333618
Lr: 7.831079630822066e-06, Accum Loss: 0.314083456993103
Lr: 7.83322601416613e-06, Accum Loss: 0.27705347537994385
Lr: 7.835372397510195e-06, Accum Loss: 0.3155149817466736
Lr: 7.837518780854261e-06, Accum Loss: 0.3855600953102112
Lr: 7.839665164198328e-06, Accum Loss: 0.33276331424713135
Lr: 7.841811547542392e-06, Accum Loss: 0.3423342704772949
Lr: 7.843957930886457e-06, Accum Loss: 0.2830580472946167
Lr: 7.846104314230523e-06, Accum Loss: 0.32021230459213257
Lr: 7.848250697574587e-06, Accum Loss: 0.32539141178131104
Lr: 7.850397080918652e-06, Accum Loss: 0.32792073488235474
Lr: 7.852543464262718e-06, Accum Loss: 0.331673800945282
Lr: 7.854689847606783e-06, Accum Loss: 0.30184048414230347
Lr: 7.856836230950849e-06, Accum Loss: 0.3436010479927063
Lr: 7.858982614294913e-06, Accum Loss: 0.29227977991104126
Lr: 7.86112899763898e-06, Accum Loss: 0.288959801197052
Lr: 7.863275380983044e-06, Accum Loss: 0.3221954107284546
Lr: 7.865421764327109e-06, Accum Loss: 0.3612092137336731
Lr: 7.867568147671175e-06, Accum Loss: 0.3302721381187439
Lr: 7.86971453101524e-06, Accum Loss: 0.33839279413223267
Lr: 7.871860914359306e-06, Accum Loss: 0.3007240891456604
Lr: 7.87400729770337e-06, Accum Loss: 0.33317840099334717
Lr: 7.876153681047436e-06, Accum Loss: 0.32550185918807983
Lr: 7.878300064391501e-06, Accum Loss: 0.31896501779556274
Lr: 7.880446447735566e-06, Accum Loss: 0.36834871768951416
Lr: 7.882592831079632e-06, Accum Loss: 0.32258284091949463
Lr: 7.884739214423696e-06, Accum Loss: 0.32133716344833374
Lr: 7.88688559776776e-06, Accum Loss: 0.2825322151184082
Lr: 7.889031981111827e-06, Accum Loss: 0.2651037573814392
Lr: 7.891178364455893e-06, Accum Loss: 0.3342219591140747
Lr: 7.893324747799958e-06, Accum Loss: 0.3116997480392456
Lr: 7.895471131144022e-06, Accum Loss: 0.38825076818466187
Lr: 7.897617514488089e-06, Accum Loss: 0.2865971326828003
Lr: 7.899763897832153e-06, Accum Loss: 0.37887442111968994
Lr: 7.901910281176218e-06, Accum Loss: 0.35505014657974243
Lr: 7.904056664520284e-06, Accum Loss: 0.32244157791137695
Lr: 7.90620304786435e-06, Accum Loss: 0.26649558544158936
Lr: 7.908349431208415e-06, Accum Loss: 0.33553653955459595
Lr: 7.91049581455248e-06, Accum Loss: 0.30395275354385376
Lr: 7.912642197896545e-06, Accum Loss: 0.3046005964279175
Lr: 7.91478858124061e-06, Accum Loss: 0.31370121240615845
Lr: 7.916934964584674e-06, Accum Loss: 0.3548617959022522
Lr: 7.91908134792874e-06, Accum Loss: 0.3125510811805725
Lr: 7.921227731272805e-06, Accum Loss: 0.366932213306427
Lr: 7.923374114616871e-06, Accum Loss: 0.31912535429000854
Lr: 7.925520497960938e-06, Accum Loss: 0.2906232476234436
Lr: 7.927666881305002e-06, Accum Loss: 0.3271881341934204
Lr: 7.929813264649067e-06, Accum Loss: 0.3085399866104126
Lr: 7.931959647993133e-06, Accum Loss: 0.27980369329452515
Lr: 7.934106031337197e-06, Accum Loss: 0.32683849334716797
Lr: 7.936252414681262e-06, Accum Loss: 0.349545419216156
Lr: 7.938398798025328e-06, Accum Loss: 0.31298893690109253
Lr: 7.940545181369393e-06, Accum Loss: 0.4318126440048218
Lr: 7.942691564713459e-06, Accum Loss: 0.3271476626396179
Lr: 7.944837948057523e-06, Accum Loss: 0.32427871227264404
Lr: 7.94698433140159e-06, Accum Loss: 0.34872734546661377
Lr: 7.949130714745654e-06, Accum Loss: 0.3568599224090576
Lr: 7.951277098089719e-06, Accum Loss: 0.31248992681503296
Lr: 7.953423481433785e-06, Accum Loss: 0.3917968273162842
Lr: 7.95556986477785e-06, Accum Loss: 0.3241351842880249
Lr: 7.957716248121916e-06, Accum Loss: 0.3112325668334961
Lr: 7.95986263146598e-06, Accum Loss: 0.311557412147522
Lr: 7.962009014810046e-06, Accum Loss: 0.33133208751678467
Lr: 7.964155398154111e-06, Accum Loss: 0.3362705707550049
Lr: 7.966301781498176e-06, Accum Loss: 0.3578321933746338
Lr: 7.968448164842242e-06, Accum Loss: 0.33836549520492554
Lr: 7.970594548186306e-06, Accum Loss: 0.33984994888305664
Lr: 7.972740931530372e-06, Accum Loss: 0.29895466566085815
Lr: 7.974887314874437e-06, Accum Loss: 0.3217642307281494
Lr: 7.977033698218503e-06, Accum Loss: 0.28981441259384155
Lr: 7.979180081562568e-06, Accum Loss: 0.32116276025772095
Lr: 7.981326464906632e-06, Accum Loss: 0.3018363118171692
Lr: 7.983472848250699e-06, Accum Loss: 0.3975384831428528
Lr: 7.985619231594763e-06, Accum Loss: 0.34424757957458496
Lr: 7.987765614938828e-06, Accum Loss: 0.3195638060569763
Lr: 7.989911998282894e-06, Accum Loss: 0.2780473828315735
Lr: 7.99205838162696e-06, Accum Loss: 0.35946059226989746
Lr: 7.994204764971025e-06, Accum Loss: 0.3381142020225525
Lr: 7.99635114831509e-06, Accum Loss: 0.32111918926239014
Lr: 7.998497531659155e-06, Accum Loss: 0.338378369808197
Lr: 8.00064391500322e-06, Accum Loss: 0.2738935947418213
Lr: 8.002790298347284e-06, Accum Loss: 0.33497732877731323
Lr: 8.00493668169135e-06, Accum Loss: 0.29816704988479614
Lr: 8.007083065035415e-06, Accum Loss: 0.295592725276947
Lr: 8.009229448379481e-06, Accum Loss: 0.33457326889038086
Lr: 8.011375831723548e-06, Accum Loss: 0.29834598302841187
Lr: 8.013522215067612e-06, Accum Loss: 0.32640641927719116
Lr: 8.015668598411677e-06, Accum Loss: 0.2929387092590332
Lr: 8.017814981755743e-06, Accum Loss: 0.2932412624359131
Lr: 8.019961365099807e-06, Accum Loss: 0.3506098985671997
Lr: 8.022107748443872e-06, Accum Loss: 0.31250905990600586
Lr: 8.024254131787938e-06, Accum Loss: 0.3161695599555969
Lr: 8.026400515132003e-06, Accum Loss: 0.35088443756103516
Lr: 8.028546898476069e-06, Accum Loss: 0.3867225646972656
Lr: 8.030693281820133e-06, Accum Loss: 0.3444198966026306
Lr: 8.0328396651642e-06, Accum Loss: 0.29667556285858154
Lr: 8.034986048508264e-06, Accum Loss: 0.28334689140319824
Lr: 8.037132431852329e-06, Accum Loss: 0.32054901123046875
Lr: 8.039278815196395e-06, Accum Loss: 0.3722013235092163
Lr: 8.04142519854046e-06, Accum Loss: 0.30837106704711914
Lr: 8.043571581884526e-06, Accum Loss: 0.2875603437423706
Lr: 8.04571796522859e-06, Accum Loss: 0.29416996240615845
Lr: 8.047864348572656e-06, Accum Loss: 0.29546815156936646
Lr: 8.050010731916721e-06, Accum Loss: 0.2929275631904602
Lr: 8.052157115260785e-06, Accum Loss: 0.3452222943305969
Lr: 8.054303498604852e-06, Accum Loss: 0.2764924168586731
Lr: 8.056449881948916e-06, Accum Loss: 0.2739567160606384
Lr: 8.058596265292982e-06, Accum Loss: 0.3130612373352051
Lr: 8.060742648637047e-06, Accum Loss: 0.34025949239730835
Lr: 8.062889031981113e-06, Accum Loss: 0.3169698715209961
Lr: 8.065035415325178e-06, Accum Loss: 0.3552468419075012
Lr: 8.067181798669242e-06, Accum Loss: 0.27919822931289673
Lr: 8.069328182013309e-06, Accum Loss: 0.3480415344238281
Lr: 8.071474565357373e-06, Accum Loss: 0.3347707986831665
Lr: 8.073620948701438e-06, Accum Loss: 0.3376884460449219
Lr: 8.075767332045504e-06, Accum Loss: 0.29305607080459595
Lr: 8.07791371538957e-06, Accum Loss: 0.3566725254058838
Lr: 8.080060098733635e-06, Accum Loss: 0.3647451400756836
Lr: 8.0822064820777e-06, Accum Loss: 0.3143771290779114
Lr: 8.084352865421765e-06, Accum Loss: 0.29890701174736023
Lr: 8.08649924876583e-06, Accum Loss: 0.3292686343193054
Lr: 8.088645632109894e-06, Accum Loss: 0.3078271150588989
Lr: 8.09079201545396e-06, Accum Loss: 0.3024898171424866
Lr: 8.092938398798025e-06, Accum Loss: 0.30327653884887695
Lr: 8.095084782142091e-06, Accum Loss: 0.33907556533813477
Lr: 8.097231165486158e-06, Accum Loss: 0.23214340209960938
Lr: 8.099377548830222e-06, Accum Loss: 0.32320302724838257
Lr: 8.101523932174287e-06, Accum Loss: 0.3283039331436157
Lr: 8.103670315518353e-06, Accum Loss: 0.28158038854599
Lr: 8.105816698862417e-06, Accum Loss: 0.3999946117401123
Lr: 8.107963082206482e-06, Accum Loss: 0.3085255026817322
Lr: 8.110109465550548e-06, Accum Loss: 0.33104974031448364
Lr: 8.112255848894613e-06, Accum Loss: 0.3634575605392456
Lr: 8.114402232238679e-06, Accum Loss: 0.27987492084503174
Lr: 8.116548615582743e-06, Accum Loss: 0.35290902853012085
Lr: 8.11869499892681e-06, Accum Loss: 0.2643512487411499
Lr: 8.120841382270874e-06, Accum Loss: 0.3743317127227783
Lr: 8.122987765614939e-06, Accum Loss: 0.3404555916786194
Lr: 8.125134148959005e-06, Accum Loss: 0.3277475833892822
Lr: 8.12728053230307e-06, Accum Loss: 0.318922221660614
Lr: 8.129426915647136e-06, Accum Loss: 0.32803720235824585
Lr: 8.1315732989912e-06, Accum Loss: 0.329328715801239
Lr: 8.133719682335266e-06, Accum Loss: 0.27272337675094604
Lr: 8.135866065679331e-06, Accum Loss: 0.2974649965763092
Lr: 8.138012449023395e-06, Accum Loss: 0.33760231733322144
Lr: 8.140158832367462e-06, Accum Loss: 0.31943631172180176
Lr: 8.142305215711526e-06, Accum Loss: 0.29320192337036133
Lr: 8.144451599055592e-06, Accum Loss: 0.3472606837749481
Lr: 8.146597982399657e-06, Accum Loss: 0.28413957357406616
Lr: 8.148744365743723e-06, Accum Loss: 0.36129361391067505
Lr: 8.150890749087788e-06, Accum Loss: 0.33534663915634155
Lr: 8.153037132431852e-06, Accum Loss: 0.34172147512435913
Lr: 8.155183515775918e-06, Accum Loss: 0.26032811403274536
Lr: 8.157329899119983e-06, Accum Loss: 0.3599875569343567
Lr: 8.159476282464048e-06, Accum Loss: 0.274972140789032
Lr: 8.161622665808114e-06, Accum Loss: 0.2896530032157898
Lr: 8.16376904915218e-06, Accum Loss: 0.21090549230575562
Lr: 8.165915432496245e-06, Accum Loss: 0.3727821111679077
Lr: 8.16806181584031e-06, Accum Loss: 0.3521636128425598
Lr: 8.170208199184375e-06, Accum Loss: 0.30238276720046997
Lr: 8.17235458252844e-06, Accum Loss: 0.3114355802536011
Lr: 8.174500965872504e-06, Accum Loss: 0.27922171354293823
Lr: 8.17664734921657e-06, Accum Loss: 0.3086245059967041
Lr: 8.178793732560635e-06, Accum Loss: 0.3674851655960083
Lr: 8.180940115904701e-06, Accum Loss: 0.32022804021835327
Lr: 8.183086499248768e-06, Accum Loss: 0.3289278745651245
Lr: 8.185232882592832e-06, Accum Loss: 0.28896617889404297
Lr: 8.187379265936897e-06, Accum Loss: 0.2946396470069885
Lr: 8.189525649280963e-06, Accum Loss: 0.3162080645561218
Lr: 8.191672032625027e-06, Accum Loss: 0.316536009311676
Lr: 8.193818415969092e-06, Accum Loss: 0.29796862602233887
Lr: 8.195964799313158e-06, Accum Loss: 0.34017258882522583
Lr: 8.198111182657224e-06, Accum Loss: 0.3099216818809509
Lr: 8.200257566001289e-06, Accum Loss: 0.3165827989578247
Lr: 8.202403949345353e-06, Accum Loss: 0.31086665391921997
Lr: 8.20455033268942e-06, Accum Loss: 0.2770816683769226
Lr: 8.206696716033484e-06, Accum Loss: 0.2861769199371338
Lr: 8.208843099377549e-06, Accum Loss: 0.29418498277664185
Lr: 8.210989482721615e-06, Accum Loss: 0.35903120040893555
Lr: 8.21313586606568e-06, Accum Loss: 0.29082757234573364
Lr: 8.215282249409746e-06, Accum Loss: 0.3121764063835144
Lr: 8.21742863275381e-06, Accum Loss: 0.29509782791137695
Lr: 8.219575016097876e-06, Accum Loss: 0.3273143172264099
Lr: 8.221721399441941e-06, Accum Loss: 0.39149010181427
Lr: 8.223867782786005e-06, Accum Loss: 0.32446610927581787
Lr: 8.226014166130072e-06, Accum Loss: 0.3494434356689453
Lr: 8.228160549474136e-06, Accum Loss: 0.3410493731498718
Lr: 8.230306932818202e-06, Accum Loss: 0.30807727575302124
Lr: 8.232453316162267e-06, Accum Loss: 0.29237908124923706
Lr: 8.234599699506333e-06, Accum Loss: 0.35706716775894165
Lr: 8.236746082850398e-06, Accum Loss: 0.28987759351730347
Lr: 8.238892466194462e-06, Accum Loss: 0.2881024479866028
Lr: 8.241038849538528e-06, Accum Loss: 0.2857635021209717
Lr: 8.243185232882593e-06, Accum Loss: 0.3042721152305603
Lr: 8.245331616226658e-06, Accum Loss: 0.3851239085197449
Lr: 8.247477999570724e-06, Accum Loss: 0.3879024386405945
Lr: 8.24962438291479e-06, Accum Loss: 0.3249166011810303
Lr: 8.251770766258855e-06, Accum Loss: 0.33325380086898804
Lr: 8.25391714960292e-06, Accum Loss: 0.30991971492767334
Lr: 8.256063532946985e-06, Accum Loss: 0.31553614139556885
Lr: 8.25820991629105e-06, Accum Loss: 0.31903505325317383
Lr: 8.260356299635114e-06, Accum Loss: 0.2994399666786194
Lr: 8.26250268297918e-06, Accum Loss: 0.33841198682785034
Lr: 8.264649066323247e-06, Accum Loss: 0.3498213291168213
Lr: 8.266795449667311e-06, Accum Loss: 0.30834269523620605
Lr: 8.268941833011378e-06, Accum Loss: 0.3434726595878601
Lr: 8.271088216355442e-06, Accum Loss: 0.329481303691864
Lr: 8.273234599699507e-06, Accum Loss: 0.35091090202331543
Lr: 8.275380983043573e-06, Accum Loss: 0.30807358026504517
Lr: 8.277527366387637e-06, Accum Loss: 0.3373919725418091
Lr: 8.279673749731702e-06, Accum Loss: 0.31448620557785034
Lr: 8.281820133075768e-06, Accum Loss: 0.24812990427017212
Lr: 8.283966516419834e-06, Accum Loss: 0.3221226930618286
Lr: 8.286112899763899e-06, Accum Loss: 0.33988553285598755
Lr: 8.288259283107963e-06, Accum Loss: 0.34370362758636475
Lr: 8.29040566645203e-06, Accum Loss: 0.2794060707092285
Lr: 8.292552049796094e-06, Accum Loss: 0.34573251008987427
Lr: 8.294698433140159e-06, Accum Loss: 0.39004766941070557
Lr: 8.296844816484225e-06, Accum Loss: 0.3053603172302246
Lr: 8.29899119982829e-06, Accum Loss: 0.3744014501571655
Lr: 8.301137583172356e-06, Accum Loss: 0.32944798469543457
Lr: 8.30328396651642e-06, Accum Loss: 0.3215215802192688
Lr: 8.305430349860486e-06, Accum Loss: 0.31997033953666687
Lr: 8.307576733204551e-06, Accum Loss: 0.3496772050857544
Lr: 8.309723116548615e-06, Accum Loss: 0.31406062841415405
Lr: 8.311869499892682e-06, Accum Loss: 0.2812040448188782
Lr: 8.314015883236746e-06, Accum Loss: 0.333396852016449
Lr: 8.316162266580812e-06, Accum Loss: 0.3133937120437622
Lr: 8.318308649924877e-06, Accum Loss: 0.3136008083820343
Lr: 8.320455033268943e-06, Accum Loss: 0.38175201416015625
Lr: 8.322601416613008e-06, Accum Loss: 0.3408936858177185
Lr: 8.324747799957072e-06, Accum Loss: 0.32857972383499146
Lr: 8.326894183301138e-06, Accum Loss: 0.306892454624176
Lr: 8.329040566645203e-06, Accum Loss: 0.2672344446182251
Lr: 8.33118694998927e-06, Accum Loss: 0.3530571162700653
Lr: 8.333333333333334e-06, Accum Loss: 0.3891657590866089
Lr: 8.3354797166774e-06, Accum Loss: 0.31220489740371704
Lr: 8.337626100021464e-06, Accum Loss: 0.32401472330093384
Lr: 8.33977248336553e-06, Accum Loss: 0.30785006284713745
Lr: 8.341918866709595e-06, Accum Loss: 0.3158791661262512
Lr: 8.34406525005366e-06, Accum Loss: 0.3224620223045349
Lr: 8.346211633397724e-06, Accum Loss: 0.321256160736084
Lr: 8.34835801674179e-06, Accum Loss: 0.3580380082130432
Lr: 8.350504400085857e-06, Accum Loss: 0.30690354108810425
Lr: 8.352650783429921e-06, Accum Loss: 0.30963653326034546
Lr: 8.354797166773987e-06, Accum Loss: 0.3060733675956726
Lr: 8.356943550118052e-06, Accum Loss: 0.3074604272842407
Lr: 8.359089933462117e-06, Accum Loss: 0.3037603497505188
Lr: 8.361236316806183e-06, Accum Loss: 0.2478933334350586
Lr: 8.363382700150247e-06, Accum Loss: 0.24201738834381104
Lr: 8.365529083494312e-06, Accum Loss: 0.28652143478393555
Lr: 8.367675466838378e-06, Accum Loss: 0.33220088481903076
Lr: 8.369821850182444e-06, Accum Loss: 0.30799275636672974
Lr: 8.371968233526509e-06, Accum Loss: 0.3296712040901184
Lr: 8.374114616870573e-06, Accum Loss: 0.277665913105011
Lr: 8.37626100021464e-06, Accum Loss: 0.25713127851486206
Lr: 8.378407383558704e-06, Accum Loss: 0.3916071057319641
Lr: 8.380553766902769e-06, Accum Loss: 0.32212764024734497
Lr: 8.382700150246835e-06, Accum Loss: 0.3863832354545593
Lr: 8.3848465335909e-06, Accum Loss: 0.3244694471359253
Lr: 8.386992916934966e-06, Accum Loss: 0.29804742336273193
Lr: 8.38913930027903e-06, Accum Loss: 0.3220183849334717
Lr: 8.391285683623096e-06, Accum Loss: 0.34384363889694214
Lr: 8.393432066967161e-06, Accum Loss: 0.32757580280303955
Lr: 8.395578450311225e-06, Accum Loss: 0.3281906843185425
Lr: 8.397724833655292e-06, Accum Loss: 0.31436800956726074
Lr: 8.399871216999356e-06, Accum Loss: 0.3219774663448334
Lr: 8.402017600343422e-06, Accum Loss: 0.3178442120552063
Lr: 8.404163983687487e-06, Accum Loss: 0.3156962990760803
Lr: 8.406310367031553e-06, Accum Loss: 0.2980945408344269
Lr: 8.408456750375618e-06, Accum Loss: 0.3198450803756714
Lr: 8.410603133719682e-06, Accum Loss: 0.34168145060539246
Lr: 8.412749517063748e-06, Accum Loss: 0.3225124478340149
Lr: 8.414895900407813e-06, Accum Loss: 0.33296144008636475
Lr: 8.41704228375188e-06, Accum Loss: 0.36164551973342896
Lr: 8.419188667095944e-06, Accum Loss: 0.2727496922016144
Lr: 8.42133505044001e-06, Accum Loss: 0.32153478264808655
Lr: 8.423481433784074e-06, Accum Loss: 0.3779945969581604
Lr: 8.42562781712814e-06, Accum Loss: 0.30743980407714844
Lr: 8.427774200472205e-06, Accum Loss: 0.33658865094184875
Lr: 8.42992058381627e-06, Accum Loss: 0.33704760670661926
Lr: 8.432066967160334e-06, Accum Loss: 0.2797373831272125
Lr: 8.4342133505044e-06, Accum Loss: 0.25681066513061523
Lr: 8.436359733848467e-06, Accum Loss: 0.28452247381210327
Lr: 8.438506117192531e-06, Accum Loss: 0.34438371658325195
Lr: 8.440652500536597e-06, Accum Loss: 0.3288644552230835
Lr: 8.442798883880662e-06, Accum Loss: 0.3279459476470947
Lr: 8.444945267224727e-06, Accum Loss: 0.2974528968334198
Lr: 8.447091650568793e-06, Accum Loss: 0.33929988741874695
Lr: 8.449238033912857e-06, Accum Loss: 0.32662534713745117
Lr: 8.451384417256922e-06, Accum Loss: 0.3403221666812897
Lr: 8.453530800600988e-06, Accum Loss: 0.2553361654281616
Lr: 8.455677183945054e-06, Accum Loss: 0.3298611640930176
Lr: 8.457823567289119e-06, Accum Loss: 0.34024977684020996
Lr: 8.459969950633183e-06, Accum Loss: 0.34381842613220215
Lr: 8.46211633397725e-06, Accum Loss: 0.25355613231658936
Lr: 8.464262717321314e-06, Accum Loss: 0.23707044124603271
Lr: 8.466409100665379e-06, Accum Loss: 0.30478692054748535
Lr: 8.468555484009445e-06, Accum Loss: 0.3501695394515991
Lr: 8.47070186735351e-06, Accum Loss: 0.2978617548942566
Lr: 8.472848250697576e-06, Accum Loss: 0.35284554958343506
Lr: 8.47499463404164e-06, Accum Loss: 0.3917269706726074
Lr: 8.477141017385706e-06, Accum Loss: 0.3122406601905823
Lr: 8.479287400729771e-06, Accum Loss: 0.24312111735343933
Lr: 8.481433784073835e-06, Accum Loss: 0.3363913893699646
Lr: 8.483580167417902e-06, Accum Loss: 0.3150627613067627
Lr: 8.485726550761966e-06, Accum Loss: 0.3529900908470154
Lr: 8.487872934106032e-06, Accum Loss: 0.34680458903312683
Lr: 8.490019317450099e-06, Accum Loss: 0.3233252763748169
Lr: 8.492165700794163e-06, Accum Loss: 0.32223159074783325
Lr: 8.494312084138228e-06, Accum Loss: 0.34905657172203064
Lr: 8.496458467482292e-06, Accum Loss: 0.2991027235984802
Lr: 8.498604850826358e-06, Accum Loss: 0.3092449903488159
Lr: 8.500751234170423e-06, Accum Loss: 0.31567561626434326
Lr: 8.50289761751449e-06, Accum Loss: 0.3386550545692444
Lr: 8.505044000858554e-06, Accum Loss: 0.2631835341453552
Lr: 8.50719038420262e-06, Accum Loss: 0.2909891605377197
Lr: 8.509336767546684e-06, Accum Loss: 0.28926223516464233
Lr: 8.51148315089075e-06, Accum Loss: 0.3384915590286255
Lr: 8.513629534234815e-06, Accum Loss: 0.2904709577560425
Lr: 8.51577591757888e-06, Accum Loss: 0.31101322174072266
Lr: 8.517922300922944e-06, Accum Loss: 0.2956242561340332
Lr: 8.52006868426701e-06, Accum Loss: 0.3900589346885681
Lr: 8.522215067611077e-06, Accum Loss: 0.23181480169296265
Lr: 8.524361450955141e-06, Accum Loss: 0.3458549380302429
Lr: 8.526507834299207e-06, Accum Loss: 0.3102795481681824
Lr: 8.528654217643272e-06, Accum Loss: 0.37029772996902466
Lr: 8.530800600987337e-06, Accum Loss: 0.31024169921875
Lr: 8.532946984331403e-06, Accum Loss: 0.3139766454696655
Lr: 8.535093367675467e-06, Accum Loss: 0.2974518835544586
Lr: 8.537239751019532e-06, Accum Loss: 0.35928499698638916
Lr: 8.539386134363598e-06, Accum Loss: 0.3116147816181183
Lr: 8.541532517707664e-06, Accum Loss: 0.2889571785926819
Lr: 8.543678901051729e-06, Accum Loss: 0.3140493631362915
Lr: 8.545825284395793e-06, Accum Loss: 0.30369943380355835
Lr: 8.54797166773986e-06, Accum Loss: 0.30746033787727356
Lr: 8.550118051083924e-06, Accum Loss: 0.32921379804611206
Lr: 8.552264434427989e-06, Accum Loss: 0.3360341787338257
Lr: 8.554410817772055e-06, Accum Loss: 0.28361713886260986
Lr: 8.556557201116121e-06, Accum Loss: 0.37340325117111206
Lr: 8.558703584460186e-06, Accum Loss: 0.30677127838134766
Lr: 8.56084996780425e-06, Accum Loss: 0.32007884979248047
Lr: 8.562996351148316e-06, Accum Loss: 0.32668203115463257
Lr: 8.565142734492381e-06, Accum Loss: 0.4099031090736389
Lr: 8.567289117836445e-06, Accum Loss: 0.3453773856163025
Lr: 8.569435501180512e-06, Accum Loss: 0.2843089699745178
Lr: 8.571581884524576e-06, Accum Loss: 0.3266844153404236
Lr: 8.573728267868642e-06, Accum Loss: 0.287991464138031
Lr: 8.575874651212709e-06, Accum Loss: 0.3458085060119629
Lr: 8.578021034556773e-06, Accum Loss: 0.27207255363464355
Lr: 8.580167417900838e-06, Accum Loss: 0.328194797039032
Lr: 8.582313801244902e-06, Accum Loss: 0.3797556757926941
Lr: 8.584460184588968e-06, Accum Loss: 0.32403552532196045
Lr: 8.586606567933033e-06, Accum Loss: 0.3064557909965515
Lr: 8.588752951277099e-06, Accum Loss: 0.36098670959472656
Lr: 8.590899334621164e-06, Accum Loss: 0.35781997442245483
Lr: 8.59304571796523e-06, Accum Loss: 0.2894354462623596
Lr: 8.595192101309294e-06, Accum Loss: 0.31479865312576294
Lr: 8.59733848465336e-06, Accum Loss: 0.323951780796051
Lr: 8.599484867997425e-06, Accum Loss: 0.37347137928009033
Lr: 8.60163125134149e-06, Accum Loss: 0.2337651252746582
Lr: 8.603777634685554e-06, Accum Loss: 0.29726940393447876
Lr: 8.60592401802962e-06, Accum Loss: 0.36034655570983887
Lr: 8.608070401373687e-06, Accum Loss: 0.3126316964626312
Lr: 8.610216784717751e-06, Accum Loss: 0.3283645510673523
Lr: 8.612363168061817e-06, Accum Loss: 0.2903461158275604
Lr: 8.614509551405882e-06, Accum Loss: 0.29316627979278564
Lr: 8.616655934749947e-06, Accum Loss: 0.34924566745758057
Lr: 8.618802318094013e-06, Accum Loss: 0.31494471430778503
Lr: 8.620948701438077e-06, Accum Loss: 0.29442983865737915
Lr: 8.623095084782143e-06, Accum Loss: 0.2943788170814514
Lr: 8.625241468126208e-06, Accum Loss: 0.2988811135292053
Lr: 8.627387851470274e-06, Accum Loss: 0.2766552269458771
Lr: 8.629534234814339e-06, Accum Loss: 0.31534117460250854
Lr: 8.631680618158403e-06, Accum Loss: 0.3292158246040344
Lr: 8.63382700150247e-06, Accum Loss: 0.2929952144622803
Lr: 8.635973384846534e-06, Accum Loss: 0.3157103657722473
Lr: 8.638119768190599e-06, Accum Loss: 0.28297168016433716
Lr: 8.640266151534665e-06, Accum Loss: 0.2854401767253876
Lr: 8.642412534878731e-06, Accum Loss: 0.342928409576416
Lr: 8.644558918222796e-06, Accum Loss: 0.3514205813407898
Lr: 8.64670530156686e-06, Accum Loss: 0.32941746711730957
Lr: 8.648851684910926e-06, Accum Loss: 0.34095218777656555
Lr: 8.65099806825499e-06, Accum Loss: 0.3387686014175415
Lr: 8.653144451599055e-06, Accum Loss: 0.27640441060066223
Lr: 8.655290834943122e-06, Accum Loss: 0.3314051032066345
Lr: 8.657437218287186e-06, Accum Loss: 0.2890123724937439
Lr: 8.659583601631252e-06, Accum Loss: 0.2796843647956848
Lr: 8.661729984975319e-06, Accum Loss: 0.27947181463241577
Lr: 8.663876368319383e-06, Accum Loss: 0.28040242195129395
Lr: 8.666022751663448e-06, Accum Loss: 0.27713897824287415
Lr: 8.668169135007512e-06, Accum Loss: 0.2664715051651001
Lr: 8.670315518351578e-06, Accum Loss: 0.373029500246048
Lr: 8.672461901695643e-06, Accum Loss: 0.30531197786331177
Lr: 8.674608285039709e-06, Accum Loss: 0.2462254762649536
Lr: 8.676754668383774e-06, Accum Loss: 0.3321307897567749
Lr: 8.67890105172784e-06, Accum Loss: 0.28490152955055237
Lr: 8.681047435071904e-06, Accum Loss: 0.30823707580566406
Lr: 8.68319381841597e-06, Accum Loss: 0.3080418109893799
Lr: 8.685340201760035e-06, Accum Loss: 0.3366558253765106
Lr: 8.6874865851041e-06, Accum Loss: 0.33569562435150146
Lr: 8.689632968448164e-06, Accum Loss: 0.33702290058135986
Lr: 8.69177935179223e-06, Accum Loss: 0.27038145065307617
Lr: 8.693925735136297e-06, Accum Loss: 0.34750890731811523
Lr: 8.696072118480361e-06, Accum Loss: 0.3799799680709839
Lr: 8.698218501824427e-06, Accum Loss: 0.36846044659614563
Lr: 8.700364885168492e-06, Accum Loss: 0.3443593978881836
Lr: 8.702511268512556e-06, Accum Loss: 0.35471776127815247
Lr: 8.704657651856623e-06, Accum Loss: 0.29839199781417847
Lr: 8.706804035200687e-06, Accum Loss: 0.3169776201248169
Lr: 8.708950418544753e-06, Accum Loss: 0.3091840445995331
Lr: 8.711096801888818e-06, Accum Loss: 0.34967362880706787
Lr: 8.713243185232884e-06, Accum Loss: 0.3218625485897064
Lr: 8.715389568576949e-06, Accum Loss: 0.32335585355758667
Lr: 8.717535951921013e-06, Accum Loss: 0.2974458932876587
Lr: 8.71968233526508e-06, Accum Loss: 0.309016615152359
Lr: 8.721828718609144e-06, Accum Loss: 0.2901347577571869
Lr: 8.723975101953209e-06, Accum Loss: 0.33895403146743774
Lr: 8.726121485297275e-06, Accum Loss: 0.32015013694763184
Lr: 8.728267868641341e-06, Accum Loss: 0.31766629219055176
Lr: 8.730414251985406e-06, Accum Loss: 0.25048142671585083
Lr: 8.73256063532947e-06, Accum Loss: 0.27603814005851746
Lr: 8.734707018673536e-06, Accum Loss: 0.32697391510009766
Lr: 8.7368534020176e-06, Accum Loss: 0.37498709559440613
Lr: 8.738999785361665e-06, Accum Loss: 0.28063181042671204
Lr: 8.741146168705732e-06, Accum Loss: 0.27920985221862793
Lr: 8.743292552049796e-06, Accum Loss: 0.24754232168197632
Lr: 8.745438935393862e-06, Accum Loss: 0.3432862162590027
Lr: 8.747585318737929e-06, Accum Loss: 0.3230555057525635
Lr: 8.749731702081993e-06, Accum Loss: 0.33583372831344604
Lr: 8.751878085426058e-06, Accum Loss: 0.33592450618743896
Lr: 8.754024468770122e-06, Accum Loss: 0.42043524980545044
Lr: 8.756170852114188e-06, Accum Loss: 0.28902506828308105
Lr: 8.758317235458253e-06, Accum Loss: 0.25960296392440796
Lr: 8.760463618802319e-06, Accum Loss: 0.33362889289855957
Lr: 8.762610002146384e-06, Accum Loss: 0.310432106256485
Lr: 8.76475638549045e-06, Accum Loss: 0.31438782811164856
Lr: 8.766902768834514e-06, Accum Loss: 0.3077414035797119
Lr: 8.76904915217858e-06, Accum Loss: 0.3325301706790924
Lr: 8.771195535522645e-06, Accum Loss: 0.3332139253616333
Lr: 8.77334191886671e-06, Accum Loss: 0.2613312005996704
Lr: 8.775488302210776e-06, Accum Loss: 0.3366171717643738
Lr: 8.77763468555484e-06, Accum Loss: 0.27694612741470337
Lr: 8.779781068898907e-06, Accum Loss: 0.28412163257598877
Lr: 8.781927452242971e-06, Accum Loss: 0.34353578090667725
Lr: 8.784073835587037e-06, Accum Loss: 0.24855026602745056
Lr: 8.786220218931102e-06, Accum Loss: 0.31697672605514526
Lr: 8.788366602275166e-06, Accum Loss: 0.287609338760376
Lr: 8.790512985619233e-06, Accum Loss: 0.31639885902404785
Lr: 8.792659368963297e-06, Accum Loss: 0.2979452610015869
Lr: 8.794805752307363e-06, Accum Loss: 0.2923735976219177
Lr: 8.796952135651428e-06, Accum Loss: 0.31368717551231384
Lr: 8.799098518995494e-06, Accum Loss: 0.3548017144203186
Lr: 8.801244902339559e-06, Accum Loss: 0.3745708167552948
Lr: 8.803391285683623e-06, Accum Loss: 0.2849867045879364
Lr: 8.80553766902769e-06, Accum Loss: 0.350354939699173
Lr: 8.807684052371754e-06, Accum Loss: 0.27558860182762146
Lr: 8.809830435715819e-06, Accum Loss: 0.31202179193496704
Lr: 8.811976819059885e-06, Accum Loss: 0.4147847890853882
Lr: 8.814123202403951e-06, Accum Loss: 0.278931587934494
Lr: 8.816269585748016e-06, Accum Loss: 0.28845080733299255
Lr: 8.81841596909208e-06, Accum Loss: 0.31524473428726196
Lr: 8.820562352436146e-06, Accum Loss: 0.2906142473220825
Lr: 8.82270873578021e-06, Accum Loss: 0.35072869062423706
Lr: 8.824855119124275e-06, Accum Loss: 0.3687565326690674
Lr: 8.827001502468342e-06, Accum Loss: 0.35258975625038147
Lr: 8.829147885812406e-06, Accum Loss: 0.30371707677841187
Lr: 8.831294269156472e-06, Accum Loss: 0.3850417137145996
Lr: 8.833440652500539e-06, Accum Loss: 0.27583640813827515
Lr: 8.835587035844603e-06, Accum Loss: 0.24988755583763123
Lr: 8.837733419188668e-06, Accum Loss: 0.3674754500389099
Lr: 8.839879802532732e-06, Accum Loss: 0.3449676036834717
Lr: 8.842026185876798e-06, Accum Loss: 0.30982428789138794
Lr: 8.844172569220863e-06, Accum Loss: 0.28501951694488525
Lr: 8.846318952564929e-06, Accum Loss: 0.3307461440563202
Lr: 8.848465335908995e-06, Accum Loss: 0.3159985840320587
Lr: 8.85061171925306e-06, Accum Loss: 0.272782564163208
Lr: 8.852758102597124e-06, Accum Loss: 0.3180534839630127
Lr: 8.85490448594119e-06, Accum Loss: 0.29163628816604614
Lr: 8.857050869285255e-06, Accum Loss: 0.3197014331817627
Lr: 8.85919725262932e-06, Accum Loss: 0.34560298919677734
Lr: 8.861343635973386e-06, Accum Loss: 0.39324578642845154
Lr: 8.86349001931745e-06, Accum Loss: 0.35466498136520386
Lr: 8.865636402661517e-06, Accum Loss: 0.33020123839378357
Lr: 8.867782786005581e-06, Accum Loss: 0.3308603763580322
Lr: 8.869929169349647e-06, Accum Loss: 0.2587610185146332
Lr: 8.872075552693712e-06, Accum Loss: 0.28713226318359375
Lr: 8.874221936037776e-06, Accum Loss: 0.31228697299957275
Lr: 8.876368319381843e-06, Accum Loss: 0.29636359214782715
Lr: 8.878514702725907e-06, Accum Loss: 0.27648869156837463
Lr: 8.880661086069973e-06, Accum Loss: 0.3248400092124939
Lr: 8.882807469414038e-06, Accum Loss: 0.3053564429283142
Lr: 8.884953852758104e-06, Accum Loss: 0.31199461221694946
Lr: 8.887100236102169e-06, Accum Loss: 0.311285138130188
Lr: 8.889246619446233e-06, Accum Loss: 0.3288625478744507
Lr: 8.8913930027903e-06, Accum Loss: 0.2700466811656952
Lr: 8.893539386134364e-06, Accum Loss: 0.33258116245269775
Lr: 8.895685769478429e-06, Accum Loss: 0.25950032472610474
Lr: 8.897832152822495e-06, Accum Loss: 0.38415879011154175
Lr: 8.899978536166561e-06, Accum Loss: 0.36603546142578125
Lr: 8.902124919510625e-06, Accum Loss: 0.33593541383743286
Lr: 8.90427130285469e-06, Accum Loss: 0.3067060708999634
Lr: 8.906417686198756e-06, Accum Loss: 0.3593553304672241
Lr: 8.90856406954282e-06, Accum Loss: 0.3022964596748352
Lr: 8.910710452886885e-06, Accum Loss: 0.30210864543914795
Lr: 8.912856836230952e-06, Accum Loss: 0.3138161897659302
Lr: 8.915003219575018e-06, Accum Loss: 0.28714290261268616
Lr: 8.917149602919082e-06, Accum Loss: 0.33432537317276
Lr: 8.919295986263149e-06, Accum Loss: 0.2967036962509155
Lr: 8.921442369607213e-06, Accum Loss: 0.3882995843887329
Lr: 8.923588752951278e-06, Accum Loss: 0.3589479923248291
Lr: 8.925735136295342e-06, Accum Loss: 0.3312716484069824
Lr: 8.927881519639408e-06, Accum Loss: 0.2739305794239044
Lr: 8.930027902983473e-06, Accum Loss: 0.31897786259651184
Lr: 8.932174286327539e-06, Accum Loss: 0.33975040912628174
Lr: 8.934320669671605e-06, Accum Loss: 0.29245689511299133
Lr: 8.93646705301567e-06, Accum Loss: 0.31501060724258423
Lr: 8.938613436359734e-06, Accum Loss: 0.3091485798358917
Lr: 8.9407598197038e-06, Accum Loss: 0.2708513140678406
Lr: 8.942906203047865e-06, Accum Loss: 0.3287433981895447
Lr: 8.94505258639193e-06, Accum Loss: 0.2681449055671692
Lr: 8.947198969735996e-06, Accum Loss: 0.28238362073898315
Lr: 8.94934535308006e-06, Accum Loss: 0.3656277656555176
Lr: 8.951491736424127e-06, Accum Loss: 0.33661824464797974
Lr: 8.953638119768191e-06, Accum Loss: 0.2924230694770813
Lr: 8.955784503112257e-06, Accum Loss: 0.34389692544937134
Lr: 8.957930886456322e-06, Accum Loss: 0.32359927892684937
Lr: 8.960077269800386e-06, Accum Loss: 0.2545621395111084
Lr: 8.962223653144453e-06, Accum Loss: 0.314195454120636
Lr: 8.964370036488517e-06, Accum Loss: 0.2890270948410034
Lr: 8.966516419832583e-06, Accum Loss: 0.2767198085784912
Lr: 8.968662803176648e-06, Accum Loss: 0.2985222637653351
Lr: 8.970809186520714e-06, Accum Loss: 0.3259856104850769
Lr: 8.972955569864779e-06, Accum Loss: 0.31207984685897827
Lr: 8.975101953208843e-06, Accum Loss: 0.2814730405807495
Lr: 8.97724833655291e-06, Accum Loss: 0.31198209524154663
Lr: 8.979394719896974e-06, Accum Loss: 0.35369351506233215
Lr: 8.981541103241038e-06, Accum Loss: 0.34640389680862427
Lr: 8.983687486585105e-06, Accum Loss: 0.31487956643104553
Lr: 8.985833869929171e-06, Accum Loss: 0.3558084964752197
Lr: 8.987980253273235e-06, Accum Loss: 0.3668794333934784
Lr: 8.9901266366173e-06, Accum Loss: 0.324959397315979
Lr: 8.992273019961366e-06, Accum Loss: 0.3292950391769409
Lr: 8.99441940330543e-06, Accum Loss: 0.3151845633983612
Lr: 8.996565786649495e-06, Accum Loss: 0.2807266414165497
Lr: 8.998712169993562e-06, Accum Loss: 0.34964704513549805
Lr: 9.000858553337628e-06, Accum Loss: 0.3072647750377655
Lr: 9.003004936681692e-06, Accum Loss: 0.30043235421180725
Lr: 9.005151320025758e-06, Accum Loss: 0.35650089383125305
Lr: 9.007297703369823e-06, Accum Loss: 0.32282331585884094
Lr: 9.009444086713888e-06, Accum Loss: 0.3238425552845001
Lr: 9.011590470057952e-06, Accum Loss: 0.2691698968410492
Lr: 9.013736853402018e-06, Accum Loss: 0.2760642468929291
Lr: 9.015883236746083e-06, Accum Loss: 0.33255648612976074
Lr: 9.018029620090149e-06, Accum Loss: 0.3690681457519531
Lr: 9.020176003434215e-06, Accum Loss: 0.33917859196662903
Lr: 9.02232238677828e-06, Accum Loss: 0.36218222975730896
Lr: 9.024468770122344e-06, Accum Loss: 0.364107221364975
Lr: 9.02661515346641e-06, Accum Loss: 0.3177436888217926
Lr: 9.028761536810475e-06, Accum Loss: 0.3068442940711975
Lr: 9.03090792015454e-06, Accum Loss: 0.33090126514434814
Lr: 9.033054303498606e-06, Accum Loss: 0.3195802569389343
Lr: 9.03520068684267e-06, Accum Loss: 0.3263392150402069
Lr: 9.037347070186737e-06, Accum Loss: 0.28837668895721436
Lr: 9.039493453530801e-06, Accum Loss: 0.3583213686943054
Lr: 9.041639836874867e-06, Accum Loss: 0.34935933351516724
Lr: 9.043786220218932e-06, Accum Loss: 0.30495208501815796
Lr: 9.045932603562996e-06, Accum Loss: 0.3108978271484375
Lr: 9.048078986907063e-06, Accum Loss: 0.35064882040023804
Lr: 9.050225370251127e-06, Accum Loss: 0.34010982513427734
Lr: 9.052371753595193e-06, Accum Loss: 0.32030659914016724
Lr: 9.054518136939258e-06, Accum Loss: 0.3026585578918457
Lr: 9.056664520283324e-06, Accum Loss: 0.3247472941875458
Lr: 9.058810903627389e-06, Accum Loss: 0.31647372245788574
Lr: 9.060957286971453e-06, Accum Loss: 0.3189356327056885
Lr: 9.06310367031552e-06, Accum Loss: 0.3374573886394501
Lr: 9.065250053659584e-06, Accum Loss: 0.2949000597000122
Lr: 9.06739643700365e-06, Accum Loss: 0.2828305959701538
Lr: 9.069542820347715e-06, Accum Loss: 0.27830344438552856
Lr: 9.071689203691781e-06, Accum Loss: 0.28245389461517334
Lr: 9.073835587035845e-06, Accum Loss: 0.2832517623901367
Lr: 9.07598197037991e-06, Accum Loss: 0.33948779106140137
Lr: 9.078128353723976e-06, Accum Loss: 0.31741559505462646
Lr: 9.08027473706804e-06, Accum Loss: 0.3220576047897339
Lr: 9.082421120412105e-06, Accum Loss: 0.345022976398468
Lr: 9.084567503756171e-06, Accum Loss: 0.30632859468460083
Lr: 9.086713887100238e-06, Accum Loss: 0.313326895236969
Lr: 9.088860270444302e-06, Accum Loss: 0.2739291787147522
Lr: 9.091006653788368e-06, Accum Loss: 0.3014844059944153
Lr: 9.093153037132433e-06, Accum Loss: 0.22007012367248535
Lr: 9.095299420476498e-06, Accum Loss: 0.33918893337249756
Lr: 9.097445803820562e-06, Accum Loss: 0.32929158210754395
Lr: 9.099592187164628e-06, Accum Loss: 0.3737862706184387
Lr: 9.101738570508693e-06, Accum Loss: 0.2881090044975281
Lr: 9.103884953852759e-06, Accum Loss: 0.32615119218826294
Lr: 9.106031337196825e-06, Accum Loss: 0.3148804306983948
Lr: 9.10817772054089e-06, Accum Loss: 0.34221071004867554
Lr: 9.110324103884954e-06, Accum Loss: 0.33322155475616455
Lr: 9.11247048722902e-06, Accum Loss: 0.3383607268333435
Lr: 9.114616870573085e-06, Accum Loss: 0.2774565815925598
Lr: 9.11676325391715e-06, Accum Loss: 0.28781384229660034
Lr: 9.118909637261216e-06, Accum Loss: 0.2986224293708801
Lr: 9.12105602060528e-06, Accum Loss: 0.29837483167648315
Lr: 9.123202403949347e-06, Accum Loss: 0.3039757013320923
Lr: 9.125348787293411e-06, Accum Loss: 0.2581106424331665
Lr: 9.127495170637477e-06, Accum Loss: 0.3347468972206116
Lr: 9.129641553981542e-06, Accum Loss: 0.2592608332633972
Lr: 9.131787937325606e-06, Accum Loss: 0.3566463589668274
Lr: 9.133934320669673e-06, Accum Loss: 0.2603341341018677
Lr: 9.136080704013737e-06, Accum Loss: 0.30678534507751465
Lr: 9.138227087357803e-06, Accum Loss: 0.2751813530921936
Lr: 9.140373470701868e-06, Accum Loss: 0.3739866614341736
Lr: 9.142519854045934e-06, Accum Loss: 0.3074997067451477
Lr: 9.144666237389999e-06, Accum Loss: 0.2931351065635681
Lr: 9.146812620734063e-06, Accum Loss: 0.42120879888534546
Lr: 9.14895900407813e-06, Accum Loss: 0.3244256377220154
Lr: 9.151105387422194e-06, Accum Loss: 0.3328772783279419
Lr: 9.15325177076626e-06, Accum Loss: 0.28921449184417725
Lr: 9.155398154110325e-06, Accum Loss: 0.3312714099884033
Lr: 9.157544537454391e-06, Accum Loss: 0.33643174171447754
Lr: 9.159690920798455e-06, Accum Loss: 0.347938597202301
Lr: 9.16183730414252e-06, Accum Loss: 0.29758402705192566
Lr: 9.163983687486586e-06, Accum Loss: 0.31120067834854126
Lr: 9.16613007083065e-06, Accum Loss: 0.37351590394973755
Lr: 9.168276454174715e-06, Accum Loss: 0.30214256048202515
Lr: 9.170422837518781e-06, Accum Loss: 0.26689112186431885
Lr: 9.172569220862848e-06, Accum Loss: 0.3394286036491394
Lr: 9.174715604206912e-06, Accum Loss: 0.33943384885787964
Lr: 9.176861987550978e-06, Accum Loss: 0.272028386592865
Lr: 9.179008370895043e-06, Accum Loss: 0.30882370471954346
Lr: 9.181154754239108e-06, Accum Loss: 0.25327885150909424
Lr: 9.183301137583172e-06, Accum Loss: 0.3598957657814026
Lr: 9.185447520927238e-06, Accum Loss: 0.3202604055404663
Lr: 9.187593904271303e-06, Accum Loss: 0.26051396131515503
Lr: 9.189740287615369e-06, Accum Loss: 0.328360915184021
Lr: 9.191886670959435e-06, Accum Loss: 0.3553447723388672
Lr: 9.1940330543035e-06, Accum Loss: 0.25348806381225586
Lr: 9.196179437647564e-06, Accum Loss: 0.31870168447494507
Lr: 9.19832582099163e-06, Accum Loss: 0.27476584911346436
Lr: 9.200472204335695e-06, Accum Loss: 0.3460173010826111
Lr: 9.20261858767976e-06, Accum Loss: 0.3380834460258484
Lr: 9.204764971023826e-06, Accum Loss: 0.29766881465911865
Lr: 9.206911354367892e-06, Accum Loss: 0.32437193393707275
Lr: 9.209057737711957e-06, Accum Loss: 0.3068895936012268
Lr: 9.211204121056021e-06, Accum Loss: 0.2908793091773987
Lr: 9.213350504400087e-06, Accum Loss: 0.33681225776672363
Lr: 9.215496887744152e-06, Accum Loss: 0.3384445309638977
Lr: 9.217643271088216e-06, Accum Loss: 0.3195193111896515
Lr: 9.219789654432283e-06, Accum Loss: 0.31716930866241455
Lr: 9.221936037776347e-06, Accum Loss: 0.28816115856170654
Lr: 9.224082421120413e-06, Accum Loss: 0.3376210927963257
Lr: 9.226228804464478e-06, Accum Loss: 0.3253837823867798
Lr: 9.228375187808544e-06, Accum Loss: 0.3785005807876587
Lr: 9.230521571152609e-06, Accum Loss: 0.3041180372238159
Lr: 9.232667954496673e-06, Accum Loss: 0.35985785722732544
Lr: 9.23481433784074e-06, Accum Loss: 0.3116154670715332
Lr: 9.236960721184804e-06, Accum Loss: 0.32858866453170776
Lr: 9.23910710452887e-06, Accum Loss: 0.3144715428352356
Lr: 9.241253487872935e-06, Accum Loss: 0.35012829303741455
Lr: 9.243399871217001e-06, Accum Loss: 0.30010974407196045
Lr: 9.245546254561065e-06, Accum Loss: 0.30646800994873047
Lr: 9.24769263790513e-06, Accum Loss: 0.3472321927547455
Lr: 9.249839021249196e-06, Accum Loss: 0.395186185836792
Lr: 9.25198540459326e-06, Accum Loss: 0.29102879762649536
Lr: 9.254131787937325e-06, Accum Loss: 0.3270893096923828
Lr: 9.256278171281391e-06, Accum Loss: 0.32217007875442505
Lr: 9.258424554625458e-06, Accum Loss: 0.3107391595840454
Lr: 9.260570937969522e-06, Accum Loss: 0.36409813165664673
Lr: 9.262717321313588e-06, Accum Loss: 0.32635438442230225
Lr: 9.264863704657653e-06, Accum Loss: 0.36507877707481384
Lr: 9.267010088001717e-06, Accum Loss: 0.33276233077049255
Lr: 9.269156471345782e-06, Accum Loss: 0.36240434646606445
Lr: 9.271302854689848e-06, Accum Loss: 0.3454299867153168
Lr: 9.273449238033913e-06, Accum Loss: 0.32340723276138306
Lr: 9.275595621377979e-06, Accum Loss: 0.3540697693824768
Lr: 9.277742004722045e-06, Accum Loss: 0.362682580947876
Lr: 9.27988838806611e-06, Accum Loss: 0.33468252420425415
Lr: 9.282034771410174e-06, Accum Loss: 0.3298655152320862
Lr: 9.28418115475424e-06, Accum Loss: 0.32621538639068604
Lr: 9.286327538098305e-06, Accum Loss: 0.3491400480270386
Lr: 9.28847392144237e-06, Accum Loss: 0.2941063642501831
Lr: 9.290620304786436e-06, Accum Loss: 0.316167950630188
Lr: 9.292766688130502e-06, Accum Loss: 0.2998652458190918
Lr: 9.294913071474567e-06, Accum Loss: 0.28861087560653687
Lr: 9.297059454818631e-06, Accum Loss: 0.29698896408081055
Lr: 9.299205838162697e-06, Accum Loss: 0.2594981789588928
Lr: 9.301352221506762e-06, Accum Loss: 0.31846845149993896
Lr: 9.303498604850826e-06, Accum Loss: 0.3341972827911377
Lr: 9.305644988194893e-06, Accum Loss: 0.33262354135513306
Lr: 9.307791371538957e-06, Accum Loss: 0.2760944366455078
Lr: 9.309937754883023e-06, Accum Loss: 0.3239166736602783
Lr: 9.312084138227088e-06, Accum Loss: 0.2723565101623535
Lr: 9.314230521571154e-06, Accum Loss: 0.3542078733444214
Lr: 9.316376904915219e-06, Accum Loss: 0.3383733034133911
Lr: 9.318523288259283e-06, Accum Loss: 0.31822681427001953
Lr: 9.32066967160335e-06, Accum Loss: 0.3743460774421692
Lr: 9.322816054947414e-06, Accum Loss: 0.3659420609474182
Lr: 9.32496243829148e-06, Accum Loss: 0.2875237464904785
Lr: 9.327108821635545e-06, Accum Loss: 0.29242515563964844
Lr: 9.329255204979611e-06, Accum Loss: 0.29680079221725464
Lr: 9.331401588323675e-06, Accum Loss: 0.3263300657272339
Lr: 9.33354797166774e-06, Accum Loss: 0.2995026707649231
Lr: 9.335694355011806e-06, Accum Loss: 0.2965846657752991
Lr: 9.33784073835587e-06, Accum Loss: 0.30790436267852783
Lr: 9.339987121699935e-06, Accum Loss: 0.36387544870376587
Lr: 9.342133505044001e-06, Accum Loss: 0.3215065002441406
Lr: 9.344279888388068e-06, Accum Loss: 0.34918898344039917
Lr: 9.346426271732132e-06, Accum Loss: 0.312455952167511
Lr: 9.348572655076197e-06, Accum Loss: 0.3412665128707886
Lr: 9.350719038420263e-06, Accum Loss: 0.37198543548583984
Lr: 9.352865421764327e-06, Accum Loss: 0.28822314739227295
Lr: 9.355011805108392e-06, Accum Loss: 0.306897908449173
Lr: 9.357158188452458e-06, Accum Loss: 0.2869788408279419
Lr: 9.359304571796524e-06, Accum Loss: 0.2914056181907654
Lr: 9.361450955140589e-06, Accum Loss: 0.2763909697532654
Lr: 9.363597338484655e-06, Accum Loss: 0.30991852283477783
Lr: 9.36574372182872e-06, Accum Loss: 0.2923305034637451
Lr: 9.367890105172784e-06, Accum Loss: 0.2847002446651459
Lr: 9.370036488516849e-06, Accum Loss: 0.3076193332672119
Lr: 9.372182871860915e-06, Accum Loss: 0.304077684879303
Lr: 9.37432925520498e-06, Accum Loss: 0.3216465711593628
Lr: 9.376475638549046e-06, Accum Loss: 0.36008313298225403
Lr: 9.378622021893112e-06, Accum Loss: 0.39305734634399414
Lr: 9.380768405237177e-06, Accum Loss: 0.2987220287322998
Lr: 9.382914788581241e-06, Accum Loss: 0.3427397608757019
Lr: 9.385061171925307e-06, Accum Loss: 0.29917052388191223
Lr: 9.387207555269372e-06, Accum Loss: 0.3750807046890259
Lr: 9.389353938613436e-06, Accum Loss: 0.36942702531814575
Lr: 9.391500321957503e-06, Accum Loss: 0.3838881254196167
Lr: 9.393646705301567e-06, Accum Loss: 0.3176714777946472
Lr: 9.395793088645633e-06, Accum Loss: 0.3109477758407593
Lr: 9.397939471989698e-06, Accum Loss: 0.35432446002960205
Lr: 9.400085855333764e-06, Accum Loss: 0.29806551337242126
Lr: 9.402232238677829e-06, Accum Loss: 0.3563893139362335
Lr: 9.404378622021893e-06, Accum Loss: 0.3473760783672333
Lr: 9.40652500536596e-06, Accum Loss: 0.3327043056488037
Lr: 9.408671388710024e-06, Accum Loss: 0.28337761759757996
Lr: 9.41081777205409e-06, Accum Loss: 0.3152126669883728
Lr: 9.412964155398155e-06, Accum Loss: 0.24123483896255493
Lr: 9.415110538742221e-06, Accum Loss: 0.2978982925415039
Lr: 9.417256922086285e-06, Accum Loss: 0.2981228232383728
Lr: 9.41940330543035e-06, Accum Loss: 0.3119168281555176
Lr: 9.421549688774416e-06, Accum Loss: 0.3162369132041931
Lr: 9.42369607211848e-06, Accum Loss: 0.3321055769920349
Lr: 9.425842455462547e-06, Accum Loss: 0.2745654881000519
Lr: 9.427988838806611e-06, Accum Loss: 0.3425292670726776
Lr: 9.430135222150678e-06, Accum Loss: 0.27859795093536377
Lr: 9.432281605494742e-06, Accum Loss: 0.3076022267341614
Lr: 9.434427988838807e-06, Accum Loss: 0.2996155321598053
Lr: 9.436574372182873e-06, Accum Loss: 0.30505073070526123
Lr: 9.438720755526937e-06, Accum Loss: 0.30159878730773926
Lr: 9.440867138871002e-06, Accum Loss: 0.3388480246067047
Lr: 9.443013522215068e-06, Accum Loss: 0.3392378091812134
Lr: 9.445159905559134e-06, Accum Loss: 0.3349573016166687
Lr: 9.447306288903199e-06, Accum Loss: 0.3177156448364258
Lr: 9.449452672247265e-06, Accum Loss: 0.3307434320449829
Lr: 9.45159905559133e-06, Accum Loss: 0.2997037172317505
Lr: 9.453745438935394e-06, Accum Loss: 0.36344558000564575
Lr: 9.455891822279459e-06, Accum Loss: 0.284889817237854
Lr: 9.458038205623525e-06, Accum Loss: 0.3596658706665039
Lr: 9.46018458896759e-06, Accum Loss: 0.30426156520843506
Lr: 9.462330972311656e-06, Accum Loss: 0.3531839847564697
Lr: 9.464477355655722e-06, Accum Loss: 0.2883031964302063
Lr: 9.466623738999787e-06, Accum Loss: 0.34679538011550903
Lr: 9.468770122343851e-06, Accum Loss: 0.3315553665161133
Lr: 9.470916505687917e-06, Accum Loss: 0.3591175973415375
Lr: 9.473062889031982e-06, Accum Loss: 0.26981401443481445
Lr: 9.475209272376046e-06, Accum Loss: 0.3012087941169739
Lr: 9.477355655720113e-06, Accum Loss: 0.3490118384361267
Lr: 9.479502039064177e-06, Accum Loss: 0.3670753538608551
Lr: 9.481648422408243e-06, Accum Loss: 0.3130089044570923
Lr: 9.483794805752308e-06, Accum Loss: 0.3267742395401001
Lr: 9.485941189096374e-06, Accum Loss: 0.3685383200645447
Lr: 9.488087572440439e-06, Accum Loss: 0.29759734869003296
Lr: 9.490233955784503e-06, Accum Loss: 0.31785130500793457
Lr: 9.49238033912857e-06, Accum Loss: 0.3199072778224945
Lr: 9.494526722472634e-06, Accum Loss: 0.33163952827453613
Lr: 9.4966731058167e-06, Accum Loss: 0.35140883922576904
Lr: 9.498819489160765e-06, Accum Loss: 0.31818169355392456
Lr: 9.50096587250483e-06, Accum Loss: 0.2848852872848511
Lr: 9.503112255848895e-06, Accum Loss: 0.3347642719745636
Lr: 9.50525863919296e-06, Accum Loss: 0.3345305323600769
Lr: 9.507405022537026e-06, Accum Loss: 0.3086346983909607
Lr: 9.50955140588109e-06, Accum Loss: 0.29666584730148315
Lr: 9.511697789225157e-06, Accum Loss: 0.29890817403793335
Lr: 9.513844172569221e-06, Accum Loss: 0.34407609701156616
Lr: 9.515990555913288e-06, Accum Loss: 0.30971038341522217
Lr: 9.518136939257352e-06, Accum Loss: 0.3093750476837158
Lr: 9.520283322601417e-06, Accum Loss: 0.3034965991973877
Lr: 9.522429705945483e-06, Accum Loss: 0.30027490854263306
Lr: 9.524576089289547e-06, Accum Loss: 0.3462451696395874
Lr: 9.526722472633612e-06, Accum Loss: 0.32412153482437134
Lr: 9.528868855977678e-06, Accum Loss: 0.31965476274490356
Lr: 9.531015239321744e-06, Accum Loss: 0.36245638132095337
Lr: 9.533161622665809e-06, Accum Loss: 0.2991775870323181
Lr: 9.535308006009875e-06, Accum Loss: 0.3570379614830017
Lr: 9.53745438935394e-06, Accum Loss: 0.26107823848724365
Lr: 9.539600772698004e-06, Accum Loss: 0.2774009108543396
Lr: 9.541747156042069e-06, Accum Loss: 0.2808379530906677
Lr: 9.543893539386135e-06, Accum Loss: 0.32600897550582886
Lr: 9.5460399227302e-06, Accum Loss: 0.3372688293457031
Lr: 9.548186306074266e-06, Accum Loss: 0.28030312061309814
Lr: 9.550332689418332e-06, Accum Loss: 0.29092901945114136
Lr: 9.552479072762396e-06, Accum Loss: 0.33047163486480713
Lr: 9.554625456106461e-06, Accum Loss: 0.36379843950271606
Lr: 9.556771839450527e-06, Accum Loss: 0.32905882596969604
Lr: 9.558918222794592e-06, Accum Loss: 0.3460234999656677
Lr: 9.561064606138656e-06, Accum Loss: 0.31504976749420166
Lr: 9.563210989482723e-06, Accum Loss: 0.339569091796875
Lr: 9.565357372826787e-06, Accum Loss: 0.2544201612472534
Lr: 9.567503756170853e-06, Accum Loss: 0.384202241897583
Lr: 9.569650139514918e-06, Accum Loss: 0.36978697776794434
Lr: 9.571796522858984e-06, Accum Loss: 0.2906586527824402
Lr: 9.573942906203049e-06, Accum Loss: 0.2792203426361084
Lr: 9.576089289547113e-06, Accum Loss: 0.309536874294281
Lr: 9.57823567289118e-06, Accum Loss: 0.26253801584243774
Lr: 9.580382056235244e-06, Accum Loss: 0.2723514139652252
Lr: 9.58252843957931e-06, Accum Loss: 0.3168271780014038
Lr: 9.584674822923375e-06, Accum Loss: 0.28381848335266113
Lr: 9.58682120626744e-06, Accum Loss: 0.3419714570045471
Lr: 9.588967589611505e-06, Accum Loss: 0.342268168926239
Lr: 9.59111397295557e-06, Accum Loss: 0.3339874744415283
Lr: 9.593260356299636e-06, Accum Loss: 0.35624584555625916
Lr: 9.5954067396437e-06, Accum Loss: 0.28831589221954346
Lr: 9.597553122987767e-06, Accum Loss: 0.30112332105636597
Lr: 9.599699506331831e-06, Accum Loss: 0.40174704790115356
Lr: 9.601845889675898e-06, Accum Loss: 0.3081284761428833
Lr: 9.603992273019962e-06, Accum Loss: 0.35552603006362915
Lr: 9.606138656364027e-06, Accum Loss: 0.27840083837509155
Lr: 9.608285039708093e-06, Accum Loss: 0.24834150075912476
Lr: 9.610431423052157e-06, Accum Loss: 0.35312238335609436
Lr: 9.612577806396222e-06, Accum Loss: 0.26964014768600464
Lr: 9.614724189740288e-06, Accum Loss: 0.33739256858825684
Lr: 9.616870573084354e-06, Accum Loss: 0.29975688457489014
Lr: 9.619016956428419e-06, Accum Loss: 0.33519864082336426
Lr: 9.621163339772485e-06, Accum Loss: 0.33387309312820435
Lr: 9.62330972311655e-06, Accum Loss: 0.3421415090560913
Lr: 9.625456106460614e-06, Accum Loss: 0.2914113700389862
Lr: 9.627602489804679e-06, Accum Loss: 0.3240692615509033
Lr: 9.629748873148745e-06, Accum Loss: 0.31071507930755615
Lr: 9.63189525649281e-06, Accum Loss: 0.3286472260951996
Lr: 9.634041639836876e-06, Accum Loss: 0.33219826221466064
Lr: 9.636188023180942e-06, Accum Loss: 0.32921987771987915
Lr: 9.638334406525006e-06, Accum Loss: 0.3079461455345154
Lr: 9.640480789869071e-06, Accum Loss: 0.27198755741119385
Lr: 9.642627173213137e-06, Accum Loss: 0.2762705683708191
Lr: 9.644773556557202e-06, Accum Loss: 0.296884149312973
Lr: 9.646919939901266e-06, Accum Loss: 0.2879909873008728
Lr: 9.649066323245332e-06, Accum Loss: 0.3059963583946228
Lr: 9.651212706589399e-06, Accum Loss: 0.3601774573326111
Lr: 9.653359089933463e-06, Accum Loss: 0.306770384311676
Lr: 9.655505473277528e-06, Accum Loss: 0.37157416343688965
Lr: 9.657651856621594e-06, Accum Loss: 0.2947120666503906
Lr: 9.659798239965659e-06, Accum Loss: 0.27458226680755615
Lr: 9.661944623309723e-06, Accum Loss: 0.18456357717514038
Lr: 9.66409100665379e-06, Accum Loss: 0.30135947465896606
Lr: 9.666237389997854e-06, Accum Loss: 0.3516314625740051
Lr: 9.66838377334192e-06, Accum Loss: 0.30435264110565186
Lr: 9.670530156685985e-06, Accum Loss: 0.2966849207878113
Lr: 9.67267654003005e-06, Accum Loss: 0.33455967903137207
Lr: 9.674822923374115e-06, Accum Loss: 0.3352012038230896
Lr: 9.67696930671818e-06, Accum Loss: 0.30624133348464966
Lr: 9.679115690062246e-06, Accum Loss: 0.3336803913116455
Lr: 9.68126207340631e-06, Accum Loss: 0.3335977792739868
Lr: 9.683408456750377e-06, Accum Loss: 0.3338407278060913
Lr: 9.685554840094441e-06, Accum Loss: 0.3314152956008911
Lr: 9.687701223438508e-06, Accum Loss: 0.37187620997428894
Lr: 9.689847606782572e-06, Accum Loss: 0.3061758279800415
Lr: 9.691993990126637e-06, Accum Loss: 0.295951247215271
Lr: 9.694140373470703e-06, Accum Loss: 0.3068290650844574
Lr: 9.696286756814767e-06, Accum Loss: 0.2997131049633026
Lr: 9.698433140158832e-06, Accum Loss: 0.3363490402698517
Lr: 9.700579523502898e-06, Accum Loss: 0.3328973948955536
Lr: 9.702725906846964e-06, Accum Loss: 0.29791244864463806
Lr: 9.704872290191029e-06, Accum Loss: 0.27190786600112915
Lr: 9.707018673535095e-06, Accum Loss: 0.30293476581573486
Lr: 9.70916505687916e-06, Accum Loss: 0.3698967695236206
Lr: 9.711311440223224e-06, Accum Loss: 0.36086738109588623
Lr: 9.713457823567289e-06, Accum Loss: 0.2889379858970642
Lr: 9.715604206911355e-06, Accum Loss: 0.3794972896575928
Lr: 9.717750590255421e-06, Accum Loss: 0.3073759377002716
Lr: 9.719896973599486e-06, Accum Loss: 0.3540644645690918
Lr: 9.722043356943552e-06, Accum Loss: 0.2574083209037781
Lr: 9.724189740287616e-06, Accum Loss: 0.30018654465675354
Lr: 9.726336123631681e-06, Accum Loss: 0.273772656917572
Lr: 9.728482506975747e-06, Accum Loss: 0.3600887060165405
Lr: 9.730628890319812e-06, Accum Loss: 0.3631308674812317
Lr: 9.732775273663876e-06, Accum Loss: 0.3951879143714905
Lr: 9.734921657007942e-06, Accum Loss: 0.2860429286956787
Lr: 9.737068040352009e-06, Accum Loss: 0.2879597544670105
Lr: 9.739214423696073e-06, Accum Loss: 0.2869027554988861
Lr: 9.741360807040138e-06, Accum Loss: 0.2844356894493103
Lr: 9.743507190384204e-06, Accum Loss: 0.32892757654190063
Lr: 9.745653573728269e-06, Accum Loss: 0.3217006325721741
Lr: 9.747799957072333e-06, Accum Loss: 0.33192288875579834
Lr: 9.7499463404164e-06, Accum Loss: 0.3091285824775696
Lr: 9.752092723760464e-06, Accum Loss: 0.29418104887008667
Lr: 9.75423910710453e-06, Accum Loss: 0.3434244990348816
Lr: 9.756385490448595e-06, Accum Loss: 0.3324713706970215
Lr: 9.75853187379266e-06, Accum Loss: 0.3297830820083618
Lr: 9.760678257136725e-06, Accum Loss: 0.34881824254989624
Lr: 9.76282464048079e-06, Accum Loss: 0.30056053400039673
Lr: 9.764971023824856e-06, Accum Loss: 0.3280792832374573
Lr: 9.76711740716892e-06, Accum Loss: 0.30571144819259644
Lr: 9.769263790512987e-06, Accum Loss: 0.3163115978240967
Lr: 9.771410173857051e-06, Accum Loss: 0.3207606077194214
Lr: 9.773556557201118e-06, Accum Loss: 0.3367610573768616
Lr: 9.775702940545182e-06, Accum Loss: 0.2966017723083496
Lr: 9.777849323889247e-06, Accum Loss: 0.3305813670158386
Lr: 9.779995707233313e-06, Accum Loss: 0.3326227068901062
Lr: 9.782142090577377e-06, Accum Loss: 0.36404210329055786
Lr: 9.784288473921444e-06, Accum Loss: 0.3344217538833618
Lr: 9.786434857265508e-06, Accum Loss: 0.3173341155052185
Lr: 9.788581240609574e-06, Accum Loss: 0.3074016571044922
Lr: 9.790727623953639e-06, Accum Loss: 0.33057132363319397
Lr: 9.792874007297705e-06, Accum Loss: 0.3513672351837158
Lr: 9.79502039064177e-06, Accum Loss: 0.37367773056030273
Lr: 9.797166773985834e-06, Accum Loss: 0.25502628087997437
Lr: 9.799313157329899e-06, Accum Loss: 0.3266870975494385
Lr: 9.801459540673965e-06, Accum Loss: 0.33316367864608765
Lr: 9.803605924018031e-06, Accum Loss: 0.3077930212020874
Lr: 9.805752307362096e-06, Accum Loss: 0.3190160393714905
Lr: 9.807898690706162e-06, Accum Loss: 0.32507070899009705
Lr: 9.810045074050226e-06, Accum Loss: 0.3482525944709778
Lr: 9.812191457394291e-06, Accum Loss: 0.2806876301765442
Lr: 9.814337840738357e-06, Accum Loss: 0.2788258194923401
Lr: 9.816484224082422e-06, Accum Loss: 0.3383933901786804
Lr: 9.818630607426486e-06, Accum Loss: 0.2842586636543274
Lr: 9.820776990770552e-06, Accum Loss: 0.33261287212371826
Lr: 9.822923374114619e-06, Accum Loss: 0.36467498540878296
Lr: 9.825069757458683e-06, Accum Loss: 0.31970179080963135
Lr: 9.827216140802748e-06, Accum Loss: 0.3634767532348633
Lr: 9.829362524146814e-06, Accum Loss: 0.27955931425094604
Lr: 9.831508907490878e-06, Accum Loss: 0.3416004478931427
Lr: 9.833655290834943e-06, Accum Loss: 0.2962804436683655
Lr: 9.83580167417901e-06, Accum Loss: 0.30951088666915894
Lr: 9.837948057523074e-06, Accum Loss: 0.30153292417526245
Lr: 9.84009444086714e-06, Accum Loss: 0.34577035903930664
Lr: 9.842240824211205e-06, Accum Loss: 0.3791288733482361
Lr: 9.84438720755527e-06, Accum Loss: 0.2985038161277771
Lr: 9.846533590899335e-06, Accum Loss: 0.3254595398902893
Lr: 9.8486799742434e-06, Accum Loss: 0.31193798780441284
Lr: 9.850826357587466e-06, Accum Loss: 0.3363761305809021
Lr: 9.85297274093153e-06, Accum Loss: 0.32070451974868774
Lr: 9.855119124275597e-06, Accum Loss: 0.3244013786315918
Lr: 9.857265507619661e-06, Accum Loss: 0.3597322106361389
Lr: 9.859411890963728e-06, Accum Loss: 0.2956584393978119
Lr: 9.861558274307792e-06, Accum Loss: 0.30188989639282227
Lr: 9.863704657651857e-06, Accum Loss: 0.34869349002838135
Lr: 9.865851040995923e-06, Accum Loss: 0.3102043569087982
Lr: 9.867997424339987e-06, Accum Loss: 0.29205358028411865
Lr: 9.870143807684054e-06, Accum Loss: 0.334786593914032
Lr: 9.872290191028118e-06, Accum Loss: 0.3509909510612488
Lr: 9.874436574372184e-06, Accum Loss: 0.36259669065475464
Lr: 9.876582957716249e-06, Accum Loss: 0.33220934867858887
Lr: 9.878729341060315e-06, Accum Loss: 0.3292425572872162
Lr: 9.88087572440438e-06, Accum Loss: 0.30538052320480347
Lr: 9.883022107748444e-06, Accum Loss: 0.3490883708000183
Lr: 9.885168491092509e-06, Accum Loss: 0.27418252825737
Lr: 9.887314874436575e-06, Accum Loss: 0.2906913757324219
Lr: 9.889461257780641e-06, Accum Loss: 0.4424768388271332
Lr: 9.891607641124706e-06, Accum Loss: 0.3030790090560913
Lr: 9.893754024468772e-06, Accum Loss: 0.32705453038215637
Lr: 9.895900407812836e-06, Accum Loss: 0.2599441409111023
Lr: 9.898046791156901e-06, Accum Loss: 0.3218660056591034
Lr: 9.900193174500967e-06, Accum Loss: 0.2827885150909424
Lr: 9.902339557845032e-06, Accum Loss: 0.3146743178367615
Lr: 9.904485941189096e-06, Accum Loss: 0.30510762333869934
Lr: 9.906632324533162e-06, Accum Loss: 0.3228496313095093
Lr: 9.908778707877229e-06, Accum Loss: 0.3043528199195862
Lr: 9.910925091221293e-06, Accum Loss: 0.3317478895187378
Lr: 9.913071474565358e-06, Accum Loss: 0.3121434450149536
Lr: 9.915217857909424e-06, Accum Loss: 0.3380379378795624
Lr: 9.917364241253488e-06, Accum Loss: 0.3391546607017517
Lr: 9.919510624597553e-06, Accum Loss: 0.36570364236831665
Lr: 9.92165700794162e-06, Accum Loss: 0.2695903778076172
Lr: 9.923803391285684e-06, Accum Loss: 0.3141385316848755
Lr: 9.92594977462975e-06, Accum Loss: 0.3102306127548218
Lr: 9.928096157973815e-06, Accum Loss: 0.3549438714981079
Lr: 9.93024254131788e-06, Accum Loss: 0.3632410168647766
Lr: 9.932388924661945e-06, Accum Loss: 0.31607693433761597
Lr: 9.93453530800601e-06, Accum Loss: 0.38694682717323303
Lr: 9.936681691350076e-06, Accum Loss: 0.35117107629776
Lr: 9.93882807469414e-06, Accum Loss: 0.3189765214920044
Lr: 9.940974458038207e-06, Accum Loss: 0.29734811186790466
Lr: 9.943120841382273e-06, Accum Loss: 0.3291170001029968
Lr: 9.945267224726338e-06, Accum Loss: 0.3358305096626282
Lr: 9.947413608070402e-06, Accum Loss: 0.3016052842140198
Lr: 9.949559991414467e-06, Accum Loss: 0.3074071407318115
Lr: 9.951706374758533e-06, Accum Loss: 0.3386783003807068
Lr: 9.953852758102597e-06, Accum Loss: 0.29224228858947754
Lr: 9.955999141446664e-06, Accum Loss: 0.2991344928741455
Lr: 9.958145524790728e-06, Accum Loss: 0.31597864627838135
Lr: 9.960291908134794e-06, Accum Loss: 0.24778962135314941
Lr: 9.962438291478859e-06, Accum Loss: 0.34780627489089966
Lr: 9.964584674822925e-06, Accum Loss: 0.30909258127212524
Lr: 9.96673105816699e-06, Accum Loss: 0.32847702503204346
Lr: 9.968877441511054e-06, Accum Loss: 0.25524115562438965
Lr: 9.971023824855119e-06, Accum Loss: 0.3052542209625244
Lr: 9.973170208199185e-06, Accum Loss: 0.3199010491371155
Lr: 9.975316591543251e-06, Accum Loss: 0.21057206392288208
Lr: 9.977462974887316e-06, Accum Loss: 0.37180304527282715
Lr: 9.979609358231382e-06, Accum Loss: 0.2230963110923767
Lr: 9.981755741575446e-06, Accum Loss: 0.3332412838935852
Lr: 9.983902124919511e-06, Accum Loss: 0.28007346391677856
Lr: 9.986048508263577e-06, Accum Loss: 0.2825118899345398
Lr: 9.988194891607642e-06, Accum Loss: 0.3069797158241272
Lr: 9.990341274951706e-06, Accum Loss: 0.325764000415802
Lr: 9.992487658295772e-06, Accum Loss: 0.356833279132843
Lr: 9.994634041639839e-06, Accum Loss: 0.36008352041244507
Lr: 9.996780424983903e-06, Accum Loss: 0.30786627531051636
Lr: 9.998926808327968e-06, Accum Loss: 0.32578524947166443
Epoch: 0|3: Train Loss (Epoch Mean): 1.1399761656945702
Epoch: 0|3: Val Loss: 0.32302095655662316
Saving checkpoint at epoch 0 to output/nl27k_baseline_tc/model_name_pt_llm_llm_model_name_7b_chat_llm_frozen_True_max_txt_len_0_max_new_tokens_32_gnn_model_name_gt_patience_2_num_epochs_3_seed0_checkpoint_best.pth.
Epoch 0 Val Loss 0.32302095655662316 Best Val Loss 0.32302095655662316 Best Epoch 0
Lr: 9.999999964477433e-06, Accum Loss: 0.29298776388168335
Lr: 9.999999680296895e-06, Accum Loss: 0.2858678698539734
Lr: 9.999999111935851e-06, Accum Loss: 0.2715910077095032
Lr: 9.999998259394369e-06, Accum Loss: 0.3091638684272766
Lr: 9.99999712267254e-06, Accum Loss: 0.26747405529022217
Lr: 9.999995701770499e-06, Accum Loss: 0.3066900372505188
Lr: 9.999993996688404e-06, Accum Loss: 0.4067952334880829
Lr: 9.99999200742645e-06, Accum Loss: 0.29308706521987915
Lr: 9.999989733984863e-06, Accum Loss: 0.33717185258865356
Lr: 9.9999871763639e-06, Accum Loss: 0.31926852464675903
Lr: 9.999984334563854e-06, Accum Loss: 0.2620435953140259
Lr: 9.999981208585045e-06, Accum Loss: 0.33612263202667236
Lr: 9.999977798427833e-06, Accum Loss: 0.31416600942611694
Lr: 9.999974104092602e-06, Accum Loss: 0.2694185972213745
Lr: 9.999970125579774e-06, Accum Loss: 0.3027680516242981
Lr: 9.999965862889799e-06, Accum Loss: 0.3071991801261902
Lr: 9.999961316023164e-06, Accum Loss: 0.3586307764053345
Lr: 9.999956484980383e-06, Accum Loss: 0.34991490840911865
Lr: 9.999951369762008e-06, Accum Loss: 0.28502410650253296
Lr: 9.999945970368619e-06, Accum Loss: 0.3234948515892029
Lr: 9.999940286800828e-06, Accum Loss: 0.3316052556037903
Lr: 9.999934319059285e-06, Accum Loss: 0.27575600147247314
Lr: 9.999928067144666e-06, Accum Loss: 0.33757826685905457
Lr: 9.999921531057684e-06, Accum Loss: 0.3062353730201721
Lr: 9.999914710799079e-06, Accum Loss: 0.39157283306121826
Lr: 9.999907606369626e-06, Accum Loss: 0.301565945148468
Lr: 9.999900217770133e-06, Accum Loss: 0.3416569232940674
Lr: 9.999892545001444e-06, Accum Loss: 0.3291100263595581
Lr: 9.999884588064426e-06, Accum Loss: 0.31788092851638794
Lr: 9.999876346959986e-06, Accum Loss: 0.29119211435317993
Lr: 9.999867821689061e-06, Accum Loss: 0.2990111708641052
Lr: 9.99985901225262e-06, Accum Loss: 0.2573357820510864
Lr: 9.999849918651661e-06, Accum Loss: 0.3378213047981262
Lr: 9.999840540887222e-06, Accum Loss: 0.34864699840545654
Lr: 9.999830878960366e-06, Accum Loss: 0.34709763526916504
Lr: 9.999820932872195e-06, Accum Loss: 0.32474327087402344
Lr: 9.999810702623834e-06, Accum Loss: 0.3161879777908325
Lr: 9.999800188216452e-06, Accum Loss: 0.30905312299728394
Lr: 9.999789389651241e-06, Accum Loss: 0.36263537406921387
Lr: 9.999778306929427e-06, Accum Loss: 0.3045222759246826
Lr: 9.999766940052275e-06, Accum Loss: 0.302282452583313
Lr: 9.999755289021071e-06, Accum Loss: 0.32194650173187256
Lr: 9.999743353837144e-06, Accum Loss: 0.2633405327796936
Lr: 9.999731134501847e-06, Accum Loss: 0.22629320621490479
Lr: 9.999718631016572e-06, Accum Loss: 0.29508745670318604
Lr: 9.999705843382739e-06, Accum Loss: 0.3052642345428467
Lr: 9.999692771601802e-06, Accum Loss: 0.3105229139328003
Lr: 9.999679415675247e-06, Accum Loss: 0.3263438940048218
Lr: 9.99966577560459e-06, Accum Loss: 0.30399394035339355
Lr: 9.999651851391385e-06, Accum Loss: 0.2867205739021301
Lr: 9.999637643037211e-06, Accum Loss: 0.3744264245033264
Lr: 9.999623150543689e-06, Accum Loss: 0.3550853729248047
Lr: 9.999608373912461e-06, Accum Loss: 0.34353935718536377
Lr: 9.999593313145207e-06, Accum Loss: 0.3276013731956482
Lr: 9.999577968243642e-06, Accum Loss: 0.3775489330291748
Lr: 9.999562339209507e-06, Accum Loss: 0.30926698446273804
Lr: 9.999546426044583e-06, Accum Loss: 0.3519219756126404
Lr: 9.999530228750673e-06, Accum Loss: 0.32218408584594727
Lr: 9.999513747329623e-06, Accum Loss: 0.3047868013381958
Lr: 9.999496981783303e-06, Accum Loss: 0.30718475580215454
Lr: 9.999479932113623e-06, Accum Loss: 0.3298417329788208
Lr: 9.999462598322516e-06, Accum Loss: 0.3286275267601013
Lr: 9.999444980411957e-06, Accum Loss: 0.31337103247642517
Lr: 9.999427078383946e-06, Accum Loss: 0.30405938625335693
Lr: 9.999408892240518e-06, Accum Loss: 0.3183048963546753
Lr: 9.999390421983741e-06, Accum Loss: 0.3209229111671448
Lr: 9.999371667615714e-06, Accum Loss: 0.3480299115180969
Lr: 9.999352629138572e-06, Accum Loss: 0.3408973217010498
Lr: 9.999333306554474e-06, Accum Loss: 0.31623727083206177
Lr: 9.99931369986562e-06, Accum Loss: 0.25180819630622864
Lr: 9.999293809074237e-06, Accum Loss: 0.3184746503829956
Lr: 9.999273634182586e-06, Accum Loss: 0.2960473895072937
Lr: 9.999253175192962e-06, Accum Loss: 0.365949422121048
Lr: 9.999232432107688e-06, Accum Loss: 0.308788537979126
Lr: 9.999211404929126e-06, Accum Loss: 0.24117881059646606
Lr: 9.999190093659662e-06, Accum Loss: 0.2549571394920349
Lr: 9.99916849830172e-06, Accum Loss: 0.3429049849510193
Lr: 9.999146618857755e-06, Accum Loss: 0.30758053064346313
Lr: 9.999124455330255e-06, Accum Loss: 0.3907126784324646
Lr: 9.999102007721738e-06, Accum Loss: 0.3353149890899658
Lr: 9.999079276034756e-06, Accum Loss: 0.2576846182346344
Lr: 9.999056260271893e-06, Accum Loss: 0.36747705936431885
Lr: 9.999032960435764e-06, Accum Loss: 0.3837054371833801
Lr: 9.99900937652902e-06, Accum Loss: 0.30244314670562744
Lr: 9.998985508554342e-06, Accum Loss: 0.35005271434783936
Lr: 9.99896135651444e-06, Accum Loss: 0.33771491050720215
Lr: 9.998936920412062e-06, Accum Loss: 0.3403649628162384
Lr: 9.998912200249986e-06, Accum Loss: 0.3125646114349365
Lr: 9.998887196031018e-06, Accum Loss: 0.304723858833313
Lr: 9.998861907758006e-06, Accum Loss: 0.2996877431869507
Lr: 9.99883633543382e-06, Accum Loss: 0.31426507234573364
Lr: 9.99881047906137e-06, Accum Loss: 0.2979515790939331
Lr: 9.998784338643592e-06, Accum Loss: 0.3821738362312317
Lr: 9.998757914183462e-06, Accum Loss: 0.33211731910705566
Lr: 9.998731205683978e-06, Accum Loss: 0.3145723342895508
Lr: 9.998704213148181e-06, Accum Loss: 0.3583739995956421
Lr: 9.998676936579137e-06, Accum Loss: 0.3604368567466736
Lr: 9.998649375979948e-06, Accum Loss: 0.31333789229393005
Lr: 9.998621531353743e-06, Accum Loss: 0.35681450366973877
Lr: 9.998593402703692e-06, Accum Loss: 0.36039942502975464
Lr: 9.99856499003299e-06, Accum Loss: 0.264678955078125
Lr: 9.998536293344866e-06, Accum Loss: 0.28317439556121826
Lr: 9.998507312642585e-06, Accum Loss: 0.29613155126571655
Lr: 9.998478047929438e-06, Accum Loss: 0.2849615216255188
Lr: 9.998448499208754e-06, Accum Loss: 0.4034063220024109
Lr: 9.998418666483888e-06, Accum Loss: 0.3353126049041748
Lr: 9.998388549758238e-06, Accum Loss: 0.3037930130958557
Lr: 9.998358149035221e-06, Accum Loss: 0.3080400824546814
Lr: 9.998327464318296e-06, Accum Loss: 0.31863826513290405
Lr: 9.998296495610949e-06, Accum Loss: 0.30232322216033936
Lr: 9.998265242916703e-06, Accum Loss: 0.321320116519928
Lr: 9.99823370623911e-06, Accum Loss: 0.30630946159362793
Lr: 9.99820188558175e-06, Accum Loss: 0.3633979558944702
Lr: 9.998169780948247e-06, Accum Loss: 0.2721155285835266
Lr: 9.998137392342247e-06, Accum Loss: 0.3269793391227722
Lr: 9.998104719767432e-06, Accum Loss: 0.3101312518119812
Lr: 9.998071763227517e-06, Accum Loss: 0.30828917026519775
Lr: 9.998038522726245e-06, Accum Loss: 0.30509382486343384
Lr: 9.998004998267398e-06, Accum Loss: 0.35803401470184326
Lr: 9.997971189854785e-06, Accum Loss: 0.2714303731918335
Lr: 9.99793709749225e-06, Accum Loss: 0.3001628518104553
Lr: 9.997902721183669e-06, Accum Loss: 0.2859681248664856
Lr: 9.997868060932947e-06, Accum Loss: 0.2933639883995056
Lr: 9.997833116744027e-06, Accum Loss: 0.33687424659729004
Lr: 9.997797888620879e-06, Accum Loss: 0.33710646629333496
Lr: 9.997762376567508e-06, Accum Loss: 0.32837122678756714
Lr: 9.997726580587951e-06, Accum Loss: 0.3817663788795471
Lr: 9.997690500686278e-06, Accum Loss: 0.27927276492118835
Lr: 9.997654136866587e-06, Accum Loss: 0.29066145420074463
Lr: 9.997617489133016e-06, Accum Loss: 0.34459686279296875
Lr: 9.997580557489728e-06, Accum Loss: 0.2832269072532654
Lr: 9.99754334194092e-06, Accum Loss: 0.24550986289978027
Lr: 9.997505842490827e-06, Accum Loss: 0.2627111077308655
Lr: 9.997468059143707e-06, Accum Loss: 0.30544835329055786
Lr: 9.997429991903858e-06, Accum Loss: 0.2809761166572571
Lr: 9.997391640775606e-06, Accum Loss: 0.2844671607017517
Lr: 9.997353005763309e-06, Accum Loss: 0.37732869386672974
Lr: 9.997314086871359e-06, Accum Loss: 0.2977468967437744
Lr: 9.997274884104183e-06, Accum Loss: 0.2935716509819031
Lr: 9.997235397466235e-06, Accum Loss: 0.35185950994491577
Lr: 9.997195626962003e-06, Accum Loss: 0.3229711055755615
Lr: 9.997155572596009e-06, Accum Loss: 0.3630121648311615
Lr: 9.997115234372804e-06, Accum Loss: 0.29916656017303467
Lr: 9.997074612296978e-06, Accum Loss: 0.33086949586868286
Lr: 9.997033706373145e-06, Accum Loss: 0.3025692105293274
Lr: 9.996992516605954e-06, Accum Loss: 0.3299620747566223
Lr: 9.99695104300009e-06, Accum Loss: 0.3619421422481537
Lr: 9.996909285560265e-06, Accum Loss: 0.30444565415382385
Lr: 9.996867244291228e-06, Accum Loss: 0.29146242141723633
Lr: 9.996824919197757e-06, Accum Loss: 0.3343997597694397
Lr: 9.996782310284662e-06, Accum Loss: 0.37130218744277954
Lr: 9.996739417556786e-06, Accum Loss: 0.28251877427101135
Lr: 9.996696241019006e-06, Accum Loss: 0.30963775515556335
Lr: 9.996652780676231e-06, Accum Loss: 0.32840004563331604
Lr: 9.9966090365334e-06, Accum Loss: 0.3368226885795593
Lr: 9.996565008595486e-06, Accum Loss: 0.33564889430999756
Lr: 9.996520696867493e-06, Accum Loss: 0.28821325302124023
Lr: 9.996476101354459e-06, Accum Loss: 0.3308795094490051
Lr: 9.99643122206145e-06, Accum Loss: 0.3267554044723511
Lr: 9.996386058993574e-06, Accum Loss: 0.30343177914619446
Lr: 9.99634061215596e-06, Accum Loss: 0.2549300789833069
Lr: 9.996294881553773e-06, Accum Loss: 0.39674293994903564
Lr: 9.996248867192215e-06, Accum Loss: 0.3121715784072876
Lr: 9.996202569076515e-06, Accum Loss: 0.3694532513618469
Lr: 9.996155987211936e-06, Accum Loss: 0.2641589045524597
Lr: 9.996109121603772e-06, Accum Loss: 0.3152490258216858
Lr: 9.996061972257352e-06, Accum Loss: 0.3260576128959656
Lr: 9.996014539178034e-06, Accum Loss: 0.30909740924835205
Lr: 9.995966822371211e-06, Accum Loss: 0.3490322232246399
Lr: 9.995918821842306e-06, Accum Loss: 0.3132290244102478
Lr: 9.995870537596777e-06, Accum Loss: 0.28484344482421875
Lr: 9.99582196964011e-06, Accum Loss: 0.28491997718811035
Lr: 9.995773117977827e-06, Accum Loss: 0.27740442752838135
Lr: 9.995723982615481e-06, Accum Loss: 0.3267005681991577
Lr: 9.995674563558659e-06, Accum Loss: 0.32458847761154175
Lr: 9.995624860812978e-06, Accum Loss: 0.3184102177619934
Lr: 9.995574874384087e-06, Accum Loss: 0.30665791034698486
Lr: 9.995524604277667e-06, Accum Loss: 0.3660598695278168
Lr: 9.995474050499432e-06, Accum Loss: 0.2887992262840271
Lr: 9.995423213055133e-06, Accum Loss: 0.3266826868057251
Lr: 9.995372091950545e-06, Accum Loss: 0.32482481002807617
Lr: 9.99532068719148e-06, Accum Loss: 0.32022935152053833
Lr: 9.99526899878378e-06, Accum Loss: 0.2949329614639282
Lr: 9.995217026733324e-06, Accum Loss: 0.2685558795928955
Lr: 9.995164771046015e-06, Accum Loss: 0.31473690271377563
Lr: 9.995112231727797e-06, Accum Loss: 0.28383731842041016
Lr: 9.99505940878464e-06, Accum Loss: 0.36540722846984863
Lr: 9.99500630222255e-06, Accum Loss: 0.25027722120285034
Lr: 9.994952912047563e-06, Accum Loss: 0.30528825521469116
Lr: 9.994899238265747e-06, Accum Loss: 0.3278138041496277
Lr: 9.994845280883204e-06, Accum Loss: 0.363176167011261
Lr: 9.99479103990607e-06, Accum Loss: 0.38008183240890503
Lr: 9.994736515340506e-06, Accum Loss: 0.32931268215179443
Lr: 9.994681707192713e-06, Accum Loss: 0.33428245782852173
Lr: 9.994626615468922e-06, Accum Loss: 0.29720306396484375
Lr: 9.994571240175392e-06, Accum Loss: 0.2611737847328186
Lr: 9.99451558131842e-06, Accum Loss: 0.3209482431411743
Lr: 9.994459638904333e-06, Accum Loss: 0.27118349075317383
Lr: 9.994403412939489e-06, Accum Loss: 0.3271039128303528
Lr: 9.99434690343028e-06, Accum Loss: 0.3741424083709717
Lr: 9.994290110383127e-06, Accum Loss: 0.30409473180770874
Lr: 9.994233033804492e-06, Accum Loss: 0.31144100427627563
Lr: 9.994175673700856e-06, Accum Loss: 0.2871992588043213
Lr: 9.994118030078745e-06, Accum Loss: 0.3614557385444641
Lr: 9.994060102944707e-06, Accum Loss: 0.28793203830718994
Lr: 9.994001892305329e-06, Accum Loss: 0.30642908811569214
Lr: 9.993943398167227e-06, Accum Loss: 0.27334362268447876
Lr: 9.993884620537053e-06, Accum Loss: 0.3041459321975708
Lr: 9.993825559421484e-06, Accum Loss: 0.2989956736564636
Lr: 9.993766214827236e-06, Accum Loss: 0.32598602771759033
Lr: 9.993706586761056e-06, Accum Loss: 0.27092432975769043
Lr: 9.993646675229718e-06, Accum Loss: 0.3094193935394287
Lr: 9.993586480240036e-06, Accum Loss: 0.2644369602203369
Lr: 9.993526001798852e-06, Accum Loss: 0.26067864894866943
Lr: 9.993465239913039e-06, Accum Loss: 0.3444625735282898
Lr: 9.993404194589505e-06, Accum Loss: 0.30037617683410645
Lr: 9.993342865835191e-06, Accum Loss: 0.29245591163635254
Lr: 9.993281253657065e-06, Accum Loss: 0.2897462844848633
Lr: 9.993219358062131e-06, Accum Loss: 0.28049951791763306
Lr: 9.993157179057429e-06, Accum Loss: 0.2830768823623657
Lr: 9.99309471665002e-06, Accum Loss: 0.34410732984542847
Lr: 9.993031970847011e-06, Accum Loss: 0.26779210567474365
Lr: 9.992968941655531e-06, Accum Loss: 0.29775846004486084
Lr: 9.992905629082746e-06, Accum Loss: 0.32709750533103943
Lr: 9.992842033135851e-06, Accum Loss: 0.3024006485939026
Lr: 9.992778153822078e-06, Accum Loss: 0.2734226584434509
Lr: 9.992713991148684e-06, Accum Loss: 0.31355541944503784
Lr: 9.992649545122967e-06, Accum Loss: 0.3126407861709595
Lr: 9.99258481575225e-06, Accum Loss: 0.2602505683898926
Lr: 9.992519803043892e-06, Accum Loss: 0.3063872456550598
Lr: 9.992454507005283e-06, Accum Loss: 0.32964959740638733
Lr: 9.992388927643846e-06, Accum Loss: 0.2560768723487854
Lr: 9.992323064967033e-06, Accum Loss: 0.3015264868736267
Lr: 9.992256918982334e-06, Accum Loss: 0.3167183995246887
Lr: 9.992190489697267e-06, Accum Loss: 0.331474244594574
Lr: 9.992123777119381e-06, Accum Loss: 0.33874034881591797
Lr: 9.992056781256262e-06, Accum Loss: 0.2536841034889221
Lr: 9.991989502115524e-06, Accum Loss: 0.36356139183044434
Lr: 9.991921939704815e-06, Accum Loss: 0.3242988586425781
Lr: 9.991854094031817e-06, Accum Loss: 0.35832762718200684
Lr: 9.991785965104238e-06, Accum Loss: 0.2908230423927307
Lr: 9.991717552929828e-06, Accum Loss: 0.3096323609352112
Lr: 9.991648857516358e-06, Accum Loss: 0.24869555234909058
Lr: 9.991579878871642e-06, Accum Loss: 0.37873876094818115
Lr: 9.991510617003517e-06, Accum Loss: 0.31612902879714966
Lr: 9.991441071919856e-06, Accum Loss: 0.32843875885009766
Lr: 9.991371243628566e-06, Accum Loss: 0.34858930110931396
Lr: 9.991301132137583e-06, Accum Loss: 0.368043452501297
Lr: 9.991230737454879e-06, Accum Loss: 0.3606879711151123
Lr: 9.991160059588457e-06, Accum Loss: 0.3062400817871094
Lr: 9.991089098546347e-06, Accum Loss: 0.2638726234436035
Lr: 9.991017854336617e-06, Accum Loss: 0.3061792850494385
Lr: 9.990946326967368e-06, Accum Loss: 0.2850677967071533
Lr: 9.990874516446725e-06, Accum Loss: 0.4023118019104004
Lr: 9.990802422782856e-06, Accum Loss: 0.33496785163879395
Lr: 9.990730045983953e-06, Accum Loss: 0.37324875593185425
Lr: 9.990657386058245e-06, Accum Loss: 0.2935411334037781
Lr: 9.990584443013995e-06, Accum Loss: 0.2838892340660095
Lr: 9.990511216859485e-06, Accum Loss: 0.3495331406593323
Lr: 9.990437707603048e-06, Accum Loss: 0.346749484539032
Lr: 9.990363915253036e-06, Accum Loss: 0.2943316102027893
Lr: 9.990289839817834e-06, Accum Loss: 0.3193543553352356
Lr: 9.99021548130587e-06, Accum Loss: 0.3063104748725891
Lr: 9.99014083972559e-06, Accum Loss: 0.323839008808136
Lr: 9.99006591508548e-06, Accum Loss: 0.34526586532592773
Lr: 9.98999070739406e-06, Accum Loss: 0.3446864187717438
Lr: 9.989915216659876e-06, Accum Loss: 0.3130977153778076
Lr: 9.989839442891509e-06, Accum Loss: 0.32052773237228394
Lr: 9.989763386097576e-06, Accum Loss: 0.24715787172317505
Lr: 9.989687046286716e-06, Accum Loss: 0.28865212202072144
Lr: 9.989610423467614e-06, Accum Loss: 0.373537540435791
Lr: 9.989533517648976e-06, Accum Loss: 0.26501262187957764
Lr: 9.989456328839543e-06, Accum Loss: 0.2262229323387146
Lr: 9.989378857048091e-06, Accum Loss: 0.34735071659088135
Lr: 9.989301102283428e-06, Accum Loss: 0.2987167239189148
Lr: 9.989223064554389e-06, Accum Loss: 0.2763420343399048
Lr: 9.989144743869848e-06, Accum Loss: 0.35854655504226685
Lr: 9.989066140238706e-06, Accum Loss: 0.41546571254730225
Lr: 9.988987253669898e-06, Accum Loss: 0.34310150146484375
Lr: 9.988908084172392e-06, Accum Loss: 0.41265833377838135
Lr: 9.988828631755185e-06, Accum Loss: 0.31576597690582275
Lr: 9.988748896427314e-06, Accum Loss: 0.2923336625099182
Lr: 9.988668878197836e-06, Accum Loss: 0.3202953636646271
Lr: 9.988588577075851e-06, Accum Loss: 0.3112751245498657
Lr: 9.988507993070487e-06, Accum Loss: 0.3472633361816406
Lr: 9.988427126190902e-06, Accum Loss: 0.3149714469909668
Lr: 9.98834597644629e-06, Accum Loss: 0.3221279978752136
Lr: 9.988264543845875e-06, Accum Loss: 0.24038851261138916
Lr: 9.988182828398915e-06, Accum Loss: 0.28996366262435913
Lr: 9.988100830114694e-06, Accum Loss: 0.334565132856369
Lr: 9.98801854900254e-06, Accum Loss: 0.3142060935497284
Lr: 9.987935985071801e-06, Accum Loss: 0.36182355880737305
Lr: 9.987853138331862e-06, Accum Loss: 0.35018736124038696
Lr: 9.987770008792145e-06, Accum Loss: 0.33899757266044617
Lr: 9.987686596462096e-06, Accum Loss: 0.3117066025733948
Lr: 9.987602901351196e-06, Accum Loss: 0.2514054477214813
Lr: 9.987518923468961e-06, Accum Loss: 0.2891663610935211
Lr: 9.987434662824936e-06, Accum Loss: 0.35073843598365784
Lr: 9.987350119428696e-06, Accum Loss: 0.28427138924598694
Lr: 9.987265293289858e-06, Accum Loss: 0.3374432325363159
Lr: 9.98718018441806e-06, Accum Loss: 0.2873290181159973
Lr: 9.987094792822976e-06, Accum Loss: 0.30716896057128906
Lr: 9.987009118514315e-06, Accum Loss: 0.30847856402397156
Lr: 9.986923161501814e-06, Accum Loss: 0.32381725311279297
Lr: 9.986836921795246e-06, Accum Loss: 0.300353467464447
Lr: 9.986750399404409e-06, Accum Loss: 0.291964054107666
Lr: 9.986663594339146e-06, Accum Loss: 0.3249686360359192
Lr: 9.986576506609316e-06, Accum Loss: 0.2940301299095154
Lr: 9.986489136224826e-06, Accum Loss: 0.3251573443412781
Lr: 9.986401483195602e-06, Accum Loss: 0.29396921396255493
Lr: 9.986313547531611e-06, Accum Loss: 0.2856651246547699
Lr: 9.986225329242846e-06, Accum Loss: 0.2555462121963501
Lr: 9.98613682833934e-06, Accum Loss: 0.32820868492126465
Lr: 9.986048044831147e-06, Accum Loss: 0.2892001271247864
Lr: 9.985958978728363e-06, Accum Loss: 0.26939570903778076
Lr: 9.985869630041111e-06, Accum Loss: 0.2634013891220093
Lr: 9.985779998779548e-06, Accum Loss: 0.26974499225616455
Lr: 9.985690084953863e-06, Accum Loss: 0.3609834313392639
Lr: 9.985599888574276e-06, Accum Loss: 0.26844000816345215
Lr: 9.98550940965104e-06, Accum Loss: 0.2909044027328491
Lr: 9.98541864819444e-06, Accum Loss: 0.3603931665420532
Lr: 9.98532760421479e-06, Accum Loss: 0.3373737335205078
Lr: 9.985236277722444e-06, Accum Loss: 0.2897337079048157
Lr: 9.985144668727783e-06, Accum Loss: 0.2792302370071411
Lr: 9.985052777241218e-06, Accum Loss: 0.22723251581192017
Lr: 9.984960603273193e-06, Accum Loss: 0.2902035117149353
Lr: 9.98486814683419e-06, Accum Loss: 0.3197717070579529
Lr: 9.984775407934718e-06, Accum Loss: 0.2440800666809082
Lr: 9.984682386585316e-06, Accum Loss: 0.26941996812820435
Lr: 9.984589082796558e-06, Accum Loss: 0.3392413854598999
Lr: 9.984495496579053e-06, Accum Loss: 0.25513210892677307
Lr: 9.984401627943435e-06, Accum Loss: 0.31203508377075195
Lr: 9.98430747690038e-06, Accum Loss: 0.286476731300354
Lr: 9.984213043460587e-06, Accum Loss: 0.2996746301651001
Lr: 9.984118327634791e-06, Accum Loss: 0.32505831122398376
Lr: 9.984023329433757e-06, Accum Loss: 0.36055153608322144
Lr: 9.983928048868283e-06, Accum Loss: 0.308036744594574
Lr: 9.983832485949204e-06, Accum Loss: 0.3509124219417572
Lr: 9.98373664068738e-06, Accum Loss: 0.3188316226005554
Lr: 9.983640513093708e-06, Accum Loss: 0.3097289800643921
Lr: 9.983544103179112e-06, Accum Loss: 0.27521681785583496
Lr: 9.983447410954552e-06, Accum Loss: 0.2873970866203308
Lr: 9.98335043643102e-06, Accum Loss: 0.23605328798294067
Lr: 9.98325317961954e-06, Accum Loss: 0.26408112049102783
Lr: 9.983155640531166e-06, Accum Loss: 0.3027988374233246
Lr: 9.983057819176986e-06, Accum Loss: 0.3643788695335388
Lr: 9.98295971556812e-06, Accum Loss: 0.29960185289382935
Lr: 9.982861329715719e-06, Accum Loss: 0.35085630416870117
Lr: 9.982762661630967e-06, Accum Loss: 0.381614089012146
Lr: 9.98266371132508e-06, Accum Loss: 0.37297719717025757
Lr: 9.982564478809304e-06, Accum Loss: 0.31089848279953003
Lr: 9.982464964094923e-06, Accum Loss: 0.24506497383117676
Lr: 9.982365167193247e-06, Accum Loss: 0.2647789716720581
Lr: 9.982265088115616e-06, Accum Loss: 0.31343168020248413
Lr: 9.982164726873415e-06, Accum Loss: 0.2533259987831116
Lr: 9.982064083478043e-06, Accum Loss: 0.3579699993133545
Lr: 9.981963157940947e-06, Accum Loss: 0.2791692018508911
Lr: 9.981861950273599e-06, Accum Loss: 0.3143160939216614
Lr: 9.981760460487499e-06, Accum Loss: 0.2967228293418884
Lr: 9.981658688594186e-06, Accum Loss: 0.3274540305137634
Lr: 9.98155663460523e-06, Accum Loss: 0.316012978553772
Lr: 9.98145429853223e-06, Accum Loss: 0.26798999309539795
Lr: 9.98135168038682e-06, Accum Loss: 0.2954220175743103
Lr: 9.981248780180663e-06, Accum Loss: 0.33080995082855225
Lr: 9.981145597925458e-06, Accum Loss: 0.2873227596282959
Lr: 9.981042133632934e-06, Accum Loss: 0.3239372968673706
Lr: 9.98093838731485e-06, Accum Loss: 0.3315232992172241
Lr: 9.980834358983e-06, Accum Loss: 0.2975527346134186
Lr: 9.980730048649208e-06, Accum Loss: 0.27507293224334717
Lr: 9.980625456325333e-06, Accum Loss: 0.3153097629547119
Lr: 9.980520582023265e-06, Accum Loss: 0.33643466234207153
Lr: 9.980415425754922e-06, Accum Loss: 0.2968488931655884
Lr: 9.980309987532262e-06, Accum Loss: 0.2722811996936798
Lr: 9.980204267367265e-06, Accum Loss: 0.2640802264213562
Lr: 9.980098265271953e-06, Accum Loss: 0.33479994535446167
Lr: 9.979991981258372e-06, Accum Loss: 0.30980080366134644
Lr: 9.979885415338606e-06, Accum Loss: 0.28857290744781494
Lr: 9.979778567524769e-06, Accum Loss: 0.2872692942619324
Lr: 9.979671437829002e-06, Accum Loss: 0.37064027786254883
Lr: 9.97956402626349e-06, Accum Loss: 0.311397910118103
Lr: 9.979456332840436e-06, Accum Loss: 0.33690112829208374
Lr: 9.979348357572086e-06, Accum Loss: 0.24910032749176025
Lr: 9.979240100470712e-06, Accum Loss: 0.26260530948638916
Lr: 9.97913156154862e-06, Accum Loss: 0.3384193778038025
Lr: 9.979022740818147e-06, Accum Loss: 0.41960692405700684
Lr: 9.978913638291665e-06, Accum Loss: 0.32076704502105713
Lr: 9.978804253981577e-06, Accum Loss: 0.3104470372200012
Lr: 9.97869458790031e-06, Accum Loss: 0.31597232818603516
Lr: 9.978584640060337e-06, Accum Loss: 0.3247326612472534
Lr: 9.978474410474155e-06, Accum Loss: 0.26881277561187744
Lr: 9.978363899154291e-06, Accum Loss: 0.3428700566291809
Lr: 9.97825310611331e-06, Accum Loss: 0.29595422744750977
Lr: 9.978142031363804e-06, Accum Loss: 0.32002443075180054
Lr: 9.9780306749184e-06, Accum Loss: 0.2788160443305969
Lr: 9.977919036789758e-06, Accum Loss: 0.35065168142318726
Lr: 9.977807116990565e-06, Accum Loss: 0.23113608360290527
Lr: 9.977694915533545e-06, Accum Loss: 0.30212193727493286
Lr: 9.97758243243145e-06, Accum Loss: 0.32797980308532715
Lr: 9.97746966769707e-06, Accum Loss: 0.32015538215637207
Lr: 9.97735662134322e-06, Accum Loss: 0.3252306580543518
Lr: 9.977243293382754e-06, Accum Loss: 0.30245327949523926
Lr: 9.977129683828549e-06, Accum Loss: 0.28120994567871094
Lr: 9.977015792693521e-06, Accum Loss: 0.28017735481262207
Lr: 9.97690161999062e-06, Accum Loss: 0.25248950719833374
Lr: 9.976787165732818e-06, Accum Loss: 0.3886815309524536
Lr: 9.976672429933132e-06, Accum Loss: 0.36142146587371826
Lr: 9.9765574126046e-06, Accum Loss: 0.3244462013244629
Lr: 9.976442113760296e-06, Accum Loss: 0.35106801986694336
Lr: 9.976326533413328e-06, Accum Loss: 0.3268128037452698
Lr: 9.976210671576833e-06, Accum Loss: 0.32458269596099854
Lr: 9.976094528263984e-06, Accum Loss: 0.29051631689071655
Lr: 9.975978103487979e-06, Accum Loss: 0.31556937098503113
Lr: 9.975861397262058e-06, Accum Loss: 0.35121363401412964
Lr: 9.975744409599479e-06, Accum Loss: 0.3216458261013031
Lr: 9.975627140513549e-06, Accum Loss: 0.30837762355804443
Lr: 9.975509590017592e-06, Accum Loss: 0.30334794521331787
Lr: 9.975391758124974e-06, Accum Loss: 0.30184102058410645
Lr: 9.975273644849088e-06, Accum Loss: 0.2925410270690918
Lr: 9.975155250203357e-06, Accum Loss: 0.3320702910423279
Lr: 9.975036574201247e-06, Accum Loss: 0.277460515499115
Lr: 9.974917616856238e-06, Accum Loss: 0.32865792512893677
Lr: 9.97479837818186e-06, Accum Loss: 0.330024778842926
Lr: 9.974678858191665e-06, Accum Loss: 0.3023695945739746
Lr: 9.974559056899237e-06, Accum Loss: 0.2689097821712494
Lr: 9.974438974318199e-06, Accum Loss: 0.305637001991272
Lr: 9.974318610462194e-06, Accum Loss: 0.3227456212043762
Lr: 9.97419796534491e-06, Accum Loss: 0.3120688199996948
Lr: 9.974077038980057e-06, Accum Loss: 0.3392762541770935
Lr: 9.973955831381384e-06, Accum Loss: 0.35809653997421265
Lr: 9.973834342562669e-06, Accum Loss: 0.27749985456466675
Lr: 9.97371257253772e-06, Accum Loss: 0.2842451333999634
Lr: 9.973590521320378e-06, Accum Loss: 0.3049825429916382
Lr: 9.97346818892452e-06, Accum Loss: 0.2330489158630371
Lr: 9.973345575364048e-06, Accum Loss: 0.3512512445449829
Lr: 9.973222680652903e-06, Accum Loss: 0.2776676416397095
Lr: 9.973099504805055e-06, Accum Loss: 0.30920612812042236
Lr: 9.972976047834502e-06, Accum Loss: 0.22594326734542847
Lr: 9.97285230975528e-06, Accum Loss: 0.3651624917984009
Lr: 9.972728290581456e-06, Accum Loss: 0.3371850252151489
Lr: 9.972603990327125e-06, Accum Loss: 0.3995056748390198
Lr: 9.972479409006419e-06, Accum Loss: 0.3107576370239258
Lr: 9.972354546633496e-06, Accum Loss: 0.28262799978256226
Lr: 9.972229403222552e-06, Accum Loss: 0.29356610774993896
Lr: 9.972103978787811e-06, Accum Loss: 0.33490633964538574
Lr: 9.971978273343531e-06, Accum Loss: 0.27660828828811646
Lr: 9.971852286904002e-06, Accum Loss: 0.328651487827301
Lr: 9.971726019483543e-06, Accum Loss: 0.29398518800735474
Lr: 9.971599471096508e-06, Accum Loss: 0.29074370861053467
Lr: 9.971472641757285e-06, Accum Loss: 0.29105687141418457
Lr: 9.971345531480286e-06, Accum Loss: 0.3694586753845215
Lr: 9.971218140279964e-06, Accum Loss: 0.2841610610485077
Lr: 9.971090468170796e-06, Accum Loss: 0.33912360668182373
Lr: 9.9709625151673e-06, Accum Loss: 0.29296213388442993
Lr: 9.970834281284015e-06, Accum Loss: 0.33516401052474976
Lr: 9.970705766535521e-06, Accum Loss: 0.3440236449241638
Lr: 9.970576970936425e-06, Accum Loss: 0.2580392360687256
Lr: 9.970447894501369e-06, Accum Loss: 0.27165287733078003
Lr: 9.970318537245027e-06, Accum Loss: 0.30235397815704346
Lr: 9.970188899182098e-06, Accum Loss: 0.26969408988952637
Lr: 9.970058980327322e-06, Accum Loss: 0.34343457221984863
Lr: 9.969928780695466e-06, Accum Loss: 0.3079075813293457
Lr: 9.96979830030133e-06, Accum Loss: 0.3371610641479492
Lr: 9.969667539159748e-06, Accum Loss: 0.3095998764038086
Lr: 9.969536497285581e-06, Accum Loss: 0.27553609013557434
Lr: 9.969405174693729e-06, Accum Loss: 0.29518359899520874
Lr: 9.969273571399115e-06, Accum Loss: 0.328804075717926
Lr: 9.969141687416698e-06, Accum Loss: 0.276114284992218
Lr: 9.969009522761476e-06, Accum Loss: 0.38733184337615967
Lr: 9.968877077448467e-06, Accum Loss: 0.32461172342300415
Lr: 9.968744351492729e-06, Accum Loss: 0.275556743144989
Lr: 9.968611344909346e-06, Accum Loss: 0.2847743630409241
Lr: 9.968478057713441e-06, Accum Loss: 0.3200305998325348
Lr: 9.968344489920163e-06, Accum Loss: 0.35216206312179565
Lr: 9.968210641544695e-06, Accum Loss: 0.28874093294143677
Lr: 9.968076512602254e-06, Accum Loss: 0.30032047629356384
Lr: 9.967942103108082e-06, Accum Loss: 0.2781606614589691
Lr: 9.967807413077462e-06, Accum Loss: 0.27435874938964844
Lr: 9.967672442525703e-06, Accum Loss: 0.3864758610725403
Lr: 9.967537191468147e-06, Accum Loss: 0.336971640586853
Lr: 9.967401659920169e-06, Accum Loss: 0.37922170758247375
Lr: 9.967265847897174e-06, Accum Loss: 0.22968870401382446
Lr: 9.967129755414603e-06, Accum Loss: 0.27944809198379517
Lr: 9.966993382487924e-06, Accum Loss: 0.3320305347442627
Lr: 9.966856729132636e-06, Accum Loss: 0.3280843496322632
Lr: 9.966719795364279e-06, Accum Loss: 0.28236663341522217
Lr: 9.966582581198412e-06, Accum Loss: 0.2973018288612366
Lr: 9.966445086650637e-06, Accum Loss: 0.3699849247932434
Lr: 9.96630731173658e-06, Accum Loss: 0.3531303405761719
Lr: 9.966169256471905e-06, Accum Loss: 0.34192925691604614
Lr: 9.966030920872304e-06, Accum Loss: 0.3006822466850281
Lr: 9.965892304953501e-06, Accum Loss: 0.3597137928009033
Lr: 9.965753408731256e-06, Accum Loss: 0.30304253101348877
Lr: 9.965614232221353e-06, Accum Loss: 0.24907872080802917
Lr: 9.965474775439615e-06, Accum Loss: 0.3295123875141144
Lr: 9.965335038401895e-06, Accum Loss: 0.29988378286361694
Lr: 9.965195021124075e-06, Accum Loss: 0.3202763795852661
Lr: 9.965054723622074e-06, Accum Loss: 0.3005198836326599
Lr: 9.964914145911839e-06, Accum Loss: 0.326590359210968
Lr: 9.964773288009347e-06, Accum Loss: 0.335066556930542
Lr: 9.964632149930612e-06, Accum Loss: 0.32545697689056396
Lr: 9.964490731691678e-06, Accum Loss: 0.31533586978912354
Lr: 9.96434903330862e-06, Accum Loss: 0.3077673316001892
Lr: 9.964207054797544e-06, Accum Loss: 0.2915270924568176
Lr: 9.964064796174589e-06, Accum Loss: 0.26964622735977173
Lr: 9.963922257455928e-06, Accum Loss: 0.33444398641586304
Lr: 9.963779438657762e-06, Accum Loss: 0.379708468914032
Lr: 9.963636339796326e-06, Accum Loss: 0.280651330947876
Lr: 9.963492960887886e-06, Accum Loss: 0.2687866687774658
Lr: 9.96334930194874e-06, Accum Loss: 0.3061211109161377
Lr: 9.963205362995217e-06, Accum Loss: 0.3478829264640808
Lr: 9.963061144043683e-06, Accum Loss: 0.3769420385360718
Lr: 9.962916645110528e-06, Accum Loss: 0.29758745431900024
Lr: 9.962771866212178e-06, Accum Loss: 0.3170098662376404
Lr: 9.962626807365091e-06, Accum Loss: 0.29549068212509155
Lr: 9.962481468585758e-06, Accum Loss: 0.3117706775665283
Lr: 9.962335849890694e-06, Accum Loss: 0.2983846664428711
Lr: 9.96218995129646e-06, Accum Loss: 0.2896306812763214
Lr: 9.962043772819632e-06, Accum Loss: 0.3208940029144287
Lr: 9.961897314476833e-06, Accum Loss: 0.3161386251449585
Lr: 9.96175057628471e-06, Accum Loss: 0.31316494941711426
Lr: 9.961603558259942e-06, Accum Loss: 0.3482382297515869
Lr: 9.961456260419239e-06, Accum Loss: 0.31577354669570923
Lr: 9.961308682779348e-06, Accum Loss: 0.32477545738220215
Lr: 9.961160825357043e-06, Accum Loss: 0.3106434941291809
Lr: 9.96101268816913e-06, Accum Loss: 0.32444876432418823
Lr: 9.960864271232452e-06, Accum Loss: 0.31673967838287354
Lr: 9.960715574563877e-06, Accum Loss: 0.3410649597644806
Lr: 9.960566598180306e-06, Accum Loss: 0.3261890411376953
Lr: 9.960417342098678e-06, Accum Loss: 0.2764540910720825
Lr: 9.960267806335955e-06, Accum Loss: 0.3287280797958374
Lr: 9.960117990909137e-06, Accum Loss: 0.3126216232776642
Lr: 9.959967895835255e-06, Accum Loss: 0.31474095582962036
Lr: 9.959817521131368e-06, Accum Loss: 0.30199429392814636
Lr: 9.95966686681457e-06, Accum Loss: 0.32187002897262573
Lr: 9.95951593290199e-06, Accum Loss: 0.28702861070632935
Lr: 9.95936471941078e-06, Accum Loss: 0.30627554655075073
Lr: 9.95921322635813e-06, Accum Loss: 0.268303245306015
Lr: 9.959061453761263e-06, Accum Loss: 0.31055742502212524
Lr: 9.95890940163743e-06, Accum Loss: 0.28971970081329346
Lr: 9.958757070003913e-06, Accum Loss: 0.33947646617889404
Lr: 9.95860445887803e-06, Accum Loss: 0.30340996384620667
Lr: 9.958451568277129e-06, Accum Loss: 0.28356418013572693
Lr: 9.958298398218588e-06, Accum Loss: 0.3375038504600525
Lr: 9.95814494871982e-06, Accum Loss: 0.30314749479293823
Lr: 9.957991219798264e-06, Accum Loss: 0.29907065629959106
Lr: 9.9578372114714e-06, Accum Loss: 0.2595258355140686
Lr: 9.957682923756731e-06, Accum Loss: 0.31243520975112915
Lr: 9.957528356671797e-06, Accum Loss: 0.33452051877975464
Lr: 9.957373510234165e-06, Accum Loss: 0.33986711502075195
Lr: 9.95721838446144e-06, Accum Loss: 0.31827959418296814
Lr: 9.957062979371257e-06, Accum Loss: 0.36137619614601135
Lr: 9.956907294981276e-06, Accum Loss: 0.31798121333122253
Lr: 9.956751331309197e-06, Accum Loss: 0.28846365213394165
Lr: 9.956595088372748e-06, Accum Loss: 0.32831358909606934
Lr: 9.956438566189691e-06, Accum Loss: 0.30933788418769836
Lr: 9.956281764777816e-06, Accum Loss: 0.33188140392303467
Lr: 9.956124684154949e-06, Accum Loss: 0.36369985342025757
Lr: 9.955967324338945e-06, Accum Loss: 0.3198745846748352
Lr: 9.95580968534769e-06, Accum Loss: 0.3113672137260437
Lr: 9.955651767199106e-06, Accum Loss: 0.3075444996356964
Lr: 9.95549356991114e-06, Accum Loss: 0.30795934796333313
Lr: 9.955335093501777e-06, Accum Loss: 0.3437364399433136
Lr: 9.955176337989033e-06, Accum Loss: 0.27832403779029846
Lr: 9.95501730339095e-06, Accum Loss: 0.33170783519744873
Lr: 9.954857989725611e-06, Accum Loss: 0.2709202766418457
Lr: 9.954698397011121e-06, Accum Loss: 0.3201580345630646
Lr: 9.954538525265624e-06, Accum Loss: 0.32561206817626953
Lr: 9.95437837450729e-06, Accum Loss: 0.316844642162323
Lr: 9.954217944754327e-06, Accum Loss: 0.32003724575042725
Lr: 9.954057236024971e-06, Accum Loss: 0.36137276887893677
Lr: 9.953896248337489e-06, Accum Loss: 0.323131263256073
Lr: 9.953734981710179e-06, Accum Loss: 0.3382863998413086
Lr: 9.953573436161376e-06, Accum Loss: 0.2786918878555298
Lr: 9.95341161170944e-06, Accum Loss: 0.3006138503551483
Lr: 9.95324950837277e-06, Accum Loss: 0.29778099060058594
Lr: 9.953087126169788e-06, Accum Loss: 0.2972823977470398
Lr: 9.952924465118957e-06, Accum Loss: 0.38969483971595764
Lr: 9.952761525238765e-06, Accum Loss: 0.3589293360710144
Lr: 9.952598306547732e-06, Accum Loss: 0.30724090337753296
Lr: 9.952434809064414e-06, Accum Loss: 0.30710840225219727
Lr: 9.952271032807392e-06, Accum Loss: 0.29050594568252563
Lr: 9.952106977795289e-06, Accum Loss: 0.29897817969322205
Lr: 9.95194264404675e-06, Accum Loss: 0.3152625560760498
Lr: 9.951778031580453e-06, Accum Loss: 0.29830294847488403
Lr: 9.951613140415115e-06, Accum Loss: 0.2546002268791199
Lr: 9.951447970569477e-06, Accum Loss: 0.3487668037414551
Lr: 9.951282522062311e-06, Accum Loss: 0.25127875804901123
Lr: 9.95111679491243e-06, Accum Loss: 0.3472585082054138
Lr: 9.950950789138669e-06, Accum Loss: 0.32480061054229736
Lr: 9.950784504759899e-06, Accum Loss: 0.3216555118560791
Lr: 9.950617941795022e-06, Accum Loss: 0.23726332187652588
Lr: 9.95045110026297e-06, Accum Loss: 0.28905850648880005
Lr: 9.95028398018271e-06, Accum Loss: 0.28478574752807617
Lr: 9.95011658157324e-06, Accum Loss: 0.23427176475524902
Lr: 9.949948904453586e-06, Accum Loss: 0.24340635538101196
Lr: 9.94978094884281e-06, Accum Loss: 0.28659725189208984
Lr: 9.949612714760001e-06, Accum Loss: 0.3262671232223511
Lr: 9.949444202224287e-06, Accum Loss: 0.27434027194976807
Lr: 9.949275411254821e-06, Accum Loss: 0.2581378221511841
Lr: 9.949106341870787e-06, Accum Loss: 0.31462329626083374
Lr: 9.94893699409141e-06, Accum Loss: 0.3319475054740906
Lr: 9.948767367935935e-06, Accum Loss: 0.3155308961868286
Lr: 9.948597463423645e-06, Accum Loss: 0.3590266704559326
Lr: 9.948427280573851e-06, Accum Loss: 0.3088170886039734
Lr: 9.948256819405904e-06, Accum Loss: 0.3568301200866699
Lr: 9.948086079939177e-06, Accum Loss: 0.30878186225891113
Lr: 9.947915062193078e-06, Accum Loss: 0.3701475262641907
Lr: 9.947743766187048e-06, Accum Loss: 0.3148442506790161
Lr: 9.947572191940559e-06, Accum Loss: 0.317064106464386
Lr: 9.947400339473111e-06, Accum Loss: 0.3391563892364502
Lr: 9.947228208804243e-06, Accum Loss: 0.31606346368789673
Lr: 9.94705579995352e-06, Accum Loss: 0.2728046178817749
Lr: 9.946883112940539e-06, Accum Loss: 0.29740574955940247
Lr: 9.946710147784932e-06, Accum Loss: 0.2960529625415802
Lr: 9.946536904506358e-06, Accum Loss: 0.3188583254814148
Lr: 9.94636338312451e-06, Accum Loss: 0.315234899520874
Lr: 9.946189583659116e-06, Accum Loss: 0.41043269634246826
Lr: 9.946015506129928e-06, Accum Loss: 0.3585019111633301
Lr: 9.945841150556736e-06, Accum Loss: 0.34402093291282654
Lr: 9.945666516959358e-06, Accum Loss: 0.31760483980178833
Lr: 9.945491605357646e-06, Accum Loss: 0.33194175362586975
Lr: 9.945316415771484e-06, Accum Loss: 0.2726834714412689
Lr: 9.94514094822078e-06, Accum Loss: 0.34406930208206177
Lr: 9.944965202725489e-06, Accum Loss: 0.25958141684532166
Lr: 9.944789179305582e-06, Accum Loss: 0.35127460956573486
Lr: 9.94461287798107e-06, Accum Loss: 0.32343411445617676
Lr: 9.944436298771994e-06, Accum Loss: 0.32834550738334656
Lr: 9.944259441698424e-06, Accum Loss: 0.3135245144367218
Lr: 9.944082306780466e-06, Accum Loss: 0.3036015033721924
Lr: 9.943904894038254e-06, Accum Loss: 0.30580395460128784
Lr: 9.943727203491956e-06, Accum Loss: 0.296117901802063
Lr: 9.943549235161769e-06, Accum Loss: 0.3476681113243103
Lr: 9.943370989067924e-06, Accum Loss: 0.26897940039634705
Lr: 9.943192465230683e-06, Accum Loss: 0.36113566160202026
Lr: 9.94301366367034e-06, Accum Loss: 0.2506825923919678
Lr: 9.942834584407216e-06, Accum Loss: 0.3059709072113037
Lr: 9.942655227461671e-06, Accum Loss: 0.3375352919101715
Lr: 9.942475592854091e-06, Accum Loss: 0.30094507336616516
Lr: 9.942295680604898e-06, Accum Loss: 0.3245371878147125
Lr: 9.94211549073454e-06, Accum Loss: 0.29861435294151306
Lr: 9.9419350232635e-06, Accum Loss: 0.33590173721313477
Lr: 9.941754278212294e-06, Accum Loss: 0.39313897490501404
Lr: 9.941573255601468e-06, Accum Loss: 0.3861168622970581
Lr: 9.941391955451594e-06, Accum Loss: 0.3395787477493286
Lr: 9.941210377783287e-06, Accum Loss: 0.29547566175460815
Lr: 9.941028522617186e-06, Accum Loss: 0.3169674873352051
Lr: 9.94084638997396e-06, Accum Loss: 0.29729995131492615
Lr: 9.940663979874317e-06, Accum Loss: 0.33034947514533997
Lr: 9.940481292338987e-06, Accum Loss: 0.2821180522441864
Lr: 9.940298327388739e-06, Accum Loss: 0.27048346400260925
Lr: 9.94011508504437e-06, Accum Loss: 0.2775191068649292
Lr: 9.939931565326714e-06, Accum Loss: 0.3288792371749878
Lr: 9.939747768256624e-06, Accum Loss: 0.3138837218284607
Lr: 9.939563693854998e-06, Accum Loss: 0.2934720516204834
Lr: 9.939379342142761e-06, Accum Loss: 0.3260924816131592
Lr: 9.939194713140865e-06, Accum Loss: 0.3097822666168213
Lr: 9.939009806870301e-06, Accum Loss: 0.3434583246707916
Lr: 9.938824623352084e-06, Accum Loss: 0.33995628356933594
Lr: 9.938639162607268e-06, Accum Loss: 0.2669689953327179
Lr: 9.93845342465693e-06, Accum Loss: 0.36861130595207214
Lr: 9.938267409522189e-06, Accum Loss: 0.3159187138080597
Lr: 9.938081117224187e-06, Accum Loss: 0.29503294825553894
Lr: 9.937894547784097e-06, Accum Loss: 0.33078646659851074
Lr: 9.937707701223131e-06, Accum Loss: 0.2927682101726532
Lr: 9.937520577562526e-06, Accum Loss: 0.2884356379508972
Lr: 9.937333176823555e-06, Accum Loss: 0.30108869075775146
Lr: 9.93714549902752e-06, Accum Loss: 0.3475418984889984
Lr: 9.936957544195752e-06, Accum Loss: 0.31886714696884155
Lr: 9.936769312349618e-06, Accum Loss: 0.3197004795074463
Lr: 9.936580803510515e-06, Accum Loss: 0.322354793548584
Lr: 9.936392017699872e-06, Accum Loss: 0.28582945466041565
Lr: 9.936202954939148e-06, Accum Loss: 0.3429575562477112
Lr: 9.936013615249832e-06, Accum Loss: 0.2841944396495819
Lr: 9.935823998653448e-06, Accum Loss: 0.3358851373195648
Lr: 9.935634105171554e-06, Accum Loss: 0.31198179721832275
Lr: 9.935443934825731e-06, Accum Loss: 0.30837470293045044
Lr: 9.935253487637594e-06, Accum Loss: 0.33238422870635986
Lr: 9.9350627636288e-06, Accum Loss: 0.29038554430007935
Lr: 9.93487176282102e-06, Accum Loss: 0.300997793674469
Lr: 9.93468048523597e-06, Accum Loss: 0.35037076473236084
Lr: 9.934488930895394e-06, Accum Loss: 0.27463439106941223
Lr: 9.934297099821065e-06, Accum Loss: 0.2980070412158966
Lr: 9.934104992034787e-06, Accum Loss: 0.37665027379989624
Lr: 9.9339126075584e-06, Accum Loss: 0.32105040550231934
Lr: 9.933719946413773e-06, Accum Loss: 0.3321217894554138
Lr: 9.933527008622802e-06, Accum Loss: 0.32775217294692993
Lr: 9.933333794207423e-06, Accum Loss: 0.3489469289779663
Lr: 9.933140303189598e-06, Accum Loss: 0.307476282119751
Lr: 9.93294653559132e-06, Accum Loss: 0.3543791174888611
Lr: 9.932752491434617e-06, Accum Loss: 0.2972615957260132
Lr: 9.932558170741546e-06, Accum Loss: 0.3296147584915161
Lr: 9.932363573534196e-06, Accum Loss: 0.3395153284072876
Lr: 9.932168699834686e-06, Accum Loss: 0.32637208700180054
Lr: 9.93197354966517e-06, Accum Loss: 0.2687639892101288
Lr: 9.931778123047828e-06, Accum Loss: 0.2949693202972412
Lr: 9.931582420004877e-06, Accum Loss: 0.30692365765571594
Lr: 9.931386440558563e-06, Accum Loss: 0.28752127289772034
Lr: 9.93119018473116e-06, Accum Loss: 0.32464122772216797
Lr: 9.930993652544982e-06, Accum Loss: 0.29332470893859863
Lr: 9.930796844022367e-06, Accum Loss: 0.27579963207244873
Lr: 9.930599759185686e-06, Accum Loss: 0.33320310711860657
Lr: 9.930402398057341e-06, Accum Loss: 0.24331986904144287
Lr: 9.93020476065977e-06, Accum Loss: 0.32743415236473083
Lr: 9.930006847015435e-06, Accum Loss: 0.311365008354187
Lr: 9.929808657146839e-06, Accum Loss: 0.30681198835372925
Lr: 9.929610191076502e-06, Accum Loss: 0.28098028898239136
Lr: 9.929411448826992e-06, Accum Loss: 0.33452630043029785
Lr: 9.929212430420896e-06, Accum Loss: 0.2624624967575073
Lr: 9.92901313588084e-06, Accum Loss: 0.2722280025482178
Lr: 9.928813565229474e-06, Accum Loss: 0.31582963466644287
Lr: 9.92861371848949e-06, Accum Loss: 0.31307166814804077
Lr: 9.928413595683598e-06, Accum Loss: 0.3440696597099304
Lr: 9.92821319683455e-06, Accum Loss: 0.31371867656707764
Lr: 9.928012521965126e-06, Accum Loss: 0.3447532057762146
Lr: 9.927811571098136e-06, Accum Loss: 0.326189786195755
Lr: 9.927610344256423e-06, Accum Loss: 0.3321421444416046
Lr: 9.927408841462863e-06, Accum Loss: 0.26351895928382874
Lr: 9.927207062740357e-06, Accum Loss: 0.33312612771987915
Lr: 9.927005008111843e-06, Accum Loss: 0.3271462321281433
Lr: 9.926802677600293e-06, Accum Loss: 0.300906777381897
Lr: 9.9266000712287e-06, Accum Loss: 0.3236100375652313
Lr: 9.9263971890201e-06, Accum Loss: 0.3255505859851837
Lr: 9.926194030997552e-06, Accum Loss: 0.36421555280685425
Lr: 9.925990597184153e-06, Accum Loss: 0.35971492528915405
Lr: 9.92578688760302e-06, Accum Loss: 0.34006983041763306
Lr: 9.92558290227732e-06, Accum Loss: 0.29308417439460754
Lr: 9.925378641230231e-06, Accum Loss: 0.3113071918487549
Lr: 9.925174104484977e-06, Accum Loss: 0.30605846643447876
Lr: 9.924969292064806e-06, Accum Loss: 0.3591100573539734
Lr: 9.924764203993e-06, Accum Loss: 0.2527766227722168
Lr: 9.924558840292874e-06, Accum Loss: 0.30579400062561035
Lr: 9.924353200987768e-06, Accum Loss: 0.3807556927204132
Lr: 9.924147286101062e-06, Accum Loss: 0.2378343939781189
Lr: 9.923941095656158e-06, Accum Loss: 0.32241740822792053
Lr: 9.923734629676498e-06, Accum Loss: 0.3401120603084564
Lr: 9.92352788818555e-06, Accum Loss: 0.406801700592041
Lr: 9.923320871206814e-06, Accum Loss: 0.23935836553573608
Lr: 9.923113578763824e-06, Accum Loss: 0.2771812975406647
Lr: 9.92290601088014e-06, Accum Loss: 0.29309964179992676
Lr: 9.92269816757936e-06, Accum Loss: 0.3378337025642395
Lr: 9.92249004888511e-06, Accum Loss: 0.2356681525707245
Lr: 9.922281654821046e-06, Accum Loss: 0.380960613489151
Lr: 9.922072985410858e-06, Accum Loss: 0.3753345012664795
Lr: 9.921864040678263e-06, Accum Loss: 0.3299875557422638
Lr: 9.921654820647015e-06, Accum Loss: 0.2969318628311157
Lr: 9.921445325340896e-06, Accum Loss: 0.33706405758857727
Lr: 9.921235554783717e-06, Accum Loss: 0.34376341104507446
Lr: 9.921025508999327e-06, Accum Loss: 0.3852710723876953
Lr: 9.9208151880116e-06, Accum Loss: 0.35719677805900574
Lr: 9.920604591844445e-06, Accum Loss: 0.36048993468284607
Lr: 9.9203937205218e-06, Accum Loss: 0.3201717436313629
Lr: 9.920182574067636e-06, Accum Loss: 0.3086569905281067
Lr: 9.919971152505955e-06, Accum Loss: 0.29311126470565796
Lr: 9.919759455860787e-06, Accum Loss: 0.32079389691352844
Lr: 9.9195474841562e-06, Accum Loss: 0.31299081444740295
Lr: 9.919335237416285e-06, Accum Loss: 0.31955504417419434
Lr: 9.919122715665172e-06, Accum Loss: 0.36797353625297546
Lr: 9.918909918927016e-06, Accum Loss: 0.30880483984947205
Lr: 9.91869684722601e-06, Accum Loss: 0.41112351417541504
Lr: 9.918483500586369e-06, Accum Loss: 0.3041323721408844
Lr: 9.918269879032349e-06, Accum Loss: 0.2979191541671753
Lr: 9.918055982588232e-06, Accum Loss: 0.31577128171920776
Lr: 9.91784181127833e-06, Accum Loss: 0.2898254096508026
Lr: 9.917627365126991e-06, Accum Loss: 0.3118056654930115
Lr: 9.91741264415859e-06, Accum Loss: 0.2750440835952759
Lr: 9.917197648397535e-06, Accum Loss: 0.2720135748386383
Lr: 9.916982377868266e-06, Accum Loss: 0.2860526144504547
Lr: 9.91676683259525e-06, Accum Loss: 0.3119223117828369
Lr: 9.916551012602995e-06, Accum Loss: 0.2771407961845398
Lr: 9.916334917916027e-06, Accum Loss: 0.3377862274646759
Lr: 9.916118548558914e-06, Accum Loss: 0.31254103779792786
Lr: 9.915901904556248e-06, Accum Loss: 0.31929269433021545
Lr: 9.915684985932658e-06, Accum Loss: 0.27283212542533875
Lr: 9.9154677927128e-06, Accum Loss: 0.34620872139930725
Lr: 9.915250324921366e-06, Accum Loss: 0.2753917872905731
Lr: 9.915032582583071e-06, Accum Loss: 0.34552091360092163
Lr: 9.91481456572267e-06, Accum Loss: 0.3244967460632324
Lr: 9.914596274364946e-06, Accum Loss: 0.3281401991844177
Lr: 9.91437770853471e-06, Accum Loss: 0.35057878494262695
Lr: 9.914158868256809e-06, Accum Loss: 0.31673717498779297
Lr: 9.913939753556118e-06, Accum Loss: 0.35349327325820923
Lr: 9.913720364457543e-06, Accum Loss: 0.29765236377716064
Lr: 9.913500700986023e-06, Accum Loss: 0.27842259407043457
Lr: 9.91328076316653e-06, Accum Loss: 0.29842907190322876
Lr: 9.913060551024062e-06, Accum Loss: 0.30512210726737976
Lr: 9.912840064583654e-06, Accum Loss: 0.34537702798843384
Lr: 9.912619303870367e-06, Accum Loss: 0.31908029317855835
Lr: 9.912398268909294e-06, Accum Loss: 0.3019033372402191
Lr: 9.912176959725566e-06, Accum Loss: 0.3193225562572479
Lr: 9.911955376344332e-06, Accum Loss: 0.33690932393074036
Lr: 9.911733518790786e-06, Accum Loss: 0.33294108510017395
Lr: 9.911511387090144e-06, Accum Loss: 0.2956157326698303
Lr: 9.911288981267657e-06, Accum Loss: 0.3533535301685333
Lr: 9.911066301348606e-06, Accum Loss: 0.3252767026424408
Lr: 9.910843347358306e-06, Accum Loss: 0.30075299739837646
Lr: 9.910620119322098e-06, Accum Loss: 0.2963886857032776
Lr: 9.910396617265355e-06, Accum Loss: 0.3803555965423584
Lr: 9.910172841213488e-06, Accum Loss: 0.3292851746082306
Lr: 9.90994879119193e-06, Accum Loss: 0.33396145701408386
Lr: 9.909724467226152e-06, Accum Loss: 0.34398210048675537
Lr: 9.909499869341653e-06, Accum Loss: 0.3125706911087036
Lr: 9.909274997563962e-06, Accum Loss: 0.3289858102798462
Lr: 9.909049851918642e-06, Accum Loss: 0.3105543553829193
Lr: 9.908824432431283e-06, Accum Loss: 0.2977606952190399
Lr: 9.908598739127514e-06, Accum Loss: 0.28184449672698975
Lr: 9.908372772032986e-06, Accum Loss: 0.3050594925880432
Lr: 9.908146531173385e-06, Accum Loss: 0.33778196573257446
Lr: 9.907920016574433e-06, Accum Loss: 0.3502332270145416
Lr: 9.907693228261873e-06, Accum Loss: 0.28904855251312256
Lr: 9.907466166261488e-06, Accum Loss: 0.32486799359321594
Lr: 9.907238830599085e-06, Accum Loss: 0.2534363269805908
Lr: 9.90701122130051e-06, Accum Loss: 0.3083431124687195
Lr: 9.906783338391633e-06, Accum Loss: 0.27541404962539673
Lr: 9.90655518189836e-06, Accum Loss: 0.2985965609550476
Lr: 9.906326751846625e-06, Accum Loss: 0.28529369831085205
Lr: 9.906098048262393e-06, Accum Loss: 0.3595198392868042
Lr: 9.905869071171662e-06, Accum Loss: 0.31754475831985474
Lr: 9.905639820600461e-06, Accum Loss: 0.30354297161102295
Lr: 9.90541029657485e-06, Accum Loss: 0.29505297541618347
Lr: 9.905180499120917e-06, Accum Loss: 0.3205292522907257
Lr: 9.904950428264789e-06, Accum Loss: 0.2920042872428894
Lr: 9.90472008403261e-06, Accum Loss: 0.2924876809120178
Lr: 9.904489466450571e-06, Accum Loss: 0.3277609944343567
Lr: 9.904258575544884e-06, Accum Loss: 0.25909173488616943
Lr: 9.904027411341796e-06, Accum Loss: 0.33485209941864014
Lr: 9.903795973867582e-06, Accum Loss: 0.2998175024986267
Lr: 9.903564263148552e-06, Accum Loss: 0.27793216705322266
Lr: 9.903332279211043e-06, Accum Loss: 0.33356255292892456
Lr: 9.903100022081427e-06, Accum Loss: 0.32005488872528076
Lr: 9.902867491786105e-06, Accum Loss: 0.26062092185020447
Lr: 9.90263468835151e-06, Accum Loss: 0.2756914496421814
Lr: 9.902401611804103e-06, Accum Loss: 0.4097115397453308
Lr: 9.902168262170379e-06, Accum Loss: 0.29680001735687256
Lr: 9.901934639476865e-06, Accum Loss: 0.29119956493377686
Lr: 9.901700743750116e-06, Accum Loss: 0.3238499164581299
Lr: 9.901466575016719e-06, Accum Loss: 0.2730059325695038
Lr: 9.901232133303294e-06, Accum Loss: 0.26745206117630005
Lr: 9.900997418636489e-06, Accum Loss: 0.31049636006355286
Lr: 9.900762431042986e-06, Accum Loss: 0.2847292423248291
Lr: 9.900527170549494e-06, Accum Loss: 0.352239727973938
Lr: 9.900291637182758e-06, Accum Loss: 0.33553963899612427
Lr: 9.90005583096955e-06, Accum Loss: 0.32059401273727417
Lr: 9.899819751936679e-06, Accum Loss: 0.3443080186843872
Lr: 9.899583400110974e-06, Accum Loss: 0.30546897649765015
Lr: 9.899346775519308e-06, Accum Loss: 0.2697279155254364
Lr: 9.899109878188572e-06, Accum Loss: 0.31572288274765015
Lr: 9.898872708145701e-06, Accum Loss: 0.2895854115486145
Lr: 9.898635265417648e-06, Accum Loss: 0.2626306414604187
Lr: 9.89839755003141e-06, Accum Loss: 0.33143800497055054
Lr: 9.898159562014007e-06, Accum Loss: 0.2682282030582428
Lr: 9.89792130139249e-06, Accum Loss: 0.3081881105899811
Lr: 9.897682768193942e-06, Accum Loss: 0.242875874042511
Lr: 9.89744396244548e-06, Accum Loss: 0.3499069809913635
Lr: 9.897204884174248e-06, Accum Loss: 0.3172711133956909
Lr: 9.896965533407423e-06, Accum Loss: 0.3558002710342407
Lr: 9.896725910172213e-06, Accum Loss: 0.3772599697113037
Lr: 9.896486014495855e-06, Accum Loss: 0.3208295702934265
Lr: 9.89624584640562e-06, Accum Loss: 0.30494970083236694
Lr: 9.896005405928809e-06, Accum Loss: 0.2988186478614807
Lr: 9.89576469309275e-06, Accum Loss: 0.29309311509132385
Lr: 9.89552370792481e-06, Accum Loss: 0.3211790919303894
Lr: 9.89528245045238e-06, Accum Loss: 0.2646898031234741
Lr: 9.895040920702883e-06, Accum Loss: 0.33315759897232056
Lr: 9.894799118703776e-06, Accum Loss: 0.315446674823761
Lr: 9.894557044482544e-06, Accum Loss: 0.314860463142395
Lr: 9.894314698066706e-06, Accum Loss: 0.3530249297618866
Lr: 9.894072079483807e-06, Accum Loss: 0.3054366707801819
Lr: 9.89382918876143e-06, Accum Loss: 0.32350319623947144
Lr: 9.893586025927182e-06, Accum Loss: 0.33253175020217896
Lr: 9.893342591008705e-06, Accum Loss: 0.23799702525138855
Lr: 9.89309888403367e-06, Accum Loss: 0.2948746383190155
Lr: 9.89285490502978e-06, Accum Loss: 0.3160099387168884
Lr: 9.892610654024769e-06, Accum Loss: 0.34359556436538696
Lr: 9.892366131046403e-06, Accum Loss: 0.30378639698028564
Lr: 9.892121336122474e-06, Accum Loss: 0.3067673444747925
Lr: 9.89187626928081e-06, Accum Loss: 0.3119649887084961
Lr: 9.891630930549268e-06, Accum Loss: 0.298215389251709
Lr: 9.891385319955739e-06, Accum Loss: 0.3129807114601135
Lr: 9.891139437528138e-06, Accum Loss: 0.359677791595459
Lr: 9.890893283294416e-06, Accum Loss: 0.2793273627758026
Lr: 9.890646857282556e-06, Accum Loss: 0.2831347584724426
Lr: 9.890400159520569e-06, Accum Loss: 0.28951457142829895
Lr: 9.890153190036496e-06, Accum Loss: 0.3230922818183899
Lr: 9.889905948858412e-06, Accum Loss: 0.3313039541244507
Lr: 9.88965843601442e-06, Accum Loss: 0.2738024592399597
Lr: 9.889410651532659e-06, Accum Loss: 0.2994815409183502
Lr: 9.889162595441292e-06, Accum Loss: 0.3817096948623657
Lr: 9.888914267768515e-06, Accum Loss: 0.33793139457702637
Lr: 9.88866566854256e-06, Accum Loss: 0.33812224864959717
Lr: 9.888416797791682e-06, Accum Loss: 0.3248804211616516
Lr: 9.888167655544173e-06, Accum Loss: 0.3040078282356262
Lr: 9.887918241828354e-06, Accum Loss: 0.3198115825653076
Lr: 9.887668556672573e-06, Accum Loss: 0.3581903874874115
Lr: 9.887418600105213e-06, Accum Loss: 0.24474599957466125
Lr: 9.887168372154693e-06, Accum Loss: 0.38671809434890747
Lr: 9.88691787284945e-06, Accum Loss: 0.35440295934677124
Lr: 9.886667102217962e-06, Accum Loss: 0.30199795961380005
Lr: 9.886416060288733e-06, Accum Loss: 0.3393378257751465
Lr: 9.886164747090302e-06, Accum Loss: 0.3064952492713928
Lr: 9.885913162651236e-06, Accum Loss: 0.304487943649292
Lr: 9.885661307000128e-06, Accum Loss: 0.3517167568206787
Lr: 9.885409180165615e-06, Accum Loss: 0.3696606755256653
Lr: 9.88515678217635e-06, Accum Loss: 0.30940401554107666
Lr: 9.884904113061028e-06, Accum Loss: 0.2792372405529022
Lr: 9.884651172848369e-06, Accum Loss: 0.31112027168273926
Lr: 9.884397961567124e-06, Accum Loss: 0.2687174677848816
Lr: 9.88414447924608e-06, Accum Loss: 0.2962615489959717
Lr: 9.883890725914046e-06, Accum Loss: 0.336509644985199
Lr: 9.88363670159987e-06, Accum Loss: 0.3147761821746826
Lr: 9.883382406332425e-06, Accum Loss: 0.31616902351379395
Lr: 9.883127840140619e-06, Accum Loss: 0.3147357702255249
Lr: 9.88287300305339e-06, Accum Loss: 0.3021929860115051
Lr: 9.882617895099703e-06, Accum Loss: 0.2684434652328491
Lr: 9.882362516308558e-06, Accum Loss: 0.30667591094970703
Lr: 9.882106866708987e-06, Accum Loss: 0.3704163432121277
Lr: 9.881850946330048e-06, Accum Loss: 0.31953078508377075
Lr: 9.88159475520083e-06, Accum Loss: 0.291431725025177
Lr: 9.881338293350458e-06, Accum Loss: 0.31463444232940674
Lr: 9.881081560808084e-06, Accum Loss: 0.3069959282875061
Lr: 9.880824557602891e-06, Accum Loss: 0.2834780812263489
Lr: 9.880567283764092e-06, Accum Loss: 0.36576128005981445
Lr: 9.880309739320935e-06, Accum Loss: 0.3169158697128296
Lr: 9.880051924302692e-06, Accum Loss: 0.33299145102500916
Lr: 9.879793838738673e-06, Accum Loss: 0.26087474822998047
Lr: 9.87953548265821e-06, Accum Loss: 0.2708679735660553
Lr: 9.879276856090677e-06, Accum Loss: 0.2223791778087616
Lr: 9.879017959065467e-06, Accum Loss: 0.3064849376678467
Lr: 9.878758791612013e-06, Accum Loss: 0.36045482754707336
Lr: 9.878499353759774e-06, Accum Loss: 0.3291205167770386
Lr: 9.878239645538242e-06, Accum Loss: 0.28894513845443726
Lr: 9.877979666976938e-06, Accum Loss: 0.3202369213104248
Lr: 9.877719418105414e-06, Accum Loss: 0.33746397495269775
Lr: 9.877458898953251e-06, Accum Loss: 0.2842663526535034
Lr: 9.877198109550066e-06, Accum Loss: 0.3048006296157837
Lr: 9.876937049925504e-06, Accum Loss: 0.2802255153656006
Lr: 9.876675720109237e-06, Accum Loss: 0.31096819043159485
Lr: 9.876414120130974e-06, Accum Loss: 0.3417147397994995
Lr: 9.87615225002045e-06, Accum Loss: 0.3137691020965576
Lr: 9.875890109807431e-06, Accum Loss: 0.320284366607666
Lr: 9.875627699521717e-06, Accum Loss: 0.3174315094947815
Lr: 9.875365019193138e-06, Accum Loss: 0.2707805335521698
Lr: 9.875102068851551e-06, Accum Loss: 0.34733229875564575
Lr: 9.874838848526845e-06, Accum Loss: 0.2584680914878845
Lr: 9.874575358248946e-06, Accum Loss: 0.3409031331539154
Lr: 9.874311598047802e-06, Accum Loss: 0.4085337519645691
Lr: 9.874047567953395e-06, Accum Loss: 0.25348204374313354
Lr: 9.873783267995738e-06, Accum Loss: 0.3091898560523987
Lr: 9.873518698204875e-06, Accum Loss: 0.2774176001548767
Lr: 9.87325385861088e-06, Accum Loss: 0.321058988571167
Lr: 9.87298874924386e-06, Accum Loss: 0.2798718810081482
Lr: 9.872723370133947e-06, Accum Loss: 0.3019517660140991
Lr: 9.87245772131131e-06, Accum Loss: 0.3218398094177246
Lr: 9.872191802806144e-06, Accum Loss: 0.3315120339393616
Lr: 9.871925614648677e-06, Accum Loss: 0.32475095987319946
Lr: 9.871659156869169e-06, Accum Loss: 0.2849070429801941
Lr: 9.871392429497907e-06, Accum Loss: 0.33567896485328674
Lr: 9.871125432565211e-06, Accum Loss: 0.2947298288345337
Lr: 9.87085816610143e-06, Accum Loss: 0.27425408363342285
Lr: 9.870590630136947e-06, Accum Loss: 0.28670448064804077
Lr: 9.870322824702172e-06, Accum Loss: 0.27557235956192017
Lr: 9.870054749827548e-06, Accum Loss: 0.37507444620132446
Lr: 9.869786405543546e-06, Accum Loss: 0.3125602602958679
Lr: 9.86951779188067e-06, Accum Loss: 0.289638489484787
Lr: 9.869248908869454e-06, Accum Loss: 0.3011924624443054
Lr: 9.868979756540463e-06, Accum Loss: 0.3174380362033844
Lr: 9.868710334924291e-06, Accum Loss: 0.2350272834300995
Lr: 9.868440644051566e-06, Accum Loss: 0.2532515525817871
Lr: 9.868170683952945e-06, Accum Loss: 0.41243505477905273
Lr: 9.86790045465911e-06, Accum Loss: 0.3372921943664551
Lr: 9.867629956200782e-06, Accum Loss: 0.25936973094940186
Lr: 9.867359188608709e-06, Accum Loss: 0.264448344707489
Lr: 9.867088151913668e-06, Accum Loss: 0.3909170925617218
Lr: 9.866816846146472e-06, Accum Loss: 0.3510105311870575
Lr: 9.866545271337956e-06, Accum Loss: 0.2903326749801636
Lr: 9.866273427518996e-06, Accum Loss: 0.29031914472579956
Lr: 9.866001314720488e-06, Accum Loss: 0.3483186364173889
Lr: 9.865728932973367e-06, Accum Loss: 0.37338370084762573
Lr: 9.865456282308592e-06, Accum Loss: 0.31265389919281006
Lr: 9.865183362757162e-06, Accum Loss: 0.28680846095085144
Lr: 9.864910174350092e-06, Accum Loss: 0.2735659182071686
Lr: 9.864636717118444e-06, Accum Loss: 0.34011128544807434
Lr: 9.864362991093298e-06, Accum Loss: 0.303496778011322
Lr: 9.864088996305767e-06, Accum Loss: 0.32411396503448486
Lr: 9.863814732787004e-06, Accum Loss: 0.28886541724205017
Lr: 9.863540200568177e-06, Accum Loss: 0.3556891083717346
Lr: 9.863265399680496e-06, Accum Loss: 0.3378872275352478
Lr: 9.8629903301552e-06, Accum Loss: 0.30355459451675415
Lr: 9.862714992023554e-06, Accum Loss: 0.29635822772979736
Lr: 9.862439385316859e-06, Accum Loss: 0.3025502562522888
Lr: 9.862163510066441e-06, Accum Loss: 0.3180277645587921
Lr: 9.861887366303663e-06, Accum Loss: 0.34354928135871887
Lr: 9.861610954059908e-06, Accum Loss: 0.29601985216140747
Lr: 9.861334273366605e-06, Accum Loss: 0.27457988262176514
Lr: 9.8610573242552e-06, Accum Loss: 0.2942407727241516
Lr: 9.860780106757174e-06, Accum Loss: 0.26391661167144775
Lr: 9.860502620904041e-06, Accum Loss: 0.3754332661628723
Lr: 9.860224866727344e-06, Accum Loss: 0.27754294872283936
Lr: 9.859946844258653e-06, Accum Loss: 0.30674469470977783
Lr: 9.859668553529572e-06, Accum Loss: 0.31936079263687134
Lr: 9.859389994571737e-06, Accum Loss: 0.36515432596206665
Lr: 9.859111167416813e-06, Accum Loss: 0.3743637800216675
Lr: 9.858832072096492e-06, Accum Loss: 0.3523862361907959
Lr: 9.858552708642498e-06, Accum Loss: 0.31539106369018555
Lr: 9.858273077086594e-06, Accum Loss: 0.3157343864440918
Lr: 9.857993177460559e-06, Accum Loss: 0.38814932107925415
Lr: 9.857713009796215e-06, Accum Loss: 0.3246873915195465
Lr: 9.857432574125404e-06, Accum Loss: 0.2913844585418701
Lr: 9.857151870480007e-06, Accum Loss: 0.3185823857784271
Lr: 9.856870898891933e-06, Accum Loss: 0.33777549862861633
Lr: 9.85658965939312e-06, Accum Loss: 0.34988856315612793
Lr: 9.856308152015535e-06, Accum Loss: 0.3082159757614136
Lr: 9.85602637679118e-06, Accum Loss: 0.30399346351623535
Lr: 9.855744333752084e-06, Accum Loss: 0.3663734495639801
Lr: 9.855462022930309e-06, Accum Loss: 0.32171347737312317
Lr: 9.855179444357942e-06, Accum Loss: 0.32769834995269775
Lr: 9.85489659806711e-06, Accum Loss: 0.3060263395309448
Lr: 9.854613484089959e-06, Accum Loss: 0.34509533643722534
Lr: 9.854330102458676e-06, Accum Loss: 0.30080294609069824
Lr: 9.85404645320547e-06, Accum Loss: 0.28933703899383545
Lr: 9.853762536362587e-06, Accum Loss: 0.3197694718837738
Lr: 9.853478351962298e-06, Accum Loss: 0.30035144090652466
Lr: 9.853193900036908e-06, Accum Loss: 0.2515844404697418
Lr: 9.85290918061875e-06, Accum Loss: 0.3236351013183594
Lr: 9.852624193740191e-06, Accum Loss: 0.32682788372039795
Lr: 9.852338939433625e-06, Accum Loss: 0.29811692237854004
Lr: 9.852053417731477e-06, Accum Loss: 0.3295668065547943
Lr: 9.851767628666203e-06, Accum Loss: 0.29837071895599365
Lr: 9.85148157227029e-06, Accum Loss: 0.3059137463569641
Lr: 9.851195248576253e-06, Accum Loss: 0.36229419708251953
Lr: 9.850908657616642e-06, Accum Loss: 0.35084301233291626
Lr: 9.850621799424032e-06, Accum Loss: 0.3145220875740051
Lr: 9.850334674031032e-06, Accum Loss: 0.3658626079559326
Lr: 9.850047281470279e-06, Accum Loss: 0.32276493310928345
Lr: 9.849759621774443e-06, Accum Loss: 0.29225897789001465
Lr: 9.849471694976222e-06, Accum Loss: 0.35202914476394653
Lr: 9.849183501108345e-06, Accum Loss: 0.31703707575798035
Lr: 9.848895040203571e-06, Accum Loss: 0.31203722953796387
Lr: 9.848606312294694e-06, Accum Loss: 0.34744077920913696
Lr: 9.84831731741453e-06, Accum Loss: 0.33693981170654297
Lr: 9.84802805559593e-06, Accum Loss: 0.31691327691078186
Lr: 9.847738526871777e-06, Accum Loss: 0.33136481046676636
Lr: 9.847448731274981e-06, Accum Loss: 0.32535773515701294
Lr: 9.847158668838484e-06, Accum Loss: 0.3415910005569458
Lr: 9.84686833959526e-06, Accum Loss: 0.2632310390472412
Lr: 9.846577743578308e-06, Accum Loss: 0.2978277802467346
Lr: 9.846286880820662e-06, Accum Loss: 0.2988184094429016
Lr: 9.845995751355387e-06, Accum Loss: 0.3133876323699951
Lr: 9.845704355215573e-06, Accum Loss: 0.3333672881126404
Lr: 9.845412692434345e-06, Accum Loss: 0.3454989790916443
Lr: 9.84512076304486e-06, Accum Loss: 0.35512298345565796
Lr: 9.844828567080299e-06, Accum Loss: 0.29088294506073
Lr: 9.844536104573875e-06, Accum Loss: 0.27595096826553345
Lr: 9.844243375558834e-06, Accum Loss: 0.35418975353240967
Lr: 9.843950380068455e-06, Accum Loss: 0.29873520135879517
Lr: 9.843657118136039e-06, Accum Loss: 0.27569907903671265
Lr: 9.843363589794923e-06, Accum Loss: 0.26905155181884766
Lr: 9.843069795078475e-06, Accum Loss: 0.2940191626548767
Lr: 9.842775734020089e-06, Accum Loss: 0.28785401582717896
Lr: 9.842481406653192e-06, Accum Loss: 0.2597307562828064
Lr: 9.84218681301124e-06, Accum Loss: 0.363922655582428
Lr: 9.841891953127722e-06, Accum Loss: 0.3849538564682007
Lr: 9.841596827036154e-06, Accum Loss: 0.3516274094581604
Lr: 9.841301434770085e-06, Accum Loss: 0.3451860845088959
Lr: 9.841005776363091e-06, Accum Loss: 0.2591373026371002
Lr: 9.84070985184878e-06, Accum Loss: 0.2837525010108948
Lr: 9.840413661260794e-06, Accum Loss: 0.23599186539649963
Lr: 9.8401172046328e-06, Accum Loss: 0.34958821535110474
Lr: 9.839820481998493e-06, Accum Loss: 0.33503782749176025
Lr: 9.839523493391607e-06, Accum Loss: 0.41582614183425903
Lr: 9.8392262388459e-06, Accum Loss: 0.28391075134277344
Lr: 9.83892871839516e-06, Accum Loss: 0.3858952522277832
Lr: 9.838630932073208e-06, Accum Loss: 0.2964414358139038
Lr: 9.838332879913893e-06, Accum Loss: 0.3283998966217041
Lr: 9.8380345619511e-06, Accum Loss: 0.293008029460907
Lr: 9.837735978218732e-06, Accum Loss: 0.33248579502105713
Lr: 9.837437128750736e-06, Accum Loss: 0.3635638356208801
Lr: 9.837138013581077e-06, Accum Loss: 0.2773469090461731
Lr: 9.836838632743762e-06, Accum Loss: 0.27583444118499756
Lr: 9.836538986272818e-06, Accum Loss: 0.3052631616592407
Lr: 9.83623907420231e-06, Accum Loss: 0.2985336184501648
Lr: 9.835938896566325e-06, Accum Loss: 0.3129396438598633
Lr: 9.83563845339899e-06, Accum Loss: 0.33799371123313904
Lr: 9.835337744734456e-06, Accum Loss: 0.2938947081565857
Lr: 9.8350367706069e-06, Accum Loss: 0.33213549852371216
Lr: 9.83473553105054e-06, Accum Loss: 0.31079769134521484
Lr: 9.834434026099618e-06, Accum Loss: 0.3424772024154663
Lr: 9.834132255788404e-06, Accum Loss: 0.3478112816810608
Lr: 9.833830220151203e-06, Accum Loss: 0.29883915185928345
Lr: 9.833527919222347e-06, Accum Loss: 0.33164942264556885
Lr: 9.833225353036201e-06, Accum Loss: 0.31757140159606934
Lr: 9.832922521627157e-06, Accum Loss: 0.3575080335140228
Lr: 9.832619425029637e-06, Accum Loss: 0.3139788508415222
Lr: 9.832316063278099e-06, Accum Loss: 0.3023495078086853
Lr: 9.83201243640702e-06, Accum Loss: 0.30434098839759827
Lr: 9.831708544450923e-06, Accum Loss: 0.2756269574165344
Lr: 9.831404387444345e-06, Accum Loss: 0.3252302408218384
Lr: 9.83109996542186e-06, Accum Loss: 0.2962357997894287
Lr: 9.830795278418079e-06, Accum Loss: 0.3033222556114197
Lr: 9.830490326467629e-06, Accum Loss: 0.26178860664367676
Lr: 9.830185109605178e-06, Accum Loss: 0.34244635701179504
Lr: 9.82987962786542e-06, Accum Loss: 0.33348774909973145
Lr: 9.829573881283081e-06, Accum Loss: 0.3488391637802124
Lr: 9.829267869892917e-06, Accum Loss: 0.32730668783187866
Lr: 9.828961593729708e-06, Accum Loss: 0.2888157069683075
Lr: 9.828655052828272e-06, Accum Loss: 0.3212890028953552
Lr: 9.828348247223457e-06, Accum Loss: 0.31245487928390503
Lr: 9.828041176950133e-06, Accum Loss: 0.3201068937778473
Lr: 9.82773384204321e-06, Accum Loss: 0.2854352295398712
Lr: 9.82742624253762e-06, Accum Loss: 0.31008049845695496
Lr: 9.82711837846833e-06, Accum Loss: 0.3338494300842285
Lr: 9.826810249870335e-06, Accum Loss: 0.34231090545654297
Lr: 9.826501856778662e-06, Accum Loss: 0.2569921314716339
Lr: 9.826193199228365e-06, Accum Loss: 0.3572082221508026
Lr: 9.82588427725453e-06, Accum Loss: 0.39596840739250183
Lr: 9.825575090892278e-06, Accum Loss: 0.2716931104660034
Lr: 9.825265640176746e-06, Accum Loss: 0.29472407698631287
Lr: 9.824955925143116e-06, Accum Loss: 0.3358236253261566
Lr: 9.824645945826592e-06, Accum Loss: 0.2745116353034973
Lr: 9.824335702262409e-06, Accum Loss: 0.32448074221611023
Lr: 9.824025194485835e-06, Accum Loss: 0.28186464309692383
Lr: 9.823714422532168e-06, Accum Loss: 0.3114471733570099
Lr: 9.823403386436729e-06, Accum Loss: 0.286675363779068
Lr: 9.823092086234878e-06, Accum Loss: 0.2637456953525543
Lr: 9.822780521962e-06, Accum Loss: 0.2558492422103882
Lr: 9.82246869365351e-06, Accum Loss: 0.31282347440719604
Lr: 9.822156601344856e-06, Accum Loss: 0.28255099058151245
Lr: 9.821844245071514e-06, Accum Loss: 0.2752659320831299
Lr: 9.821531624868991e-06, Accum Loss: 0.3208460211753845
Lr: 9.82121874077282e-06, Accum Loss: 0.3515196740627289
Lr: 9.820905592818571e-06, Accum Loss: 0.2766733765602112
Lr: 9.820592181041837e-06, Accum Loss: 0.3379530906677246
Lr: 9.820278505478248e-06, Accum Loss: 0.3043522834777832
Lr: 9.819964566163457e-06, Accum Loss: 0.3061443567276001
Lr: 9.819650363133152e-06, Accum Loss: 0.2712193727493286
Lr: 9.819335896423047e-06, Accum Loss: 0.3282102346420288
Lr: 9.81902116606889e-06, Accum Loss: 0.3188193440437317
Lr: 9.818706172106456e-06, Accum Loss: 0.3132529556751251
Lr: 9.818390914571551e-06, Accum Loss: 0.3515564799308777
Lr: 9.818075393500013e-06, Accum Loss: 0.3119126260280609
Lr: 9.817759608927707e-06, Accum Loss: 0.2600685954093933
Lr: 9.817443560890526e-06, Accum Loss: 0.2949640154838562
Lr: 9.817127249424401e-06, Accum Loss: 0.3128325641155243
Lr: 9.816810674565284e-06, Accum Loss: 0.3090081214904785
Lr: 9.816493836349162e-06, Accum Loss: 0.38403403759002686
Lr: 9.816176734812053e-06, Accum Loss: 0.33154794573783875
Lr: 9.815859369989998e-06, Accum Loss: 0.25011008977890015
Lr: 9.815541741919076e-06, Accum Loss: 0.34156182408332825
Lr: 9.81522385063539e-06, Accum Loss: 0.28614598512649536
Lr: 9.814905696175078e-06, Accum Loss: 0.3194431960582733
Lr: 9.814587278574303e-06, Accum Loss: 0.3137359023094177
Lr: 9.814268597869262e-06, Accum Loss: 0.3268635869026184
Lr: 9.81394965409618e-06, Accum Loss: 0.32520967721939087
Lr: 9.813630447291312e-06, Accum Loss: 0.2925621271133423
Lr: 9.813310977490943e-06, Accum Loss: 0.33366858959198
Lr: 9.812991244731384e-06, Accum Loss: 0.26612207293510437
Lr: 9.812671249048987e-06, Accum Loss: 0.41058868169784546
Lr: 9.81235099048012e-06, Accum Loss: 0.3367993235588074
Lr: 9.81203046906119e-06, Accum Loss: 0.3206996023654938
Lr: 9.811709684828632e-06, Accum Loss: 0.31195175647735596
Lr: 9.811388637818912e-06, Accum Loss: 0.31678491830825806
Lr: 9.81106732806852e-06, Accum Loss: 0.3464299440383911
Lr: 9.810745755613983e-06, Accum Loss: 0.33511871099472046
Lr: 9.810423920491852e-06, Accum Loss: 0.34743642807006836
Lr: 9.810101822738715e-06, Accum Loss: 0.3022245764732361
Lr: 9.809779462391181e-06, Accum Loss: 0.2890069782733917
Lr: 9.809456839485897e-06, Accum Loss: 0.3449796438217163
Lr: 9.809133954059535e-06, Accum Loss: 0.3036637306213379
Lr: 9.808810806148795e-06, Accum Loss: 0.2801269292831421
Lr: 9.808487395790416e-06, Accum Loss: 0.3090951442718506
Lr: 9.808163723021155e-06, Accum Loss: 0.3244352340698242
Lr: 9.807839787877809e-06, Accum Loss: 0.3476906418800354
Lr: 9.807515590397199e-06, Accum Loss: 0.25706982612609863
Lr: 9.807191130616175e-06, Accum Loss: 0.3443503975868225
Lr: 9.806866408571622e-06, Accum Loss: 0.35358771681785583
Lr: 9.80654142430045e-06, Accum Loss: 0.31115639209747314
Lr: 9.806216177839604e-06, Accum Loss: 0.36503666639328003
Lr: 9.80589066922605e-06, Accum Loss: 0.28471025824546814
Lr: 9.805564898496793e-06, Accum Loss: 0.39096564054489136
Lr: 9.805238865688863e-06, Accum Loss: 0.2528812885284424
Lr: 9.804912570839323e-06, Accum Loss: 0.3140929341316223
Lr: 9.80458601398526e-06, Accum Loss: 0.2740570306777954
Lr: 9.804259195163796e-06, Accum Loss: 0.2819053828716278
Lr: 9.803932114412083e-06, Accum Loss: 0.33648329973220825
Lr: 9.803604771767298e-06, Accum Loss: 0.29852333664894104
Lr: 9.803277167266654e-06, Accum Loss: 0.35823267698287964
Lr: 9.802949300947389e-06, Accum Loss: 0.30649757385253906
Lr: 9.80262117284677e-06, Accum Loss: 0.3348199725151062
Lr: 9.802292783002099e-06, Accum Loss: 0.27711614966392517
Lr: 9.801964131450704e-06, Accum Loss: 0.2805611193180084
Lr: 9.801635218229943e-06, Accum Loss: 0.31408795714378357
Lr: 9.801306043377205e-06, Accum Loss: 0.28109627962112427
Lr: 9.800976606929909e-06, Accum Loss: 0.347322940826416
Lr: 9.8006469089255e-06, Accum Loss: 0.35234206914901733
Lr: 9.800316949401458e-06, Accum Loss: 0.31901389360427856
Lr: 9.79998672839529e-06, Accum Loss: 0.3364758789539337
Lr: 9.79965624594453e-06, Accum Loss: 0.33340656757354736
Lr: 9.79932550208675e-06, Accum Loss: 0.31174904108047485
Lr: 9.798994496859541e-06, Accum Loss: 0.3102293610572815
Lr: 9.798663230300532e-06, Accum Loss: 0.3060351312160492
Lr: 9.79833170244738e-06, Accum Loss: 0.32122379541397095
Lr: 9.797999913337765e-06, Accum Loss: 0.3527868092060089
Lr: 9.797667863009409e-06, Accum Loss: 0.33583658933639526
Lr: 9.797335551500053e-06, Accum Loss: 0.31001800298690796
Lr: 9.797002978847473e-06, Accum Loss: 0.2777813971042633
Lr: 9.796670145089471e-06, Accum Loss: 0.29965630173683167
Lr: 9.796337050263885e-06, Accum Loss: 0.32053592801094055
Lr: 9.796003694408575e-06, Accum Loss: 0.3654012978076935
Lr: 9.795670077561434e-06, Accum Loss: 0.34696924686431885
Lr: 9.795336199760389e-06, Accum Loss: 0.236789733171463
Lr: 9.79500206104339e-06, Accum Loss: 0.30324506759643555
Lr: 9.794667661448417e-06, Accum Loss: 0.2693006098270416
Lr: 9.794333001013487e-06, Accum Loss: 0.3419744372367859
Lr: 9.793998079776639e-06, Accum Loss: 0.28890252113342285
Lr: 9.793662897775944e-06, Accum Loss: 0.3730434775352478
Lr: 9.793327455049502e-06, Accum Loss: 0.2975925803184509
Lr: 9.792991751635444e-06, Accum Loss: 0.3279949724674225
Lr: 9.792655787571931e-06, Accum Loss: 0.3490551710128784
Lr: 9.792319562897154e-06, Accum Loss: 0.2948875427246094
Lr: 9.79198307764933e-06, Accum Loss: 0.3149644732475281
Lr: 9.791646331866711e-06, Accum Loss: 0.2893686890602112
Lr: 9.791309325587573e-06, Accum Loss: 0.25426164269447327
Lr: 9.790972058850223e-06, Accum Loss: 0.31825533509254456
Lr: 9.790634531693002e-06, Accum Loss: 0.3145473301410675
Lr: 9.790296744154276e-06, Accum Loss: 0.32165077328681946
Lr: 9.789958696272441e-06, Accum Loss: 0.33218157291412354
Lr: 9.789620388085927e-06, Accum Loss: 0.2833327054977417
Lr: 9.789281819633187e-06, Accum Loss: 0.2802645266056061
Lr: 9.788942990952707e-06, Accum Loss: 0.31925368309020996
Lr: 9.788603902083006e-06, Accum Loss: 0.33907830715179443
Lr: 9.788264553062625e-06, Accum Loss: 0.2692819833755493
Lr: 9.787924943930139e-06, Accum Loss: 0.3096657395362854
Lr: 9.787585074724156e-06, Accum Loss: 0.2592160403728485
Lr: 9.787244945483303e-06, Accum Loss: 0.27123504877090454
Lr: 9.786904556246249e-06, Accum Loss: 0.37530380487442017
Lr: 9.786563907051685e-06, Accum Loss: 0.30118364095687866
Lr: 9.786222997938333e-06, Accum Loss: 0.30904120206832886
Lr: 9.785881828944944e-06, Accum Loss: 0.29550522565841675
Lr: 9.785540400110301e-06, Accum Loss: 0.3620416820049286
Lr: 9.785198711473215e-06, Accum Loss: 0.3805559277534485
Lr: 9.784856763072526e-06, Accum Loss: 0.34909865260124207
Lr: 9.784514554947102e-06, Accum Loss: 0.3367743492126465
Lr: 9.784172087135847e-06, Accum Loss: 0.3360550105571747
Lr: 9.783829359677686e-06, Accum Loss: 0.3362310826778412
Lr: 9.78348637261158e-06, Accum Loss: 0.34720662236213684
Lr: 9.783143125976516e-06, Accum Loss: 0.29493239521980286
Lr: 9.782799619811512e-06, Accum Loss: 0.3591845631599426
Lr: 9.782455854155615e-06, Accum Loss: 0.3079465329647064
Lr: 9.782111829047903e-06, Accum Loss: 0.30738091468811035
Lr: 9.781767544527478e-06, Accum Loss: 0.31720057129859924
Lr: 9.78142300063348e-06, Accum Loss: 0.3171161413192749
Lr: 9.78107819740507e-06, Accum Loss: 0.3629651665687561
Lr: 9.780733134881448e-06, Accum Loss: 0.3264300525188446
Lr: 9.780387813101834e-06, Accum Loss: 0.27620869874954224
Lr: 9.780042232105482e-06, Accum Loss: 0.2658008635044098
Lr: 9.779696391931677e-06, Accum Loss: 0.2776816189289093
Lr: 9.779350292619729e-06, Accum Loss: 0.33181333541870117
Lr: 9.779003934208979e-06, Accum Loss: 0.27506572008132935
Lr: 9.778657316738801e-06, Accum Loss: 0.3218172490596771
Lr: 9.778310440248595e-06, Accum Loss: 0.3355509042739868
Lr: 9.777963304777791e-06, Accum Loss: 0.343303382396698
Lr: 9.777615910365848e-06, Accum Loss: 0.23017963767051697
Lr: 9.777268257052256e-06, Accum Loss: 0.31615138053894043
Lr: 9.776920344876535e-06, Accum Loss: 0.34979286789894104
Lr: 9.77657217387823e-06, Accum Loss: 0.3495488464832306
Lr: 9.776223744096919e-06, Accum Loss: 0.29562267661094666
Lr: 9.77587505557221e-06, Accum Loss: 0.3493044674396515
Lr: 9.775526108343736e-06, Accum Loss: 0.289238840341568
Lr: 9.775176902451167e-06, Accum Loss: 0.27066051959991455
Lr: 9.774827437934198e-06, Accum Loss: 0.32751166820526123
Lr: 9.77447771483255e-06, Accum Loss: 0.2811439037322998
Lr: 9.774127733185979e-06, Accum Loss: 0.30180397629737854
Lr: 9.773777493034268e-06, Accum Loss: 0.32455745339393616
Lr: 9.773426994417227e-06, Accum Loss: 0.2803522050380707
Lr: 9.773076237374703e-06, Accum Loss: 0.3393426835536957
Lr: 9.772725221946563e-06, Accum Loss: 0.3437090218067169
Lr: 9.772373948172707e-06, Accum Loss: 0.3346206247806549
Lr: 9.772022416093071e-06, Accum Loss: 0.30994218587875366
Lr: 9.771670625747607e-06, Accum Loss: 0.28844740986824036
Lr: 9.77131857717631e-06, Accum Loss: 0.3444163203239441
Lr: 9.770966270419196e-06, Accum Loss: 0.31891757249832153
Lr: 9.77061370551631e-06, Accum Loss: 0.2693262994289398
Lr: 9.770260882507732e-06, Accum Loss: 0.28160080313682556
Lr: 9.769907801433567e-06, Accum Loss: 0.32244253158569336
Lr: 9.76955446233395e-06, Accum Loss: 0.2920127213001251
Lr: 9.769200865249048e-06, Accum Loss: 0.3376930058002472
Lr: 9.768847010219052e-06, Accum Loss: 0.3061963617801666
Lr: 9.768492897284188e-06, Accum Loss: 0.3473988473415375
Lr: 9.768138526484707e-06, Accum Loss: 0.2302531898021698
Lr: 9.767783897860892e-06, Accum Loss: 0.313476026058197
Lr: 9.767429011453056e-06, Accum Loss: 0.33403974771499634
Lr: 9.767073867301537e-06, Accum Loss: 0.2428620457649231
Lr: 9.766718465446705e-06, Accum Loss: 0.34739869832992554
Lr: 9.766362805928962e-06, Accum Loss: 0.275786429643631
Lr: 9.766006888788735e-06, Accum Loss: 0.3113340437412262
Lr: 9.765650714066481e-06, Accum Loss: 0.3182802200317383
Lr: 9.76529428180269e-06, Accum Loss: 0.3219209313392639
Lr: 9.764937592037875e-06, Accum Loss: 0.30111879110336304
Lr: 9.764580644812583e-06, Accum Loss: 0.2513429522514343
Lr: 9.76422344016739e-06, Accum Loss: 0.33888959884643555
Lr: 9.763865978142901e-06, Accum Loss: 0.30492570996284485
Lr: 9.763508258779744e-06, Accum Loss: 0.31727373600006104
Lr: 9.763150282118589e-06, Accum Loss: 0.3243127167224884
Lr: 9.762792048200124e-06, Accum Loss: 0.3124844431877136
Lr: 9.762433557065072e-06, Accum Loss: 0.2640760540962219
Lr: 9.762074808754181e-06, Accum Loss: 0.27955350279808044
Lr: 9.761715803308232e-06, Accum Loss: 0.30113545060157776
Lr: 9.761356540768037e-06, Accum Loss: 0.2691592872142792
Lr: 9.760997021174426e-06, Accum Loss: 0.2686965763568878
Lr: 9.760637244568277e-06, Accum Loss: 0.3262922465801239
Lr: 9.760277210990478e-06, Accum Loss: 0.29506009817123413
Lr: 9.75991692048196e-06, Accum Loss: 0.32684165239334106
Lr: 9.759556373083676e-06, Accum Loss: 0.34971365332603455
Lr: 9.75919556883661e-06, Accum Loss: 0.313612699508667
Lr: 9.758834507781776e-06, Accum Loss: 0.3082767724990845
Lr: 9.758473189960218e-06, Accum Loss: 0.32684770226478577
Lr: 9.758111615413003e-06, Accum Loss: 0.29346439242362976
Lr: 9.757749784181236e-06, Accum Loss: 0.3153243064880371
Lr: 9.757387696306047e-06, Accum Loss: 0.30295369029045105
Lr: 9.757025351828596e-06, Accum Loss: 0.27756065130233765
Lr: 9.756662750790069e-06, Accum Loss: 0.3179870843887329
Lr: 9.756299893231683e-06, Accum Loss: 0.37266337871551514
Lr: 9.75593677919469e-06, Accum Loss: 0.29366397857666016
Lr: 9.75557340872036e-06, Accum Loss: 0.3310711085796356
Lr: 9.755209781850002e-06, Accum Loss: 0.2861231565475464
Lr: 9.754845898624948e-06, Accum Loss: 0.30849891901016235
Lr: 9.754481759086564e-06, Accum Loss: 0.41873812675476074
Lr: 9.754117363276241e-06, Accum Loss: 0.27324965596199036
Lr: 9.753752711235399e-06, Accum Loss: 0.29806679487228394
Lr: 9.753387803005491e-06, Accum Loss: 0.2614261209964752
Lr: 9.753022638627998e-06, Accum Loss: 0.28813812136650085
Lr: 9.752657218144426e-06, Accum Loss: 0.2979452311992645
Lr: 9.752291541596316e-06, Accum Loss: 0.33412373065948486
Lr: 9.751925609025231e-06, Accum Loss: 0.3206489682197571
Lr: 9.751559420472774e-06, Accum Loss: 0.25335580110549927
Lr: 9.751192975980565e-06, Accum Loss: 0.30736449360847473
Lr: 9.750826275590258e-06, Accum Loss: 0.3392266631126404
Lr: 9.750459319343543e-06, Accum Loss: 0.35375505685806274
Lr: 9.750092107282125e-06, Accum Loss: 0.3073917627334595
Lr: 9.749724639447752e-06, Accum Loss: 0.27282989025115967
Lr: 9.74935691588219e-06, Accum Loss: 0.3003396689891815
Lr: 9.748988936627242e-06, Accum Loss: 0.3752475380897522
Lr: 9.748620701724738e-06, Accum Loss: 0.2950969934463501
Lr: 9.748252211216534e-06, Accum Loss: 0.3224726915359497
Lr: 9.747883465144516e-06, Accum Loss: 0.2977215647697449
Lr: 9.747514463550604e-06, Accum Loss: 0.3255370259284973
Lr: 9.747145206476739e-06, Accum Loss: 0.32407185435295105
Lr: 9.746775693964898e-06, Accum Loss: 0.3151969015598297
Lr: 9.746405926057083e-06, Accum Loss: 0.29905423521995544
Lr: 9.746035902795329e-06, Accum Loss: 0.333293080329895
Lr: 9.745665624221691e-06, Accum Loss: 0.3208528161048889
Lr: 9.745295090378266e-06, Accum Loss: 0.2846675515174866
Lr: 9.744924301307171e-06, Accum Loss: 0.27806663513183594
Lr: 9.744553257050555e-06, Accum Loss: 0.316779226064682
Lr: 9.744181957650594e-06, Accum Loss: 0.2948572635650635
Lr: 9.743810403149496e-06, Accum Loss: 0.33920544385910034
Lr: 9.743438593589495e-06, Accum Loss: 0.3093119263648987
Lr: 9.743066529012855e-06, Accum Loss: 0.2645469009876251
Lr: 9.742694209461872e-06, Accum Loss: 0.32718271017074585
Lr: 9.742321634978866e-06, Accum Loss: 0.2935713231563568
Lr: 9.74194880560619e-06, Accum Loss: 0.3988528847694397
Lr: 9.741575721386225e-06, Accum Loss: 0.32638999819755554
Lr: 9.741202382361379e-06, Accum Loss: 0.2952759861946106
Lr: 9.740828788574087e-06, Accum Loss: 0.30540043115615845
Lr: 9.740454940066821e-06, Accum Loss: 0.3428853750228882
Lr: 9.740080836882076e-06, Accum Loss: 0.3219704031944275
Lr: 9.739706479062376e-06, Accum Loss: 0.31366485357284546
Lr: 9.739331866650276e-06, Accum Loss: 0.32054710388183594
Lr: 9.73895699968836e-06, Accum Loss: 0.3889167904853821
Lr: 9.738581878219237e-06, Accum Loss: 0.33987003564834595
Lr: 9.738206502285551e-06, Accum Loss: 0.2808116674423218
Lr: 9.737830871929972e-06, Accum Loss: 0.3527267277240753
Lr: 9.737454987195194e-06, Accum Loss: 0.2967095375061035
Lr: 9.73707884812395e-06, Accum Loss: 0.30781063437461853
Lr: 9.736702454758994e-06, Accum Loss: 0.30053603649139404
Lr: 9.736325807143112e-06, Accum Loss: 0.34325045347213745
Lr: 9.735948905319118e-06, Accum Loss: 0.3111577332019806
Lr: 9.735571749329854e-06, Accum Loss: 0.3575661778450012
Lr: 9.735194339218198e-06, Accum Loss: 0.32020989060401917
Lr: 9.734816675027043e-06, Accum Loss: 0.2846806049346924
Lr: 9.734438756799324e-06, Accum Loss: 0.33530011773109436
Lr: 9.734060584577999e-06, Accum Loss: 0.2870646119117737
Lr: 9.733682158406053e-06, Accum Loss: 0.26191985607147217
Lr: 9.733303478326507e-06, Accum Loss: 0.27432680130004883
Lr: 9.732924544382404e-06, Accum Loss: 0.3348868489265442
Lr: 9.732545356616817e-06, Accum Loss: 0.37392693758010864
Lr: 9.732165915072853e-06, Accum Loss: 0.2527918815612793
Lr: 9.731786219793638e-06, Accum Loss: 0.28839778900146484
Lr: 9.731406270822338e-06, Accum Loss: 0.31108126044273376
Lr: 9.73102606820214e-06, Accum Loss: 0.37127697467803955
Lr: 9.730645611976266e-06, Accum Loss: 0.4477385878562927
Lr: 9.730264902187959e-06, Accum Loss: 0.30479365587234497
Lr: 9.729883938880497e-06, Accum Loss: 0.3076590299606323
Lr: 9.729502722097184e-06, Accum Loss: 0.3115481734275818
Lr: 9.729121251881356e-06, Accum Loss: 0.30072617530822754
Lr: 9.728739528276374e-06, Accum Loss: 0.28570371866226196
Lr: 9.728357551325626e-06, Accum Loss: 0.3351057767868042
Lr: 9.727975321072539e-06, Accum Loss: 0.31555071473121643
Lr: 9.727592837560559e-06, Accum Loss: 0.36872246861457825
Lr: 9.727210100833162e-06, Accum Loss: 0.29186445474624634
Lr: 9.726827110933856e-06, Accum Loss: 0.35677483677864075
Lr: 9.726443867906177e-06, Accum Loss: 0.2871994078159332
Lr: 9.726060371793686e-06, Accum Loss: 0.3599383234977722
Lr: 9.725676622639979e-06, Accum Loss: 0.328712522983551
Lr: 9.725292620488678e-06, Accum Loss: 0.31002378463745117
Lr: 9.724908365383431e-06, Accum Loss: 0.25037699937820435
Lr: 9.72452385736792e-06, Accum Loss: 0.3209375739097595
Lr: 9.724139096485849e-06, Accum Loss: 0.33717969059944153
Lr: 9.723754082780956e-06, Accum Loss: 0.27477937936782837
Lr: 9.723368816297008e-06, Accum Loss: 0.2890949845314026
Lr: 9.722983297077799e-06, Accum Loss: 0.28624022006988525
Lr: 9.722597525167152e-06, Accum Loss: 0.30516165494918823
Lr: 9.722211500608916e-06, Accum Loss: 0.3462204337120056
Lr: 9.721825223446972e-06, Accum Loss: 0.3065706789493561
Lr: 9.72143869372523e-06, Accum Loss: 0.3394222855567932
Lr: 9.72105191148763e-06, Accum Loss: 0.3006615936756134
Lr: 9.720664876778134e-06, Accum Loss: 0.3096482455730438
Lr: 9.720277589640739e-06, Accum Loss: 0.2908211648464203
Lr: 9.719890050119469e-06, Accum Loss: 0.3468116223812103
Lr: 9.719502258258377e-06, Accum Loss: 0.3554878532886505
Lr: 9.719114214101541e-06, Accum Loss: 0.28189852833747864
Lr: 9.718725917693075e-06, Accum Loss: 0.3404178023338318
Lr: 9.718337369077117e-06, Accum Loss: 0.23606064915657043
Lr: 9.71794856829783e-06, Accum Loss: 0.2991475760936737
Lr: 9.717559515399414e-06, Accum Loss: 0.35515516996383667
Lr: 9.717170210426093e-06, Accum Loss: 0.28397050499916077
Lr: 9.71678065342212e-06, Accum Loss: 0.328759104013443
Lr: 9.716390844431773e-06, Accum Loss: 0.2913997173309326
Lr: 9.716000783499369e-06, Accum Loss: 0.35534432530403137
Lr: 9.715610470669242e-06, Accum Loss: 0.31971246004104614
Lr: 9.715219905985763e-06, Accum Loss: 0.31557103991508484
Lr: 9.714829089493327e-06, Accum Loss: 0.3483102321624756
Lr: 9.714438021236356e-06, Accum Loss: 0.28407007455825806
Lr: 9.71404670125931e-06, Accum Loss: 0.30716991424560547
Lr: 9.713655129606666e-06, Accum Loss: 0.36968994140625
Lr: 9.713263306322936e-06, Accum Loss: 0.30606013536453247
Lr: 9.712871231452661e-06, Accum Loss: 0.2793753743171692
Lr: 9.712478905040408e-06, Accum Loss: 0.32409074902534485
Lr: 9.712086327130773e-06, Accum Loss: 0.3642464876174927
Lr: 9.711693497768381e-06, Accum Loss: 0.32787588238716125
Lr: 9.711300416997887e-06, Accum Loss: 0.251470685005188
Lr: 9.710907084863975e-06, Accum Loss: 0.2610562741756439
Lr: 9.710513501411352e-06, Accum Loss: 0.2689323127269745
Lr: 9.710119666684758e-06, Accum Loss: 0.38633453845977783
Lr: 9.709725580728965e-06, Accum Loss: 0.3345499336719513
Lr: 9.709331243588764e-06, Accum Loss: 0.2962811589241028
Lr: 9.708936655308984e-06, Accum Loss: 0.31394433975219727
Lr: 9.70854181593448e-06, Accum Loss: 0.39031752943992615
Lr: 9.70814672551013e-06, Accum Loss: 0.3380131423473358
Lr: 9.707751384080849e-06, Accum Loss: 0.2645014226436615
Lr: 9.707355791691573e-06, Accum Loss: 0.32216474413871765
Lr: 9.706959948387271e-06, Accum Loss: 0.2902052402496338
Lr: 9.70656385421294e-06, Accum Loss: 0.31469908356666565
Lr: 9.706167509213604e-06, Accum Loss: 0.3227989077568054
Lr: 9.705770913434319e-06, Accum Loss: 0.2678934633731842
Lr: 9.705374066920162e-06, Accum Loss: 0.3653898239135742
Lr: 9.704976969716248e-06, Accum Loss: 0.29703065752983093
Lr: 9.704579621867713e-06, Accum Loss: 0.2958689033985138
Lr: 9.704182023419726e-06, Accum Loss: 0.30321842432022095
Lr: 9.703784174417482e-06, Accum Loss: 0.3236177861690521
Lr: 9.703386074906208e-06, Accum Loss: 0.31122466921806335
Lr: 9.702987724931152e-06, Accum Loss: 0.3675006628036499
Lr: 9.702589124537598e-06, Accum Loss: 0.3311195969581604
Lr: 9.702190273770858e-06, Accum Loss: 0.3004579544067383
Lr: 9.701791172676267e-06, Accum Loss: 0.2902602553367615
Lr: 9.701391821299192e-06, Accum Loss: 0.29925185441970825
Lr: 9.700992219685031e-06, Accum Loss: 0.32516607642173767
Lr: 9.700592367879204e-06, Accum Loss: 0.33384355902671814
Lr: 9.700192265927163e-06, Accum Loss: 0.371997594833374
Lr: 9.699791913874393e-06, Accum Loss: 0.3873615264892578
Lr: 9.699391311766398e-06, Accum Loss: 0.34912893176078796
Lr: 9.698990459648718e-06, Accum Loss: 0.31684210896492004
Lr: 9.698589357566917e-06, Accum Loss: 0.3153676688671112
Lr: 9.698188005566592e-06, Accum Loss: 0.273852676153183
Lr: 9.697786403693364e-06, Accum Loss: 0.35291045904159546
Lr: 9.697384551992882e-06, Accum Loss: 0.36173227429389954
Lr: 9.696982450510827e-06, Accum Loss: 0.2764112651348114
Lr: 9.696580099292909e-06, Accum Loss: 0.30204474925994873
Lr: 9.69617749838486e-06, Accum Loss: 0.2953411638736725
Lr: 9.695774647832447e-06, Accum Loss: 0.2772734761238098
Lr: 9.695371547681462e-06, Accum Loss: 0.30629804730415344
Lr: 9.694968197977728e-06, Accum Loss: 0.2587273418903351
Lr: 9.694564598767093e-06, Accum Loss: 0.3413369059562683
Lr: 9.694160750095434e-06, Accum Loss: 0.29181692004203796
Lr: 9.693756652008661e-06, Accum Loss: 0.3133249878883362
Lr: 9.693352304552705e-06, Accum Loss: 0.2810213267803192
Lr: 9.692947707773531e-06, Accum Loss: 0.3647116422653198
Lr: 9.692542861717131e-06, Accum Loss: 0.31076279282569885
Lr: 9.692137766429522e-06, Accum Loss: 0.36696678400039673
Lr: 9.691732421956756e-06, Accum Loss: 0.34822791814804077
Lr: 9.691326828344906e-06, Accum Loss: 0.35429173707962036
Lr: 9.690920985640077e-06, Accum Loss: 0.2794913351535797
Lr: 9.690514893888404e-06, Accum Loss: 0.32448476552963257
Lr: 9.690108553136048e-06, Accum Loss: 0.3078625500202179
Lr: 9.689701963429199e-06, Accum Loss: 0.36499324440956116
Lr: 9.689295124814071e-06, Accum Loss: 0.37163421511650085
Lr: 9.688888037336916e-06, Accum Loss: 0.31742826104164124
Lr: 9.688480701044004e-06, Accum Loss: 0.33547869324684143
Lr: 9.688073115981639e-06, Accum Loss: 0.3381110727787018
Lr: 9.687665282196155e-06, Accum Loss: 0.35748690366744995
Lr: 9.687257199733906e-06, Accum Loss: 0.280269593000412
Lr: 9.686848868641284e-06, Accum Loss: 0.27988201379776
Lr: 9.686440288964706e-06, Accum Loss: 0.2938441038131714
Lr: 9.686031460750612e-06, Accum Loss: 0.2875249981880188
Lr: 9.685622384045475e-06, Accum Loss: 0.32062873244285583
Lr: 9.685213058895797e-06, Accum Loss: 0.3015495538711548
Lr: 9.684803485348108e-06, Accum Loss: 0.328646719455719
Lr: 9.684393663448963e-06, Accum Loss: 0.3321565091609955
Lr: 9.683983593244948e-06, Accum Loss: 0.30298253893852234
Lr: 9.683573274782678e-06, Accum Loss: 0.4067458510398865
Lr: 9.683162708108792e-06, Accum Loss: 0.291159987449646
Lr: 9.682751893269963e-06, Accum Loss: 0.38967978954315186
Lr: 9.682340830312888e-06, Accum Loss: 0.34953996539115906
Lr: 9.681929519284291e-06, Accum Loss: 0.2765796482563019
Lr: 9.68151796023093e-06, Accum Loss: 0.32030564546585083
Lr: 9.681106153199589e-06, Accum Loss: 0.2980678975582123
Lr: 9.680694098237074e-06, Accum Loss: 0.3416573703289032
Lr: 9.680281795390229e-06, Accum Loss: 0.259406179189682
Lr: 9.679869244705918e-06, Accum Loss: 0.33642271161079407
Lr: 9.679456446231038e-06, Accum Loss: 0.3387225568294525
Lr: 9.679043400012513e-06, Accum Loss: 0.33965012431144714
Lr: 9.678630106097295e-06, Accum Loss: 0.2853891998529434
Lr: 9.678216564532362e-06, Accum Loss: 0.3231476843357086
Lr: 9.677802775364725e-06, Accum Loss: 0.29409781098365784
Lr: 9.677388738641418e-06, Accum Loss: 0.3437604606151581
Lr: 9.676974454409508e-06, Accum Loss: 0.291515052318573
Lr: 9.676559922716086e-06, Accum Loss: 0.36692580580711365
Lr: 9.676145143608272e-06, Accum Loss: 0.3207475244998932
Lr: 9.675730117133215e-06, Accum Loss: 0.30018261075019836
Lr: 9.675314843338095e-06, Accum Loss: 0.31224045157432556
Lr: 9.674899322270112e-06, Accum Loss: 0.2942679226398468
Lr: 9.674483553976504e-06, Accum Loss: 0.3000392019748688
Lr: 9.67406753850453e-06, Accum Loss: 0.3274120092391968
Lr: 9.67365127590148e-06, Accum Loss: 0.2628655433654785
Lr: 9.673234766214671e-06, Accum Loss: 0.34575867652893066
Lr: 9.672818009491447e-06, Accum Loss: 0.32637032866477966
Lr: 9.672401005779186e-06, Accum Loss: 0.38435542583465576
Lr: 9.671983755125287e-06, Accum Loss: 0.30126163363456726
Lr: 9.671566257577177e-06, Accum Loss: 0.3047148883342743
Lr: 9.67114851318232e-06, Accum Loss: 0.3514862060546875
Lr: 9.670730521988198e-06, Accum Loss: 0.3011930584907532
Lr: 9.670312284042325e-06, Accum Loss: 0.3380012512207031
Lr: 9.669893799392244e-06, Accum Loss: 0.34890109300613403
Lr: 9.669475068085526e-06, Accum Loss: 0.2961656451225281
Lr: 9.669056090169767e-06, Accum Loss: 0.32056283950805664
Lr: 9.668636865692595e-06, Accum Loss: 0.31401675939559937
Lr: 9.668217394701663e-06, Accum Loss: 0.32573074102401733
Lr: 9.667797677244652e-06, Accum Loss: 0.3201048970222473
Lr: 9.667377713369277e-06, Accum Loss: 0.32277148962020874
Lr: 9.66695750312327e-06, Accum Loss: 0.3364478647708893
Lr: 9.666537046554402e-06, Accum Loss: 0.35263878107070923
Lr: 9.666116343710463e-06, Accum Loss: 0.28284671902656555
Lr: 9.66569539463928e-06, Accum Loss: 0.3241035044193268
Lr: 9.665274199388699e-06, Accum Loss: 0.3355971574783325
Lr: 9.664852758006601e-06, Accum Loss: 0.30728879570961
Lr: 9.664431070540894e-06, Accum Loss: 0.32433757185935974
Lr: 9.664009137039504e-06, Accum Loss: 0.3260805904865265
Lr: 9.663586957550403e-06, Accum Loss: 0.32656773924827576
Lr: 9.663164532121575e-06, Accum Loss: 0.2886771261692047
Lr: 9.66274186080104e-06, Accum Loss: 0.32925528287887573
Lr: 9.662318943636841e-06, Accum Loss: 0.2900725305080414
Lr: 9.661895780677056e-06, Accum Loss: 0.3301296532154083
Lr: 9.661472371969788e-06, Accum Loss: 0.2974058985710144
Lr: 9.66104871756316e-06, Accum Loss: 0.3114977777004242
Lr: 9.660624817505337e-06, Accum Loss: 0.30155065655708313
Lr: 9.660200671844502e-06, Accum Loss: 0.2519368976354599
Lr: 9.659776280628866e-06, Accum Loss: 0.3329768478870392
Lr: 9.659351643906674e-06, Accum Loss: 0.32632163166999817
Lr: 9.658926761726193e-06, Accum Loss: 0.3469911813735962
Lr: 9.658501634135724e-06, Accum Loss: 0.3488411009311676
Lr: 9.658076261183588e-06, Accum Loss: 0.33776599168777466
Lr: 9.657650642918138e-06, Accum Loss: 0.3275802582502365
Lr: 9.657224779387758e-06, Accum Loss: 0.33477783203125
Lr: 9.656798670640857e-06, Accum Loss: 0.327389657497406
Lr: 9.656372316725868e-06, Accum Loss: 0.2870340943336487
Lr: 9.655945717691257e-06, Accum Loss: 0.3207927942276001
Lr: 9.655518873585518e-06, Accum Loss: 0.28055185079574585
Lr: 9.655091784457172e-06, Accum Loss: 0.28077879548072815
Lr: 9.654664450354766e-06, Accum Loss: 0.35681527853012085
Lr: 9.654236871326874e-06, Accum Loss: 0.33501186966896057
Lr: 9.653809047422102e-06, Accum Loss: 0.28447379171848297
Lr: 9.65338097868908e-06, Accum Loss: 0.31864188611507416
Lr: 9.652952665176474e-06, Accum Loss: 0.3248940706253052
Lr: 9.652524106932961e-06, Accum Loss: 0.25219160318374634
Lr: 9.652095304007262e-06, Accum Loss: 0.26058146357536316
Lr: 9.65166625644812e-06, Accum Loss: 0.2668280303478241
Lr: 9.651236964304307e-06, Accum Loss: 0.3522337079048157
Lr: 9.650807427624619e-06, Accum Loss: 0.38226577639579773
Lr: 9.65037764645788e-06, Accum Loss: 0.2769445478916168
Lr: 9.64994762085295e-06, Accum Loss: 0.364879846572876
Lr: 9.649517350858707e-06, Accum Loss: 0.3055638074874878
Lr: 9.649086836524064e-06, Accum Loss: 0.278669148683548
Lr: 9.648656077897955e-06, Accum Loss: 0.28706982731819153
Lr: 9.648225075029347e-06, Accum Loss: 0.30210593342781067
Lr: 9.647793827967232e-06, Accum Loss: 0.3501155525445938
Lr: 9.647362336760633e-06, Accum Loss: 0.312951922416687
Lr: 9.646930601458595e-06, Accum Loss: 0.2670031487941742
Lr: 9.646498622110197e-06, Accum Loss: 0.29869773983955383
Lr: 9.646066398764544e-06, Accum Loss: 0.3645820617675781
Lr: 9.645633931470766e-06, Accum Loss: 0.2812255322933197
Lr: 9.645201220278023e-06, Accum Loss: 0.28912195563316345
Lr: 9.644768265235501e-06, Accum Loss: 0.33082115650177
Lr: 9.644335066392419e-06, Accum Loss: 0.28995347023010254
Lr: 9.643901623798012e-06, Accum Loss: 0.27043819427490234
Lr: 9.643467937501558e-06, Accum Loss: 0.3533337116241455
Lr: 9.643034007552351e-06, Accum Loss: 0.2746969759464264
Lr: 9.64259983399972e-06, Accum Loss: 0.2876318097114563
Lr: 9.642165416893016e-06, Accum Loss: 0.35188138484954834
Lr: 9.641730756281619e-06, Accum Loss: 0.302264928817749
Lr: 9.64129585221494e-06, Accum Loss: 0.34958043694496155
Lr: 9.640860704742415e-06, Accum Loss: 0.31919169425964355
Lr: 9.640425313913509e-06, Accum Loss: 0.2691764235496521
Lr: 9.639989679777712e-06, Accum Loss: 0.29968586564064026
Lr: 9.639553802384544e-06, Accum Loss: 0.27845528721809387
Lr: 9.639117681783554e-06, Accum Loss: 0.3498547673225403
Lr: 9.638681318024315e-06, Accum Loss: 0.307523638010025
Lr: 9.63824471115643e-06, Accum Loss: 0.3123370409011841
Lr: 9.637807861229528e-06, Accum Loss: 0.2673267126083374
Lr: 9.637370768293267e-06, Accum Loss: 0.3260010778903961
Lr: 9.636933432397334e-06, Accum Loss: 0.3030478060245514
Lr: 9.63649585359144e-06, Accum Loss: 0.25966310501098633
Lr: 9.636058031925328e-06, Accum Loss: 0.2835009694099426
Lr: 9.635619967448764e-06, Accum Loss: 0.28649938106536865
Lr: 9.635181660211544e-06, Accum Loss: 0.31846749782562256
Lr: 9.634743110263492e-06, Accum Loss: 0.30767345428466797
Lr: 9.634304317654458e-06, Accum Loss: 0.325431764125824
Lr: 9.633865282434322e-06, Accum Loss: 0.3400925397872925
Lr: 9.633426004652989e-06, Accum Loss: 0.30530717968940735
Lr: 9.632986484360393e-06, Accum Loss: 0.335642009973526
Lr: 9.632546721606496e-06, Accum Loss: 0.33160194754600525
Lr: 9.632106716441284e-06, Accum Loss: 0.3247126042842865
Lr: 9.631666468914776e-06, Accum Loss: 0.3703363835811615
Lr: 9.631225979077017e-06, Accum Loss: 0.2750968039035797
Lr: 9.630785246978075e-06, Accum Loss: 0.33310043811798096
Lr: 9.630344272668051e-06, Accum Loss: 0.32027673721313477
Lr: 9.62990305619707e-06, Accum Loss: 0.31302115321159363
Lr: 9.62946159761529e-06, Accum Loss: 0.293564110994339
Lr: 9.629019896972889e-06, Accum Loss: 0.3551175892353058
Lr: 9.628577954320077e-06, Accum Loss: 0.3296798765659332
Lr: 9.628135769707089e-06, Accum Loss: 0.30508944392204285
Lr: 9.627693343184193e-06, Accum Loss: 0.2776704430580139
Lr: 9.627250674801677e-06, Accum Loss: 0.33618512749671936
Lr: 9.626807764609862e-06, Accum Loss: 0.24033161997795105
Lr: 9.626364612659091e-06, Accum Loss: 0.2989642024040222
Lr: 9.625921218999745e-06, Accum Loss: 0.34508979320526123
Lr: 9.62547758368222e-06, Accum Loss: 0.28907662630081177
Lr: 9.625033706756946e-06, Accum Loss: 0.33334726095199585
Lr: 9.624589588274383e-06, Accum Loss: 0.28288593888282776
Lr: 9.624145228285008e-06, Accum Loss: 0.35004162788391113
Lr: 9.623700626839339e-06, Accum Loss: 0.3239254057407379
Lr: 9.62325578398791e-06, Accum Loss: 0.31828612089157104
Lr: 9.622810699781292e-06, Accum Loss: 0.2989497482776642
Lr: 9.622365374270075e-06, Accum Loss: 0.30405983328819275
Lr: 9.621919807504881e-06, Accum Loss: 0.3036922216415405
Lr: 9.62147399953636e-06, Accum Loss: 0.35522744059562683
Lr: 9.621027950415186e-06, Accum Loss: 0.3284868001937866
Lr: 9.620581660192064e-06, Accum Loss: 0.32475242018699646
Lr: 9.620135128917722e-06, Accum Loss: 0.3312830626964569
Lr: 9.619688356642922e-06, Accum Loss: 0.3341488540172577
Lr: 9.619241343418446e-06, Accum Loss: 0.3150341808795929
Lr: 9.618794089295112e-06, Accum Loss: 0.3059472441673279
Lr: 9.618346594323756e-06, Accum Loss: 0.30030807852745056
Lr: 9.617898858555246e-06, Accum Loss: 0.2779044806957245
Lr: 9.617450882040479e-06, Accum Loss: 0.314589262008667
Lr: 9.617002664830375e-06, Accum Loss: 0.2683674693107605
Lr: 9.616554206975888e-06, Accum Loss: 0.26779359579086304
Lr: 9.616105508527991e-06, Accum Loss: 0.29723411798477173
Lr: 9.61565656953769e-06, Accum Loss: 0.3514007329940796
Lr: 9.615207390056017e-06, Accum Loss: 0.34113654494285583
Lr: 9.614757970134032e-06, Accum Loss: 0.31320300698280334
Lr: 9.61430830982282e-06, Accum Loss: 0.33495429158210754
Lr: 9.613858409173497e-06, Accum Loss: 0.31605130434036255
Lr: 9.613408268237201e-06, Accum Loss: 0.2486521601676941
Lr: 9.612957887065103e-06, Accum Loss: 0.3048166036605835
Lr: 9.6125072657084e-06, Accum Loss: 0.3441053330898285
Lr: 9.61205640421831e-06, Accum Loss: 0.32403233647346497
Lr: 9.61160530264609e-06, Accum Loss: 0.38282299041748047
Lr: 9.611153961043013e-06, Accum Loss: 0.3198751211166382
Lr: 9.610702379460387e-06, Accum Loss: 0.2626555860042572
Lr: 9.610250557949542e-06, Accum Loss: 0.30811843276023865
Lr: 9.609798496561836e-06, Accum Loss: 0.3142472803592682
Lr: 9.609346195348661e-06, Accum Loss: 0.33912134170532227
Lr: 9.608893654361429e-06, Accum Loss: 0.30627959966659546
Lr: 9.608440873651578e-06, Accum Loss: 0.3452192544937134
Lr: 9.60798785327058e-06, Accum Loss: 0.29070281982421875
Lr: 9.60753459326993e-06, Accum Loss: 0.3175278604030609
Lr: 9.607081093701153e-06, Accum Loss: 0.3074788749217987
Lr: 9.606627354615794e-06, Accum Loss: 0.31233033537864685
Lr: 9.606173376065436e-06, Accum Loss: 0.2970530688762665
Lr: 9.605719158101682e-06, Accum Loss: 0.24417740106582642
Lr: 9.605264700776162e-06, Accum Loss: 0.37351658940315247
Lr: 9.604810004140538e-06, Accum Loss: 0.2875968813896179
Lr: 9.604355068246494e-06, Accum Loss: 0.27889418601989746
Lr: 9.603899893145746e-06, Accum Loss: 0.3077203929424286
Lr: 9.603444478890033e-06, Accum Loss: 0.2680601179599762
Lr: 9.602988825531124e-06, Accum Loss: 0.2624523341655731
Lr: 9.602532933120813e-06, Accum Loss: 0.26380395889282227
Lr: 9.602076801710923e-06, Accum Loss: 0.2795802056789398
Lr: 9.601620431353303e-06, Accum Loss: 0.3560582846403122
Lr: 9.60116382209983e-06, Accum Loss: 0.30300822854042053
Lr: 9.600706974002408e-06, Accum Loss: 0.27749699354171753
Lr: 9.600249887112968e-06, Accum Loss: 0.3508404642343521
Lr: 9.599792561483467e-06, Accum Loss: 0.3439911901950836
Lr: 9.599334997165893e-06, Accum Loss: 0.2800614833831787
Lr: 9.598877194212254e-06, Accum Loss: 0.2588835060596466
Lr: 9.598419152674593e-06, Accum Loss: 0.3187757134437561
Lr: 9.597960872604974e-06, Accum Loss: 0.31349095702171326
Lr: 9.597502354055494e-06, Accum Loss: 0.3333134651184082
Lr: 9.59704359707827e-06, Accum Loss: 0.31089627742767334
Lr: 9.596584601725455e-06, Accum Loss: 0.32700085639953613
Lr: 9.596125368049219e-06, Accum Loss: 0.26336103677749634
Lr: 9.595665896101764e-06, Accum Loss: 0.3392387926578522
Lr: 9.595206185935325e-06, Accum Loss: 0.279965877532959
Lr: 9.594746237602151e-06, Accum Loss: 0.3079654574394226
Lr: 9.594286051154531e-06, Accum Loss: 0.36828815937042236
Lr: 9.593825626644772e-06, Accum Loss: 0.34129589796066284
Lr: 9.593364964125213e-06, Accum Loss: 0.3155834376811981
Lr: 9.59290406364822e-06, Accum Loss: 0.3366563320159912
Lr: 9.592442925266182e-06, Accum Loss: 0.3307599723339081
Lr: 9.591981549031517e-06, Accum Loss: 0.24214214086532593
Lr: 9.591519934996672e-06, Accum Loss: 0.3770993947982788
Lr: 9.591058083214122e-06, Accum Loss: 0.32149600982666016
Lr: 9.590595993736362e-06, Accum Loss: 0.32615792751312256
Lr: 9.59013366661592e-06, Accum Loss: 0.30187752842903137
Lr: 9.589671101905356e-06, Accum Loss: 0.3354392945766449
Lr: 9.589208299657243e-06, Accum Loss: 0.3201830983161926
Lr: 9.588745259924191e-06, Accum Loss: 0.32211610674858093
Lr: 9.588281982758836e-06, Accum Loss: 0.27603378891944885
Lr: 9.587818468213839e-06, Accum Loss: 0.3559771180152893
Lr: 9.587354716341889e-06, Accum Loss: 0.3210204541683197
Lr: 9.5868907271957e-06, Accum Loss: 0.3273313343524933
Lr: 9.586426500828018e-06, Accum Loss: 0.2819261848926544
Lr: 9.58596203729161e-06, Accum Loss: 0.3369646668434143
Lr: 9.585497336639272e-06, Accum Loss: 0.30727627873420715
Lr: 9.58503239892383e-06, Accum Loss: 0.30443862080574036
Lr: 9.584567224198135e-06, Accum Loss: 0.2899896502494812
Lr: 9.58410181251506e-06, Accum Loss: 0.31478413939476013
Lr: 9.583636163927516e-06, Accum Loss: 0.3336455225944519
Lr: 9.583170278488425e-06, Accum Loss: 0.31056880950927734
Lr: 9.582704156250755e-06, Accum Loss: 0.3483714759349823
Lr: 9.582237797267486e-06, Accum Loss: 0.2909700572490692
Lr: 9.58177120159163e-06, Accum Loss: 0.28926482796669006
Lr: 9.581304369276228e-06, Accum Loss: 0.31769460439682007
Lr: 9.580837300374344e-06, Accum Loss: 0.30150917172431946
Lr: 9.580369994939072e-06, Accum Loss: 0.2760423421859741
Lr: 9.57990245302353e-06, Accum Loss: 0.3034059703350067
Lr: 9.579434674680867e-06, Accum Loss: 0.297442764043808
Lr: 9.578966659964255e-06, Accum Loss: 0.3278789520263672
Lr: 9.578498408926895e-06, Accum Loss: 0.309469997882843
Lr: 9.578029921622013e-06, Accum Loss: 0.30868828296661377
Lr: 9.57756119810286e-06, Accum Loss: 0.34741076827049255
Lr: 9.577092238422724e-06, Accum Loss: 0.30666303634643555
Lr: 9.57662304263491e-06, Accum Loss: 0.3137089014053345
Lr: 9.57615361079275e-06, Accum Loss: 0.30991488695144653
Lr: 9.575683942949607e-06, Accum Loss: 0.2571207284927368
Lr: 9.57521403915887e-06, Accum Loss: 0.3372689485549927
Lr: 9.574743899473952e-06, Accum Loss: 0.3023926913738251
Lr: 9.574273523948296e-06, Accum Loss: 0.384488582611084
Lr: 9.573802912635371e-06, Accum Loss: 0.2849928140640259
Lr: 9.573332065588671e-06, Accum Loss: 0.3759912848472595
Lr: 9.57286098286172e-06, Accum Loss: 0.31859734654426575
Lr: 9.572389664508067e-06, Accum Loss: 0.38677358627319336
Lr: 9.571918110581286e-06, Accum Loss: 0.3072216808795929
Lr: 9.571446321134982e-06, Accum Loss: 0.300104558467865
Lr: 9.57097429622278e-06, Accum Loss: 0.32191914319992065
Lr: 9.570502035898342e-06, Accum Loss: 0.3553580641746521
Lr: 9.570029540215346e-06, Accum Loss: 0.30117639899253845
Lr: 9.569556809227506e-06, Accum Loss: 0.3261995017528534
Lr: 9.569083842988553e-06, Accum Loss: 0.30716124176979065
Lr: 9.568610641552254e-06, Accum Loss: 0.2739347219467163
Lr: 9.5681372049724e-06, Accum Loss: 0.3094177842140198
Lr: 9.567663533302805e-06, Accum Loss: 0.3155975937843323
Lr: 9.56718962659731e-06, Accum Loss: 0.3056297302246094
Lr: 9.56671548490979e-06, Accum Loss: 0.2700813412666321
Lr: 9.566241108294139e-06, Accum Loss: 0.28818345069885254
Lr: 9.565766496804281e-06, Accum Loss: 0.3141762912273407
Lr: 9.565291650494168e-06, Accum Loss: 0.29651471972465515
Lr: 9.564816569417774e-06, Accum Loss: 0.3197794556617737
Lr: 9.564341253629103e-06, Accum Loss: 0.34685462713241577
Lr: 9.563865703182185e-06, Accum Loss: 0.36242690682411194
Lr: 9.563389918131077e-06, Accum Loss: 0.2874220013618469
Lr: 9.562913898529865e-06, Accum Loss: 0.2765168845653534
Lr: 9.562437644432658e-06, Accum Loss: 0.2588951289653778
Lr: 9.561961155893591e-06, Accum Loss: 0.27194204926490784
Lr: 9.56148443296683e-06, Accum Loss: 0.29059532284736633
Lr: 9.561007475706562e-06, Accum Loss: 0.25856655836105347
Lr: 9.560530284167007e-06, Accum Loss: 0.29155516624450684
Lr: 9.560052858402405e-06, Accum Loss: 0.2805548310279846
Lr: 9.55957519846703e-06, Accum Loss: 0.30907711386680603
Lr: 9.559097304415177e-06, Accum Loss: 0.2662089169025421
Lr: 9.558619176301169e-06, Accum Loss: 0.37237727642059326
Lr: 9.558140814179355e-06, Accum Loss: 0.24914434552192688
Lr: 9.557662218104114e-06, Accum Loss: 0.3422447443008423
Lr: 9.557183388129847e-06, Accum Loss: 0.274840384721756
Lr: 9.556704324310983e-06, Accum Loss: 0.21817359328269958
Lr: 9.556225026701979e-06, Accum Loss: 0.30706357955932617
Lr: 9.55574549535732e-06, Accum Loss: 0.32060539722442627
Lr: 9.555265730331513e-06, Accum Loss: 0.3162158727645874
Lr: 9.554785731679096e-06, Accum Loss: 0.3045307397842407
Lr: 9.554305499454627e-06, Accum Loss: 0.3377681076526642
Lr: 9.553825033712699e-06, Accum Loss: 0.3219870924949646
Lr: 9.553344334507928e-06, Accum Loss: 0.4455721080303192
Lr: 9.552863401894955e-06, Accum Loss: 0.28604549169540405
Lr: 9.552382235928448e-06, Accum Loss: 0.3158804476261139
Lr: 9.551900836663101e-06, Accum Loss: 0.33030131459236145
Lr: 9.551419204153641e-06, Accum Loss: 0.31174448132514954
Lr: 9.550937338454811e-06, Accum Loss: 0.314841628074646
Lr: 9.550455239621389e-06, Accum Loss: 0.31399667263031006
Lr: 9.549972907708172e-06, Accum Loss: 0.31098517775535583
Lr: 9.549490342769992e-06, Accum Loss: 0.23621031641960144
Lr: 9.5490075448617e-06, Accum Loss: 0.26763975620269775
Lr: 9.54852451403818e-06, Accum Loss: 0.3191711902618408
Lr: 9.54804125035434e-06, Accum Loss: 0.37826788425445557
Lr: 9.547557753865109e-06, Accum Loss: 0.3085046410560608
Lr: 9.547074024625448e-06, Accum Loss: 0.38075077533721924
Lr: 9.546590062690345e-06, Accum Loss: 0.33835044503211975
Lr: 9.546105868114815e-06, Accum Loss: 0.2582628130912781
Lr: 9.545621440953895e-06, Accum Loss: 0.342083215713501
Lr: 9.545136781262651e-06, Accum Loss: 0.33739173412323
Lr: 9.544651889096174e-06, Accum Loss: 0.3111446797847748
Lr: 9.544166764509586e-06, Accum Loss: 0.3877432942390442
Lr: 9.54368140755803e-06, Accum Loss: 0.25969791412353516
Lr: 9.54319581829668e-06, Accum Loss: 0.3287045359611511
Lr: 9.542709996780731e-06, Accum Loss: 0.3237232565879822
Lr: 9.542223943065409e-06, Accum Loss: 0.3435831665992737
Lr: 9.541737657205964e-06, Accum Loss: 0.3636936843395233
Lr: 9.541251139257674e-06, Accum Loss: 0.29910457134246826
Lr: 9.540764389275841e-06, Accum Loss: 0.30630066990852356
Lr: 9.540277407315797e-06, Accum Loss: 0.3293977975845337
Lr: 9.539790193432898e-06, Accum Loss: 0.3509335517883301
Lr: 9.539302747682526e-06, Accum Loss: 0.2763267159461975
Lr: 9.53881507012009e-06, Accum Loss: 0.317008912563324
Lr: 9.538327160801026e-06, Accum Loss: 0.3199184536933899
Lr: 9.537839019780796e-06, Accum Loss: 0.2914090156555176
Lr: 9.537350647114885e-06, Accum Loss: 0.3184352219104767
Lr: 9.536862042858813e-06, Accum Loss: 0.3470280170440674
Lr: 9.536373207068116e-06, Accum Loss: 0.34357085824012756
Lr: 9.53588413979836e-06, Accum Loss: 0.3180299401283264
Lr: 9.535394841105144e-06, Accum Loss: 0.2846184968948364
Lr: 9.534905311044084e-06, Accum Loss: 0.31602877378463745
Lr: 9.534415549670826e-06, Accum Loss: 0.32789167761802673
Lr: 9.533925557041044e-06, Accum Loss: 0.2551664113998413
Lr: 9.533435333210434e-06, Accum Loss: 0.3385503590106964
Lr: 9.532944878234722e-06, Accum Loss: 0.3050457537174225
Lr: 9.532454192169663e-06, Accum Loss: 0.2995466887950897
Lr: 9.531963275071027e-06, Accum Loss: 0.26223403215408325
Lr: 9.531472126994622e-06, Accum Loss: 0.2885172665119171
Lr: 9.530980747996279e-06, Accum Loss: 0.312762588262558
Lr: 9.530489138131849e-06, Accum Loss: 0.36524736881256104
Lr: 9.52999729745722e-06, Accum Loss: 0.2930823266506195
Lr: 9.529505226028299e-06, Accum Loss: 0.2529374957084656
Lr: 9.529012923901019e-06, Accum Loss: 0.26776155829429626
Lr: 9.528520391131343e-06, Accum Loss: 0.2659999132156372
Lr: 9.528027627775257e-06, Accum Loss: 0.28705668449401855
Lr: 9.527534633888774e-06, Accum Loss: 0.3305271565914154
Lr: 9.527041409527937e-06, Accum Loss: 0.32509535551071167
Lr: 9.526547954748809e-06, Accum Loss: 0.39861443638801575
Lr: 9.526054269607481e-06, Accum Loss: 0.2658136188983917
Lr: 9.525560354160077e-06, Accum Loss: 0.36059316992759705
Lr: 9.525066208462735e-06, Accum Loss: 0.32749736309051514
Lr: 9.524571832571628e-06, Accum Loss: 0.329946905374527
Lr: 9.524077226542953e-06, Accum Loss: 0.2896502614021301
Lr: 9.523582390432933e-06, Accum Loss: 0.29486215114593506
Lr: 9.523087324297817e-06, Accum Loss: 0.3048745393753052
Lr: 9.522592028193882e-06, Accum Loss: 0.33716562390327454
Lr: 9.522096502177426e-06, Accum Loss: 0.3103841245174408
Lr: 9.521600746304779e-06, Accum Loss: 0.2683992385864258
Lr: 9.521104760632294e-06, Accum Loss: 0.3373425602912903
Lr: 9.520608545216348e-06, Accum Loss: 0.32667410373687744
Lr: 9.520112100113353e-06, Accum Loss: 0.2920205593109131
Lr: 9.519615425379737e-06, Accum Loss: 0.3263716995716095
Lr: 9.519118521071958e-06, Accum Loss: 0.3132613003253937
Lr: 9.5186213872465e-06, Accum Loss: 0.33242279291152954
Lr: 9.518124023959877e-06, Accum Loss: 0.32651251554489136
Lr: 9.517626431268622e-06, Accum Loss: 0.31178441643714905
Lr: 9.517128609229298e-06, Accum Loss: 0.3263826370239258
Lr: 9.516630557898493e-06, Accum Loss: 0.3461436927318573
Lr: 9.516132277332822e-06, Accum Loss: 0.2775122821331024
Lr: 9.515633767588927e-06, Accum Loss: 0.3153097629547119
Lr: 9.515135028723472e-06, Accum Loss: 0.2832152843475342
Lr: 9.514636060793154e-06, Accum Loss: 0.32673144340515137
Lr: 9.514136863854687e-06, Accum Loss: 0.35046255588531494
Lr: 9.513637437964819e-06, Accum Loss: 0.31487974524497986
Lr: 9.513137783180319e-06, Accum Loss: 0.31043851375579834
Lr: 9.512637899557986e-06, Accum Loss: 0.34693533182144165
Lr: 9.512137787154641e-06, Accum Loss: 0.3540516197681427
Lr: 9.511637446027133e-06, Accum Loss: 0.34599146246910095
Lr: 9.511136876232338e-06, Accum Loss: 0.32791686058044434
Lr: 9.510636077827156e-06, Accum Loss: 0.3716622292995453
Lr: 9.510135050868514e-06, Accum Loss: 0.3248611390590668
Lr: 9.509633795413365e-06, Accum Loss: 0.33369845151901245
Lr: 9.509132311518688e-06, Accum Loss: 0.3074284493923187
Lr: 9.508630599241486e-06, Accum Loss: 0.25597867369651794
Lr: 9.508128658638794e-06, Accum Loss: 0.33625584840774536
Lr: 9.507626489767665e-06, Accum Loss: 0.22674009203910828
Lr: 9.507124092685182e-06, Accum Loss: 0.31637588143348694
Lr: 9.506621467448456e-06, Accum Loss: 0.2710307538509369
Lr: 9.506118614114617e-06, Accum Loss: 0.28718116879463196
Lr: 9.50561553274083e-06, Accum Loss: 0.3229599595069885
Lr: 9.50511222338428e-06, Accum Loss: 0.3455255329608917
Lr: 9.504608686102178e-06, Accum Loss: 0.30622124671936035
Lr: 9.504104920951763e-06, Accum Loss: 0.2750454246997833
Lr: 9.5036009279903e-06, Accum Loss: 0.35624366998672485
Lr: 9.503096707275079e-06, Accum Loss: 0.25980570912361145
Lr: 9.502592258863414e-06, Accum Loss: 0.4104158282279968
Lr: 9.502087582812647e-06, Accum Loss: 0.2934325933456421
Lr: 9.501582679180146e-06, Accum Loss: 0.2540861964225769
Lr: 9.501077548023307e-06, Accum Loss: 0.3296886384487152
Lr: 9.500572189399547e-06, Accum Loss: 0.40402984619140625
Lr: 9.500066603366311e-06, Accum Loss: 0.34051328897476196
Lr: 9.49956078998107e-06, Accum Loss: 0.40702009201049805
Lr: 9.499054749301323e-06, Accum Loss: 0.2842806577682495
Lr: 9.498548481384591e-06, Accum Loss: 0.2930223345756531
Lr: 9.498041986288423e-06, Accum Loss: 0.33340489864349365
Lr: 9.497535264070393e-06, Accum Loss: 0.2769213914871216
Lr: 9.497028314788103e-06, Accum Loss: 0.3307696282863617
Lr: 9.496521138499176e-06, Accum Loss: 0.2907940745353699
Lr: 9.496013735261265e-06, Accum Loss: 0.29759135842323303
Lr: 9.495506105132051e-06, Accum Loss: 0.3052521347999573
Lr: 9.494998248169233e-06, Accum Loss: 0.27641111612319946
Lr: 9.494490164430543e-06, Accum Loss: 0.3250965476036072
Lr: 9.493981853973734e-06, Accum Loss: 0.3211161196231842
Lr: 9.493473316856587e-06, Accum Loss: 0.3422798812389374
Lr: 9.49296455313691e-06, Accum Loss: 0.3130040168762207
Lr: 9.492455562872534e-06, Accum Loss: 0.29294925928115845
Lr: 9.491946346121317e-06, Accum Loss: 0.31178420782089233
Lr: 9.491436902941144e-06, Accum Loss: 0.32938559353351593
Lr: 9.490927233389925e-06, Accum Loss: 0.2991114854812622
Lr: 9.490417337525594e-06, Accum Loss: 0.3358970582485199
Lr: 9.48990721540611e-06, Accum Loss: 0.29573893547058105
Lr: 9.489396867089464e-06, Accum Loss: 0.27467188239097595
Lr: 9.488886292633666e-06, Accum Loss: 0.3497730493545532
Lr: 9.488375492096754e-06, Accum Loss: 0.2841041684150696
Lr: 9.487864465536791e-06, Accum Loss: 0.337648868560791
Lr: 9.48735321301187e-06, Accum Loss: 0.38363826274871826
Lr: 9.486841734580104e-06, Accum Loss: 0.2948356568813324
Lr: 9.486330030299632e-06, Accum Loss: 0.2904040515422821
Lr: 9.485818100228623e-06, Accum Loss: 0.34557023644447327
Lr: 9.485305944425269e-06, Accum Loss: 0.22210589051246643
Lr: 9.484793562947787e-06, Accum Loss: 0.3093188405036926
Lr: 9.484280955854423e-06, Accum Loss: 0.28632301092147827
Lr: 9.48376812320344e-06, Accum Loss: 0.30109426379203796
Lr: 9.483255065053141e-06, Accum Loss: 0.31011900305747986
Lr: 9.482741781461842e-06, Accum Loss: 0.2787524163722992
Lr: 9.482228272487889e-06, Accum Loss: 0.3497030436992645
Lr: 9.481714538189653e-06, Accum Loss: 0.3051193654537201
Lr: 9.481200578625535e-06, Accum Loss: 0.2729490101337433
Lr: 9.480686393853955e-06, Accum Loss: 0.30537140369415283
Lr: 9.480171983933362e-06, Accum Loss: 0.32927218079566956
Lr: 9.479657348922228e-06, Accum Loss: 0.4917711019515991
Lr: 9.479142488879057e-06, Accum Loss: 0.2899188697338104
Lr: 9.478627403862373e-06, Accum Loss: 0.4110261797904968
Lr: 9.478112093930725e-06, Accum Loss: 0.3231372833251953
Lr: 9.477596559142689e-06, Accum Loss: 0.3092777132987976
Lr: 9.47708079955687e-06, Accum Loss: 0.3135649859905243
Lr: 9.476564815231895e-06, Accum Loss: 0.28565946221351624
Lr: 9.476048606226414e-06, Accum Loss: 0.2991761267185211
Lr: 9.47553217259911e-06, Accum Loss: 0.3283766806125641
Lr: 9.475015514408683e-06, Accum Loss: 0.2962532341480255
Lr: 9.474498631713865e-06, Accum Loss: 0.31462499499320984
Lr: 9.473981524573409e-06, Accum Loss: 0.29921963810920715
Lr: 9.4734641930461e-06, Accum Loss: 0.2877633571624756
Lr: 9.472946637190741e-06, Accum Loss: 0.3349922001361847
Lr: 9.472428857066164e-06, Accum Loss: 0.30519747734069824
Lr: 9.471910852731226e-06, Accum Loss: 0.28475114703178406
Lr: 9.471392624244812e-06, Accum Loss: 0.2689869701862335
Lr: 9.470874171665826e-06, Accum Loss: 0.30659976601600647
Lr: 9.470355495053207e-06, Accum Loss: 0.3535953462123871
Lr: 9.46983659446591e-06, Accum Loss: 0.26693814992904663
Lr: 9.46931746996292e-06, Accum Loss: 0.33631446957588196
Lr: 9.46879812160325e-06, Accum Loss: 0.34118005633354187
Lr: 9.468278549445931e-06, Accum Loss: 0.29058051109313965
Lr: 9.467758753550027e-06, Accum Loss: 0.3024457097053528
Lr: 9.467238733974625e-06, Accum Loss: 0.44352617859840393
Lr: 9.466718490778833e-06, Accum Loss: 0.29366955161094666
Lr: 9.466198024021792e-06, Accum Loss: 0.2992669343948364
Lr: 9.465677333762664e-06, Accum Loss: 0.32663023471832275
Lr: 9.465156420060635e-06, Accum Loss: 0.30439263582229614
Lr: 9.464635282974919e-06, Accum Loss: 0.31443989276885986
Lr: 9.464113922564756e-06, Accum Loss: 0.2792137861251831
Lr: 9.46359233888941e-06, Accum Loss: 0.36823391914367676
Lr: 9.46307053200817e-06, Accum Loss: 0.29664623737335205
Lr: 9.462548501980352e-06, Accum Loss: 0.289928138256073
Lr: 9.462026248865295e-06, Accum Loss: 0.3090370297431946
Lr: 9.461503772722365e-06, Accum Loss: 0.31230059266090393
Lr: 9.460981073610952e-06, Accum Loss: 0.4137882590293884
Lr: 9.460458151590475e-06, Accum Loss: 0.3319530189037323
Lr: 9.459935006720373e-06, Accum Loss: 0.3063678443431854
Lr: 9.459411639060116e-06, Accum Loss: 0.2885749638080597
Lr: 9.458888048669194e-06, Accum Loss: 0.2567755877971649
Lr: 9.458364235607124e-06, Accum Loss: 0.260360985994339
Lr: 9.457840199933452e-06, Accum Loss: 0.2922764718532562
Lr: 9.457315941707744e-06, Accum Loss: 0.3228091895580292
Lr: 9.456791460989593e-06, Accum Loss: 0.3491360545158386
Lr: 9.45626675783862e-06, Accum Loss: 0.2783990502357483
Lr: 9.45574183231447e-06, Accum Loss: 0.3220468759536743
Lr: 9.455216684476809e-06, Accum Loss: 0.3167056441307068
Lr: 9.454691314385333e-06, Accum Loss: 0.31098270416259766
Lr: 9.454165722099761e-06, Accum Loss: 0.33177563548088074
Lr: 9.453639907679843e-06, Accum Loss: 0.3370635509490967
Lr: 9.453113871185345e-06, Accum Loss: 0.25553402304649353
Lr: 9.452587612676062e-06, Accum Loss: 0.33162596821784973
Lr: 9.452061132211818e-06, Accum Loss: 0.3384460508823395
Lr: 9.451534429852459e-06, Accum Loss: 0.3077589273452759
Lr: 9.451007505657853e-06, Accum Loss: 0.3248111605644226
Lr: 9.450480359687902e-06, Accum Loss: 0.3141023814678192
Lr: 9.449952992002524e-06, Accum Loss: 0.34782111644744873
Lr: 9.449425402661668e-06, Accum Loss: 0.31570547819137573
Lr: 9.448897591725303e-06, Accum Loss: 0.3051680624485016
Lr: 9.44836955925343e-06, Accum Loss: 0.3059690296649933
Lr: 9.44784130530607e-06, Accum Loss: 0.309844970703125
Lr: 9.447312829943271e-06, Accum Loss: 0.30993539094924927
Lr: 9.446784133225106e-06, Accum Loss: 0.31010568141937256
Lr: 9.446255215211673e-06, Accum Loss: 0.3107794523239136
Lr: 9.445726075963097e-06, Accum Loss: 0.3653356730937958
Lr: 9.445196715539523e-06, Accum Loss: 0.31898435950279236
Lr: 9.444667134001128e-06, Accum Loss: 0.28718946874141693
Lr: 9.44413733140811e-06, Accum Loss: 0.3181089460849762
Lr: 9.443607307820689e-06, Accum Loss: 0.30400294065475464
Lr: 9.443077063299118e-06, Accum Loss: 0.32991403341293335
Lr: 9.44254659790367e-06, Accum Loss: 0.3280353248119354
Lr: 9.442015911694646e-06, Accum Loss: 0.2778695225715637
Lr: 9.441485004732366e-06, Accum Loss: 0.28692638874053955
Lr: 9.440953877077184e-06, Accum Loss: 0.2568452060222626
Lr: 9.440422528789471e-06, Accum Loss: 0.3710944354534149
Lr: 9.439890959929629e-06, Accum Loss: 0.35313621163368225
Lr: 9.439359170558081e-06, Accum Loss: 0.33038848638534546
Lr: 9.438827160735277e-06, Accum Loss: 0.32024085521698
Lr: 9.438294930521693e-06, Accum Loss: 0.3089643716812134
Lr: 9.437762479977825e-06, Accum Loss: 0.3162665367126465
Lr: 9.437229809164202e-06, Accum Loss: 0.30216243863105774
Lr: 9.436696918141373e-06, Accum Loss: 0.33816832304000854
Lr: 9.436163806969913e-06, Accum Loss: 0.2572440803050995
Lr: 9.435630475710419e-06, Accum Loss: 0.32944464683532715
Lr: 9.435096924423518e-06, Accum Loss: 0.3013739585876465
Lr: 9.434563153169864e-06, Accum Loss: 0.33498415350914
Lr: 9.434029162010124e-06, Accum Loss: 0.38350144028663635
Lr: 9.433494951005002e-06, Accum Loss: 0.2512167990207672
Lr: 9.432960520215225e-06, Accum Loss: 0.348084419965744
Lr: 9.432425869701541e-06, Accum Loss: 0.33028003573417664
Lr: 9.431890999524725e-06, Accum Loss: 0.3425453007221222
Lr: 9.431355909745575e-06, Accum Loss: 0.2520384192466736
Lr: 9.43082060042492e-06, Accum Loss: 0.2612074613571167
Lr: 9.430285071623606e-06, Accum Loss: 0.32902371883392334
Lr: 9.429749323402508e-06, Accum Loss: 0.3248945474624634
Lr: 9.429213355822529e-06, Accum Loss: 0.3556460738182068
Lr: 9.428677168944591e-06, Accum Loss: 0.3080812990665436
Lr: 9.428140762829644e-06, Accum Loss: 0.26740026473999023
Lr: 9.42760413753866e-06, Accum Loss: 0.2905135154724121
Lr: 9.427067293132643e-06, Accum Loss: 0.3450862467288971
Lr: 9.426530229672615e-06, Accum Loss: 0.38002288341522217
Lr: 9.425992947219624e-06, Accum Loss: 0.31011196970939636
Lr: 9.425455445834747e-06, Accum Loss: 0.2913394570350647
Lr: 9.42491772557908e-06, Accum Loss: 0.2552003115415573
Lr: 9.424379786513751e-06, Accum Loss: 0.2982971668243408
Lr: 9.423841628699903e-06, Accum Loss: 0.24032685160636902
Lr: 9.423303252198713e-06, Accum Loss: 0.3962705731391907
Lr: 9.42276465707138e-06, Accum Loss: 0.3177289068698883
Lr: 9.422225843379126e-06, Accum Loss: 0.31624099612236023
Lr: 9.4216868111832e-06, Accum Loss: 0.34367096424102783
Lr: 9.421147560544872e-06, Accum Loss: 0.2449716031551361
Lr: 9.420608091525445e-06, Accum Loss: 0.3184252083301544
Lr: 9.420068404186237e-06, Accum Loss: 0.41231489181518555
Lr: 9.419528498588597e-06, Accum Loss: 0.3008168339729309
Lr: 9.4189883747939e-06, Accum Loss: 0.2985539734363556
Lr: 9.418448032863539e-06, Accum Loss: 0.31279638409614563
Lr: 9.417907472858937e-06, Accum Loss: 0.31106022000312805
Lr: 9.417366694841543e-06, Accum Loss: 0.23230762779712677
Lr: 9.416825698872827e-06, Accum Loss: 0.3044548034667969
Lr: 9.416284485014284e-06, Accum Loss: 0.33436813950538635
Lr: 9.415743053327434e-06, Accum Loss: 0.2777435779571533
Lr: 9.415201403873826e-06, Accum Loss: 0.3870569169521332
Lr: 9.414659536715028e-06, Accum Loss: 0.2688264846801758
Lr: 9.414117451912638e-06, Accum Loss: 0.342727929353714
Lr: 9.413575149528274e-06, Accum Loss: 0.3702746033668518
Lr: 9.413032629623581e-06, Accum Loss: 0.2676548659801483
Lr: 9.412489892260227e-06, Accum Loss: 0.3232554495334625
Lr: 9.41194693749991e-06, Accum Loss: 0.28309595584869385
Lr: 9.411403765404344e-06, Accum Loss: 0.28193700313568115
Lr: 9.410860376035277e-06, Accum Loss: 0.3179377615451813
Lr: 9.410316769454474e-06, Accum Loss: 0.28709036111831665
Lr: 9.40977294572373e-06, Accum Loss: 0.2916638255119324
Lr: 9.409228904904862e-06, Accum Loss: 0.27275922894477844
Lr: 9.40868464705971e-06, Accum Loss: 0.3050278425216675
Lr: 9.408140172250147e-06, Accum Loss: 0.28225475549697876
Lr: 9.407595480538058e-06, Accum Loss: 0.3389621675014496
Lr: 9.407050571985364e-06, Accum Loss: 0.3187289535999298
Lr: 9.406505446654003e-06, Accum Loss: 0.25361350178718567
Lr: 9.405960104605941e-06, Accum Loss: 0.31396791338920593
Lr: 9.405414545903171e-06, Accum Loss: 0.3480653464794159
Lr: 9.404868770607707e-06, Accum Loss: 0.2866343855857849
Lr: 9.404322778781585e-06, Accum Loss: 0.2901194095611572
Lr: 9.403776570486872e-06, Accum Loss: 0.33360540866851807
Lr: 9.403230145785657e-06, Accum Loss: 0.2872779965400696
Lr: 9.402683504740051e-06, Accum Loss: 0.25894707441329956
Lr: 9.402136647412194e-06, Accum Loss: 0.2589651346206665
Lr: 9.401589573864247e-06, Accum Loss: 0.28679201006889343
Lr: 9.4010422841584e-06, Accum Loss: 0.33169427514076233
Lr: 9.40049477835686e-06, Accum Loss: 0.3093847930431366
Lr: 9.399947056521868e-06, Accum Loss: 0.3116494417190552
Lr: 9.399399118715683e-06, Accum Loss: 0.33799368143081665
Lr: 9.398850965000587e-06, Accum Loss: 0.31190142035484314
Lr: 9.398302595438895e-06, Accum Loss: 0.317268967628479
Lr: 9.397754010092939e-06, Accum Loss: 0.3004371225833893
Lr: 9.397205209025077e-06, Accum Loss: 0.28076106309890747
Lr: 9.396656192297693e-06, Accum Loss: 0.3333664834499359
Lr: 9.396106959973198e-06, Accum Loss: 0.3800048530101776
Lr: 9.39555751211402e-06, Accum Loss: 0.28332656621932983
Lr: 9.395007848782616e-06, Accum Loss: 0.2903575003147125
Lr: 9.394457970041473e-06, Accum Loss: 0.325137734413147
Lr: 9.393907875953089e-06, Accum Loss: 0.3650694787502289
Lr: 9.393357566580003e-06, Accum Loss: 0.24869966506958008
Lr: 9.392807041984762e-06, Accum Loss: 0.369306743144989
Lr: 9.392256302229949e-06, Accum Loss: 0.29096654057502747
Lr: 9.39170534737817e-06, Accum Loss: 0.326521098613739
Lr: 9.39115417749205e-06, Accum Loss: 0.30640774965286255
Lr: 9.390602792634242e-06, Accum Loss: 0.32216677069664
Lr: 9.390051192867423e-06, Accum Loss: 0.2920185923576355
Lr: 9.389499378254297e-06, Accum Loss: 0.3032843619585037
Lr: 9.388947348857586e-06, Accum Loss: 0.35838931798934937
Lr: 9.388395104740045e-06, Accum Loss: 0.2707964777946472
Lr: 9.387842645964446e-06, Accum Loss: 0.31008782982826233
Lr: 9.387289972593588e-06, Accum Loss: 0.3599965274333954
Lr: 9.386737084690295e-06, Accum Loss: 0.3022938668727875
Lr: 9.386183982317416e-06, Accum Loss: 0.29729703068733215
Lr: 9.385630665537823e-06, Accum Loss: 0.3498198091983795
Lr: 9.385077134414411e-06, Accum Loss: 0.31045201420783997
Lr: 9.384523389010104e-06, Accum Loss: 0.31103256344795227
Lr: 9.383969429387846e-06, Accum Loss: 0.2854820489883423
Lr: 9.383415255610606e-06, Accum Loss: 0.27939507365226746
Lr: 9.38286086774138e-06, Accum Loss: 0.2661675214767456
Lr: 9.382306265843184e-06, Accum Loss: 0.2729642689228058
Lr: 9.381751449979065e-06, Accum Loss: 0.2685673236846924
Lr: 9.381196420212085e-06, Accum Loss: 0.2879766821861267
Lr: 9.380641176605338e-06, Accum Loss: 0.3781803548336029
Lr: 9.380085719221941e-06, Accum Loss: 0.29677870869636536
Lr: 9.379530048125032e-06, Accum Loss: 0.2886803150177002
Lr: 9.378974163377777e-06, Accum Loss: 0.26785001158714294
Lr: 9.378418065043363e-06, Accum Loss: 0.3315712511539459
Lr: 9.377861753185002e-06, Accum Loss: 0.3160877525806427
Lr: 9.377305227865937e-06, Accum Loss: 0.2842809855937958
Lr: 9.37674848914942e-06, Accum Loss: 0.3536461293697357
Lr: 9.376191537098746e-06, Accum Loss: 0.302017480134964
Lr: 9.37563437177722e-06, Accum Loss: 0.32824987173080444
Lr: 9.375076993248177e-06, Accum Loss: 0.2708017826080322
Lr: 9.374519401574978e-06, Accum Loss: 0.28135183453559875
Lr: 9.373961596821e-06, Accum Loss: 0.3995201885700226
Lr: 9.373403579049655e-06, Accum Loss: 0.34642064571380615
Lr: 9.372845348324372e-06, Accum Loss: 0.29830750823020935
Lr: 9.372286904708608e-06, Accum Loss: 0.2915360629558563
Lr: 9.371728248265842e-06, Accum Loss: 0.35401877760887146
Lr: 9.371169379059575e-06, Accum Loss: 0.2766121029853821
Lr: 9.370610297153338e-06, Accum Loss: 0.31887733936309814
Lr: 9.37005100261068e-06, Accum Loss: 0.35291337966918945
Lr: 9.369491495495181e-06, Accum Loss: 0.3643518388271332
Lr: 9.368931775870439e-06, Accum Loss: 0.3660202622413635
Lr: 9.36837184380008e-06, Accum Loss: 0.3762900233268738
Lr: 9.36781169934775e-06, Accum Loss: 0.3386928141117096
Lr: 9.367251342577128e-06, Accum Loss: 0.25035032629966736
Lr: 9.366690773551903e-06, Accum Loss: 0.3237634301185608
Lr: 9.366129992335802e-06, Accum Loss: 0.27342933416366577
Lr: 9.365568998992567e-06, Accum Loss: 0.33744385838508606
Lr: 9.36500779358597e-06, Accum Loss: 0.3034573793411255
Lr: 9.3644463761798e-06, Accum Loss: 0.297268271446228
Lr: 9.36388474683788e-06, Accum Loss: 0.288008451461792
Lr: 9.363322905624048e-06, Accum Loss: 0.29484307765960693
Lr: 9.362760852602172e-06, Accum Loss: 0.3328760266304016
Lr: 9.36219858783614e-06, Accum Loss: 0.3054877817630768
Lr: 9.361636111389868e-06, Accum Loss: 0.29915475845336914
Lr: 9.361073423327291e-06, Accum Loss: 0.32125353813171387
Lr: 9.360510523712374e-06, Accum Loss: 0.3367288410663605
Lr: 9.359947412609102e-06, Accum Loss: 0.35221391916275024
Lr: 9.359384090081483e-06, Accum Loss: 0.3549804985523224
Lr: 9.358820556193553e-06, Accum Loss: 0.3077932298183441
Lr: 9.358256811009369e-06, Accum Loss: 0.2995753586292267
Lr: 9.357692854593016e-06, Accum Loss: 0.27162110805511475
Lr: 9.357128687008598e-06, Accum Loss: 0.3124352693557739
Lr: 9.356564308320246e-06, Accum Loss: 0.3376457095146179
Lr: 9.355999718592112e-06, Accum Loss: 0.2938690483570099
Lr: 9.355434917888376e-06, Accum Loss: 0.27532827854156494
Lr: 9.354869906273242e-06, Accum Loss: 0.25921565294265747
Lr: 9.354304683810932e-06, Accum Loss: 0.31173497438430786
Lr: 9.3537392505657e-06, Accum Loss: 0.2972559630870819
Lr: 9.353173606601818e-06, Accum Loss: 0.28808414936065674
Lr: 9.352607751983584e-06, Accum Loss: 0.29844430088996887
Lr: 9.35204168677532e-06, Accum Loss: 0.3242519497871399
Lr: 9.35147541104137e-06, Accum Loss: 0.29065847396850586
Lr: 9.350908924846109e-06, Accum Loss: 0.3317382037639618
Lr: 9.350342228253928e-06, Accum Loss: 0.25371208786964417
Lr: 9.349775321329241e-06, Accum Loss: 0.24814966320991516
Lr: 9.349208204136496e-06, Accum Loss: 0.26272106170654297
Lr: 9.348640876740155e-06, Accum Loss: 0.3311338722705841
Lr: 9.348073339204707e-06, Accum Loss: 0.36012357473373413
Lr: 9.347505591594667e-06, Accum Loss: 0.3546277582645416
Lr: 9.346937633974567e-06, Accum Loss: 0.279486745595932
Lr: 9.346369466408976e-06, Accum Loss: 0.34364748001098633
Lr: 9.345801088962475e-06, Accum Loss: 0.3198780119419098
Lr: 9.345232501699672e-06, Accum Loss: 0.3260124623775482
Lr: 9.344663704685199e-06, Accum Loss: 0.318350225687027
Lr: 9.344094697983715e-06, Accum Loss: 0.31409752368927
Lr: 9.343525481659898e-06, Accum Loss: 0.28502216935157776
Lr: 9.342956055778453e-06, Accum Loss: 0.358219176530838
Lr: 9.34238642040411e-06, Accum Loss: 0.308364599943161
Lr: 9.341816575601617e-06, Accum Loss: 0.2958053946495056
Lr: 9.341246521435751e-06, Accum Loss: 0.3246541917324066
Lr: 9.340676257971312e-06, Accum Loss: 0.3449406027793884
Lr: 9.340105785273121e-06, Accum Loss: 0.3388523459434509
Lr: 9.33953510340603e-06, Accum Loss: 0.2715199589729309
Lr: 9.338964212434902e-06, Accum Loss: 0.3610052466392517
Lr: 9.33839311242464e-06, Accum Loss: 0.31381407380104065
Lr: 9.337821803440154e-06, Accum Loss: 0.325709730386734
Lr: 9.33725028554639e-06, Accum Loss: 0.29271212220191956
Lr: 9.336678558808316e-06, Accum Loss: 0.3280576169490814
Lr: 9.336106623290919e-06, Accum Loss: 0.3048790991306305
Lr: 9.33553447905921e-06, Accum Loss: 0.30605074763298035
Lr: 9.334962126178228e-06, Accum Loss: 0.3451441824436188
Lr: 9.334389564713034e-06, Accum Loss: 0.28778451681137085
Lr: 9.333816794728713e-06, Accum Loss: 0.3090941309928894
Lr: 9.33324381629037e-06, Accum Loss: 0.3338106870651245
Lr: 9.33267062946314e-06, Accum Loss: 0.3258052170276642
Lr: 9.332097234312178e-06, Accum Loss: 0.29871368408203125
Lr: 9.331523630902662e-06, Accum Loss: 0.30426567792892456
Lr: 9.330949819299794e-06, Accum Loss: 0.3550953269004822
Lr: 9.330375799568802e-06, Accum Loss: 0.4056813716888428
Lr: 9.329801571774933e-06, Accum Loss: 0.3170352578163147
Lr: 9.329227135983466e-06, Accum Loss: 0.30305978655815125
Lr: 9.328652492259695e-06, Accum Loss: 0.3652828335762024
Lr: 9.328077640668942e-06, Accum Loss: 0.32904723286628723
Lr: 9.327502581276552e-06, Accum Loss: 0.3198634684085846
Lr: 9.326927314147892e-06, Accum Loss: 0.2935584485530853
Lr: 9.326351839348355e-06, Accum Loss: 0.3131769299507141
Lr: 9.325776156943352e-06, Accum Loss: 0.3034636080265045
Lr: 9.32520026699833e-06, Accum Loss: 0.3215866982936859
Lr: 9.324624169578748e-06, Accum Loss: 0.29684293270111084
Lr: 9.324047864750091e-06, Accum Loss: 0.3278484642505646
Lr: 9.323471352577871e-06, Accum Loss: 0.3183451294898987
Lr: 9.32289463312762e-06, Accum Loss: 0.31430116295814514
Lr: 9.322317706464894e-06, Accum Loss: 0.34740591049194336
Lr: 9.321740572655276e-06, Accum Loss: 0.32984378933906555
Lr: 9.32116323176437e-06, Accum Loss: 0.3455027639865875
Lr: 9.320585683857799e-06, Accum Loss: 0.3313339650630951
Lr: 9.320007929001221e-06, Accum Loss: 0.32752785086631775
Lr: 9.319429967260306e-06, Accum Loss: 0.3175238072872162
Lr: 9.318851798700752e-06, Accum Loss: 0.2689193785190582
Lr: 9.318273423388285e-06, Accum Loss: 0.31332963705062866
Lr: 9.317694841388646e-06, Accum Loss: 0.31831100583076477
Lr: 9.317116052767604e-06, Accum Loss: 0.31252211332321167
Lr: 9.316537057590955e-06, Accum Loss: 0.3493081331253052
Lr: 9.315957855924512e-06, Accum Loss: 0.3395928144454956
Lr: 9.315378447834112e-06, Accum Loss: 0.3108412027359009
Lr: 9.31479883338562e-06, Accum Loss: 0.32746779918670654
Lr: 9.314219012644923e-06, Accum Loss: 0.2996467053890228
Lr: 9.31363898567793e-06, Accum Loss: 0.27963224053382874
Lr: 9.313058752550572e-06, Accum Loss: 0.28034064173698425
Lr: 9.312478313328806e-06, Accum Loss: 0.2929019033908844
Lr: 9.311897668078612e-06, Accum Loss: 0.2922140657901764
Lr: 9.311316816865996e-06, Accum Loss: 0.2919014096260071
Lr: 9.310735759756981e-06, Accum Loss: 0.32479363679885864
Lr: 9.31015449681762e-06, Accum Loss: 0.307207852602005
Lr: 9.309573028113983e-06, Accum Loss: 0.23015087842941284
Lr: 9.308991353712169e-06, Accum Loss: 0.3554646670818329
Lr: 9.308409473678299e-06, Accum Loss: 0.33847105503082275
Lr: 9.307827388078512e-06, Accum Loss: 0.29205456376075745
Lr: 9.307245096978982e-06, Accum Loss: 0.43268197774887085
Lr: 9.306662600445894e-06, Accum Loss: 0.3225579261779785
Lr: 9.306079898545464e-06, Accum Loss: 0.34734925627708435
Lr: 9.305496991343929e-06, Accum Loss: 0.295157790184021
Lr: 9.304913878907548e-06, Accum Loss: 0.3590380847454071
Lr: 9.304330561302607e-06, Accum Loss: 0.34423163533210754
Lr: 9.303747038595411e-06, Accum Loss: 0.2771717607975006
Lr: 9.30316331085229e-06, Accum Loss: 0.33266234397888184
Lr: 9.302579378139598e-06, Accum Loss: 0.2527354061603546
Lr: 9.301995240523713e-06, Accum Loss: 0.29187604784965515
Lr: 9.301410898071036e-06, Accum Loss: 0.28620246052742004
Lr: 9.300826350847986e-06, Accum Loss: 0.31622740626335144
Lr: 9.300241598921015e-06, Accum Loss: 0.2705158591270447
Lr: 9.29965664235659e-06, Accum Loss: 0.2596089541912079
Lr: 9.299071481221206e-06, Accum Loss: 0.31911951303482056
Lr: 9.298486115581379e-06, Accum Loss: 0.34979599714279175
Lr: 9.297900545503648e-06, Accum Loss: 0.28849735856056213
Lr: 9.297314771054575e-06, Accum Loss: 0.32299625873565674
Lr: 9.29672879230075e-06, Accum Loss: 0.2645622789859772
Lr: 9.29614260930878e-06, Accum Loss: 0.3419605791568756
Lr: 9.2955562221453e-06, Accum Loss: 0.32325658202171326
Lr: 9.294969630876961e-06, Accum Loss: 0.3656357228755951
Lr: 9.294382835570448e-06, Accum Loss: 0.3755348026752472
Lr: 9.293795836292456e-06, Accum Loss: 0.29717808961868286
Lr: 9.293208633109721e-06, Accum Loss: 0.26077720522880554
Lr: 9.292621226088981e-06, Accum Loss: 0.28470537066459656
Lr: 9.292033615297014e-06, Accum Loss: 0.31496086716651917
Lr: 9.291445800800615e-06, Accum Loss: 0.32757991552352905
Lr: 9.2908577826666e-06, Accum Loss: 0.26804038882255554
Lr: 9.29026956096181e-06, Accum Loss: 0.26695314049720764
Lr: 9.289681135753111e-06, Accum Loss: 0.3661802113056183
Lr: 9.28909250710739e-06, Accum Loss: 0.3712528645992279
Lr: 9.28850367509156e-06, Accum Loss: 0.3180435299873352
Lr: 9.287914639772552e-06, Accum Loss: 0.33737826347351074
Lr: 9.287325401217322e-06, Accum Loss: 0.3504040837287903
Lr: 9.286735959492854e-06, Accum Loss: 0.3150598704814911
Lr: 9.286146314666145e-06, Accum Loss: 0.25267794728279114
Lr: 9.285556466804229e-06, Accum Loss: 0.2766173779964447
Lr: 9.28496641597415e-06, Accum Loss: 0.3211239278316498
Lr: 9.284376162242981e-06, Accum Loss: 0.37007689476013184
Lr: 9.28378570567782e-06, Accum Loss: 0.3269729018211365
Lr: 9.283195046345783e-06, Accum Loss: 0.3247823715209961
Lr: 9.282604184314011e-06, Accum Loss: 0.3170830309391022
Lr: 9.282013119649671e-06, Accum Loss: 0.27668678760528564
Lr: 9.281421852419951e-06, Accum Loss: 0.33179476857185364
Lr: 9.280830382692059e-06, Accum Loss: 0.32487228512763977
Lr: 9.280238710533229e-06, Accum Loss: 0.3222542107105255
Lr: 9.279646836010718e-06, Accum Loss: 0.31251731514930725
Lr: 9.279054759191809e-06, Accum Loss: 0.3326994776725769
Lr: 9.278462480143801e-06, Accum Loss: 0.27314847707748413
Lr: 9.27786999893402e-06, Accum Loss: 0.2739802300930023
Lr: 9.277277315629817e-06, Accum Loss: 0.2715927064418793
Lr: 9.27668443029856e-06, Accum Loss: 0.2615717351436615
Lr: 9.276091343007645e-06, Accum Loss: 0.2955893874168396
Lr: 9.275498053824491e-06, Accum Loss: 0.2874917685985565
Lr: 9.274904562816537e-06, Accum Loss: 0.30414772033691406
Lr: 9.274310870051248e-06, Accum Loss: 0.26096639037132263
Lr: 9.273716975596109e-06, Accum Loss: 0.37811097502708435
Lr: 9.273122879518629e-06, Accum Loss: 0.3030281066894531
Lr: 9.272528581886342e-06, Accum Loss: 0.3191908597946167
Lr: 9.2719340827668e-06, Accum Loss: 0.30941036343574524
Lr: 9.271339382227585e-06, Accum Loss: 0.3048495948314667
Lr: 9.270744480336295e-06, Accum Loss: 0.35530441999435425
Lr: 9.270149377160555e-06, Accum Loss: 0.2551622986793518
Lr: 9.269554072768012e-06, Accum Loss: 0.317668616771698
Lr: 9.268958567226334e-06, Accum Loss: 0.29411962628364563
Lr: 9.268362860603215e-06, Accum Loss: 0.27646180987358093
Lr: 9.26776695296637e-06, Accum Loss: 0.2733265459537506
Lr: 9.267170844383536e-06, Accum Loss: 0.32787296175956726
Lr: 9.266574534922474e-06, Accum Loss: 0.2860690951347351
Lr: 9.265978024650972e-06, Accum Loss: 0.28977420926094055
Lr: 9.265381313636831e-06, Accum Loss: 0.2666456401348114
Lr: 9.264784401947884e-06, Accum Loss: 0.3298889994621277
Lr: 9.264187289651983e-06, Accum Loss: 0.3263889253139496
Lr: 9.263589976817e-06, Accum Loss: 0.30484724044799805
Lr: 9.262992463510836e-06, Accum Loss: 0.30078163743019104
Lr: 9.26239474980141e-06, Accum Loss: 0.37240684032440186
Lr: 9.261796835756666e-06, Accum Loss: 0.27986615896224976
Lr: 9.261198721444571e-06, Accum Loss: 0.34449493885040283
Lr: 9.260600406933113e-06, Accum Loss: 0.28553348779678345
Lr: 9.260001892290304e-06, Accum Loss: 0.282829225063324
Lr: 9.259403177584179e-06, Accum Loss: 0.28715527057647705
Lr: 9.258804262882795e-06, Accum Loss: 0.2677648663520813
Lr: 9.258205148254231e-06, Accum Loss: 0.3203291893005371
Lr: 9.25760583376659e-06, Accum Loss: 0.28271064162254333
Lr: 9.257006319488e-06, Accum Loss: 0.29985931515693665
Lr: 9.256406605486606e-06, Accum Loss: 0.34835368394851685
Lr: 9.255806691830579e-06, Accum Loss: 0.3458625376224518
Lr: 9.255206578588113e-06, Accum Loss: 0.3534187078475952
Lr: 9.254606265827427e-06, Accum Loss: 0.28122252225875854
Lr: 9.254005753616753e-06, Accum Loss: 0.3100558817386627
Lr: 9.25340504202436e-06, Accum Loss: 0.3715656101703644
Lr: 9.25280413111853e-06, Accum Loss: 0.32850465178489685
Lr: 9.252203020967566e-06, Accum Loss: 0.2872583568096161
Lr: 9.251601711639803e-06, Accum Loss: 0.28458571434020996
Lr: 9.25100020320359e-06, Accum Loss: 0.2587994337081909
Lr: 9.250398495727303e-06, Accum Loss: 0.2990400791168213
Lr: 9.249796589279337e-06, Accum Loss: 0.3443402349948883
Lr: 9.249194483928117e-06, Accum Loss: 0.2764735817909241
Lr: 9.248592179742082e-06, Accum Loss: 0.36119720339775085
Lr: 9.247989676789696e-06, Accum Loss: 0.34525617957115173
Lr: 9.24738697513945e-06, Accum Loss: 0.28981953859329224
Lr: 9.246784074859853e-06, Accum Loss: 0.34067028760910034
Lr: 9.246180976019438e-06, Accum Loss: 0.3035452365875244
Lr: 9.24557767868676e-06, Accum Loss: 0.32815709710121155
Lr: 9.244974182930398e-06, Accum Loss: 0.31033459305763245
Lr: 9.244370488818953e-06, Accum Loss: 0.29567211866378784
Lr: 9.24376659642105e-06, Accum Loss: 0.2772376239299774
Lr: 9.24316250580533e-06, Accum Loss: 0.28460806608200073
Lr: 9.242558217040463e-06, Accum Loss: 0.32909005880355835
Lr: 9.241953730195142e-06, Accum Loss: 0.3040706515312195
Lr: 9.241349045338082e-06, Accum Loss: 0.3013916015625
Lr: 9.240744162538014e-06, Accum Loss: 0.4151165783405304
Lr: 9.240139081863698e-06, Accum Loss: 0.24891525506973267
Lr: 9.239533803383915e-06, Accum Loss: 0.28127285838127136
Lr: 9.238928327167469e-06, Accum Loss: 0.33701610565185547
Lr: 9.238322653283186e-06, Accum Loss: 0.3119940757751465
Lr: 9.237716781799913e-06, Accum Loss: 0.32142406702041626
Lr: 9.23711071278652e-06, Accum Loss: 0.2765148878097534
Lr: 9.236504446311904e-06, Accum Loss: 0.28929904103279114
Lr: 9.235897982444977e-06, Accum Loss: 0.3415927290916443
Lr: 9.235291321254679e-06, Accum Loss: 0.25498709082603455
Lr: 9.23468446280997e-06, Accum Loss: 0.27915433049201965
Lr: 9.234077407179833e-06, Accum Loss: 0.26789823174476624
Lr: 9.233470154433273e-06, Accum Loss: 0.31233644485473633
Lr: 9.232862704639316e-06, Accum Loss: 0.32870951294898987
Lr: 9.232255057867017e-06, Accum Loss: 0.36044931411743164
Lr: 9.231647214185447e-06, Accum Loss: 0.2972481846809387
Lr: 9.231039173663696e-06, Accum Loss: 0.25648581981658936
Lr: 9.230430936370887e-06, Accum Loss: 0.2566002905368805
Lr: 9.229822502376157e-06, Accum Loss: 0.33943942189216614
Lr: 9.22921387174867e-06, Accum Loss: 0.3500090539455414
Lr: 9.228605044557608e-06, Accum Loss: 0.3061344027519226
Lr: 9.227996020872179e-06, Accum Loss: 0.2615181803703308
Lr: 9.227386800761612e-06, Accum Loss: 0.35820454359054565
Lr: 9.226777384295158e-06, Accum Loss: 0.30936744809150696
Lr: 9.226167771542091e-06, Accum Loss: 0.35424625873565674
Lr: 9.225557962571707e-06, Accum Loss: 0.3702223300933838
Lr: 9.224947957453325e-06, Accum Loss: 0.2780362665653229
Lr: 9.224337756256284e-06, Accum Loss: 0.2706596553325653
Lr: 9.22372735904995e-06, Accum Loss: 0.36172521114349365
Lr: 9.223116765903705e-06, Accum Loss: 0.28996168076992035
Lr: 9.222505976886958e-06, Accum Loss: 0.33557650446891785
Lr: 9.221894992069136e-06, Accum Loss: 0.31134581565856934
Lr: 9.221283811519694e-06, Accum Loss: 0.2907319664955139
Lr: 9.220672435308109e-06, Accum Loss: 0.2615460604429245
Lr: 9.220060863503871e-06, Accum Loss: 0.3511633276939392
Lr: 9.219449096176504e-06, Accum Loss: 0.2941286265850067
Lr: 9.218837133395545e-06, Accum Loss: 0.3175267279148102
Lr: 9.218224975230559e-06, Accum Loss: 0.35472989082336426
Lr: 9.217612621751132e-06, Accum Loss: 0.26298460364341736
Lr: 9.217000073026871e-06, Accum Loss: 0.2877527177333832
Lr: 9.216387329127406e-06, Accum Loss: 0.25927451252937317
Lr: 9.215774390122389e-06, Accum Loss: 0.2968825697898865
Lr: 9.215161256081492e-06, Accum Loss: 0.28475815057754517
Lr: 9.214547927074413e-06, Accum Loss: 0.2493882179260254
Lr: 9.213934403170872e-06, Accum Loss: 0.367607057094574
Lr: 9.21332068444061e-06, Accum Loss: 0.3633337914943695
Lr: 9.212706770953384e-06, Accum Loss: 0.4144940674304962
Lr: 9.212092662778984e-06, Accum Loss: 0.33848071098327637
Lr: 9.211478359987217e-06, Accum Loss: 0.2532306909561157
Lr: 9.21086386264791e-06, Accum Loss: 0.3342483341693878
Lr: 9.210249170830915e-06, Accum Loss: 0.30701377987861633
Lr: 9.209634284606106e-06, Accum Loss: 0.2556222379207611
Lr: 9.20901920404338e-06, Accum Loss: 0.3258422017097473
Lr: 9.208403929212651e-06, Accum Loss: 0.3358820974826813
Lr: 9.207788460183861e-06, Accum Loss: 0.3598040044307709
Lr: 9.20717279702697e-06, Accum Loss: 0.2787681519985199
Lr: 9.206556939811965e-06, Accum Loss: 0.3156641721725464
Lr: 9.205940888608848e-06, Accum Loss: 0.36717090010643005
Lr: 9.205324643487649e-06, Accum Loss: 0.3307884931564331
Lr: 9.204708204518418e-06, Accum Loss: 0.36580389738082886
Lr: 9.204091571771228e-06, Accum Loss: 0.30925676226615906
Lr: 9.203474745316169e-06, Accum Loss: 0.35753846168518066
Lr: 9.20285772522336e-06, Accum Loss: 0.338988721370697
Lr: 9.20224051156294e-06, Accum Loss: 0.33093786239624023
Lr: 9.201623104405067e-06, Accum Loss: 0.31453222036361694
Lr: 9.201005503819924e-06, Accum Loss: 0.31161606311798096
Lr: 9.200387709877715e-06, Accum Loss: 0.3054732382297516
Lr: 9.199769722648666e-06, Accum Loss: 0.3232061266899109
Lr: 9.199151542203024e-06, Accum Loss: 0.3353852331638336
Lr: 9.19853316861106e-06, Accum Loss: 0.27835211157798767
Lr: 9.197914601943067e-06, Accum Loss: 0.28205129504203796
Lr: 9.197295842269356e-06, Accum Loss: 0.30097725987434387
Lr: 9.196676889660264e-06, Accum Loss: 0.2835520803928375
Lr: 9.19605774418615e-06, Accum Loss: 0.29060328006744385
Lr: 9.195438405917393e-06, Accum Loss: 0.2931637465953827
Lr: 9.194818874924392e-06, Accum Loss: 0.36052942276000977
Lr: 9.194199151277575e-06, Accum Loss: 0.33260613679885864
Lr: 9.193579235047383e-06, Accum Loss: 0.338970422744751
Lr: 9.192959126304287e-06, Accum Loss: 0.2832430899143219
Lr: 9.192338825118774e-06, Accum Loss: 0.33330264687538147
Lr: 9.191718331561355e-06, Accum Loss: 0.33904579281806946
Lr: 9.191097645702563e-06, Accum Loss: 0.3016965985298157
Lr: 9.190476767612953e-06, Accum Loss: 0.3295346796512604
Lr: 9.189855697363101e-06, Accum Loss: 0.32634231448173523
Lr: 9.189234435023609e-06, Accum Loss: 0.29090407490730286
Lr: 9.188612980665092e-06, Accum Loss: 0.36039698123931885
Lr: 9.187991334358195e-06, Accum Loss: 0.2726559042930603
Lr: 9.18736949617358e-06, Accum Loss: 0.321621835231781
Lr: 9.186747466181936e-06, Accum Loss: 0.3257075548171997
Lr: 9.186125244453968e-06, Accum Loss: 0.28119096159935
Lr: 9.185502831060404e-06, Accum Loss: 0.31185856461524963
Lr: 9.184880226071999e-06, Accum Loss: 0.2915589213371277
Lr: 9.184257429559524e-06, Accum Loss: 0.36575597524642944
Lr: 9.18363444159377e-06, Accum Loss: 0.26148054003715515
Lr: 9.183011262245561e-06, Accum Loss: 0.3165818452835083
Lr: 9.182387891585732e-06, Accum Loss: 0.3440755605697632
Lr: 9.181764329685137e-06, Accum Loss: 0.3270340859889984
Lr: 9.181140576614669e-06, Accum Loss: 0.3546902537345886
Lr: 9.18051663244522e-06, Accum Loss: 0.31386488676071167
Lr: 9.179892497247722e-06, Accum Loss: 0.34714508056640625
Lr: 9.179268171093121e-06, Accum Loss: 0.341325968503952
Lr: 9.178643654052384e-06, Accum Loss: 0.33294573426246643
Lr: 9.1780189461965e-06, Accum Loss: 0.31147947907447815
Lr: 9.177394047596485e-06, Accum Loss: 0.292913556098938
Lr: 9.17676895832337e-06, Accum Loss: 0.2899939715862274
Lr: 9.17614367844821e-06, Accum Loss: 0.2993144392967224
Lr: 9.175518208042084e-06, Accum Loss: 0.2823658734560013
Lr: 9.174892547176088e-06, Accum Loss: 0.3083709478378296
Lr: 9.174266695921343e-06, Accum Loss: 0.23931652307510376
Lr: 9.173640654348994e-06, Accum Loss: 0.2832643538713455
Lr: 9.173014422530199e-06, Accum Loss: 0.31487947702407837
Lr: 9.172388000536147e-06, Accum Loss: 0.3518117368221283
Lr: 9.171761388438045e-06, Accum Loss: 0.3255561888217926
Lr: 9.17113458630712e-06, Accum Loss: 0.27113577723503113
Lr: 9.17050759421462e-06, Accum Loss: 0.2710806429386139
Lr: 9.16988041223182e-06, Accum Loss: 0.37854763865470886
Lr: 9.169253040430013e-06, Accum Loss: 0.33782848715782166
Lr: 9.168625478880511e-06, Accum Loss: 0.30533668398857117
Lr: 9.167997727654654e-06, Accum Loss: 0.3648568093776703
Lr: 9.167369786823797e-06, Accum Loss: 0.27248525619506836
Lr: 9.16674165645932e-06, Accum Loss: 0.2993556559085846
Lr: 9.166113336632624e-06, Accum Loss: 0.32445886731147766
Lr: 9.165484827415134e-06, Accum Loss: 0.31360238790512085
Lr: 9.16485612887829e-06, Accum Loss: 0.2926289439201355
Lr: 9.16422724109356e-06, Accum Loss: 0.25510501861572266
Lr: 9.16359816413243e-06, Accum Loss: 0.3495507687330246
Lr: 9.162968898066407e-06, Accum Loss: 0.30290690064430237
Lr: 9.162339442967025e-06, Accum Loss: 0.2849527597427368
Lr: 9.161709798905835e-06, Accum Loss: 0.2969616651535034
Lr: 9.161079965954407e-06, Accum Loss: 0.3674018383026123
Lr: 9.160449944184338e-06, Accum Loss: 0.32018575072288513
Lr: 9.159819733667242e-06, Accum Loss: 0.3108079880475998
Lr: 9.15918933447476e-06, Accum Loss: 0.2963789403438568
Lr: 9.158558746678546e-06, Accum Loss: 0.30789807438850403
Lr: 9.157927970350285e-06, Accum Loss: 0.3693220615386963
Lr: 9.157297005561674e-06, Accum Loss: 0.3975618779659271
Lr: 9.15666585238444e-06, Accum Loss: 0.29016223549842834
Lr: 9.156034510890326e-06, Accum Loss: 0.2866228520870209
Lr: 9.1554029811511e-06, Accum Loss: 0.3122945576906204
Lr: 9.154771263238544e-06, Accum Loss: 0.28516528010368347
Lr: 9.154139357224474e-06, Accum Loss: 0.3013359308242798
Lr: 9.153507263180715e-06, Accum Loss: 0.2972525656223297
Lr: 9.152874981179121e-06, Accum Loss: 0.33360087871551514
Lr: 9.152242511291562e-06, Accum Loss: 0.3012618124485016
Lr: 9.151609853589936e-06, Accum Loss: 0.3177853524684906
Lr: 9.150977008146158e-06, Accum Loss: 0.24959757924079895
Lr: 9.150343975032162e-06, Accum Loss: 0.2558455467224121
Lr: 9.149710754319908e-06, Accum Loss: 0.2743759751319885
Lr: 9.149077346081376e-06, Accum Loss: 0.32380950450897217
Lr: 9.148443750388566e-06, Accum Loss: 0.305889368057251
Lr: 9.147809967313501e-06, Accum Loss: 0.31735897064208984
Lr: 9.147175996928225e-06, Accum Loss: 0.3335888087749481
Lr: 9.146541839304802e-06, Accum Loss: 0.323586642742157
Lr: 9.14590749451532e-06, Accum Loss: 0.43794235587120056
Lr: 9.145272962631883e-06, Accum Loss: 0.40355148911476135
Lr: 9.14463824372662e-06, Accum Loss: 0.2528243958950043
Lr: 9.144003337871684e-06, Accum Loss: 0.32454247772693634
Lr: 9.143368245139243e-06, Accum Loss: 0.25997820496559143
Lr: 9.142732965601494e-06, Accum Loss: 0.28361649811267853
Lr: 9.142097499330644e-06, Accum Loss: 0.30800148844718933
Lr: 9.141461846398933e-06, Accum Loss: 0.31677621603012085
Lr: 9.140826006878614e-06, Accum Loss: 0.29582032561302185
Lr: 9.140189980841967e-06, Accum Loss: 0.28513187170028687
Lr: 9.139553768361287e-06, Accum Loss: 0.3421769142150879
Lr: 9.138917369508899e-06, Accum Loss: 0.3231225311756134
Lr: 9.13828078435714e-06, Accum Loss: 0.3644368052482605
Lr: 9.13764401297837e-06, Accum Loss: 0.26159659028053284
Lr: 9.137007055444978e-06, Accum Loss: 0.3578433394432068
Lr: 9.136369911829363e-06, Accum Loss: 0.31946665048599243
Lr: 9.135732582203953e-06, Accum Loss: 0.30674025416374207
Lr: 9.135095066641194e-06, Accum Loss: 0.3289978504180908
Lr: 9.134457365213557e-06, Accum Loss: 0.3506331741809845
Lr: 9.133819477993527e-06, Accum Loss: 0.28425803780555725
Lr: 9.133181405053616e-06, Accum Loss: 0.3275231719017029
Lr: 9.132543146466352e-06, Accum Loss: 0.25222645699977875
Lr: 9.13190470230429e-06, Accum Loss: 0.309906005859375
Lr: 9.131266072640006e-06, Accum Loss: 0.3283836841583252
Lr: 9.130627257546091e-06, Accum Loss: 0.2942661643028259
Lr: 9.12998825709516e-06, Accum Loss: 0.38593509793281555
Lr: 9.12934907135985e-06, Accum Loss: 0.29856517910957336
Lr: 9.128709700412819e-06, Accum Loss: 0.2960377633571625
Lr: 9.128070144326748e-06, Accum Loss: 0.26193617284297943
Lr: 9.127430403174334e-06, Accum Loss: 0.23843812942504883
Lr: 9.1267904770283e-06, Accum Loss: 0.2838760018348694
Lr: 9.126150365961383e-06, Accum Loss: 0.2372024655342102
Lr: 9.125510070046352e-06, Accum Loss: 0.3030655086040497
Lr: 9.124869589355987e-06, Accum Loss: 0.27888986468315125
Lr: 9.124228923963095e-06, Accum Loss: 0.28351232409477234
Lr: 9.1235880739405e-06, Accum Loss: 0.34295278787612915
Lr: 9.122947039361049e-06, Accum Loss: 0.3338633179664612
Lr: 9.122305820297612e-06, Accum Loss: 0.24992257356643677
Lr: 9.121664416823075e-06, Accum Loss: 0.37339383363723755
Lr: 9.12102282901035e-06, Accum Loss: 0.2950495481491089
Lr: 9.120381056932367e-06, Accum Loss: 0.29069310426712036
Lr: 9.119739100662075e-06, Accum Loss: 0.2838594317436218
Lr: 9.119096960272451e-06, Accum Loss: 0.28286927938461304
Lr: 9.118454635836488e-06, Accum Loss: 0.306868776679039
Lr: 9.117812127427195e-06, Accum Loss: 0.30902478098869324
Lr: 9.117169435117615e-06, Accum Loss: 0.30851805210113525
Lr: 9.1165265589808e-06, Accum Loss: 0.2896806448698044
Lr: 9.115883499089826e-06, Accum Loss: 0.27047696709632874
Lr: 9.115240255517793e-06, Accum Loss: 0.2703705132007599
Lr: 9.114596828337822e-06, Accum Loss: 0.27473029494285583
Lr: 9.113953217623048e-06, Accum Loss: 0.3315739929676056
Lr: 9.113309423446635e-06, Accum Loss: 0.2709161341190338
Lr: 9.112665445881765e-06, Accum Loss: 0.2578577697277069
Lr: 9.112021285001638e-06, Accum Loss: 0.30392223596572876
Lr: 9.111376940879476e-06, Accum Loss: 0.3433176875114441
Lr: 9.110732413588527e-06, Accum Loss: 0.3107087016105652
Lr: 9.110087703202054e-06, Accum Loss: 0.2470945119857788
Lr: 9.109442809793343e-06, Accum Loss: 0.3185290992259979
Lr: 9.1087977334357e-06, Accum Loss: 0.3424232304096222
Lr: 9.108152474202455e-06, Accum Loss: 0.2741348147392273
Lr: 9.10750703216695e-06, Accum Loss: 0.25504735112190247
Lr: 9.106861407402559e-06, Accum Loss: 0.3108174502849579
Lr: 9.10621559998267e-06, Accum Loss: 0.33768269419670105
Lr: 9.105569609980692e-06, Accum Loss: 0.28285738825798035
Lr: 9.104923437470058e-06, Accum Loss: 0.28921833634376526
Lr: 9.10427708252422e-06, Accum Loss: 0.25962239503860474
Lr: 9.103630545216649e-06, Accum Loss: 0.34242233633995056
Lr: 9.10298382562084e-06, Accum Loss: 0.30740460753440857
Lr: 9.102336923810305e-06, Accum Loss: 0.31028375029563904
Lr: 9.101689839858583e-06, Accum Loss: 0.3377377986907959
Lr: 9.101042573839222e-06, Accum Loss: 0.29054832458496094
Lr: 9.100395125825807e-06, Accum Loss: 0.29005810618400574
Lr: 9.099747495891928e-06, Accum Loss: 0.3627040982246399
Lr: 9.099099684111204e-06, Accum Loss: 0.40398740768432617
Lr: 9.098451690557277e-06, Accum Loss: 0.32177454233169556
Lr: 9.0978035153038e-06, Accum Loss: 0.3077095150947571
Lr: 9.09715515842446e-06, Accum Loss: 0.31283923983573914
Lr: 9.09650661999295e-06, Accum Loss: 0.32500529289245605
Lr: 9.095857900082993e-06, Accum Loss: 0.3196374475955963
Lr: 9.095208998768331e-06, Accum Loss: 0.39604952931404114
Lr: 9.094559916122728e-06, Accum Loss: 0.24351489543914795
Lr: 9.093910652219964e-06, Accum Loss: 0.28463855385780334
Lr: 9.093261207133843e-06, Accum Loss: 0.32468488812446594
Lr: 9.092611580938189e-06, Accum Loss: 0.34466612339019775
Lr: 9.091961773706844e-06, Accum Loss: 0.34018856287002563
Lr: 9.091311785513678e-06, Accum Loss: 0.281870499253273
Lr: 9.090661616432574e-06, Accum Loss: 0.3305432051420212
Lr: 9.090011266537436e-06, Accum Loss: 0.28522299230098724
Lr: 9.089360735902194e-06, Accum Loss: 0.32955998182296753
Lr: 9.088710024600795e-06, Accum Loss: 0.29365745186805725
Lr: 9.088059132707205e-06, Accum Loss: 0.34111931920051575
Lr: 9.087408060295413e-06, Accum Loss: 0.2769554853439331
Lr: 9.086756807439428e-06, Accum Loss: 0.2990269958972931
Lr: 9.086105374213279e-06, Accum Loss: 0.2848830223083496
Lr: 9.085453760691018e-06, Accum Loss: 0.2564513385295868
Lr: 9.084801966946711e-06, Accum Loss: 0.31669095158576965
Lr: 9.084149993054452e-06, Accum Loss: 0.3092646598815918
Lr: 9.083497839088353e-06, Accum Loss: 0.29435184597969055
Lr: 9.082845505122545e-06, Accum Loss: 0.3099367618560791
Lr: 9.082192991231178e-06, Accum Loss: 0.34904348850250244
Lr: 9.081540297488427e-06, Accum Loss: 0.277368426322937
Lr: 9.080887423968485e-06, Accum Loss: 0.2952288091182709
Lr: 9.080234370745565e-06, Accum Loss: 0.3526194989681244
Lr: 9.079581137893903e-06, Accum Loss: 0.2598576545715332
Lr: 9.07892772548775e-06, Accum Loss: 0.2882021963596344
Lr: 9.078274133601382e-06, Accum Loss: 0.2167169749736786
Lr: 9.077620362309094e-06, Accum Loss: 0.3315638601779938
Lr: 9.076966411685204e-06, Accum Loss: 0.33230704069137573
Lr: 9.076312281804046e-06, Accum Loss: 0.3128587007522583
Lr: 9.075657972739976e-06, Accum Loss: 0.3592172861099243
Lr: 9.075003484567375e-06, Accum Loss: 0.35143981873989105
Lr: 9.074348817360631e-06, Accum Loss: 0.30245739221572876
Lr: 9.07369397119417e-06, Accum Loss: 0.27914583683013916
Lr: 9.07303894614243e-06, Accum Loss: 0.3230849504470825
Lr: 9.07238374227986e-06, Accum Loss: 0.30209966003894806
Lr: 9.071728359680948e-06, Accum Loss: 0.3477290868759155
Lr: 9.07107279842019e-06, Accum Loss: 0.30309364199638367
Lr: 9.070417058572105e-06, Accum Loss: 0.31319907307624817
Lr: 9.069761140211228e-06, Accum Loss: 0.2997152805328369
Lr: 9.069105043412125e-06, Accum Loss: 0.36395540833473206
Lr: 9.068448768249373e-06, Accum Loss: 0.39302414655685425
Lr: 9.067792314797574e-06, Accum Loss: 0.2935885488986969
Lr: 9.067135683131346e-06, Accum Loss: 0.3715322017669678
Lr: 9.066478873325333e-06, Accum Loss: 0.34597575664520264
Lr: 9.06582188545419e-06, Accum Loss: 0.2584463357925415
Lr: 9.065164719592606e-06, Accum Loss: 0.2843971252441406
Lr: 9.064507375815278e-06, Accum Loss: 0.2924845218658447
Lr: 9.063849854196929e-06, Accum Loss: 0.37670302391052246
Lr: 9.0631921548123e-06, Accum Loss: 0.3213952034711838
Lr: 9.062534277736154e-06, Accum Loss: 0.29577961564064026
Lr: 9.061876223043273e-06, Accum Loss: 0.34635037183761597
Lr: 9.061217990808459e-06, Accum Loss: 0.2777692377567291
Lr: 9.060559581106537e-06, Accum Loss: 0.3457930088043213
Lr: 9.059900994012345e-06, Accum Loss: 0.35153624415397644
Lr: 9.05924222960075e-06, Accum Loss: 0.26555976271629333
Lr: 9.058583287946636e-06, Accum Loss: 0.3015369474887848
Lr: 9.057924169124906e-06, Accum Loss: 0.3110215663909912
Lr: 9.05726487321048e-06, Accum Loss: 0.2931402921676636
Lr: 9.056605400278305e-06, Accum Loss: 0.2820928692817688
Lr: 9.055945750403343e-06, Accum Loss: 0.31682002544403076
Lr: 9.055285923660578e-06, Accum Loss: 0.32216957211494446
Lr: 9.054625920125014e-06, Accum Loss: 0.33558014035224915
Lr: 9.053965739871678e-06, Accum Loss: 0.33029282093048096
Lr: 9.05330538297561e-06, Accum Loss: 0.32156383991241455
Lr: 9.052644849511876e-06, Accum Loss: 0.318902924656868
Lr: 9.05198413955556e-06, Accum Loss: 0.3171229958534241
Lr: 9.051323253181769e-06, Accum Loss: 0.28418296575546265
Lr: 9.050662190465622e-06, Accum Loss: 0.28319430351257324
Lr: 9.050000951482269e-06, Accum Loss: 0.2902083992958069
Lr: 9.049339536306871e-06, Accum Loss: 0.26372194290161133
Lr: 9.048677945014612e-06, Accum Loss: 0.28789862990379333
Lr: 9.0480161776807e-06, Accum Loss: 0.3238205015659332
Lr: 9.047354234380357e-06, Accum Loss: 0.26449790596961975
Lr: 9.046692115188828e-06, Accum Loss: 0.27223294973373413
Lr: 9.046029820181378e-06, Accum Loss: 0.33143362402915955
Lr: 9.045367349433291e-06, Accum Loss: 0.31275781989097595
Lr: 9.044704703019873e-06, Accum Loss: 0.2765994071960449
Lr: 9.044041881016447e-06, Accum Loss: 0.2656046152114868
Lr: 9.043378883498356e-06, Accum Loss: 0.2653016746044159
Lr: 9.042715710540969e-06, Accum Loss: 0.36529192328453064
Lr: 9.042052362219665e-06, Accum Loss: 0.2746225893497467
Lr: 9.041388838609852e-06, Accum Loss: 0.3462110459804535
Lr: 9.040725139786953e-06, Accum Loss: 0.31907984614372253
Lr: 9.040061265826412e-06, Accum Loss: 0.31419023871421814
Lr: 9.039397216803692e-06, Accum Loss: 0.30455589294433594
Lr: 9.03873299279428e-06, Accum Loss: 0.2902350127696991
Lr: 9.038068593873674e-06, Accum Loss: 0.31148555874824524
Lr: 9.037404020117405e-06, Accum Loss: 0.2555517554283142
Lr: 9.036739271601012e-06, Accum Loss: 0.3343621790409088
Lr: 9.036074348400062e-06, Accum Loss: 0.32668060064315796
Lr: 9.035409250590133e-06, Accum Loss: 0.32303386926651
Lr: 9.034743978246832e-06, Accum Loss: 0.3943770229816437
Lr: 9.03407853144578e-06, Accum Loss: 0.3319005072116852
Lr: 9.033412910262622e-06, Accum Loss: 0.3082197606563568
Lr: 9.03274711477302e-06, Accum Loss: 0.3391612768173218
Lr: 9.032081145052653e-06, Accum Loss: 0.2847192883491516
Lr: 9.031415001177227e-06, Accum Loss: 0.31506431102752686
Lr: 9.030748683222467e-06, Accum Loss: 0.3004744052886963
Lr: 9.030082191264106e-06, Accum Loss: 0.2836598753929138
Lr: 9.029415525377915e-06, Accum Loss: 0.29807737469673157
Lr: 9.028748685639667e-06, Accum Loss: 0.2733249366283417
Lr: 9.02808167212517e-06, Accum Loss: 0.26281484961509705
Lr: 9.027414484910241e-06, Accum Loss: 0.2759527862071991
Lr: 9.026747124070721e-06, Accum Loss: 0.38153743743896484
Lr: 9.026079589682472e-06, Accum Loss: 0.3150176554918289
Lr: 9.025411881821373e-06, Accum Loss: 0.2602899372577667
Lr: 9.024744000563323e-06, Accum Loss: 0.3171481192111969
Lr: 9.024075945984246e-06, Accum Loss: 0.3146705627441406
Lr: 9.023407718160074e-06, Accum Loss: 0.3184983432292938
Lr: 9.022739317166772e-06, Accum Loss: 0.3284091353416443
Lr: 9.022070743080316e-06, Accum Loss: 0.3098656237125397
Lr: 9.021401995976704e-06, Accum Loss: 0.3146195411682129
Lr: 9.020733075931955e-06, Accum Loss: 0.31137996912002563
Lr: 9.020063983022107e-06, Accum Loss: 0.3070325255393982
Lr: 9.019394717323217e-06, Accum Loss: 0.3402431309223175
Lr: 9.01872527891136e-06, Accum Loss: 0.306968092918396
Lr: 9.018055667862634e-06, Accum Loss: 0.25875163078308105
Lr: 9.017385884253157e-06, Accum Loss: 0.28957679867744446
Lr: 9.016715928159062e-06, Accum Loss: 0.2921362519264221
Lr: 9.016045799656503e-06, Accum Loss: 0.36352667212486267
Lr: 9.01537549882166e-06, Accum Loss: 0.34458693861961365
Lr: 9.014705025730725e-06, Accum Loss: 0.3229776620864868
Lr: 9.014034380459912e-06, Accum Loss: 0.3039235472679138
Lr: 9.013363563085456e-06, Accum Loss: 0.2875080704689026
Lr: 9.012692573683605e-06, Accum Loss: 0.3520166575908661
Lr: 9.01202141233064e-06, Accum Loss: 0.2944614589214325
Lr: 9.011350079102848e-06, Accum Loss: 0.3046974241733551
Lr: 9.010678574076543e-06, Accum Loss: 0.27303382754325867
Lr: 9.010006897328056e-06, Accum Loss: 0.261388897895813
Lr: 9.009335048933736e-06, Accum Loss: 0.3370147943496704
Lr: 9.008663028969956e-06, Accum Loss: 0.2817443311214447
Lr: 9.007990837513107e-06, Accum Loss: 0.28454089164733887
Lr: 9.007318474639595e-06, Accum Loss: 0.3328174948692322
Lr: 9.00664594042585e-06, Accum Loss: 0.34562283754348755
Lr: 9.005973234948323e-06, Accum Loss: 0.33141693472862244
Lr: 9.00530035828348e-06, Accum Loss: 0.2839878797531128
Lr: 9.004627310507807e-06, Accum Loss: 0.2630270719528198
Lr: 9.003954091697813e-06, Accum Loss: 0.39281201362609863
Lr: 9.003280701930024e-06, Accum Loss: 0.36387062072753906
Lr: 9.002607141280986e-06, Accum Loss: 0.30723661184310913
Lr: 9.001933409827264e-06, Accum Loss: 0.28031736612319946
Lr: 9.00125950764544e-06, Accum Loss: 0.2866719663143158
Lr: 9.000585434812121e-06, Accum Loss: 0.35476112365722656
Lr: 8.999911191403928e-06, Accum Loss: 0.2761668264865875
Lr: 8.999236777497507e-06, Accum Loss: 0.288029283285141
Lr: 8.998562193169518e-06, Accum Loss: 0.2917878329753876
Lr: 8.997887438496643e-06, Accum Loss: 0.26874202489852905
Lr: 8.99721251355558e-06, Accum Loss: 0.2865390181541443
Lr: 8.996537418423053e-06, Accum Loss: 0.34760281443595886
Lr: 8.9958621531758e-06, Accum Loss: 0.3505869507789612
Lr: 8.995186717890584e-06, Accum Loss: 0.25356924533843994
Lr: 8.994511112644174e-06, Accum Loss: 0.35602712631225586
Lr: 8.993835337513377e-06, Accum Loss: 0.2950631380081177
Lr: 8.993159392575004e-06, Accum Loss: 0.29309654235839844
Lr: 8.992483277905893e-06, Accum Loss: 0.2877878248691559
Lr: 8.991806993582899e-06, Accum Loss: 0.2742749750614166
Lr: 8.9911305396829e-06, Accum Loss: 0.3118094801902771
Lr: 8.990453916282784e-06, Accum Loss: 0.2923949956893921
Lr: 8.989777123459467e-06, Accum Loss: 0.33142226934432983
Lr: 8.989100161289884e-06, Accum Loss: 0.2886529266834259
Lr: 8.988423029850986e-06, Accum Loss: 0.285626620054245
Lr: 8.98774572921974e-06, Accum Loss: 0.31834301352500916
Lr: 8.98706825947314e-06, Accum Loss: 0.28448209166526794
Lr: 8.986390620688197e-06, Accum Loss: 0.32984593510627747
Lr: 8.985712812941935e-06, Accum Loss: 0.3152516782283783
Lr: 8.985034836311405e-06, Accum Loss: 0.23091694712638855
Lr: 8.984356690873673e-06, Accum Loss: 0.3476058691740036
Lr: 8.983678376705824e-06, Accum Loss: 0.2603159248828888
Lr: 8.982999893884968e-06, Accum Loss: 0.2776462137699127
Lr: 8.982321242488226e-06, Accum Loss: 0.3245088756084442
Lr: 8.98164242259274e-06, Accum Loss: 0.23289957642555237
Lr: 8.980963434275679e-06, Accum Loss: 0.3451421558856964
Lr: 8.98028427761422e-06, Accum Loss: 0.3268195688724518
Lr: 8.979604952685564e-06, Accum Loss: 0.3212707042694092
Lr: 8.978925459566936e-06, Accum Loss: 0.3161182999610901
Lr: 8.978245798335574e-06, Accum Loss: 0.32641124725341797
Lr: 8.977565969068732e-06, Accum Loss: 0.28861337900161743
Lr: 8.976885971843692e-06, Accum Loss: 0.267509862780571
Lr: 8.976205806737751e-06, Accum Loss: 0.3413963317871094
Lr: 8.975525473828222e-06, Accum Loss: 0.2999070882797241
Lr: 8.974844973192441e-06, Accum Loss: 0.2879275381565094
Lr: 8.974164304907766e-06, Accum Loss: 0.3150383234024048
Lr: 8.973483469051564e-06, Accum Loss: 0.31947121024131775
Lr: 8.97280246570123e-06, Accum Loss: 0.31218773126602173
Lr: 8.972121294934176e-06, Accum Loss: 0.33546461164951324
Lr: 8.971439956827831e-06, Accum Loss: 0.31646180152893066
Lr: 8.970758451459644e-06, Accum Loss: 0.32639315724372864
Lr: 8.970076778907085e-06, Accum Loss: 0.3126607835292816
Lr: 8.969394939247638e-06, Accum Loss: 0.3589450418949127
Lr: 8.968712932558811e-06, Accum Loss: 0.2615493983030319
Lr: 8.96803075891813e-06, Accum Loss: 0.30436065793037415
Lr: 8.967348418403138e-06, Accum Loss: 0.23369595408439636
Lr: 8.9666659110914e-06, Accum Loss: 0.33401061594486237
Lr: 8.965983237060497e-06, Accum Loss: 0.32609668374061584
Lr: 8.965300396388028e-06, Accum Loss: 0.3113894462585449
Lr: 8.964617389151617e-06, Accum Loss: 0.279397189617157
Lr: 8.963934215428898e-06, Accum Loss: 0.27557843923568726
Lr: 8.963250875297535e-06, Accum Loss: 0.35854631662368774
Lr: 8.962567368835199e-06, Accum Loss: 0.3166441321372986
Lr: 8.961883696119589e-06, Accum Loss: 0.28344638645648956
Lr: 8.961199857228419e-06, Accum Loss: 0.29913952946662903
Lr: 8.960515852239421e-06, Accum Loss: 0.44114118814468384
Lr: 8.95983168123035e-06, Accum Loss: 0.35892289876937866
Lr: 8.959147344278976e-06, Accum Loss: 0.333255410194397
Lr: 8.958462841463087e-06, Accum Loss: 0.2881772816181183
Lr: 8.957778172860496e-06, Accum Loss: 0.355535089969635
Lr: 8.957093338549027e-06, Accum Loss: 0.32243748009204865
Lr: 8.95640833860653e-06, Accum Loss: 0.26665961742401123
Lr: 8.955723173110867e-06, Accum Loss: 0.30869993567466736
Lr: 8.955037842139925e-06, Accum Loss: 0.3182656466960907
Lr: 8.954352345771608e-06, Accum Loss: 0.32670825719833374
Lr: 8.953666684083831e-06, Accum Loss: 0.30334603786468506
Lr: 8.952980857154543e-06, Accum Loss: 0.2891448438167572
Lr: 8.9522948650617e-06, Accum Loss: 0.2903759032487869
Lr: 8.951608707883282e-06, Accum Loss: 0.29423829913139343
Lr: 8.950922385697282e-06, Accum Loss: 0.28874391317367554
Lr: 8.95023589858172e-06, Accum Loss: 0.35604527592658997
Lr: 8.949549246614627e-06, Accum Loss: 0.33196480572223663
Lr: 8.94886242987406e-06, Accum Loss: 0.37174761295318604
Lr: 8.948175448438085e-06, Accum Loss: 0.2858361005783081
Lr: 8.947488302384802e-06, Accum Loss: 0.31294822692871094
Lr: 8.946800991792312e-06, Accum Loss: 0.3086407780647278
Lr: 8.946113516738746e-06, Accum Loss: 0.3792017847299576
Lr: 8.945425877302252e-06, Accum Loss: 0.3129287362098694
Lr: 8.944738073560993e-06, Accum Loss: 0.283748060464859
Lr: 8.944050105593158e-06, Accum Loss: 0.323882058262825
Lr: 8.943361973476943e-06, Accum Loss: 0.33535026013851166
Lr: 8.942673677290575e-06, Accum Loss: 0.2242089807987213
Lr: 8.94198521711229e-06, Accum Loss: 0.30796876549720764
Lr: 8.941296593020351e-06, Accum Loss: 0.2838250398635864
Lr: 8.940607805093034e-06, Accum Loss: 0.3140316307544708
Lr: 8.939918853408634e-06, Accum Loss: 0.2974938154220581
Lr: 8.939229738045464e-06, Accum Loss: 0.33059048652648926
Lr: 8.938540459081861e-06, Accum Loss: 0.2900497615337372
Lr: 8.937851016596175e-06, Accum Loss: 0.3401840031147003
Lr: 8.937161410666777e-06, Accum Loss: 0.32781490683555603
Lr: 8.936471641372056e-06, Accum Loss: 0.3362369239330292
Lr: 8.93578170879042e-06, Accum Loss: 0.3446125388145447
Lr: 8.93509161300029e-06, Accum Loss: 0.38340218365192413
Lr: 8.93440135408012e-06, Accum Loss: 0.33402687311172485
Lr: 8.933710932108367e-06, Accum Loss: 0.2927464544773102
Lr: 8.933020347163513e-06, Accum Loss: 0.2930458188056946
Lr: 8.932329599324062e-06, Accum Loss: 0.32664674520492554
Lr: 8.93163868866853e-06, Accum Loss: 0.31748923659324646
Lr: 8.930947615275454e-06, Accum Loss: 0.3014424443244934
Lr: 8.93025637922339e-06, Accum Loss: 0.32982608675956726
Lr: 8.929564980590915e-06, Accum Loss: 0.33195897936820984
Lr: 8.928873419456619e-06, Accum Loss: 0.27800625562667847
Lr: 8.928181695899113e-06, Accum Loss: 0.2769085764884949
Lr: 8.927489809997028e-06, Accum Loss: 0.30447718501091003
Lr: 8.926797761829013e-06, Accum Loss: 0.30345144867897034
Lr: 8.926105551473732e-06, Accum Loss: 0.3537105321884155
Lr: 8.925413179009874e-06, Accum Loss: 0.3543173670768738
Lr: 8.924720644516139e-06, Accum Loss: 0.30730998516082764
Lr: 8.92402794807125e-06, Accum Loss: 0.2971942126750946
Lr: 8.923335089753948e-06, Accum Loss: 0.31913822889328003
Lr: 8.922642069642991e-06, Accum Loss: 0.2936706840991974
Lr: 8.921948887817156e-06, Accum Loss: 0.26142388582229614
Lr: 8.921255544355242e-06, Accum Loss: 0.29166966676712036
Lr: 8.920562039336056e-06, Accum Loss: 0.3023740202188492
Lr: 8.919868372838436e-06, Accum Loss: 0.30405914783477783
Lr: 8.919174544941232e-06, Accum Loss: 0.33406347036361694
Lr: 8.918480555723309e-06, Accum Loss: 0.3733479678630829
Lr: 8.917786405263557e-06, Accum Loss: 0.32435235381126404
Lr: 8.917092093640883e-06, Accum Loss: 0.34079019725322723
Lr: 8.916397620934207e-06, Accum Loss: 0.24607262015342712
Lr: 8.915702987222476e-06, Accum Loss: 0.33045241236686707
Lr: 8.915008192584647e-06, Accum Loss: 0.28208310902118683
Lr: 8.914313237099702e-06, Accum Loss: 0.31913022696971893
Lr: 8.913618120846634e-06, Accum Loss: 0.3386223614215851
Lr: 8.912922843904462e-06, Accum Loss: 0.34055134654045105
Lr: 8.912227406352218e-06, Accum Loss: 0.3152990937232971
Lr: 8.911531808268954e-06, Accum Loss: 0.30243512988090515
Lr: 8.910836049733744e-06, Accum Loss: 0.31578247249126434
Lr: 8.91014013082567e-06, Accum Loss: 0.30684894323349
Lr: 8.90944405162384e-06, Accum Loss: 0.30167222023010254
Lr: 8.908747812207383e-06, Accum Loss: 0.2975461184978485
Lr: 8.908051412655437e-06, Accum Loss: 0.3168695569038391
Lr: 8.907354853047165e-06, Accum Loss: 0.29373908042907715
Lr: 8.906658133461751e-06, Accum Loss: 0.36404988169670105
Lr: 8.905961253978388e-06, Accum Loss: 0.292716920375824
Lr: 8.905264214676292e-06, Accum Loss: 0.3077750504016876
Lr: 8.904567015634696e-06, Accum Loss: 0.26805734634399414
Lr: 8.903869656932856e-06, Accum Loss: 0.36035051941871643
Lr: 8.90317213865004e-06, Accum Loss: 0.32029247283935547
Lr: 8.902474460865535e-06, Accum Loss: 0.2933271825313568
Lr: 8.90177662365865e-06, Accum Loss: 0.28414708375930786
Lr: 8.901078627108711e-06, Accum Loss: 0.2885429859161377
Lr: 8.900380471295057e-06, Accum Loss: 0.2630996108055115
Lr: 8.89968215629705e-06, Accum Loss: 0.283180832862854
Lr: 8.89898368219407e-06, Accum Loss: 0.334602415561676
Lr: 8.898285049065513e-06, Accum Loss: 0.29428476095199585
Lr: 8.897586256990798e-06, Accum Loss: 0.3657560646533966
Lr: 8.896887306049352e-06, Accum Loss: 0.366357684135437
Lr: 8.896188196320631e-06, Accum Loss: 0.33700357377529144
Lr: 8.895488927884102e-06, Accum Loss: 0.28027307987213135
Lr: 8.894789500819255e-06, Accum Loss: 0.31156983971595764
Lr: 8.894089915205591e-06, Accum Loss: 0.3089123070240021
Lr: 8.893390171122639e-06, Accum Loss: 0.3261193037033081
Lr: 8.892690268649936e-06, Accum Loss: 0.31202414631843567
Lr: 8.891990207867044e-06, Accum Loss: 0.28639331459999084
Lr: 8.891289988853538e-06, Accum Loss: 0.35635796189308167
Lr: 8.890589611689016e-06, Accum Loss: 0.26071254909038544
Lr: 8.88988907645309e-06, Accum Loss: 0.2834978401660919
Lr: 8.889188383225391e-06, Accum Loss: 0.323988139629364
Lr: 8.888487532085571e-06, Accum Loss: 0.27771133184432983
Lr: 8.887786523113293e-06, Accum Loss: 0.3568441718816757
Lr: 8.887085356388246e-06, Accum Loss: 0.31719541549682617
Lr: 8.886384031990132e-06, Accum Loss: 0.36048638820648193
Lr: 8.885682549998672e-06, Accum Loss: 0.27902743220329285
Lr: 8.884980910493603e-06, Accum Loss: 0.3167291283607483
Lr: 8.884279113554685e-06, Accum Loss: 0.35256078839302063
Lr: 8.883577159261692e-06, Accum Loss: 0.31510984897613525
Lr: 8.882875047694417e-06, Accum Loss: 0.3264685869216919
Lr: 8.88217277893267e-06, Accum Loss: 0.3761517405509949
Lr: 8.88147035305628e-06, Accum Loss: 0.28230878710746765
Lr: 8.880767770145091e-06, Accum Loss: 0.333966925740242
Lr: 8.880065030278969e-06, Accum Loss: 0.3833511173725128
Lr: 8.879362133537795e-06, Accum Loss: 0.2953782081604004
Lr: 8.878659080001472e-06, Accum Loss: 0.30486732721328735
Lr: 8.877955869749916e-06, Accum Loss: 0.34558337926864624
Lr: 8.877252502863058e-06, Accum Loss: 0.27402183413505554
Lr: 8.876548979420858e-06, Accum Loss: 0.30785252153873444
Lr: 8.875845299503285e-06, Accum Loss: 0.37551042437553406
Lr: 8.875141463190322e-06, Accum Loss: 0.333608478307724
Lr: 8.874437470561985e-06, Accum Loss: 0.26562532782554626
Lr: 8.873733321698295e-06, Accum Loss: 0.34869569540023804
Lr: 8.873029016679289e-06, Accum Loss: 0.3721705675125122
Lr: 8.872324555585035e-06, Accum Loss: 0.2626490592956543
Lr: 8.871619938495606e-06, Accum Loss: 0.28249743580818176
Lr: 8.870915165491096e-06, Accum Loss: 0.3172163963317871
Lr: 8.870210236651621e-06, Accum Loss: 0.3616319000720978
Lr: 8.869505152057312e-06, Accum Loss: 0.3372357189655304
Lr: 8.868799911788317e-06, Accum Loss: 0.2889229953289032
Lr: 8.868094515924801e-06, Accum Loss: 0.3429914116859436
Lr: 8.867388964546949e-06, Accum Loss: 0.33789220452308655
Lr: 8.866683257734963e-06, Accum Loss: 0.3321917951107025
Lr: 8.86597739556906e-06, Accum Loss: 0.28857144713401794
Lr: 8.865271378129479e-06, Accum Loss: 0.3116495609283447
Lr: 8.864565205496475e-06, Accum Loss: 0.32107457518577576
Lr: 8.86385887775032e-06, Accum Loss: 0.3162267208099365
Lr: 8.863152394971301e-06, Accum Loss: 0.31477829813957214
Lr: 8.862445757239728e-06, Accum Loss: 0.31843385100364685
Lr: 8.861738964635927e-06, Accum Loss: 0.3075364828109741
Lr: 8.861032017240239e-06, Accum Loss: 0.2906912565231323
Lr: 8.860324915133024e-06, Accum Loss: 0.29907453060150146
Lr: 8.85961765839466e-06, Accum Loss: 0.29763302206993103
Lr: 8.858910247105543e-06, Accum Loss: 0.33178266882896423
Lr: 8.858202681346088e-06, Accum Loss: 0.2822515666484833
Lr: 8.857494961196722e-06, Accum Loss: 0.27551499009132385
Lr: 8.856787086737896e-06, Accum Loss: 0.30878162384033203
Lr: 8.856079058050072e-06, Accum Loss: 0.2855336666107178
Lr: 8.855370875213736e-06, Accum Loss: 0.3057463765144348
Lr: 8.85466253830939e-06, Accum Loss: 0.3383880853652954
Lr: 8.85395404741755e-06, Accum Loss: 0.3382483720779419
Lr: 8.85324540261875e-06, Accum Loss: 0.3252045810222626
Lr: 8.852536603993547e-06, Accum Loss: 0.31254348158836365
Lr: 8.85182765162251e-06, Accum Loss: 0.29827120900154114
Lr: 8.851118545586227e-06, Accum Loss: 0.2663201838731766
Lr: 8.850409285965305e-06, Accum Loss: 0.3304135501384735
Lr: 8.849699872840366e-06, Accum Loss: 0.2740156650543213
Lr: 8.848990306292049e-06, Accum Loss: 0.34829941391944885
Lr: 8.848280586401014e-06, Accum Loss: 0.2809005379676819
Lr: 8.847570713247936e-06, Accum Loss: 0.3002989739179611
Lr: 8.846860686913507e-06, Accum Loss: 0.30955055356025696
Lr: 8.846150507478442e-06, Accum Loss: 0.3261687159538269
Lr: 8.845440175023463e-06, Accum Loss: 0.2706964313983917
Lr: 8.844729689629316e-06, Accum Loss: 0.3279011845588684
Lr: 8.844019051376764e-06, Accum Loss: 0.36687183380126953
Lr: 8.843308260346589e-06, Accum Loss: 0.2842092514038086
Lr: 8.842597316619585e-06, Accum Loss: 0.27337631583213806
Lr: 8.841886220276569e-06, Accum Loss: 0.2798851728439331
Lr: 8.84117497139837e-06, Accum Loss: 0.3100837469100952
Lr: 8.840463570065838e-06, Accum Loss: 0.29700765013694763
Lr: 8.839752016359843e-06, Accum Loss: 0.343752920627594
Lr: 8.839040310361268e-06, Accum Loss: 0.2729644775390625
Lr: 8.838328452151012e-06, Accum Loss: 0.3516496419906616
Lr: 8.837616441809992e-06, Accum Loss: 0.33278459310531616
Lr: 8.836904279419148e-06, Accum Loss: 0.33001509308815
Lr: 8.83619196505943e-06, Accum Loss: 0.27523037791252136
Lr: 8.835479498811809e-06, Accum Loss: 0.33060920238494873
Lr: 8.834766880757275e-06, Accum Loss: 0.2801497280597687
Lr: 8.834054110976828e-06, Accum Loss: 0.32620444893836975
Lr: 8.833341189551494e-06, Accum Loss: 0.35809874534606934
Lr: 8.832628116562314e-06, Accum Loss: 0.3516588509082794
Lr: 8.831914892090339e-06, Accum Loss: 0.317675918340683
Lr: 8.831201516216648e-06, Accum Loss: 0.2886759042739868
Lr: 8.830487989022328e-06, Accum Loss: 0.26522818207740784
Lr: 8.82977431058849e-06, Accum Loss: 0.3268846422433853
Lr: 8.829060480996259e-06, Accum Loss: 0.2994222939014435
Lr: 8.828346500326776e-06, Accum Loss: 0.30920055508613586
Lr: 8.827632368661201e-06, Accum Loss: 0.30038055777549744
Lr: 8.826918086080714e-06, Accum Loss: 0.29429687559604645
Lr: 8.826203652666504e-06, Accum Loss: 0.2895504832267761
Lr: 8.825489068499787e-06, Accum Loss: 0.306033194065094
Lr: 8.824774333661788e-06, Accum Loss: 0.296889990568161
Lr: 8.824059448233756e-06, Accum Loss: 0.30199134349823
Lr: 8.82334441229695e-06, Accum Loss: 0.2746793031692505
Lr: 8.822629225932654e-06, Accum Loss: 0.3228139579296112
Lr: 8.821913889222157e-06, Accum Loss: 0.3087807893753052
Lr: 8.821198402246782e-06, Accum Loss: 0.3633135259151459
Lr: 8.820482765087855e-06, Accum Loss: 0.31099733710289
Lr: 8.819766977826725e-06, Accum Loss: 0.28608132898807526
Lr: 8.819051040544758e-06, Accum Loss: 0.3081872761249542
Lr: 8.818334953323334e-06, Accum Loss: 0.32589390873908997
Lr: 8.817618716243853e-06, Accum Loss: 0.3616016209125519
Lr: 8.816902329387732e-06, Accum Loss: 0.37158533930778503
Lr: 8.816185792836406e-06, Accum Loss: 0.34036678075790405
Lr: 8.81546910667132e-06, Accum Loss: 0.283188134431839
Lr: 8.814752270973949e-06, Accum Loss: 0.3042677044868469
Lr: 8.814035285825769e-06, Accum Loss: 0.2933088541030884
Lr: 8.813318151308287e-06, Accum Loss: 0.3702356815338135
Lr: 8.81260086750302e-06, Accum Loss: 0.261446088552475
Lr: 8.811883434491503e-06, Accum Loss: 0.3018210530281067
Lr: 8.811165852355288e-06, Accum Loss: 0.31397631764411926
Lr: 8.810448121175941e-06, Accum Loss: 0.31755906343460083
Lr: 8.809730241035055e-06, Accum Loss: 0.38713106513023376
Lr: 8.809012212014226e-06, Accum Loss: 0.3370547294616699
Lr: 8.808294034195081e-06, Accum Loss: 0.26345929503440857
Lr: 8.807575707659251e-06, Accum Loss: 0.3729326128959656
Lr: 8.806857232488392e-06, Accum Loss: 0.31724828481674194
Lr: 8.806138608764176e-06, Accum Loss: 0.3539592921733856
Lr: 8.805419836568286e-06, Accum Loss: 0.30483590066432953
Lr: 8.804700915982431e-06, Accum Loss: 0.2906753718852997
Lr: 8.803981847088332e-06, Accum Loss: 0.28149156272411346
Lr: 8.803262629967724e-06, Accum Loss: 0.27562418580055237
Lr: 8.802543264702365e-06, Accum Loss: 0.30385544896125793
Lr: 8.801823751374027e-06, Accum Loss: 0.34576621651649475
Lr: 8.801104090064495e-06, Accum Loss: 0.328578382730484
Lr: 8.800384280855577e-06, Accum Loss: 0.2911122739315033
Lr: 8.799664323829098e-06, Accum Loss: 0.3342966139316559
Lr: 8.798944219066893e-06, Accum Loss: 0.30902910232543945
Lr: 8.798223966650818e-06, Accum Loss: 0.29080650210380554
Lr: 8.797503566662748e-06, Accum Loss: 0.31933650374412537
Lr: 8.796783019184573e-06, Accum Loss: 0.2538057416677475
Lr: 8.796062324298195e-06, Accum Loss: 0.31691470742225647
Lr: 8.795341482085542e-06, Accum Loss: 0.24978989362716675
Lr: 8.79462049262855e-06, Accum Loss: 0.3044000267982483
Lr: 8.793899356009175e-06, Accum Loss: 0.30189841985702515
Lr: 8.793178072309396e-06, Accum Loss: 0.2526760697364807
Lr: 8.792456641611197e-06, Accum Loss: 0.25388655066490173
Lr: 8.791735063996585e-06, Accum Loss: 0.2263300120830536
Lr: 8.791013339547587e-06, Accum Loss: 0.3515373319387436
Lr: 8.790291468346241e-06, Accum Loss: 0.2814120948314667
Lr: 8.789569450474603e-06, Accum Loss: 0.28381583094596863
Lr: 8.788847286014747e-06, Accum Loss: 0.3298494219779968
Lr: 8.788124975048764e-06, Accum Loss: 0.3835395276546478
Lr: 8.78740251765876e-06, Accum Loss: 0.28521817922592163
Lr: 8.786679913926855e-06, Accum Loss: 0.3703170716762543
Lr: 8.785957163935196e-06, Accum Loss: 0.27797460556030273
Lr: 8.785234267765932e-06, Accum Loss: 0.28917109966278076
Lr: 8.784511225501242e-06, Accum Loss: 0.3300906717777252
Lr: 8.783788037223315e-06, Accum Loss: 0.270238995552063
Lr: 8.783064703014353e-06, Accum Loss: 0.2574785649776459
Lr: 8.782341222956583e-06, Accum Loss: 0.2909705638885498
Lr: 8.781617597132245e-06, Accum Loss: 0.2778246998786926
Lr: 8.780893825623592e-06, Accum Loss: 0.27651287615299225
Lr: 8.780169908512899e-06, Accum Loss: 0.38301172852516174
Lr: 8.779445845882455e-06, Accum Loss: 0.2869674563407898
Lr: 8.778721637814568e-06, Accum Loss: 0.30075588822364807
Lr: 8.777997284391554e-06, Accum Loss: 0.31890952587127686
Lr: 8.777272785695758e-06, Accum Loss: 0.30454665422439575
Lr: 8.776548141809532e-06, Accum Loss: 0.32525818049907684
Lr: 8.775823352815251e-06, Accum Loss: 0.3421866297721863
Lr: 8.7750984187953e-06, Accum Loss: 0.2812182605266571
Lr: 8.774373339832085e-06, Accum Loss: 0.2973967492580414
Lr: 8.773648116008026e-06, Accum Loss: 0.27613665163517
Lr: 8.772922747405566e-06, Accum Loss: 0.2799432575702667
Lr: 8.772197234107154e-06, Accum Loss: 0.3211860954761505
Lr: 8.771471576195261e-06, Accum Loss: 0.2918003350496292
Lr: 8.770745773752378e-06, Accum Loss: 0.31081488728523254
Lr: 8.770019826861004e-06, Accum Loss: 0.35421913862228394
Lr: 8.769293735603662e-06, Accum Loss: 0.3191363215446472
Lr: 8.76856750006289e-06, Accum Loss: 0.3530493974685669
Lr: 8.767841120321235e-06, Accum Loss: 0.3593101352453232
Lr: 8.76711459646127e-06, Accum Loss: 0.27618250250816345
Lr: 8.76638792856558e-06, Accum Loss: 0.29390813410282135
Lr: 8.765661116716768e-06, Accum Loss: 0.2903575152158737
Lr: 8.764934160997449e-06, Accum Loss: 0.32054151594638824
Lr: 8.764207061490261e-06, Accum Loss: 0.35113924741744995
Lr: 8.763479818277857e-06, Accum Loss: 0.28193967044353485
Lr: 8.762752431442898e-06, Accum Loss: 0.3405308574438095
Lr: 8.762024901068072e-06, Accum Loss: 0.3345949202775955
Lr: 8.761297227236079e-06, Accum Loss: 0.28182777762413025
Lr: 8.760569410029633e-06, Accum Loss: 0.29877325892448425
Lr: 8.759841449531467e-06, Accum Loss: 0.34768784046173096
Lr: 8.759113345824333e-06, Accum Loss: 0.2975929081439972
Lr: 8.758385098990992e-06, Accum Loss: 0.3261662870645523
Lr: 8.757656709114227e-06, Accum Loss: 0.284873366355896
Lr: 8.756928176276839e-06, Accum Loss: 0.3414466977119446
Lr: 8.756199500561637e-06, Accum Loss: 0.3166210502386093
Lr: 8.755470682051453e-06, Accum Loss: 0.3214740753173828
Lr: 8.754741720829134e-06, Accum Loss: 0.380815714597702
Lr: 8.754012616977542e-06, Accum Loss: 0.35875633358955383
Lr: 8.753283370579557e-06, Accum Loss: 0.2907171994447708
Lr: 8.752553981718074e-06, Accum Loss: 0.28558477759361267
Lr: 8.751824450476001e-06, Accum Loss: 0.3404671847820282
Lr: 8.751094776936268e-06, Accum Loss: 0.37336844205856323
Lr: 8.75036496118182e-06, Accum Loss: 0.3321616053581238
Lr: 8.749635003295615e-06, Accum Loss: 0.31002503633499146
Lr: 8.748904903360628e-06, Accum Loss: 0.28917132318019867
Lr: 8.748174661459852e-06, Accum Loss: 0.3075968027114868
Lr: 8.747444277676296e-06, Accum Loss: 0.2812792956829071
Lr: 8.746713752092984e-06, Accum Loss: 0.35228627920150757
Lr: 8.745983084792957e-06, Accum Loss: 0.31548771262168884
Lr: 8.74525227585927e-06, Accum Loss: 0.3348424732685089
Lr: 8.744521325374996e-06, Accum Loss: 0.33967792987823486
Lr: 8.743790233423226e-06, Accum Loss: 0.3263210505247116
Lr: 8.743059000087062e-06, Accum Loss: 0.28408364951610565
Lr: 8.742327625449626e-06, Accum Loss: 0.3003618121147156
Lr: 8.741596109594056e-06, Accum Loss: 0.2860425114631653
Lr: 8.740864452603501e-06, Accum Loss: 0.3811010420322418
Lr: 8.740132654561134e-06, Accum Loss: 0.2625083923339844
Lr: 8.739400715550144e-06, Accum Loss: 0.32997286319732666
Lr: 8.738668635653723e-06, Accum Loss: 0.2913699448108673
Lr: 8.737936414955091e-06, Accum Loss: 0.2875775396823883
Lr: 8.737204053537486e-06, Accum Loss: 0.28186948597431183
Lr: 8.736471551484152e-06, Accum Loss: 0.3027227222919464
Lr: 8.735738908878356e-06, Accum Loss: 0.2970069646835327
Lr: 8.73500612580338e-06, Accum Loss: 0.2513687014579773
Lr: 8.73427320234252e-06, Accum Loss: 0.35215869545936584
Lr: 8.733540138579088e-06, Accum Loss: 0.3877861797809601
Lr: 8.732806934596415e-06, Accum Loss: 0.3412140905857086
Lr: 8.732073590477845e-06, Accum Loss: 0.2512778341770172
Lr: 8.731340106306738e-06, Accum Loss: 0.30611807107925415
Lr: 8.730606482166472e-06, Accum Loss: 0.3261245787143707
Lr: 8.729872718140441e-06, Accum Loss: 0.33970147371292114
Lr: 8.729138814312049e-06, Accum Loss: 0.3422408699989319
Lr: 8.728404770764725e-06, Accum Loss: 0.40134042501449585
Lr: 8.727670587581908e-06, Accum Loss: 0.3126199245452881
Lr: 8.726936264847053e-06, Accum Loss: 0.34915149211883545
Lr: 8.726201802643634e-06, Accum Loss: 0.3136609196662903
Lr: 8.725467201055138e-06, Accum Loss: 0.3108396530151367
Lr: 8.724732460165067e-06, Accum Loss: 0.35844534635543823
Lr: 8.723997580056944e-06, Accum Loss: 0.33153584599494934
Lr: 8.723262560814305e-06, Accum Loss: 0.3534832298755646
Lr: 8.722527402520696e-06, Accum Loss: 0.3016496002674103
Lr: 8.721792105259686e-06, Accum Loss: 0.31686410307884216
Lr: 8.721056669114862e-06, Accum Loss: 0.3217211067676544
Lr: 8.720321094169819e-06, Accum Loss: 0.30437833070755005
Lr: 8.719585380508172e-06, Accum Loss: 0.26821351051330566
Lr: 8.718849528213552e-06, Accum Loss: 0.3275405466556549
Lr: 8.718113537369604e-06, Accum Loss: 0.34946244955062866
Lr: 8.717377408059989e-06, Accum Loss: 0.287946492433548
Lr: 8.716641140368387e-06, Accum Loss: 0.3464946150779724
Lr: 8.715904734378488e-06, Accum Loss: 0.3054884672164917
Lr: 8.715168190174004e-06, Accum Loss: 0.282035768032074
Lr: 8.714431507838658e-06, Accum Loss: 0.3072507679462433
Lr: 8.71369468745619e-06, Accum Loss: 0.3068070411682129
Lr: 8.712957729110357e-06, Accum Loss: 0.3259317874908447
Lr: 8.712220632884931e-06, Accum Loss: 0.3064457178115845
Lr: 8.711483398863698e-06, Accum Loss: 0.3357880413532257
Lr: 8.71074602713046e-06, Accum Loss: 0.32572266459465027
Lr: 8.710008517769038e-06, Accum Loss: 0.29647405445575714
Lr: 8.709270870863268e-06, Accum Loss: 0.30631396174430847
Lr: 8.708533086496994e-06, Accum Loss: 0.2660802900791168
Lr: 8.707795164754088e-06, Accum Loss: 0.3419401943683624
Lr: 8.707057105718427e-06, Accum Loss: 0.2538956105709076
Lr: 8.70631890947391e-06, Accum Loss: 0.302977055311203
Lr: 8.705580576104447e-06, Accum Loss: 0.34098123013973236
Lr: 8.704842105693969e-06, Accum Loss: 0.3271395266056061
Lr: 8.704103498326415e-06, Accum Loss: 0.3479245603084564
Lr: 8.703364754085752e-06, Accum Loss: 0.32532235980033875
Lr: 8.702625873055948e-06, Accum Loss: 0.25536590814590454
Lr: 8.701886855320994e-06, Accum Loss: 0.2711113840341568
Lr: 8.701147700964898e-06, Accum Loss: 0.3050370514392853
Lr: 8.70040841007168e-06, Accum Loss: 0.2734539955854416
Lr: 8.699668982725377e-06, Accum Loss: 0.350572794675827
Lr: 8.698929419010042e-06, Accum Loss: 0.26186513900756836
Lr: 8.698189719009742e-06, Accum Loss: 0.26412513852119446
Lr: 8.697449882808561e-06, Accum Loss: 0.2686000168323517
Lr: 8.696709910490596e-06, Accum Loss: 0.2876755893230438
Lr: 8.695969802139965e-06, Accum Loss: 0.30513519048690796
Lr: 8.695229557840795e-06, Accum Loss: 0.29060983657836914
Lr: 8.69448917767723e-06, Accum Loss: 0.28377795219421387
Lr: 8.693748661733434e-06, Accum Loss: 0.33541980385780334
Lr: 8.693008010093582e-06, Accum Loss: 0.30303239822387695
Lr: 8.692267222841862e-06, Accum Loss: 0.2861722409725189
Lr: 8.691526300062486e-06, Accum Loss: 0.3262397348880768
Lr: 8.690785241839676e-06, Accum Loss: 0.23042890429496765
Lr: 8.690044048257664e-06, Accum Loss: 0.340027391910553
Lr: 8.68930271940071e-06, Accum Loss: 0.2639782726764679
Lr: 8.68856125535308e-06, Accum Loss: 0.3014509975910187
Lr: 8.687819656199056e-06, Accum Loss: 0.31997987627983093
Lr: 8.687077922022938e-06, Accum Loss: 0.2986757755279541
Lr: 8.686336052909043e-06, Accum Loss: 0.2719659209251404
Lr: 8.685594048941698e-06, Accum Loss: 0.3748098313808441
Lr: 8.68485191020525e-06, Accum Loss: 0.38397690653800964
Lr: 8.684109636784059e-06, Accum Loss: 0.33477073907852173
Lr: 8.6833672287625e-06, Accum Loss: 0.3382330536842346
Lr: 8.682624686224965e-06, Accum Loss: 0.330508291721344
Lr: 8.681882009255863e-06, Accum Loss: 0.2925480902194977
Lr: 8.68113919793961e-06, Accum Loss: 0.30548563599586487
Lr: 8.680396252360647e-06, Accum Loss: 0.2830446660518646
Lr: 8.679653172603426e-06, Accum Loss: 0.3316788971424103
Lr: 8.678909958752413e-06, Accum Loss: 0.2799873650074005
Lr: 8.678166610892093e-06, Accum Loss: 0.3393193185329437
Lr: 8.677423129106963e-06, Accum Loss: 0.28910332918167114
Lr: 8.676679513481534e-06, Accum Loss: 0.3300339877605438
Lr: 8.675935764100338e-06, Accum Loss: 0.2714781165122986
Lr: 8.675191881047917e-06, Accum Loss: 0.35640794038772583
Lr: 8.674447864408828e-06, Accum Loss: 0.2930954098701477
Lr: 8.673703714267649e-06, Accum Loss: 0.29104045033454895
Lr: 8.672959430708967e-06, Accum Loss: 0.3188945949077606
Lr: 8.672215013817385e-06, Accum Loss: 0.2791440635919571
Lr: 8.671470463677526e-06, Accum Loss: 0.3040032386779785
Lr: 8.670725780374022e-06, Accum Loss: 0.34630081057548523
Lr: 8.669980963991521e-06, Accum Loss: 0.32450444996356964
Lr: 8.669236014614693e-06, Accum Loss: 0.32819080352783203
Lr: 8.668490932328214e-06, Accum Loss: 0.2589479088783264
Lr: 8.667745717216781e-06, Accum Loss: 0.26853325963020325
Lr: 8.667000369365105e-06, Accum Loss: 0.27662351727485657
Lr: 8.666254888857909e-06, Accum Loss: 0.3473944365978241
Lr: 8.665509275779935e-06, Accum Loss: 0.3688393235206604
Lr: 8.664763530215938e-06, Accum Loss: 0.2541685104370117
Lr: 8.664017652250688e-06, Accum Loss: 0.29233676195144653
Lr: 8.66327164196897e-06, Accum Loss: 0.20746317505836487
Lr: 8.66252549945559e-06, Accum Loss: 0.3834754228591919
Lr: 8.661779224795356e-06, Accum Loss: 0.27002882957458496
Lr: 8.661032818073104e-06, Accum Loss: 0.2762768566608429
Lr: 8.660286279373676e-06, Accum Loss: 0.361223429441452
Lr: 8.659539608781936e-06, Accum Loss: 0.29826442897319794
Lr: 8.65879280638276e-06, Accum Loss: 0.2746696174144745
Lr: 8.658045872261035e-06, Accum Loss: 0.3338775187730789
Lr: 8.657298806501669e-06, Accum Loss: 0.2866353392601013
Lr: 8.656551609189582e-06, Accum Loss: 0.3013053834438324
Lr: 8.65580428040971e-06, Accum Loss: 0.3065180778503418
Lr: 8.655056820247005e-06, Accum Loss: 0.2665182054042816
Lr: 8.654309228786429e-06, Accum Loss: 0.29592230916023254
Lr: 8.653561506112965e-06, Accum Loss: 0.34780532121658325
Lr: 8.652813652311608e-06, Accum Loss: 0.31965699791908264
Lr: 8.652065667467365e-06, Accum Loss: 0.2781563699245453
Lr: 8.651317551665267e-06, Accum Loss: 0.3223816752433777
Lr: 8.65056930499035e-06, Accum Loss: 0.26983702182769775
Lr: 8.64982092752767e-06, Accum Loss: 0.2919640839099884
Lr: 8.649072419362294e-06, Accum Loss: 0.297561377286911
Lr: 8.648323780579312e-06, Accum Loss: 0.2410368025302887
Lr: 8.647575011263819e-06, Accum Loss: 0.3318061828613281
Lr: 8.64682611150093e-06, Accum Loss: 0.3593987822532654
Lr: 8.646077081375775e-06, Accum Loss: 0.277316153049469
Lr: 8.6453279209735e-06, Accum Loss: 0.2738761752843857
Lr: 8.644578630379258e-06, Accum Loss: 0.3124280869960785
Lr: 8.643829209678228e-06, Accum Loss: 0.2783390283584595
Lr: 8.643079658955596e-06, Accum Loss: 0.27546000480651855
Lr: 8.642329978296567e-06, Accum Loss: 0.3198566436767578
Lr: 8.641580167786355e-06, Accum Loss: 0.3694818913936615
Lr: 8.640830227510196e-06, Accum Loss: 0.303494393825531
Lr: 8.640080157553333e-06, Accum Loss: 0.30699974298477173
Lr: 8.639329958001034e-06, Accum Loss: 0.3177441954612732
Lr: 8.638579628938573e-06, Accum Loss: 0.30545055866241455
Lr: 8.637829170451242e-06, Accum Loss: 0.2887443006038666
Lr: 8.637078582624347e-06, Accum Loss: 0.3246331512928009
Lr: 8.636327865543209e-06, Accum Loss: 0.3420877754688263
Lr: 8.635577019293162e-06, Accum Loss: 0.3121435046195984
Lr: 8.63482604395956e-06, Accum Loss: 0.36976805329322815
Lr: 8.634074939627765e-06, Accum Loss: 0.2901819050312042
Lr: 8.633323706383159e-06, Accum Loss: 0.24965839087963104
Lr: 8.632572344311134e-06, Accum Loss: 0.33929598331451416
Lr: 8.6318208534971e-06, Accum Loss: 0.32318946719169617
Lr: 8.63106923402648e-06, Accum Loss: 0.29734253883361816
Lr: 8.630317485984714e-06, Accum Loss: 0.30341947078704834
Lr: 8.629565609457255e-06, Accum Loss: 0.3569982647895813
Lr: 8.628813604529568e-06, Accum Loss: 0.3756169080734253
Lr: 8.628061471287136e-06, Accum Loss: 0.3077578842639923
Lr: 8.627309209815457e-06, Accum Loss: 0.3057568669319153
Lr: 8.62655682020004e-06, Accum Loss: 0.32957300543785095
Lr: 8.625804302526412e-06, Accum Loss: 0.3421003818511963
Lr: 8.625051656880114e-06, Accum Loss: 0.32151108980178833
Lr: 8.6242988833467e-06, Accum Loss: 0.2817866802215576
Lr: 8.623545982011741e-06, Accum Loss: 0.30463042855262756
Lr: 8.62279295296082e-06, Accum Loss: 0.24534004926681519
Lr: 8.622039796279534e-06, Accum Loss: 0.328186571598053
Lr: 8.621286512053497e-06, Accum Loss: 0.3263232111930847
Lr: 8.620533100368336e-06, Accum Loss: 0.2878570854663849
Lr: 8.619779561309695e-06, Accum Loss: 0.2840346246957779
Lr: 8.61902589496323e-06, Accum Loss: 0.34641993045806885
Lr: 8.61827210141461e-06, Accum Loss: 0.3110908269882202
Lr: 8.61751818074952e-06, Accum Loss: 0.33755192160606384
Lr: 8.616764133053662e-06, Accum Loss: 0.31948351860046387
Lr: 8.61600995841275e-06, Accum Loss: 0.3334985077381134
Lr: 8.615255656912512e-06, Accum Loss: 0.31076332926750183
Lr: 8.61450122863869e-06, Accum Loss: 0.28587594628334045
Lr: 8.613746673677044e-06, Accum Loss: 0.29848670959472656
Lr: 8.612991992113346e-06, Accum Loss: 0.2916443198919296
Lr: 8.61223718403338e-06, Accum Loss: 0.29874974489212036
Lr: 8.611482249522948e-06, Accum Loss: 0.30116087198257446
Lr: 8.610727188667866e-06, Accum Loss: 0.3080005943775177
Lr: 8.60997200155396e-06, Accum Loss: 0.24227699637413025
Lr: 8.609216688267076e-06, Accum Loss: 0.23191002011299133
Lr: 8.608461248893075e-06, Accum Loss: 0.3013111799955368
Lr: 8.607705683517825e-06, Accum Loss: 0.3235305845737457
Lr: 8.606949992227215e-06, Accum Loss: 0.2468717098236084
Lr: 8.606194175107146e-06, Accum Loss: 0.33685797452926636
Lr: 8.605438232243532e-06, Accum Loss: 0.2884702682495117
Lr: 8.604682163722304e-06, Accum Loss: 0.3055195063352585
Lr: 8.603925969629405e-06, Accum Loss: 0.29805657267570496
Lr: 8.603169650050796e-06, Accum Loss: 0.35010284185409546
Lr: 8.602413205072446e-06, Accum Loss: 0.3057243973016739
Lr: 8.601656634780344e-06, Accum Loss: 0.36587202548980713
Lr: 8.60089993926049e-06, Accum Loss: 0.37287822365760803
Lr: 8.6001431185989e-06, Accum Loss: 0.3137653023004532
Lr: 8.599386172881602e-06, Accum Loss: 0.31637002527713776
Lr: 8.598629102194642e-06, Accum Loss: 0.3359144330024719
Lr: 8.597871906624077e-06, Accum Loss: 0.32432764768600464
Lr: 8.597114586255978e-06, Accum Loss: 0.3403860330581665
Lr: 8.596357141176432e-06, Accum Loss: 0.2922421991825104
Lr: 8.595599571471539e-06, Accum Loss: 0.2752799689769745
Lr: 8.594841877227415e-06, Accum Loss: 0.3299049735069275
Lr: 8.594084058530188e-06, Accum Loss: 0.32705599069595337
Lr: 8.593326115465999e-06, Accum Loss: 0.3593449890613556
Lr: 8.59256804812101e-06, Accum Loss: 0.2949645221233368
Lr: 8.591809856581386e-06, Accum Loss: 0.3146093785762787
Lr: 8.591051540933317e-06, Accum Loss: 0.27076733112335205
Lr: 8.590293101263001e-06, Accum Loss: 0.3158571720123291
Lr: 8.589534537656651e-06, Accum Loss: 0.27637769281864166
Lr: 8.588775850200494e-06, Accum Loss: 0.287666991353035
Lr: 8.588017038980774e-06, Accum Loss: 0.28273504972457886
Lr: 8.587258104083746e-06, Accum Loss: 0.26696792244911194
Lr: 8.586499045595676e-06, Accum Loss: 0.2826356887817383
Lr: 8.585739863602855e-06, Accum Loss: 0.3169896602630615
Lr: 8.584980558191575e-06, Accum Loss: 0.39455272257328033
Lr: 8.58422112944815e-06, Accum Loss: 0.29096728563308716
Lr: 8.583461577458906e-06, Accum Loss: 0.31193938851356506
Lr: 8.582701902310183e-06, Accum Loss: 0.2867392897605896
Lr: 8.581942104088335e-06, Accum Loss: 0.3801797330379486
Lr: 8.581182182879728e-06, Accum Loss: 0.3216768205165863
Lr: 8.58042213877075e-06, Accum Loss: 0.31080469489097595
Lr: 8.579661971847787e-06, Accum Loss: 0.31623566150665283
Lr: 8.578901682197259e-06, Accum Loss: 0.22643642127513885
Lr: 8.578141269905582e-06, Accum Loss: 0.301967516541481
Lr: 8.577380735059199e-06, Accum Loss: 0.3826180398464203
Lr: 8.576620077744558e-06, Accum Loss: 0.3587404489517212
Lr: 8.575859298048127e-06, Accum Loss: 0.2654120922088623
Lr: 8.575098396056385e-06, Accum Loss: 0.33216771483421326
Lr: 8.574337371855826e-06, Accum Loss: 0.2897999584674835
Lr: 8.573576225532956e-06, Accum Loss: 0.3526291251182556
Lr: 8.572814957174295e-06, Accum Loss: 0.3329239934682846
Lr: 8.572053566866382e-06, Accum Loss: 0.3297971934080124
Lr: 8.571292054695762e-06, Accum Loss: 0.29308584332466125
Lr: 8.570530420749e-06, Accum Loss: 0.3018958270549774
Lr: 8.569768665112672e-06, Accum Loss: 0.33429428935050964
Lr: 8.56900678787337e-06, Accum Loss: 0.30601318180561066
Lr: 8.568244789117694e-06, Accum Loss: 0.37157967686653137
Lr: 8.567482668932266e-06, Accum Loss: 0.31609445810317993
Lr: 8.566720427403718e-06, Accum Loss: 0.33821743726730347
Lr: 8.565958064618692e-06, Accum Loss: 0.3269016146659851
Lr: 8.565195580663852e-06, Accum Loss: 0.32058343291282654
Lr: 8.564432975625869e-06, Accum Loss: 0.330994576215744
Lr: 8.56367024959143e-06, Accum Loss: 0.28366559743881226
Lr: 8.562907402647235e-06, Accum Loss: 0.24413278698921204
Lr: 8.562144434880001e-06, Accum Loss: 0.30555595457553864
Lr: 8.561381346376453e-06, Accum Loss: 0.30512380599975586
Lr: 8.560618137223335e-06, Accum Loss: 0.2837910056114197
Lr: 8.559854807507403e-06, Accum Loss: 0.35209354758262634
Lr: 8.559091357315427e-06, Accum Loss: 0.29655393958091736
Lr: 8.558327786734186e-06, Accum Loss: 0.2854272723197937
Lr: 8.557564095850481e-06, Accum Loss: 0.34713584184646606
Lr: 8.55680028475112e-06, Accum Loss: 0.28146570920944214
Lr: 8.556036353522928e-06, Accum Loss: 0.3071027994155884
Lr: 8.555272302252744e-06, Accum Loss: 0.2705642879009247
Lr: 8.554508131027418e-06, Accum Loss: 0.2759210467338562
Lr: 8.553743839933815e-06, Accum Loss: 0.33210834860801697
Lr: 8.552979429058814e-06, Accum Loss: 0.43307989835739136
Lr: 8.552214898489307e-06, Accum Loss: 0.34752577543258667
Lr: 8.551450248312199e-06, Accum Loss: 0.30154505372047424
Lr: 8.550685478614413e-06, Accum Loss: 0.437253475189209
Lr: 8.549920589482878e-06, Accum Loss: 0.30470940470695496
Lr: 8.549155581004543e-06, Accum Loss: 0.3280705064535141
Lr: 8.548390453266367e-06, Accum Loss: 0.31583184003829956
Lr: 8.547625206355325e-06, Accum Loss: 0.30771079659461975
Lr: 8.546859840358401e-06, Accum Loss: 0.329694926738739
Lr: 8.5460943553626e-06, Accum Loss: 0.31179681420326233
Lr: 8.545328751454936e-06, Accum Loss: 0.3023267090320587
Lr: 8.544563028722435e-06, Accum Loss: 0.2920840084552765
Lr: 8.543797187252138e-06, Accum Loss: 0.3184579610824585
Lr: 8.543031227131103e-06, Accum Loss: 0.3040765970945358
Lr: 8.542265148446395e-06, Accum Loss: 0.306658536195755
Lr: 8.541498951285097e-06, Accum Loss: 0.33593031764030457
Lr: 8.540732635734306e-06, Accum Loss: 0.281732976436615
Lr: 8.539966201881128e-06, Accum Loss: 0.3497527837753296
Lr: 8.539199649812686e-06, Accum Loss: 0.3665963411331177
Lr: 8.538432979616118e-06, Accum Loss: 0.29592055082321167
Lr: 8.537666191378568e-06, Accum Loss: 0.27189692854881287
Lr: 8.536899285187205e-06, Accum Loss: 0.310061514377594
Lr: 8.536132261129203e-06, Accum Loss: 0.2815124988555908
Lr: 8.535365119291747e-06, Accum Loss: 0.363201841711998
Lr: 8.534597859762043e-06, Accum Loss: 0.27762430906295776
Lr: 8.53383048262731e-06, Accum Loss: 0.2605881690979004
Lr: 8.533062987974772e-06, Accum Loss: 0.3174591064453125
Lr: 8.532295375891673e-06, Accum Loss: 0.288876473903656
Lr: 8.531527646465273e-06, Accum Loss: 0.31459540128707886
Lr: 8.530759799782838e-06, Accum Loss: 0.3037458062171936
Lr: 8.52999183593165e-06, Accum Loss: 0.29168133437633514
Lr: 8.529223754999008e-06, Accum Loss: 0.3443724811077118
Lr: 8.528455557072222e-06, Accum Loss: 0.34261083602905273
Lr: 8.527687242238612e-06, Accum Loss: 0.26233385503292084
Lr: 8.526918810585513e-06, Accum Loss: 0.26029589772224426
Lr: 8.52615026220028e-06, Accum Loss: 0.3138980567455292
Lr: 8.525381597170269e-06, Accum Loss: 0.27707068622112274
Lr: 8.52461281558286e-06, Accum Loss: 0.2698775678873062
Lr: 8.523843917525444e-06, Accum Loss: 0.37814314663410187
Lr: 8.523074903085416e-06, Accum Loss: 0.2662479132413864
Lr: 8.522305772350198e-06, Accum Loss: 0.30783534049987793
Lr: 8.521536525407217e-06, Accum Loss: 0.3170357197523117
Lr: 8.520767162343913e-06, Accum Loss: 0.24728475511074066
Lr: 8.519997683247744e-06, Accum Loss: 0.2730414867401123
Lr: 8.519228088206179e-06, Accum Loss: 0.2643379271030426
Lr: 8.518458377306694e-06, Accum Loss: 0.24641747772693634
Lr: 8.517688550636792e-06, Accum Loss: 0.3695889115333557
Lr: 8.516918608283974e-06, Accum Loss: 0.27314430475234985
Lr: 8.516148550335764e-06, Accum Loss: 0.26691828668117523
Lr: 8.515378376879696e-06, Accum Loss: 0.2908294200897217
Lr: 8.514608088003318e-06, Accum Loss: 0.32984215021133423
Lr: 8.513837683794188e-06, Accum Loss: 0.2796419560909271
Lr: 8.513067164339882e-06, Accum Loss: 0.4108707308769226
Lr: 8.512296529727985e-06, Accum Loss: 0.2847311496734619
Lr: 8.511525780046099e-06, Accum Loss: 0.34499263763427734
Lr: 8.510754915381834e-06, Accum Loss: 0.22449326515197754
Lr: 8.509983935822819e-06, Accum Loss: 0.3520422875881195
Lr: 8.50921284145669e-06, Accum Loss: 0.31848520040512085
Lr: 8.508441632371099e-06, Accum Loss: 0.3401571214199066
Lr: 8.507670308653715e-06, Accum Loss: 0.3280462324619293
Lr: 8.506898870392211e-06, Accum Loss: 0.333685040473938
Lr: 8.506127317674281e-06, Accum Loss: 0.3148723244667053
Lr: 8.50535565058763e-06, Accum Loss: 0.27625083923339844
Lr: 8.504583869219972e-06, Accum Loss: 0.2939084321260452
Lr: 8.503811973659038e-06, Accum Loss: 0.2560321241617203
Lr: 8.503039963992574e-06, Accum Loss: 0.35403454303741455
Lr: 8.502267840308334e-06, Accum Loss: 0.30794230103492737
Lr: 8.501495602694086e-06, Accum Loss: 0.28954407572746277
Lr: 8.500723251237613e-06, Accum Loss: 0.2891255021095276
Lr: 8.499950786026709e-06, Accum Loss: 0.2745857536792755
Lr: 8.499178207149183e-06, Accum Loss: 0.32918018102645874
Lr: 8.498405514692855e-06, Accum Loss: 0.37858909368515015
Lr: 8.497632708745561e-06, Accum Loss: 0.3369304835796356
Lr: 8.496859789395143e-06, Accum Loss: 0.27386361360549927
Lr: 8.496086756729465e-06, Accum Loss: 0.27989527583122253
Lr: 8.495313610836396e-06, Accum Loss: 0.3577938377857208
Lr: 8.494540351803823e-06, Accum Loss: 0.28245809674263
Lr: 8.493766979719642e-06, Accum Loss: 0.35383233428001404
Lr: 8.492993494671768e-06, Accum Loss: 0.3155193328857422
Lr: 8.492219896748121e-06, Accum Loss: 0.28480324149131775
Lr: 8.491446186036642e-06, Accum Loss: 0.25649330019950867
Lr: 8.490672362625274e-06, Accum Loss: 0.2971898317337036
Lr: 8.489898426601984e-06, Accum Loss: 0.23955148458480835
Lr: 8.489124378054744e-06, Accum Loss: 0.25744444131851196
Lr: 8.488350217071544e-06, Accum Loss: 0.2794990837574005
Lr: 8.487575943740384e-06, Accum Loss: 0.3293028175830841
Lr: 8.486801558149278e-06, Accum Loss: 0.24561810493469238
Lr: 8.486027060386251e-06, Accum Loss: 0.3729618489742279
Lr: 8.485252450539342e-06, Accum Loss: 0.32135269045829773
Lr: 8.484477728696604e-06, Accum Loss: 0.2811439335346222
Lr: 8.483702894946101e-06, Accum Loss: 0.4022228717803955
Lr: 8.482927949375907e-06, Accum Loss: 0.28238601982593536
Lr: 8.482152892074116e-06, Accum Loss: 0.31018686294555664
Lr: 8.481377723128827e-06, Accum Loss: 0.27554851770401
Lr: 8.48060244262816e-06, Accum Loss: 0.26703163981437683
Lr: 8.479827050660234e-06, Accum Loss: 0.27634432911872864
Lr: 8.479051547313201e-06, Accum Loss: 0.3514987826347351
Lr: 8.478275932675205e-06, Accum Loss: 0.2987727075815201
Lr: 8.477500206834415e-06, Accum Loss: 0.29971843957901
Lr: 8.476724369879012e-06, Accum Loss: 0.3327219784259796
Lr: 8.475948421897185e-06, Accum Loss: 0.31050312519073486
Lr: 8.475172362977135e-06, Accum Loss: 0.269870325922966
Lr: 8.474396193207084e-06, Accum Loss: 0.2930413484573364
Lr: 8.473619912675255e-06, Accum Loss: 0.2678709924221039
Lr: 8.472843521469893e-06, Accum Loss: 0.3061101883649826
Lr: 8.472067019679251e-06, Accum Loss: 0.31100016832351685
Lr: 8.471290407391598e-06, Accum Loss: 0.32730552554130554
Lr: 8.470513684695209e-06, Accum Loss: 0.31551700830459595
Lr: 8.46973685167838e-06, Accum Loss: 0.3030919134616852
Lr: 8.468959908429413e-06, Accum Loss: 0.335917204618454
Lr: 8.468182855036625e-06, Accum Loss: 0.3811231255531311
Lr: 8.467405691588346e-06, Accum Loss: 0.37212705612182617
Lr: 8.466628418172918e-06, Accum Loss: 0.2906743437051773
Lr: 8.465851034878695e-06, Accum Loss: 0.23367595672607422
Lr: 8.465073541794043e-06, Accum Loss: 0.2815358489751816
Lr: 8.464295939007343e-06, Accum Loss: 0.2802140861749649
Lr: 8.463518226606986e-06, Accum Loss: 0.2924420237541199
Lr: 8.462740404681377e-06, Accum Loss: 0.3405872732400894
Lr: 8.461962473318932e-06, Accum Loss: 0.28594082593917847
Lr: 8.461184432608077e-06, Accum Loss: 0.34645506739616394
Lr: 8.46040628263726e-06, Accum Loss: 0.2755218744277954
Lr: 8.459628023494931e-06, Accum Loss: 0.3268340826034546
Lr: 8.458849655269559e-06, Accum Loss: 0.31312769651412964
Lr: 8.458071178049619e-06, Accum Loss: 0.3153611421585083
Lr: 8.457292591923608e-06, Accum Loss: 0.2731470763683319
Lr: 8.456513896980022e-06, Accum Loss: 0.31942346692085266
Lr: 8.455735093307384e-06, Accum Loss: 0.30266767740249634
Lr: 8.454956180994218e-06, Accum Loss: 0.29456934332847595
Lr: 8.454177160129066e-06, Accum Loss: 0.2770582586526871
Lr: 8.45339803080048e-06, Accum Loss: 0.3463065028190613
Lr: 8.452618793097029e-06, Accum Loss: 0.3011808693408966
Lr: 8.451839447107286e-06, Accum Loss: 0.2991478145122528
Lr: 8.451059992919845e-06, Accum Loss: 0.30532844364643097
Lr: 8.450280430623305e-06, Accum Loss: 0.2608483135700226
Lr: 8.449500760306283e-06, Accum Loss: 0.34193816781044006
Lr: 8.448720982057403e-06, Accum Loss: 0.37065526843070984
Lr: 8.447941095965309e-06, Accum Loss: 0.3342452943325043
Lr: 8.447161102118647e-06, Accum Loss: 0.36018985509872437
Lr: 8.446381000606083e-06, Accum Loss: 0.26696527004241943
Lr: 8.445600791516295e-06, Accum Loss: 0.26309478282928467
Lr: 8.444820474937966e-06, Accum Loss: 0.32863786816596985
Lr: 8.444040050959801e-06, Accum Loss: 0.3038255274295807
Lr: 8.44325951967051e-06, Accum Loss: 0.3127861022949219
Lr: 8.44247888115882e-06, Accum Loss: 0.33369147777557373
Lr: 8.441698135513464e-06, Accum Loss: 0.30128729343414307
Lr: 8.440917282823195e-06, Accum Loss: 0.374479278922081
Lr: 8.440136323176774e-06, Accum Loss: 0.3660881072282791
Lr: 8.439355256662971e-06, Accum Loss: 0.3307238221168518
Lr: 8.438574083370574e-06, Accum Loss: 0.3271454721689224
Lr: 8.437792803388383e-06, Accum Loss: 0.2884826064109802
Lr: 8.437011416805202e-06, Accum Loss: 0.28949128091335297
Lr: 8.436229923709858e-06, Accum Loss: 0.28716418147087097
Lr: 8.435448324191183e-06, Accum Loss: 0.33012378215789795
Lr: 8.434666618338022e-06, Accum Loss: 0.3515183925628662
Lr: 8.433884806239236e-06, Accum Loss: 0.3364584594964981
Lr: 8.433102887983695e-06, Accum Loss: 0.32013049721717834
Lr: 8.432320863660277e-06, Accum Loss: 0.31005536019802094
Lr: 8.431538733357883e-06, Accum Loss: 0.2914508134126663
Lr: 8.430756497165416e-06, Accum Loss: 0.27557551860809326
Lr: 8.429974155171792e-06, Accum Loss: 0.27208244800567627
Lr: 8.429191707465947e-06, Accum Loss: 0.2509355694055557
Lr: 8.428409154136822e-06, Accum Loss: 0.30267664790153503
Lr: 8.427626495273368e-06, Accum Loss: 0.3454788029193878
Lr: 8.426843730964554e-06, Accum Loss: 0.336460143327713
Lr: 8.42606086129936e-06, Accum Loss: 0.299664705991745
Lr: 8.425277886366775e-06, Accum Loss: 0.296488881111145
Lr: 8.4244948062558e-06, Accum Loss: 0.3461003005504608
Lr: 8.423711621055452e-06, Accum Loss: 0.2823908030986786
Lr: 8.422928330854756e-06, Accum Loss: 0.3430803418159485
Lr: 8.42214493574275e-06, Accum Loss: 0.3404856026172638
Lr: 8.421361435808487e-06, Accum Loss: 0.3235217034816742
Lr: 8.420577831141028e-06, Accum Loss: 0.3258153796195984
Lr: 8.419794121829444e-06, Accum Loss: 0.2764350473880768
Lr: 8.419010307962825e-06, Accum Loss: 0.28718146681785583
Lr: 8.418226389630266e-06, Accum Loss: 0.2805262356996536
Lr: 8.417442366920878e-06, Accum Loss: 0.30281007289886475
Lr: 8.416658239923784e-06, Accum Loss: 0.2617538869380951
Lr: 8.415874008728115e-06, Accum Loss: 0.27210554480552673
Lr: 8.415089673423016e-06, Accum Loss: 0.33779090642929077
Lr: 8.414305234097647e-06, Accum Loss: 0.3265848457813263
Lr: 8.413520690841174e-06, Accum Loss: 0.3087017834186554
Lr: 8.41273604374278e-06, Accum Loss: 0.2919062376022339
Lr: 8.411951292891656e-06, Accum Loss: 0.32239770889282227
Lr: 8.411166438377008e-06, Accum Loss: 0.2891552448272705
Lr: 8.41038148028805e-06, Accum Loss: 0.36541032791137695
Lr: 8.409596418714014e-06, Accum Loss: 0.28647375106811523
Lr: 8.408811253744134e-06, Accum Loss: 0.2750503718852997
Lr: 8.408025985467663e-06, Accum Loss: 0.312058687210083
Lr: 8.407240613973869e-06, Accum Loss: 0.34550435841083527
Lr: 8.406455139352023e-06, Accum Loss: 0.2637072205543518
Lr: 8.405669561691408e-06, Accum Loss: 0.30063894391059875
Lr: 8.40488388108133e-06, Accum Loss: 0.2717045396566391
Lr: 8.404098097611095e-06, Accum Loss: 0.2846977263689041
Lr: 8.403312211370024e-06, Accum Loss: 0.2873142957687378
Lr: 8.402526222447453e-06, Accum Loss: 0.28916242718696594
Lr: 8.401740130932726e-06, Accum Loss: 0.26603665947914124
Lr: 8.400953936915196e-06, Accum Loss: 0.3327067494392395
Lr: 8.400167640484239e-06, Accum Loss: 0.3784770667552948
Lr: 8.399381241729228e-06, Accum Loss: 0.284557580947876
Lr: 8.398594740739558e-06, Accum Loss: 0.29993797838687897
Lr: 8.397808137604634e-06, Accum Loss: 0.30036160349845886
Lr: 8.397021432413867e-06, Accum Loss: 0.34526005387306213
Lr: 8.396234625256686e-06, Accum Loss: 0.28810086846351624
Lr: 8.395447716222528e-06, Accum Loss: 0.287438303232193
Lr: 8.394660705400846e-06, Accum Loss: 0.38399699330329895
Lr: 8.393873592881095e-06, Accum Loss: 0.3812367022037506
Lr: 8.393086378752752e-06, Accum Loss: 0.3918495774269104
Lr: 8.392299063105301e-06, Accum Loss: 0.31210458278656006
Lr: 8.391511646028237e-06, Accum Loss: 0.32004648447036743
Lr: 8.39072412761107e-06, Accum Loss: 0.32173626124858856
Lr: 8.389936507943315e-06, Accum Loss: 0.34765002131462097
Lr: 8.389148787114504e-06, Accum Loss: 0.32820434868335724
Lr: 8.38836096521418e-06, Accum Loss: 0.30167797207832336
Lr: 8.387573042331898e-06, Accum Loss: 0.27062082290649414
Lr: 8.386785018557218e-06, Accum Loss: 0.28770264983177185
Lr: 8.385996893979721e-06, Accum Loss: 0.30373716354370117
Lr: 8.385208668688992e-06, Accum Loss: 0.3597581684589386
Lr: 8.384420342774632e-06, Accum Loss: 0.30489593744277954
Lr: 8.38363191632625e-06, Accum Loss: 0.30929556488990784
Lr: 8.382843389433472e-06, Accum Loss: 0.3433935046195984
Lr: 8.382054762185926e-06, Accum Loss: 0.28130947053432465
Lr: 8.381266034673262e-06, Accum Loss: 0.32694268226623535
Lr: 8.380477206985134e-06, Accum Loss: 0.32962432503700256
Lr: 8.37968827921121e-06, Accum Loss: 0.2802567183971405
Lr: 8.378899251441167e-06, Accum Loss: 0.2839832305908203
Lr: 8.378110123764701e-06, Accum Loss: 0.27609071135520935
Lr: 8.377320896271511e-06, Accum Loss: 0.30572301149368286
Lr: 8.376531569051308e-06, Accum Loss: 0.27820469439029694
Lr: 8.37574214219382e-06, Accum Loss: 0.28735262155532837
Lr: 8.37495261578878e-06, Accum Loss: 0.2893601953983307
Lr: 8.374162989925938e-06, Accum Loss: 0.2761497497558594
Lr: 8.373373264695051e-06, Accum Loss: 0.3027804493904114
Lr: 8.37258344018589e-06, Accum Loss: 0.3004402220249176
Lr: 8.371793516488232e-06, Accum Loss: 0.37508144974708557
Lr: 8.371003493691876e-06, Accum Loss: 0.3405902087688446
Lr: 8.37021337188662e-06, Accum Loss: 0.3253803849220276
Lr: 8.36942315116228e-06, Accum Loss: 0.3144840896129608
Lr: 8.368632831608685e-06, Accum Loss: 0.3121069371700287
Lr: 8.36784241331567e-06, Accum Loss: 0.30721399188041687
Lr: 8.367051896373085e-06, Accum Loss: 0.28871044516563416
Lr: 8.366261280870789e-06, Accum Loss: 0.2943168878555298
Lr: 8.365470566898653e-06, Accum Loss: 0.3121853172779083
Lr: 8.364679754546559e-06, Accum Loss: 0.3300051689147949
Lr: 8.363888843904399e-06, Accum Loss: 0.3567814230918884
Lr: 8.363097835062081e-06, Accum Loss: 0.33177003264427185
Lr: 8.362306728109517e-06, Accum Loss: 0.3400493860244751
Lr: 8.361515523136637e-06, Accum Loss: 0.32970547676086426
Lr: 8.36072422023338e-06, Accum Loss: 0.2730582058429718
Lr: 8.35993281948969e-06, Accum Loss: 0.28253379464149475
Lr: 8.35914132099553e-06, Accum Loss: 0.3269507735967636
Lr: 8.358349724840874e-06, Accum Loss: 0.2674148380756378
Lr: 8.357558031115699e-06, Accum Loss: 0.2912233769893646
Lr: 8.356766239910003e-06, Accum Loss: 0.2801366448402405
Lr: 8.355974351313791e-06, Accum Loss: 0.3628951907157898
Lr: 8.355182365417076e-06, Accum Loss: 0.3234991431236267
Lr: 8.354390282309885e-06, Accum Loss: 0.3294847011566162
Lr: 8.353598102082258e-06, Accum Loss: 0.31730008125305176
Lr: 8.35280582482424e-06, Accum Loss: 0.31800374388694763
Lr: 8.352013450625896e-06, Accum Loss: 0.26123639941215515
Lr: 8.351220979577293e-06, Accum Loss: 0.33283305168151855
Lr: 8.350428411768517e-06, Accum Loss: 0.3362905979156494
Lr: 8.349635747289655e-06, Accum Loss: 0.32632699608802795
Lr: 8.348842986230817e-06, Accum Loss: 0.29418501257896423
Lr: 8.348050128682113e-06, Accum Loss: 0.29983216524124146
Lr: 8.347257174733672e-06, Accum Loss: 0.3219853341579437
Lr: 8.34646412447563e-06, Accum Loss: 0.3707306981086731
Lr: 8.345670977998136e-06, Accum Loss: 0.2537502944469452
Lr: 8.344877735391344e-06, Accum Loss: 0.2675665020942688
Lr: 8.34408439674543e-06, Accum Loss: 0.28442269563674927
Lr: 8.34329096215057e-06, Accum Loss: 0.28292757272720337
Lr: 8.342497431696957e-06, Accum Loss: 0.2817370891571045
Lr: 8.341703805474794e-06, Accum Loss: 0.3195306062698364
Lr: 8.340910083574295e-06, Accum Loss: 0.30600298941135406
Lr: 8.34011626608568e-06, Accum Loss: 0.31905895471572876
Lr: 8.33932235309919e-06, Accum Loss: 0.324339359998703
Lr: 8.338528344705065e-06, Accum Loss: 0.30507150292396545
Lr: 8.337734240993563e-06, Accum Loss: 0.3595750033855438
Lr: 8.336940042054956e-06, Accum Loss: 0.3055977523326874
Lr: 8.336145747979518e-06, Accum Loss: 0.2644495368003845
Lr: 8.335351358857538e-06, Accum Loss: 0.2954472601413727
Lr: 8.33455687477932e-06, Accum Loss: 0.2965974509716034
Lr: 8.333762295835172e-06, Accum Loss: 0.2773500382900238
Lr: 8.332967622115414e-06, Accum Loss: 0.31076669692993164
Lr: 8.33217285371038e-06, Accum Loss: 0.27755284309387207
Lr: 8.331377990710415e-06, Accum Loss: 0.3360261917114258
Lr: 8.330583033205868e-06, Accum Loss: 0.2647685408592224
Lr: 8.329787981287108e-06, Accum Loss: 0.2539087235927582
Lr: 8.32899283504451e-06, Accum Loss: 0.30163463950157166
Lr: 8.328197594568456e-06, Accum Loss: 0.3079911768436432
Lr: 8.327402259949348e-06, Accum Loss: 0.33522164821624756
Lr: 8.326606831277591e-06, Accum Loss: 0.3335511088371277
Lr: 8.325811308643601e-06, Accum Loss: 0.2914021909236908
Lr: 8.325015692137811e-06, Accum Loss: 0.28154852986335754
Lr: 8.324219981850658e-06, Accum Loss: 0.34465594589710236
Lr: 8.323424177872594e-06, Accum Loss: 0.339358925819397
Lr: 8.322628280294075e-06, Accum Loss: 0.33454665541648865
Lr: 8.32183228920558e-06, Accum Loss: 0.3581532835960388
Lr: 8.321036204697583e-06, Accum Loss: 0.297091543674469
Lr: 8.320240026860582e-06, Accum Loss: 0.2908848822116852
Lr: 8.319443755785081e-06, Accum Loss: 0.33739641308784485
Lr: 8.31864739156159e-06, Accum Loss: 0.30712221562862396
Lr: 8.317850934280634e-06, Accum Loss: 0.27452352643013
Lr: 8.317054384032752e-06, Accum Loss: 0.30504967272281647
Lr: 8.316257740908487e-06, Accum Loss: 0.26178666949272156
Lr: 8.315461004998392e-06, Accum Loss: 0.33170852065086365
Lr: 8.314664176393041e-06, Accum Loss: 0.4054638743400574
Lr: 8.313867255183005e-06, Accum Loss: 0.2760468125343323
Lr: 8.313070241458874e-06, Accum Loss: 0.32509955763816833
Lr: 8.312273135311248e-06, Accum Loss: 0.30544066429138184
Lr: 8.311475936830733e-06, Accum Loss: 0.30902034044265747
Lr: 8.310678646107948e-06, Accum Loss: 0.32043370604515076
Lr: 8.309881263233526e-06, Accum Loss: 0.35414978861808777
Lr: 8.309083788298105e-06, Accum Loss: 0.314665287733078
Lr: 8.308286221392337e-06, Accum Loss: 0.35370051860809326
Lr: 8.307488562606882e-06, Accum Loss: 0.3571840077638626
Lr: 8.306690812032413e-06, Accum Loss: 0.26305142045021057
Lr: 8.305892969759611e-06, Accum Loss: 0.28340208530426025
Lr: 8.305095035879166e-06, Accum Loss: 0.2869797945022583
Lr: 8.304297010481788e-06, Accum Loss: 0.3276243507862091
Lr: 8.303498893658185e-06, Accum Loss: 0.3381911814212799
Lr: 8.30270068549908e-06, Accum Loss: 0.3236430585384369
Lr: 8.301902386095208e-06, Accum Loss: 0.3174685537815094
Lr: 8.301103995537316e-06, Accum Loss: 0.29146963357925415
Lr: 8.300305513916156e-06, Accum Loss: 0.3031230866909027
Lr: 8.299506941322496e-06, Accum Loss: 0.3116205036640167
Lr: 8.298708277847108e-06, Accum Loss: 0.27803248167037964
Lr: 8.297909523580779e-06, Accum Loss: 0.26867249608039856
Lr: 8.297110678614308e-06, Accum Loss: 0.3225003778934479
Lr: 8.296311743038498e-06, Accum Loss: 0.320002019405365
Lr: 8.295512716944167e-06, Accum Loss: 0.3794780373573303
Lr: 8.294713600422141e-06, Accum Loss: 0.30104461312294006
Lr: 8.293914393563261e-06, Accum Loss: 0.3499791920185089
Lr: 8.29311509645837e-06, Accum Loss: 0.323246568441391
Lr: 8.29231570919833e-06, Accum Loss: 0.3626074492931366
Lr: 8.291516231874004e-06, Accum Loss: 0.32155585289001465
Lr: 8.290716664576276e-06, Accum Loss: 0.3053901791572571
Lr: 8.28991700739603e-06, Accum Loss: 0.33716344833374023
Lr: 8.289117260424167e-06, Accum Loss: 0.3373502194881439
Lr: 8.288317423751598e-06, Accum Loss: 0.32699811458587646
Lr: 8.287517497469238e-06, Accum Loss: 0.32809707522392273
Lr: 8.28671748166802e-06, Accum Loss: 0.3809031844139099
Lr: 8.285917376438878e-06, Accum Loss: 0.3139016330242157
Lr: 8.285117181872771e-06, Accum Loss: 0.3261739909648895
Lr: 8.28431689806065e-06, Accum Loss: 0.29952472448349
Lr: 8.28351652509349e-06, Accum Loss: 0.27712637186050415
Lr: 8.28271606306227e-06, Accum Loss: 0.28272536396980286
Lr: 8.28191551205798e-06, Accum Loss: 0.34278783202171326
Lr: 8.281114872171619e-06, Accum Loss: 0.3143734335899353
Lr: 8.2803141434942e-06, Accum Loss: 0.23851338028907776
Lr: 8.279513326116744e-06, Accum Loss: 0.27314911782741547
Lr: 8.278712420130279e-06, Accum Loss: 0.273619145154953
Lr: 8.277911425625847e-06, Accum Loss: 0.37313607335090637
Lr: 8.2771103426945e-06, Accum Loss: 0.2869555503129959
Lr: 8.276309171427295e-06, Accum Loss: 0.2867248058319092
Lr: 8.275507911915308e-06, Accum Loss: 0.275267630815506
Lr: 8.27470656424962e-06, Accum Loss: 0.26291337609291077
Lr: 8.273905128521315e-06, Accum Loss: 0.31699705123901367
Lr: 8.2731036048215e-06, Accum Loss: 0.420073926448822
Lr: 8.272301993241284e-06, Accum Loss: 0.35256174206733704
Lr: 8.27150029387179e-06, Accum Loss: 0.34525159001350403
Lr: 8.270698506804146e-06, Accum Loss: 0.3237796425819397
Lr: 8.269896632129495e-06, Accum Loss: 0.31945011019706726
Lr: 8.269094669938987e-06, Accum Loss: 0.3245185613632202
Lr: 8.268292620323784e-06, Accum Loss: 0.32343024015426636
Lr: 8.267490483375055e-06, Accum Loss: 0.29319849610328674
Lr: 8.266688259183981e-06, Accum Loss: 0.32574719190597534
Lr: 8.265885947841754e-06, Accum Loss: 0.36269986629486084
Lr: 8.265083549439573e-06, Accum Loss: 0.3164520561695099
Lr: 8.264281064068648e-06, Accum Loss: 0.3146473467350006
Lr: 8.263478491820202e-06, Accum Loss: 0.3037559241056442
Lr: 8.262675832785465e-06, Accum Loss: 0.30136969685554504
Lr: 8.261873087055672e-06, Accum Loss: 0.3206547200679779
Lr: 8.261070254722078e-06, Accum Loss: 0.3714470863342285
Lr: 8.26026733587594e-06, Accum Loss: 0.27889955043792725
Lr: 8.25946433060853e-06, Accum Loss: 0.3672420084476471
Lr: 8.258661239011127e-06, Accum Loss: 0.2788769006729126
Lr: 8.257858061175018e-06, Accum Loss: 0.3295488655567169
Lr: 8.257054797191503e-06, Accum Loss: 0.34630924463272095
Lr: 8.25625144715189e-06, Accum Loss: 0.31278663873672485
Lr: 8.255448011147501e-06, Accum Loss: 0.2987681031227112
Lr: 8.25464448926966e-06, Accum Loss: 0.27406638860702515
Lr: 8.253840881609708e-06, Accum Loss: 0.27636557817459106
Lr: 8.253037188258993e-06, Accum Loss: 0.3278524875640869
Lr: 8.25223340930887e-06, Accum Loss: 0.2579525411128998
Lr: 8.251429544850707e-06, Accum Loss: 0.3551626205444336
Lr: 8.250625594975885e-06, Accum Loss: 0.3253946304321289
Lr: 8.249821559775785e-06, Accum Loss: 0.3013721704483032
Lr: 8.249017439341809e-06, Accum Loss: 0.36576151847839355
Lr: 8.248213233765358e-06, Accum Loss: 0.29852718114852905
Lr: 8.247408943137851e-06, Accum Loss: 0.3309822380542755
Lr: 8.246604567550712e-06, Accum Loss: 0.3279889225959778
Lr: 8.245800107095378e-06, Accum Loss: 0.2909158766269684
Lr: 8.244995561863293e-06, Accum Loss: 0.29774078726768494
Lr: 8.244190931945909e-06, Accum Loss: 0.3393622487783432
Lr: 8.243386217434694e-06, Accum Loss: 0.22927910089492798
Lr: 8.24258141842112e-06, Accum Loss: 0.28875166177749634
Lr: 8.241776534996666e-06, Accum Loss: 0.32048553228378296
Lr: 8.240971567252834e-06, Accum Loss: 0.32670149207115173
Lr: 8.24016651528112e-06, Accum Loss: 0.2592979222536087
Lr: 8.239361379173036e-06, Accum Loss: 0.30523771047592163
Lr: 8.238556159020106e-06, Accum Loss: 0.3948651850223541
Lr: 8.237750854913861e-06, Accum Loss: 0.32573312520980835
Lr: 8.23694546694584e-06, Accum Loss: 0.2806413769721985
Lr: 8.236139995207594e-06, Accum Loss: 0.2809850126504898
Lr: 8.235334439790686e-06, Accum Loss: 0.3391723483800888
Lr: 8.234528800786678e-06, Accum Loss: 0.34650444984436035
Lr: 8.233723078287156e-06, Accum Loss: 0.31651638448238373
Lr: 8.232917272383704e-06, Accum Loss: 0.2956048846244812
Lr: 8.23211138316792e-06, Accum Loss: 0.3517172187566757
Lr: 8.231305410731415e-06, Accum Loss: 0.268582820892334
Lr: 8.230499355165801e-06, Accum Loss: 0.32997068762779236
Lr: 8.229693216562705e-06, Accum Loss: 0.3134748488664627
Lr: 8.228886995013766e-06, Accum Loss: 0.2633385956287384
Lr: 8.228080690610626e-06, Accum Loss: 0.2913045734167099
Lr: 8.22727430344494e-06, Accum Loss: 0.2654080092906952
Lr: 8.226467833608371e-06, Accum Loss: 0.31287650763988495
Lr: 8.225661281192592e-06, Accum Loss: 0.28930990397930145
Lr: 8.224854646289289e-06, Accum Loss: 0.29754501581192017
Lr: 8.224047928990149e-06, Accum Loss: 0.29804249107837677
Lr: 8.223241129386878e-06, Accum Loss: 0.3086032569408417
Lr: 8.222434247571185e-06, Accum Loss: 0.3202906847000122
Lr: 8.221627283634788e-06, Accum Loss: 0.31489720940589905
Lr: 8.22082023766942e-06, Accum Loss: 0.33461734652519226
Lr: 8.220013109766815e-06, Accum Loss: 0.23966065049171448
Lr: 8.219205900018725e-06, Accum Loss: 0.2665953189134598
Lr: 8.218398608516908e-06, Accum Loss: 0.27792705595493317
Lr: 8.217591235353127e-06, Accum Loss: 0.27898073196411133
Lr: 8.21678378061916e-06, Accum Loss: 0.30563846230506897
Lr: 8.215976244406791e-06, Accum Loss: 0.40358325839042664
Lr: 8.215168626807816e-06, Accum Loss: 0.27960410714149475
Lr: 8.214360927914037e-06, Accum Loss: 0.3354596793651581
Lr: 8.213553147817268e-06, Accum Loss: 0.32001087069511414
Lr: 8.212745286609334e-06, Accum Loss: 0.28757110238075256
Lr: 8.21193734438206e-06, Accum Loss: 0.2859107553958893
Lr: 8.21112932122729e-06, Accum Loss: 0.3006191700696945
Lr: 8.210321217236875e-06, Accum Loss: 0.3392883688211441
Lr: 8.20951303250267e-06, Accum Loss: 0.2961648553609848
Lr: 8.20870476711655e-06, Accum Loss: 0.32154613733291626
Lr: 8.207896421170386e-06, Accum Loss: 0.2978590428829193
Lr: 8.207087994756067e-06, Accum Loss: 0.3647054433822632
Lr: 8.206279487965488e-06, Accum Loss: 0.28528669476509094
Lr: 8.205470900890556e-06, Accum Loss: 0.24179334938526154
Lr: 8.20466223362318e-06, Accum Loss: 0.3255152553319931
Lr: 8.203853486255285e-06, Accum Loss: 0.28947994112968445
Lr: 8.203044658878808e-06, Accum Loss: 0.3114083558320999
Lr: 8.202235751585683e-06, Accum Loss: 0.3425186723470688
Lr: 8.201426764467865e-06, Accum Loss: 0.3789002448320389
Lr: 8.200617697617312e-06, Accum Loss: 0.2711962014436722
Lr: 8.199808551125991e-06, Accum Loss: 0.2685931921005249
Lr: 8.198999325085881e-06, Accum Loss: 0.3068155348300934
Lr: 8.19819001958897e-06, Accum Loss: 0.32697099447250366
Lr: 8.19738063472725e-06, Accum Loss: 0.27138951420783997
Lr: 8.196571170592728e-06, Accum Loss: 0.2673949599266052
Lr: 8.195761627277417e-06, Accum Loss: 0.28902269899845123
Lr: 8.19495200487334e-06, Accum Loss: 0.3371773064136505
Lr: 8.194142303472527e-06, Accum Loss: 0.2482186257839203
Lr: 8.19333252316702e-06, Accum Loss: 0.3193418085575104
Lr: 8.192522664048869e-06, Accum Loss: 0.32764291763305664
Lr: 8.19171272621013e-06, Accum Loss: 0.2903797924518585
Lr: 8.190902709742874e-06, Accum Loss: 0.3323475122451782
Lr: 8.190092614739175e-06, Accum Loss: 0.35176731646060944
Lr: 8.189282441291118e-06, Accum Loss: 0.3085545599460602
Lr: 8.188472189490799e-06, Accum Loss: 0.2805716544389725
Lr: 8.18766185943032e-06, Accum Loss: 0.2916696071624756
Lr: 8.186851451201793e-06, Accum Loss: 0.3268607258796692
Lr: 8.186040964897338e-06, Accum Loss: 0.30252063274383545
Lr: 8.185230400609087e-06, Accum Loss: 0.3256245106458664
Lr: 8.184419758429175e-06, Accum Loss: 0.28248734772205353
Lr: 8.183609038449755e-06, Accum Loss: 0.30652499198913574
Lr: 8.182798240762981e-06, Accum Loss: 0.29516416788101196
Lr: 8.181987365461015e-06, Accum Loss: 0.31545397639274597
Lr: 8.181176412636034e-06, Accum Loss: 0.2993028461933136
Lr: 8.180365382380222e-06, Accum Loss: 0.3706933557987213
Lr: 8.179554274785765e-06, Accum Loss: 0.2805488109588623
Lr: 8.17874308994487e-06, Accum Loss: 0.29791513085365295
Lr: 8.177931827949744e-06, Accum Loss: 0.3243679404258728
Lr: 8.177120488892602e-06, Accum Loss: 0.4037178158760071
Lr: 8.176309072865673e-06, Accum Loss: 0.3163752257823944
Lr: 8.175497579961196e-06, Accum Loss: 0.32722461223602295
Lr: 8.17468601027141e-06, Accum Loss: 0.3169557750225067
Lr: 8.173874363888568e-06, Accum Loss: 0.34032630920410156
Lr: 8.173062640904934e-06, Accum Loss: 0.3081127405166626
Lr: 8.172250841412778e-06, Accum Loss: 0.29717767238616943
Lr: 8.171438965504378e-06, Accum Loss: 0.24236637353897095
Lr: 8.170627013272024e-06, Accum Loss: 0.32118532061576843
Lr: 8.16981498480801e-06, Accum Loss: 0.3830054700374603
Lr: 8.169002880204643e-06, Accum Loss: 0.3407386541366577
Lr: 8.168190699554235e-06, Accum Loss: 0.307199090719223
Lr: 8.167378442949107e-06, Accum Loss: 0.3517697751522064
Lr: 8.166566110481595e-06, Accum Loss: 0.2940969914197922
Lr: 8.165753702244034e-06, Accum Loss: 0.284932404756546
Lr: 8.164941218328776e-06, Accum Loss: 0.24392403662204742
Lr: 8.164128658828171e-06, Accum Loss: 0.3059016764163971
Lr: 8.163316023834593e-06, Accum Loss: 0.28046318888664246
Lr: 8.162503313440412e-06, Accum Loss: 0.3655458986759186
Lr: 8.161690527738009e-06, Accum Loss: 0.3655264973640442
Lr: 8.16087766681978e-06, Accum Loss: 0.2966405153274536
Lr: 8.160064730778119e-06, Accum Loss: 0.30975276231765747
Lr: 8.159251719705438e-06, Accum Loss: 0.2958705425262451
Lr: 8.158438633694154e-06, Accum Loss: 0.2382131963968277
Lr: 8.157625472836688e-06, Accum Loss: 0.3067420423030853
Lr: 8.156812237225477e-06, Accum Loss: 0.31532299518585205
Lr: 8.155998926952966e-06, Accum Loss: 0.3008878529071808
Lr: 8.155185542111601e-06, Accum Loss: 0.29426562786102295
Lr: 8.154372082793843e-06, Accum Loss: 0.3541850447654724
Lr: 8.15355854909216e-06, Accum Loss: 0.32189178466796875
Lr: 8.152744941099027e-06, Accum Loss: 0.33502431213855743
Lr: 8.15193125890693e-06, Accum Loss: 0.3491256684064865
Lr: 8.151117502608365e-06, Accum Loss: 0.2717343270778656
Lr: 8.150303672295827e-06, Accum Loss: 0.3075748383998871
Lr: 8.14948976806183e-06, Accum Loss: 0.30452390015125275
Lr: 8.14867578999889e-06, Accum Loss: 0.33345112204551697
Lr: 8.147861738199538e-06, Accum Loss: 0.37366434931755066
Lr: 8.147047612756303e-06, Accum Loss: 0.31589552760124207
Lr: 8.146233413761733e-06, Accum Loss: 0.254810094833374
Lr: 8.145419141308379e-06, Accum Loss: 0.27411600947380066
Lr: 8.144604795488798e-06, Accum Loss: 0.26966753602027893
Lr: 8.143790376395562e-06, Accum Loss: 0.3000215142965317
Lr: 8.142975884121249e-06, Accum Loss: 0.29544293880462646
Lr: 8.14216131875844e-06, Accum Loss: 0.25986650586128235
Lr: 8.14134668039973e-06, Accum Loss: 0.31216132640838623
Lr: 8.140531969137723e-06, Accum Loss: 0.29050542414188385
Lr: 8.139717185065026e-06, Accum Loss: 0.2772938460111618
Lr: 8.13890232827426e-06, Accum Loss: 0.3043142706155777
Lr: 8.138087398858049e-06, Accum Loss: 0.31556251645088196
Lr: 8.137272396909028e-06, Accum Loss: 0.26890066266059875
Lr: 8.136457322519841e-06, Accum Loss: 0.30947229266166687
Lr: 8.13564217578314e-06, Accum Loss: 0.28296613693237305
Lr: 8.134826956791585e-06, Accum Loss: 0.28282976150512695
Lr: 8.134011665637842e-06, Accum Loss: 0.31833961606025696
Lr: 8.133196302414587e-06, Accum Loss: 0.321463406085968
Lr: 8.132380867214506e-06, Accum Loss: 0.24045327305793762
Lr: 8.131565360130287e-06, Accum Loss: 0.31850504875183105
Lr: 8.130749781254638e-06, Accum Loss: 0.28542739152908325
Lr: 8.12993413068026e-06, Accum Loss: 0.3323461711406708
Lr: 8.129118408499873e-06, Accum Loss: 0.276815265417099
Lr: 8.128302614806204e-06, Accum Loss: 0.2883630692958832
Lr: 8.127486749691982e-06, Accum Loss: 0.335981547832489
Lr: 8.12667081324995e-06, Accum Loss: 0.2968686819076538
Lr: 8.12585480557286e-06, Accum Loss: 0.2784039378166199
Lr: 8.125038726753464e-06, Accum Loss: 0.3744247555732727
Lr: 8.124222576884533e-06, Accum Loss: 0.31361475586891174
Lr: 8.123406356058838e-06, Accum Loss: 0.3348330408334732
Lr: 8.12259006436916e-06, Accum Loss: 0.35151876509189606
Lr: 8.121773701908287e-06, Accum Loss: 0.3384522497653961
Lr: 8.120957268769022e-06, Accum Loss: 0.29359912872314453
Lr: 8.120140765044166e-06, Accum Loss: 0.3130977153778076
Lr: 8.119324190826536e-06, Accum Loss: 0.3005193769931793
Lr: 8.118507546208952e-06, Accum Loss: 0.2616591453552246
Lr: 8.117690831284244e-06, Accum Loss: 0.2986952066421509
Lr: 8.11687404614525e-06, Accum Loss: 0.33735159039497375
Lr: 8.116057190884815e-06, Accum Loss: 0.3850734829902649
Lr: 8.115240265595794e-06, Accum Loss: 0.30959269404411316
Lr: 8.114423270371048e-06, Accum Loss: 0.32915815711021423
Lr: 8.113606205303447e-06, Accum Loss: 0.3310326039791107
Lr: 8.11278907048587e-06, Accum Loss: 0.3026241660118103
Lr: 8.111971866011198e-06, Accum Loss: 0.3246362805366516
Lr: 8.11115459197233e-06, Accum Loss: 0.281137615442276
Lr: 8.110337248462165e-06, Accum Loss: 0.3129507005214691
Lr: 8.10951983557361e-06, Accum Loss: 0.3083759546279907
Lr: 8.108702353399586e-06, Accum Loss: 0.3211522698402405
Lr: 8.107884802033016e-06, Accum Loss: 0.3569605052471161
Lr: 8.107067181566832e-06, Accum Loss: 0.29876717925071716
Lr: 8.106249492093977e-06, Accum Loss: 0.24220633506774902
Lr: 8.105431733707396e-06, Accum Loss: 0.2885701060295105
Lr: 8.10461390650005e-06, Accum Loss: 0.298522025346756
Lr: 8.1037960105649e-06, Accum Loss: 0.32148218154907227
Lr: 8.10297804599492e-06, Accum Loss: 0.3490653932094574
Lr: 8.102160012883089e-06, Accum Loss: 0.3383340835571289
Lr: 8.101341911322394e-06, Accum Loss: 0.3743468225002289
Lr: 8.100523741405832e-06, Accum Loss: 0.3146328032016754
Lr: 8.099705503226404e-06, Accum Loss: 0.3391881287097931
Lr: 8.09888719687712e-06, Accum Loss: 0.3091048002243042
Lr: 8.098068822451005e-06, Accum Loss: 0.3168860673904419
Lr: 8.097250380041079e-06, Accum Loss: 0.2805759608745575
Lr: 8.096431869740378e-06, Accum Loss: 0.34329691529273987
Lr: 8.095613291641946e-06, Accum Loss: 0.33902740478515625
Lr: 8.09479464583883e-06, Accum Loss: 0.37762993574142456
Lr: 8.093975932424086e-06, Accum Loss: 0.3132063150405884
Lr: 8.093157151490785e-06, Accum Loss: 0.3888743817806244
Lr: 8.092338303131993e-06, Accum Loss: 0.35271137952804565
Lr: 8.091519387440794e-06, Accum Loss: 0.3069753050804138
Lr: 8.090700404510276e-06, Accum Loss: 0.3392665386199951
Lr: 8.089881354433532e-06, Accum Loss: 0.27354732155799866
Lr: 8.089062237303668e-06, Accum Loss: 0.29554978013038635
Lr: 8.088243053213792e-06, Accum Loss: 0.3378322422504425
Lr: 8.087423802257027e-06, Accum Loss: 0.2975989878177643
Lr: 8.086604484526494e-06, Accum Loss: 0.3807968199253082
Lr: 8.085785100115329e-06, Accum Loss: 0.2974294424057007
Lr: 8.084965649116674e-06, Accum Loss: 0.2620382606983185
Lr: 8.084146131623675e-06, Accum Loss: 0.31095004081726074
Lr: 8.083326547729494e-06, Accum Loss: 0.34082257747650146
Lr: 8.082506897527289e-06, Accum Loss: 0.32269716262817383
Lr: 8.081687181110234e-06, Accum Loss: 0.2676865756511688
Lr: 8.080867398571508e-06, Accum Loss: 0.31179845333099365
Lr: 8.080047550004297e-06, Accum Loss: 0.3461276888847351
Lr: 8.079227635501794e-06, Accum Loss: 0.2842676639556885
Lr: 8.078407655157204e-06, Accum Loss: 0.3194015920162201
Lr: 8.077587609063733e-06, Accum Loss: 0.3478067219257355
Lr: 8.076767497314599e-06, Accum Loss: 0.30462250113487244
Lr: 8.075947320003024e-06, Accum Loss: 0.2986418604850769
Lr: 8.07512707722224e-06, Accum Loss: 0.2921835631132126
Lr: 8.074306769065487e-06, Accum Loss: 0.26200462877750397
Lr: 8.07348639562601e-06, Accum Loss: 0.3212904632091522
Lr: 8.072665956997062e-06, Accum Loss: 0.3033899664878845
Lr: 8.071845453271907e-06, Accum Loss: 0.29818207025527954
Lr: 8.071024884543812e-06, Accum Loss: 0.30255231261253357
Lr: 8.070204250906052e-06, Accum Loss: 0.2738703191280365
Lr: 8.069383552451911e-06, Accum Loss: 0.2740146219730377
Lr: 8.068562789274677e-06, Accum Loss: 0.3199542760848999
Lr: 8.067741961467654e-06, Accum Loss: 0.30300408601760864
Lr: 8.066921069124143e-06, Accum Loss: 0.29187920689582825
Lr: 8.066100112337456e-06, Accum Loss: 0.28893354535102844
Lr: 8.065279091200916e-06, Accum Loss: 0.2861463725566864
Lr: 8.064458005807848e-06, Accum Loss: 0.2771315276622772
Lr: 8.063636856251587e-06, Accum Loss: 0.26245781779289246
Lr: 8.062815642625475e-06, Accum Loss: 0.3387184739112854
Lr: 8.06199436502286e-06, Accum Loss: 0.2777687609195709
Lr: 8.061173023537102e-06, Accum Loss: 0.2907468378543854
Lr: 8.060351618261563e-06, Accum Loss: 0.36229780316352844
Lr: 8.059530149289611e-06, Accum Loss: 0.2850036025047302
Lr: 8.05870861671463e-06, Accum Loss: 0.23944538831710815
Lr: 8.057887020629998e-06, Accum Loss: 0.34952837228775024
Lr: 8.057065361129114e-06, Accum Loss: 0.2861480116844177
Lr: 8.056243638305376e-06, Accum Loss: 0.3219663202762604
Lr: 8.05542185225219e-06, Accum Loss: 0.35188522934913635
Lr: 8.05460000306297e-06, Accum Loss: 0.33103108406066895
Lr: 8.053778090831138e-06, Accum Loss: 0.350154310464859
Lr: 8.052956115650125e-06, Accum Loss: 0.26337751746177673
Lr: 8.052134077613365e-06, Accum Loss: 0.25894418358802795
Lr: 8.051311976814297e-06, Accum Loss: 0.309908926486969
Lr: 8.050489813346378e-06, Accum Loss: 0.2334640622138977
Lr: 8.04966758730306e-06, Accum Loss: 0.3672959804534912
Lr: 8.048845298777807e-06, Accum Loss: 0.31470704078674316
Lr: 8.048022947864097e-06, Accum Loss: 0.31594088673591614
Lr: 8.0472005346554e-06, Accum Loss: 0.3131069839000702
Lr: 8.046378059245206e-06, Accum Loss: 0.3587242662906647
Lr: 8.045555521727008e-06, Accum Loss: 0.33932065963745117
Lr: 8.044732922194304e-06, Accum Loss: 0.29624536633491516
Lr: 8.0439102607406e-06, Accum Loss: 0.2043447196483612
Lr: 8.043087537459412e-06, Accum Loss: 0.3282906711101532
Lr: 8.042264752444262e-06, Accum Loss: 0.31014031171798706
Lr: 8.041441905788671e-06, Accum Loss: 0.28993910551071167
Lr: 8.04061899758618e-06, Accum Loss: 0.3157799541950226
Lr: 8.039796027930332e-06, Accum Loss: 0.3432600796222687
Lr: 8.03897299691467e-06, Accum Loss: 0.30021730065345764
Lr: 8.038149904632754e-06, Accum Loss: 0.28793200850486755
Lr: 8.037326751178147e-06, Accum Loss: 0.3160902261734009
Lr: 8.036503536644414e-06, Accum Loss: 0.3708752691745758
Lr: 8.035680261125135e-06, Accum Loss: 0.3154554069042206
Lr: 8.034856924713895e-06, Accum Loss: 0.29058945178985596
Lr: 8.034033527504281e-06, Accum Loss: 0.3141593635082245
Lr: 8.033210069589893e-06, Accum Loss: 0.26627500355243683
Lr: 8.032386551064336e-06, Accum Loss: 0.37173178791999817
Lr: 8.031562972021218e-06, Accum Loss: 0.30247563123703003
Lr: 8.030739332554159e-06, Accum Loss: 0.26975464820861816
Lr: 8.029915632756783e-06, Accum Loss: 0.2945551872253418
Lr: 8.02909187272272e-06, Accum Loss: 0.3258425295352936
Lr: 8.028268052545616e-06, Accum Loss: 0.32318219542503357
Lr: 8.02744417231911e-06, Accum Loss: 0.23319849371910095
Lr: 8.026620232136855e-06, Accum Loss: 0.3287963718175888
Lr: 8.025796232092509e-06, Accum Loss: 0.3117423504590988
Lr: 8.024972172279744e-06, Accum Loss: 0.3638477325439453
Lr: 8.024148052792224e-06, Accum Loss: 0.32361677289009094
Lr: 8.023323873723636e-06, Accum Loss: 0.2885954678058624
Lr: 8.022499635167663e-06, Accum Loss: 0.30509763956069946
Lr: 8.021675337217997e-06, Accum Loss: 0.33838528394699097
Lr: 8.02085097996834e-06, Accum Loss: 0.2849912643432617
Lr: 8.020026563512398e-06, Accum Loss: 0.2733054459095001
Lr: 8.019202087943883e-06, Accum Loss: 0.31826071441173553
Lr: 8.018377553356516e-06, Accum Loss: 0.26727089285850525
Lr: 8.017552959844024e-06, Accum Loss: 0.3461112678050995
Lr: 8.016728307500138e-06, Accum Loss: 0.32371729612350464
Lr: 8.015903596418599e-06, Accum Loss: 0.23033255338668823
Lr: 8.015078826693159e-06, Accum Loss: 0.2539096772670746
Lr: 8.014253998417564e-06, Accum Loss: 0.24024143815040588
Lr: 8.013429111685576e-06, Accum Loss: 0.31629809737205505
Lr: 8.012604166590967e-06, Accum Loss: 0.28194621205329895
Lr: 8.011779163227504e-06, Accum Loss: 0.2542203366756439
Lr: 8.010954101688968e-06, Accum Loss: 0.27735477685928345
Lr: 8.010128982069147e-06, Accum Loss: 0.32144394516944885
Lr: 8.009303804461833e-06, Accum Loss: 0.3219493627548218
Lr: 8.008478568960827e-06, Accum Loss: 0.34722721576690674
Lr: 8.007653275659937e-06, Accum Loss: 0.33307164907455444
Lr: 8.006827924652973e-06, Accum Loss: 0.3969285190105438
Lr: 8.006002516033754e-06, Accum Loss: 0.2903405725955963
Lr: 8.005177049896108e-06, Accum Loss: 0.27887681126594543
Lr: 8.004351526333868e-06, Accum Loss: 0.24105298519134521
Lr: 8.00352594544087e-06, Accum Loss: 0.31566980481147766
Lr: 8.002700307310964e-06, Accum Loss: 0.2562532424926758
Lr: 8.001874612037997e-06, Accum Loss: 0.29958367347717285
Lr: 8.001048859715832e-06, Accum Loss: 0.28064924478530884
Lr: 8.000223050438332e-06, Accum Loss: 0.3593955636024475
Lr: 7.99939718429937e-06, Accum Loss: 0.2999952733516693
Lr: 7.998571261392821e-06, Accum Loss: 0.31263014674186707
Lr: 7.997745281812574e-06, Accum Loss: 0.2886711061000824
Lr: 7.996919245652516e-06, Accum Loss: 0.3176473081111908
Lr: 7.996093153006546e-06, Accum Loss: 0.3072047531604767
Lr: 7.995267003968567e-06, Accum Loss: 0.2992994785308838
Lr: 7.994440798632492e-06, Accum Loss: 0.3149777352809906
Lr: 7.993614537092234e-06, Accum Loss: 0.32612618803977966
Lr: 7.992788219441718e-06, Accum Loss: 0.2482253611087799
Lr: 7.991961845774872e-06, Accum Loss: 0.2776341736316681
Lr: 7.991135416185632e-06, Accum Loss: 0.3282860219478607
Lr: 7.990308930767942e-06, Accum Loss: 0.305685430765152
Lr: 7.989482389615748e-06, Accum Loss: 0.32926657795906067
Lr: 7.988655792823005e-06, Accum Loss: 0.2516970932483673
Lr: 7.987829140483676e-06, Accum Loss: 0.38233092427253723
Lr: 7.987002432691728e-06, Accum Loss: 0.3022453486919403
Lr: 7.986175669541133e-06, Accum Loss: 0.2850921154022217
Lr: 7.985348851125872e-06, Accum Loss: 0.3494209051132202
Lr: 7.984521977539932e-06, Accum Loss: 0.26397566497325897
Lr: 7.983695048877304e-06, Accum Loss: 0.30488061904907227
Lr: 7.982868065231986e-06, Accum Loss: 0.3461247384548187
Lr: 7.982041026697987e-06, Accum Loss: 0.2781462073326111
Lr: 7.981213933369316e-06, Accum Loss: 0.3034285306930542
Lr: 7.980386785339988e-06, Accum Loss: 0.3453506827354431
Lr: 7.979559582704033e-06, Accum Loss: 0.3231883645057678
Lr: 7.978732325555475e-06, Accum Loss: 0.2927466332912445
Lr: 7.977905013988353e-06, Accum Loss: 0.31900906562805176
Lr: 7.977077648096708e-06, Accum Loss: 0.3277682363986969
Lr: 7.97625022797459e-06, Accum Loss: 0.2706257998943329
Lr: 7.975422753716051e-06, Accum Loss: 0.28733402490615845
Lr: 7.974595225415155e-06, Accum Loss: 0.3187718391418457
Lr: 7.973767643165969e-06, Accum Loss: 0.2914326786994934
Lr: 7.972940007062563e-06, Accum Loss: 0.29686644673347473
Lr: 7.972112317199018e-06, Accum Loss: 0.29172778129577637
Lr: 7.97128457366942e-06, Accum Loss: 0.28723128139972687
Lr: 7.97045677656786e-06, Accum Loss: 0.2723305821418762
Lr: 7.969628925988436e-06, Accum Loss: 0.29519426822662354
Lr: 7.96880102202525e-06, Accum Loss: 0.25209832191467285
Lr: 7.967973064772413e-06, Accum Loss: 0.32757627964019775
Lr: 7.96714505432404e-06, Accum Loss: 0.2973339855670929
Lr: 7.966316990774254e-06, Accum Loss: 0.31256455183029175
Lr: 7.965488874217181e-06, Accum Loss: 0.318928986787796
Lr: 7.964660704746956e-06, Accum Loss: 0.30261972546577454
Lr: 7.96383248245772e-06, Accum Loss: 0.26781654357910156
Lr: 7.963004207443616e-06, Accum Loss: 0.31572720408439636
Lr: 7.962175879798797e-06, Accum Loss: 0.3645787537097931
Lr: 7.961347499617423e-06, Accum Loss: 0.3678380250930786
Lr: 7.960519066993655e-06, Accum Loss: 0.34082601964473724
Lr: 7.959690582021665e-06, Accum Loss: 0.2837713360786438
Lr: 7.958862044795627e-06, Accum Loss: 0.26857882738113403
Lr: 7.958033455409721e-06, Accum Loss: 0.30550678074359894
Lr: 7.95720481395814e-06, Accum Loss: 0.26765936613082886
Lr: 7.956376120535074e-06, Accum Loss: 0.33060452342033386
Lr: 7.95554737523472e-06, Accum Loss: 0.3509409725666046
Lr: 7.954718578151289e-06, Accum Loss: 0.30359989404678345
Lr: 7.953889729378988e-06, Accum Loss: 0.2556356340646744
Lr: 7.953060829012036e-06, Accum Loss: 0.3266913443803787
Lr: 7.952231877144653e-06, Accum Loss: 0.32476167380809784
Lr: 7.951402873871073e-06, Accum Loss: 0.3123463988304138
Lr: 7.950573819285526e-06, Accum Loss: 0.3602136969566345
Lr: 7.949744713482255e-06, Accum Loss: 0.31295913457870483
Lr: 7.948915556555506e-06, Accum Loss: 0.2977529466152191
Lr: 7.948086348599528e-06, Accum Loss: 0.3561776429414749
Lr: 7.947257089708584e-06, Accum Loss: 0.2972298413515091
Lr: 7.946427779976933e-06, Accum Loss: 0.2848406434059143
Lr: 7.945598419498849e-06, Accum Loss: 0.3546205461025238
Lr: 7.944769008368605e-06, Accum Loss: 0.33044809103012085
Lr: 7.94393954668048e-06, Accum Loss: 0.24882982671260834
Lr: 7.943110034528764e-06, Accum Loss: 0.2751337140798569
Lr: 7.942280472007748e-06, Accum Loss: 0.36280280351638794
Lr: 7.94145085921173e-06, Accum Loss: 0.3105613589286804
Lr: 7.940621196235014e-06, Accum Loss: 0.381384015083313
Lr: 7.93979148317191e-06, Accum Loss: 0.2796742022037506
Lr: 7.938961720116734e-06, Accum Loss: 0.24065683782100677
Lr: 7.938131907163805e-06, Accum Loss: 0.2817267030477524
Lr: 7.937302044407452e-06, Accum Loss: 0.24747706949710846
Lr: 7.936472131942006e-06, Accum Loss: 0.30819323658943176
Lr: 7.935642169861806e-06, Accum Loss: 0.32313746213912964
Lr: 7.934812158261195e-06, Accum Loss: 0.27761903405189514
Lr: 7.93398209723452e-06, Accum Loss: 0.3019035756587982
Lr: 7.933151986876139e-06, Accum Loss: 0.2984464317560196
Lr: 7.932321827280413e-06, Accum Loss: 0.3121492564678192
Lr: 7.931491618541704e-06, Accum Loss: 0.2631751596927643
Lr: 7.930661360754388e-06, Accum Loss: 0.3726707547903061
Lr: 7.92983105401284e-06, Accum Loss: 0.31723472476005554
Lr: 7.929000698411443e-06, Accum Loss: 0.2750956565141678
Lr: 7.928170294044585e-06, Accum Loss: 0.3333349674940109
Lr: 7.927339841006663e-06, Accum Loss: 0.27306152880191803
Lr: 7.926509339392072e-06, Accum Loss: 0.30181802809238434
Lr: 7.92567878929522e-06, Accum Loss: 0.27969738841056824
Lr: 7.924848190810516e-06, Accum Loss: 0.32660430669784546
Lr: 7.924017544032376e-06, Accum Loss: 0.34945593774318695
Lr: 7.923186849055222e-06, Accum Loss: 0.3188803642988205
Lr: 7.922356105973481e-06, Accum Loss: 0.3125344514846802
Lr: 7.921525314881585e-06, Accum Loss: 0.22786150872707367
Lr: 7.920694475873973e-06, Accum Loss: 0.28989335894584656
Lr: 7.919863589045086e-06, Accum Loss: 0.3354339003562927
Lr: 7.919032654489374e-06, Accum Loss: 0.3126021921634674
Lr: 7.918201672301293e-06, Accum Loss: 0.30644315481185913
Lr: 7.917370642575302e-06, Accum Loss: 0.27412520349025726
Lr: 7.91653956540586e-06, Accum Loss: 0.28763292729854584
Lr: 7.915708440887447e-06, Accum Loss: 0.2810472995042801
Lr: 7.914877269114532e-06, Accum Loss: 0.23834261298179626
Lr: 7.914046050181598e-06, Accum Loss: 0.3083377033472061
Lr: 7.913214784183132e-06, Accum Loss: 0.29721108078956604
Lr: 7.912383471213626e-06, Accum Loss: 0.2675323188304901
Lr: 7.911552111367576e-06, Accum Loss: 0.3488164246082306
Lr: 7.910720704739486e-06, Accum Loss: 0.33028313517570496
Lr: 7.909889251423863e-06, Accum Loss: 0.3275895118713379
Lr: 7.90905775151522e-06, Accum Loss: 0.37482962012290955
Lr: 7.908226205108074e-06, Accum Loss: 0.28324513137340546
Lr: 7.907394612296953e-06, Accum Loss: 0.3289662003517151
Lr: 7.906562973176381e-06, Accum Loss: 0.2946089208126068
Lr: 7.905731287840897e-06, Accum Loss: 0.2547009289264679
Lr: 7.904899556385037e-06, Accum Loss: 0.2934187054634094
Lr: 7.904067778903345e-06, Accum Loss: 0.31110651791095734
Lr: 7.903235955490375e-06, Accum Loss: 0.30541104078292847
Lr: 7.902404086240682e-06, Accum Loss: 0.29943113029003143
Lr: 7.90157217124882e-06, Accum Loss: 0.29145026206970215
Lr: 7.900740210609362e-06, Accum Loss: 0.24300040304660797
Lr: 7.899908204416876e-06, Accum Loss: 0.2952333688735962
Lr: 7.899076152765937e-06, Accum Loss: 0.36605966091156006
Lr: 7.898244055751128e-06, Accum Loss: 0.3272903263568878
Lr: 7.897411913467034e-06, Accum Loss: 0.2764386832714081
Lr: 7.896579726008247e-06, Accum Loss: 0.3488595187664032
Lr: 7.895747493469362e-06, Accum Loss: 0.30142153799533844
Lr: 7.894915215944984e-06, Accum Loss: 0.2971072793006897
Lr: 7.894082893529717e-06, Accum Loss: 0.23912523686885834
Lr: 7.893250526318173e-06, Accum Loss: 0.2608228921890259
Lr: 7.892418114404973e-06, Accum Loss: 0.2728476822376251
Lr: 7.891585657884733e-06, Accum Loss: 0.2900986969470978
Lr: 7.890753156852086e-06, Accum Loss: 0.29660919308662415
Lr: 7.88992061140166e-06, Accum Loss: 0.23083360493183136
Lr: 7.889088021628094e-06, Accum Loss: 0.3127598166465759
Lr: 7.88825538762603e-06, Accum Loss: 0.3001141995191574
Lr: 7.887422709490115e-06, Accum Loss: 0.30067722499370575
Lr: 7.886589987315003e-06, Accum Loss: 0.31431303918361664
Lr: 7.885757221195348e-06, Accum Loss: 0.27465926110744476
Lr: 7.884924411225818e-06, Accum Loss: 0.28607185184955597
Lr: 7.884091557501074e-06, Accum Loss: 0.3454890251159668
Lr: 7.883258660115791e-06, Accum Loss: 0.27630893886089325
Lr: 7.88242571916465e-06, Accum Loss: 0.3859286904335022
Lr: 7.881592734742327e-06, Accum Loss: 0.3336799740791321
Lr: 7.880759706943512e-06, Accum Loss: 0.3253340721130371
Lr: 7.879926635862897e-06, Accum Loss: 0.259479358792305
Lr: 7.87909352159518e-06, Accum Loss: 0.28486570715904236
Lr: 7.878260364235063e-06, Accum Loss: 0.27774153649806976
Lr: 7.87742716387725e-06, Accum Loss: 0.2880244255065918
Lr: 7.876593920616455e-06, Accum Loss: 0.32638515532016754
Lr: 7.875760634547394e-06, Accum Loss: 0.3027103692293167
Lr: 7.874927305764791e-06, Accum Loss: 0.3442983329296112
Lr: 7.874093934363368e-06, Accum Loss: 0.3402539938688278
Lr: 7.873260520437858e-06, Accum Loss: 0.28923650085926056
Lr: 7.872427064082998e-06, Accum Loss: 0.30542367696762085
Lr: 7.871593565393529e-06, Accum Loss: 0.258542001247406
Lr: 7.870760024464193e-06, Accum Loss: 0.3990882933139801
Lr: 7.869926441389746e-06, Accum Loss: 0.3107547163963318
Lr: 7.86909281626494e-06, Accum Loss: 0.3061673045158386
Lr: 7.868259149184535e-06, Accum Loss: 0.31739385426044464
Lr: 7.867425440243294e-06, Accum Loss: 0.25905314087867737
Lr: 7.866591689535992e-06, Accum Loss: 0.311919704079628
Lr: 7.865757897157398e-06, Accum Loss: 0.2959442436695099
Lr: 7.864924063202294e-06, Accum Loss: 0.30687473714351654
Lr: 7.864090187765464e-06, Accum Loss: 0.348549485206604
Lr: 7.863256270941692e-06, Accum Loss: 0.3156682848930359
Lr: 7.862422312825777e-06, Accum Loss: 0.31063857674598694
Lr: 7.861588313512515e-06, Accum Loss: 0.3079182505607605
Lr: 7.860754273096706e-06, Accum Loss: 0.2822771519422531
Lr: 7.859920191673158e-06, Accum Loss: 0.2955877482891083
Lr: 7.859086069336686e-06, Accum Loss: 0.2804540991783142
Lr: 7.858251906182105e-06, Accum Loss: 0.334009125828743
Lr: 7.857417702304234e-06, Accum Loss: 0.2591303586959839
Lr: 7.856583457797903e-06, Accum Loss: 0.38654348254203796
Lr: 7.855749172757937e-06, Accum Loss: 0.30163712799549103
Lr: 7.854914847279176e-06, Accum Loss: 0.35337312519550323
Lr: 7.854080481456456e-06, Accum Loss: 0.31638213992118835
Lr: 7.853246075384625e-06, Accum Loss: 0.3436429500579834
Lr: 7.852411629158527e-06, Accum Loss: 0.29666438698768616
Lr: 7.85157714287302e-06, Accum Loss: 0.31458811461925507
Lr: 7.85074261662296e-06, Accum Loss: 0.3265359699726105
Lr: 7.849908050503206e-06, Accum Loss: 0.33209335803985596
Lr: 7.849073444608631e-06, Accum Loss: 0.2679591327905655
Lr: 7.848238799034104e-06, Accum Loss: 0.38123688101768494
Lr: 7.8474041138745e-06, Accum Loss: 0.32443852722644806
Lr: 7.846569389224701e-06, Accum Loss: 0.3141407370567322
Lr: 7.84573462517959e-06, Accum Loss: 0.30909889936447144
Lr: 7.844899821834058e-06, Accum Loss: 0.3094071000814438
Lr: 7.844064979283e-06, Accum Loss: 0.28995710611343384
Lr: 7.843230097621313e-06, Accum Loss: 0.3278229832649231
Lr: 7.842395176943898e-06, Accum Loss: 0.29758861660957336
Lr: 7.841560217345666e-06, Accum Loss: 0.30746057629585266
Lr: 7.840725218921528e-06, Accum Loss: 0.27937453985214233
Lr: 7.839890181766396e-06, Accum Loss: 0.3402659595012665
Lr: 7.839055105975195e-06, Accum Loss: 0.2511950731277466
Lr: 7.83821999164285e-06, Accum Loss: 0.34299948811531067
Lr: 7.837384838864287e-06, Accum Loss: 0.29109427332878113
Lr: 7.836549647734442e-06, Accum Loss: 0.2639036476612091
Lr: 7.835714418348253e-06, Accum Loss: 0.3301326185464859
Lr: 7.834879150800661e-06, Accum Loss: 0.3100886940956116
Lr: 7.834043845186614e-06, Accum Loss: 0.2893069386482239
Lr: 7.833208501601063e-06, Accum Loss: 0.260540634393692
Lr: 7.832373120138963e-06, Accum Loss: 0.3145240247249603
Lr: 7.831537700895273e-06, Accum Loss: 0.3017701804637909
Lr: 7.830702243964959e-06, Accum Loss: 0.28917551040649414
Lr: 7.829866749442986e-06, Accum Loss: 0.32734671235084534
Lr: 7.829031217424329e-06, Accum Loss: 0.26000291109085083
Lr: 7.828195648003966e-06, Accum Loss: 0.3221314549446106
Lr: 7.827360041276874e-06, Accum Loss: 0.27864357829093933
Lr: 7.826524397338042e-06, Accum Loss: 0.3943324387073517
Lr: 7.825688716282457e-06, Accum Loss: 0.35036541521549225
Lr: 7.824852998205113e-06, Accum Loss: 0.3785025179386139
Lr: 7.82401724320101e-06, Accum Loss: 0.3161782920360565
Lr: 7.823181451365148e-06, Accum Loss: 0.295280322432518
Lr: 7.822345622792532e-06, Accum Loss: 0.2535332143306732
Lr: 7.821509757578178e-06, Accum Loss: 0.3536207377910614
Lr: 7.820673855817096e-06, Accum Loss: 0.28349536657333374
Lr: 7.819837917604307e-06, Accum Loss: 0.320713609457016
Lr: 7.81900194303483e-06, Accum Loss: 0.29634761810302734
Lr: 7.818165932203697e-06, Accum Loss: 0.3244066834449768
Lr: 7.817329885205939e-06, Accum Loss: 0.3073224425315857
Lr: 7.816493802136586e-06, Accum Loss: 0.30995915830135345
Lr: 7.815657683090682e-06, Accum Loss: 0.3215153217315674
Lr: 7.81482152816327e-06, Accum Loss: 0.28711481392383575
Lr: 7.813985337449397e-06, Accum Loss: 0.28245842456817627
Lr: 7.813149111044116e-06, Accum Loss: 0.26054826378822327
Lr: 7.81231284904248e-06, Accum Loss: 0.2968575954437256
Lr: 7.81147655153955e-06, Accum Loss: 0.318562388420105
Lr: 7.81064021863039e-06, Accum Loss: 0.30851317942142487
Lr: 7.809803850410069e-06, Accum Loss: 0.36102789640426636
Lr: 7.808967446973656e-06, Accum Loss: 0.3680087625980377
Lr: 7.808131008416228e-06, Accum Loss: 0.33488729596138
Lr: 7.807294534832867e-06, Accum Loss: 0.3297538310289383
Lr: 7.806458026318654e-06, Accum Loss: 0.30180515348911285
Lr: 7.805621482968677e-06, Accum Loss: 0.2841874659061432
Lr: 7.80478490487803e-06, Accum Loss: 0.2731914818286896
Lr: 7.803948292141807e-06, Accum Loss: 0.31102000176906586
Lr: 7.803111644855107e-06, Accum Loss: 0.31072898209095
Lr: 7.802274963113036e-06, Accum Loss: 0.3416358679533005
Lr: 7.8014382470107e-06, Accum Loss: 0.3453882187604904
Lr: 7.800601496643209e-06, Accum Loss: 0.25386175513267517
Lr: 7.79976471210568e-06, Accum Loss: 0.30296941101551056
Lr: 7.798927893493231e-06, Accum Loss: 0.2464674413204193
Lr: 7.798091040900986e-06, Accum Loss: 0.3000212460756302
Lr: 7.797254154424072e-06, Accum Loss: 0.334585040807724
Lr: 7.79641723415762e-06, Accum Loss: 0.28586259484291077
Lr: 7.795580280196763e-06, Accum Loss: 0.395676925778389
Lr: 7.794743292636642e-06, Accum Loss: 0.3414819538593292
Lr: 7.793906271572397e-06, Accum Loss: 0.3499379903078079
Lr: 7.793069217099173e-06, Accum Loss: 0.3252457082271576
Lr: 7.792232129312121e-06, Accum Loss: 0.3237594962120056
Lr: 7.791395008306396e-06, Accum Loss: 0.3325658142566681
Lr: 7.790557854177154e-06, Accum Loss: 0.2960960268974304
Lr: 7.78972066701956e-06, Accum Loss: 0.27817264199256897
Lr: 7.788883446928772e-06, Accum Loss: 0.35829269886016846
Lr: 7.788046193999964e-06, Accum Loss: 0.28566309809684753
Lr: 7.787208908328304e-06, Accum Loss: 0.2784724831581116
Lr: 7.786371590008974e-06, Accum Loss: 0.3641204237937927
Lr: 7.785534239137149e-06, Accum Loss: 0.29479891061782837
Lr: 7.784696855808015e-06, Accum Loss: 0.35723257064819336
Lr: 7.783859440116757e-06, Accum Loss: 0.36859720945358276
Lr: 7.783021992158567e-06, Accum Loss: 0.2420615702867508
Lr: 7.782184512028641e-06, Accum Loss: 0.3433675765991211
Lr: 7.781346999822177e-06, Accum Loss: 0.31383949518203735
Lr: 7.780509455634373e-06, Accum Loss: 0.31612156331539154
Lr: 7.779671879560439e-06, Accum Loss: 0.299487367272377
Lr: 7.778834271695583e-06, Accum Loss: 0.37182343006134033
Lr: 7.777996632135017e-06, Accum Loss: 0.30484503507614136
Lr: 7.777158960973957e-06, Accum Loss: 0.27378615736961365
Lr: 7.776321258307625e-06, Accum Loss: 0.27902767062187195
Lr: 7.775483524231241e-06, Accum Loss: 0.29673686623573303
Lr: 7.774645758840034e-06, Accum Loss: 0.36782515048980713
Lr: 7.773807962229237e-06, Accum Loss: 0.32860520482063293
Lr: 7.77297013449408e-06, Accum Loss: 0.32402586936950684
Lr: 7.772132275729804e-06, Accum Loss: 0.3377968966960907
Lr: 7.771294386031649e-06, Accum Loss: 0.33665651082992554
Lr: 7.770456465494858e-06, Accum Loss: 0.3646451234817505
Lr: 7.769618514214681e-06, Accum Loss: 0.28546079993247986
Lr: 7.768780532286373e-06, Accum Loss: 0.2872343957424164
Lr: 7.767942519805184e-06, Accum Loss: 0.30416813492774963
Lr: 7.767104476866376e-06, Accum Loss: 0.34909766912460327
Lr: 7.76626640356521e-06, Accum Loss: 0.2609264552593231
Lr: 7.765428299996949e-06, Accum Loss: 0.3246687650680542
Lr: 7.764590166256866e-06, Accum Loss: 0.275906577706337
Lr: 7.763752002440233e-06, Accum Loss: 0.3053911626338959
Lr: 7.762913808642326e-06, Accum Loss: 0.29694873094558716
Lr: 7.762075584958422e-06, Accum Loss: 0.31500619649887085
Lr: 7.761237331483807e-06, Accum Loss: 0.30011194944381714
Lr: 7.760399048313763e-06, Accum Loss: 0.2788459062576294
Lr: 7.759560735543584e-06, Accum Loss: 0.2714865505695343
Lr: 7.75872239326856e-06, Accum Loss: 0.3346562683582306
Lr: 7.757884021583989e-06, Accum Loss: 0.2698734402656555
Lr: 7.757045620585169e-06, Accum Loss: 0.28566402196884155
Lr: 7.756207190367403e-06, Accum Loss: 0.2848932594060898
Lr: 7.755368731026e-06, Accum Loss: 0.38614439964294434
Lr: 7.754530242656264e-06, Accum Loss: 0.25143784284591675
Lr: 7.753691725353512e-06, Accum Loss: 0.28943412005901337
Lr: 7.752853179213062e-06, Accum Loss: 0.2862050384283066
Lr: 7.752014604330226e-06, Accum Loss: 0.3126034438610077
Lr: 7.751176000800333e-06, Accum Loss: 0.33327072858810425
Lr: 7.750337368718711e-06, Accum Loss: 0.2457275688648224
Lr: 7.74949870818068e-06, Accum Loss: 0.32300299406051636
Lr: 7.74866001928158e-06, Accum Loss: 0.3359871357679367
Lr: 7.747821302116745e-06, Accum Loss: 0.27862638235092163
Lr: 7.746982556781514e-06, Accum Loss: 0.3945791721343994
Lr: 7.746143783371226e-06, Accum Loss: 0.3461657166481018
Lr: 7.74530498198123e-06, Accum Loss: 0.2521922290325165
Lr: 7.744466152706873e-06, Accum Loss: 0.2786561846733093
Lr: 7.743627295643506e-06, Accum Loss: 0.2599218487739563
Lr: 7.742788410886484e-06, Accum Loss: 0.3457081615924835
Lr: 7.741949498531165e-06, Accum Loss: 0.3195664882659912
Lr: 7.74111055867291e-06, Accum Loss: 0.29346179962158203
Lr: 7.740271591407086e-06, Accum Loss: 0.2862837612628937
Lr: 7.739432596829054e-06, Accum Loss: 0.3616638034582138
Lr: 7.73859357503419e-06, Accum Loss: 0.3391750156879425
Lr: 7.737754526117866e-06, Accum Loss: 0.2879682034254074
Lr: 7.736915450175456e-06, Accum Loss: 0.30339524149894714
Lr: 7.736076347302343e-06, Accum Loss: 0.309253454208374
Lr: 7.735237217593907e-06, Accum Loss: 0.3296249508857727
Lr: 7.734398061145536e-06, Accum Loss: 0.3697260618209839
Lr: 7.733558878052617e-06, Accum Loss: 0.3682415783405304
Lr: 7.732719668410544e-06, Accum Loss: 0.27892330288887024
Lr: 7.73188043231471e-06, Accum Loss: 0.2998015582561493
Lr: 7.731041169860513e-06, Accum Loss: 0.35473352670669556
Lr: 7.730201881143354e-06, Accum Loss: 0.303688108921051
Lr: 7.729362566258637e-06, Accum Loss: 0.3677055835723877
Lr: 7.728523225301769e-06, Accum Loss: 0.303164005279541
Lr: 7.72768385836816e-06, Accum Loss: 0.33456723392009735
Lr: 7.72684446555322e-06, Accum Loss: 0.33454447984695435
Lr: 7.726005046952368e-06, Accum Loss: 0.25847771763801575
Lr: 7.72516560266102e-06, Accum Loss: 0.29233694076538086
Lr: 7.724326132774603e-06, Accum Loss: 0.37537509202957153
Lr: 7.723486637388534e-06, Accum Loss: 0.3276578485965729
Lr: 7.722647116598244e-06, Accum Loss: 0.26349982619285583
Lr: 7.721807570499164e-06, Accum Loss: 0.31798478960990906
Lr: 7.720967999186722e-06, Accum Loss: 0.3281084895133972
Lr: 7.720128402756361e-06, Accum Loss: 0.3008274585008621
Lr: 7.719288781303515e-06, Accum Loss: 0.2990632653236389
Lr: 7.718449134923627e-06, Accum Loss: 0.34653863310813904
Lr: 7.717609463712144e-06, Accum Loss: 0.3895030915737152
Lr: 7.71676976776451e-06, Accum Loss: 0.34927305579185486
Lr: 7.715930047176173e-06, Accum Loss: 0.29676178097724915
Lr: 7.715090302042592e-06, Accum Loss: 0.25907324254512787
Lr: 7.71425053245922e-06, Accum Loss: 0.2912838011980057
Lr: 7.713410738521513e-06, Accum Loss: 0.34265419840812683
Lr: 7.712570920324935e-06, Accum Loss: 0.32197369635105133
Lr: 7.71173107796495e-06, Accum Loss: 0.2878194600343704
Lr: 7.710891211537022e-06, Accum Loss: 0.2871699631214142
Lr: 7.710051321136623e-06, Accum Loss: 0.31501445174217224
Lr: 7.709211406859228e-06, Accum Loss: 0.28482194244861603
Lr: 7.708371468800305e-06, Accum Loss: 0.29216812551021576
Lr: 7.707531507055337e-06, Accum Loss: 0.28600773215293884
Lr: 7.706691521719802e-06, Accum Loss: 0.354832723736763
Lr: 7.705851512889183e-06, Accum Loss: 0.27223046123981476
Lr: 7.705011480658968e-06, Accum Loss: 0.25125423073768616
Lr: 7.704171425124642e-06, Accum Loss: 0.3097870200872421
Lr: 7.703331346381697e-06, Accum Loss: 0.38933083415031433
Lr: 7.702491244525628e-06, Accum Loss: 0.3385850489139557
Lr: 7.701651119651932e-06, Accum Loss: 0.3194083869457245
Lr: 7.700810971856103e-06, Accum Loss: 0.28368034958839417
Lr: 7.699970801233648e-06, Accum Loss: 0.3518173098564148
Lr: 7.699130607880068e-06, Accum Loss: 0.3353955000638962
Lr: 7.69829039189087e-06, Accum Loss: 0.3105452358722687
Lr: 7.697450153361565e-06, Accum Loss: 0.3040139228105545
Lr: 7.696609892387663e-06, Accum Loss: 0.30899256467819214
Lr: 7.695769609064679e-06, Accum Loss: 0.3121394068002701
Lr: 7.694929303488126e-06, Accum Loss: 0.3078099340200424
Lr: 7.694088975753532e-06, Accum Loss: 0.3254817724227905
Lr: 7.69324862595641e-06, Accum Loss: 0.391940101981163
Lr: 7.692408254192292e-06, Accum Loss: 0.3174121826887131
Lr: 7.691567860556698e-06, Accum Loss: 0.3227229118347168
Lr: 7.690727445145163e-06, Accum Loss: 0.35938209295272827
Lr: 7.689887008053215e-06, Accum Loss: 0.32628488540649414
Lr: 7.68904654937639e-06, Accum Loss: 0.3112230747938156
Lr: 7.688206069210227e-06, Accum Loss: 0.3181751072406769
Lr: 7.68736556765026e-06, Accum Loss: 0.29094675183296204
Lr: 7.686525044792034e-06, Accum Loss: 0.3388185203075409
Lr: 7.685684500731094e-06, Accum Loss: 0.25489024817943573
Lr: 7.684843935562983e-06, Accum Loss: 0.3286229819059372
Lr: 7.684003349383253e-06, Accum Loss: 0.2967980355024338
Lr: 7.683162742287456e-06, Accum Loss: 0.3032529354095459
Lr: 7.682322114371142e-06, Accum Loss: 0.2725181579589844
Lr: 7.68148146572987e-06, Accum Loss: 0.28967268764972687
Lr: 7.680640796459199e-06, Accum Loss: 0.3391827344894409
Lr: 7.679800106654686e-06, Accum Loss: 0.3201637864112854
Lr: 7.678959396411897e-06, Accum Loss: 0.35051435232162476
Lr: 7.678118665826399e-06, Accum Loss: 0.30548399686813354
Lr: 7.677277914993754e-06, Accum Loss: 0.3370995670557022
Lr: 7.676437144009536e-06, Accum Loss: 0.3072372376918793
Lr: 7.67559635296932e-06, Accum Loss: 0.30889183282852173
Lr: 7.674755541968675e-06, Accum Loss: 0.2626112103462219
Lr: 7.673914711103178e-06, Accum Loss: 0.33153122663497925
Lr: 7.673073860468413e-06, Accum Loss: 0.2668272852897644
Lr: 7.672232990159958e-06, Accum Loss: 0.26813076436519623
Lr: 7.671392100273396e-06, Accum Loss: 0.32451871037483215
Lr: 7.670551190904316e-06, Accum Loss: 0.322039857506752
Lr: 7.669710262148304e-06, Accum Loss: 0.2765279561281204
Lr: 7.668869314100948e-06, Accum Loss: 0.3201642781496048
Lr: 7.668028346857846e-06, Accum Loss: 0.3402426987886429
Lr: 7.667187360514586e-06, Accum Loss: 0.3474801033735275
Lr: 7.66634635516677e-06, Accum Loss: 0.23670817911624908
Lr: 7.665505330909996e-06, Accum Loss: 0.3116864413022995
Lr: 7.664664287839862e-06, Accum Loss: 0.28415657579898834
Lr: 7.663823226051974e-06, Accum Loss: 0.30834196507930756
Lr: 7.662982145641938e-06, Accum Loss: 0.2997356653213501
Lr: 7.662141046705359e-06, Accum Loss: 0.30465590953826904
Lr: 7.661299929337847e-06, Accum Loss: 0.27752038836479187
Lr: 7.660458793635017e-06, Accum Loss: 0.28693513572216034
Lr: 7.659617639692479e-06, Accum Loss: 0.3204355984926224
Lr: 7.65877646760585e-06, Accum Loss: 0.2999539375305176
Lr: 7.657935277470747e-06, Accum Loss: 0.29192888736724854
Lr: 7.657094069382791e-06, Accum Loss: 0.2921290248632431
Lr: 7.656252843437606e-06, Accum Loss: 0.3133144825696945
Lr: 7.655411599730814e-06, Accum Loss: 0.3382134437561035
Lr: 7.654570338358038e-06, Accum Loss: 0.3236084282398224
Lr: 7.653729059414911e-06, Accum Loss: 0.2870975136756897
Lr: 7.65288776299706e-06, Accum Loss: 0.24355852603912354
Lr: 7.65204644920012e-06, Accum Loss: 0.3640305697917938
Lr: 7.651205118119721e-06, Accum Loss: 0.31279274821281433
Lr: 7.650363769851503e-06, Accum Loss: 0.2699509859085083
Lr: 7.649522404491101e-06, Accum Loss: 0.3068435788154602
Lr: 7.648681022134155e-06, Accum Loss: 0.3226279318332672
Lr: 7.64783962287631e-06, Accum Loss: 0.293066069483757
Lr: 7.646998206813205e-06, Accum Loss: 0.3186561018228531
Lr: 7.646156774040489e-06, Accum Loss: 0.24010497331619263
Lr: 7.645315324653807e-06, Accum Loss: 0.3200038969516754
Lr: 7.644473858748813e-06, Accum Loss: 0.2591424137353897
Lr: 7.643632376421152e-06, Accum Loss: 0.28592003881931305
Lr: 7.642790877766482e-06, Accum Loss: 0.26773326098918915
Lr: 7.641949362880457e-06, Accum Loss: 0.35075804591178894
Lr: 7.641107831858731e-06, Accum Loss: 0.3141302615404129
Lr: 7.640266284796967e-06, Accum Loss: 0.3220236301422119
Lr: 7.639424721790824e-06, Accum Loss: 0.2992410957813263
Lr: 7.638583142935961e-06, Accum Loss: 0.2907787561416626
Lr: 7.637741548328047e-06, Accum Loss: 0.42421916127204895
Lr: 7.636899938062747e-06, Accum Loss: 0.29386772215366364
Lr: 7.636058312235726e-06, Accum Loss: 0.2899233400821686
Lr: 7.635216670942654e-06, Accum Loss: 0.28298601508140564
Lr: 7.634375014279204e-06, Accum Loss: 0.23862028121948242
Lr: 7.63353334234105e-06, Accum Loss: 0.24287357926368713
Lr: 7.632691655223864e-06, Accum Loss: 0.3200061619281769
Lr: 7.631849953023323e-06, Accum Loss: 0.31753185391426086
Lr: 7.631008235835105e-06, Accum Loss: 0.2617427408695221
Lr: 7.63016650375489e-06, Accum Loss: 0.29865649342536926
Lr: 7.6293247568783625e-06, Accum Loss: 0.30658119916915894
Lr: 7.628482995301202e-06, Accum Loss: 0.3169056177139282
Lr: 7.627641219119094e-06, Accum Loss: 0.33339452743530273
Lr: 7.626799428427727e-06, Accum Loss: 0.34373708069324493
Lr: 7.625957623322786e-06, Accum Loss: 0.29806259274482727
Lr: 7.625115803899964e-06, Accum Loss: 0.29940420389175415
Lr: 7.624273970254951e-06, Accum Loss: 0.2596244812011719
Lr: 7.623432122483441e-06, Accum Loss: 0.3298059105873108
Lr: 7.622590260681127e-06, Accum Loss: 0.317534476518631
Lr: 7.621748384943706e-06, Accum Loss: 0.30239132046699524
Lr: 7.6209064953668785e-06, Accum Loss: 0.28629830479621887
Lr: 7.620064592046338e-06, Accum Loss: 0.31485600769519806
Lr: 7.619222675077792e-06, Accum Loss: 0.31045249104499817
Lr: 7.618380744556941e-06, Accum Loss: 0.2728061079978943
Lr: 7.617538800579485e-06, Accum Loss: 0.324309766292572
Lr: 7.616696843241135e-06, Accum Loss: 0.28757184743881226
Lr: 7.615854872637596e-06, Accum Loss: 0.33507801592350006
Lr: 7.615012888864577e-06, Accum Loss: 0.3158905804157257
Lr: 7.614170892017788e-06, Accum Loss: 0.30036233365535736
Lr: 7.613328882192941e-06, Accum Loss: 0.2804332971572876
Lr: 7.612486859485748e-06, Accum Loss: 0.32456135749816895
Lr: 7.611644823991924e-06, Accum Loss: 0.2700466066598892
Lr: 7.610802775807186e-06, Accum Loss: 0.2788633406162262
Lr: 7.6099607150272515e-06, Accum Loss: 0.309540718793869
Lr: 7.609118641747837e-06, Accum Loss: 0.3235522508621216
Lr: 7.6082765560646665e-06, Accum Loss: 0.29840506613254547
Lr: 7.6074344580734586e-06, Accum Loss: 0.3340248167514801
Lr: 7.606592347869937e-06, Accum Loss: 0.37350767850875854
Lr: 7.605750225549829e-06, Accum Loss: 0.3485889732837677
Lr: 7.604908091208858e-06, Accum Loss: 0.3360949605703354
Lr: 7.604065944942751e-06, Accum Loss: 0.33725640177726746
Lr: 7.603223786847238e-06, Accum Loss: 0.3388039618730545
Lr: 7.602381617018047e-06, Accum Loss: 0.3451877385377884
Lr: 7.601539435550911e-06, Accum Loss: 0.4265260547399521
Lr: 7.600697242541564e-06, Accum Loss: 0.3390754759311676
Lr: 7.599855038085737e-06, Accum Loss: 0.31173408031463623
Lr: 7.599012822279166e-06, Accum Loss: 0.33174896240234375
Lr: 7.598170595217589e-06, Accum Loss: 0.32220903038978577
Lr: 7.597328356996741e-06, Accum Loss: 0.29607903957366943
Lr: 7.596486107712365e-06, Accum Loss: 0.29969434440135956
Lr: 7.595643847460199e-06, Accum Loss: 0.3393814265727997
Lr: 7.594801576335984e-06, Accum Loss: 0.3401949256658554
Lr: 7.593959294435464e-06, Accum Loss: 0.32969872653484344
Lr: 7.593117001854383e-06, Accum Loss: 0.24159084260463715
Lr: 7.592274698688485e-06, Accum Loss: 0.29427504539489746
Lr: 7.591432385033518e-06, Accum Loss: 0.3456159979104996
Lr: 7.5905900609852295e-06, Accum Loss: 0.31408506631851196
Lr: 7.5897477266393685e-06, Accum Loss: 0.2442859709262848
Lr: 7.588905382091683e-06, Accum Loss: 0.33965790271759033
Lr: 7.588063027437928e-06, Accum Loss: 0.3055134266614914
Lr: 7.5872206627738524e-06, Accum Loss: 0.3135185092687607
Lr: 7.586378288195209e-06, Accum Loss: 0.34359966218471527
Lr: 7.585535903797756e-06, Accum Loss: 0.3558080792427063
Lr: 7.5846935096772465e-06, Accum Loss: 0.2848186194896698
Lr: 7.583851105929437e-06, Accum Loss: 0.3138229697942734
Lr: 7.583008692650088e-06, Accum Loss: 0.3003051280975342
Lr: 7.582166269934957e-06, Accum Loss: 0.2911906987428665
Lr: 7.581323837879802e-06, Accum Loss: 0.2835712432861328
Lr: 7.580481396580388e-06, Accum Loss: 0.3145447224378586
Lr: 7.579638946132475e-06, Accum Loss: 0.31216537952423096
Lr: 7.578796486631826e-06, Accum Loss: 0.3199218511581421
Lr: 7.577954018174205e-06, Accum Loss: 0.32311561703681946
Lr: 7.57711154085538e-06, Accum Loss: 0.3370896428823471
Lr: 7.576269054771114e-06, Accum Loss: 0.25338077545166016
Lr: 7.5754265600171746e-06, Accum Loss: 0.34084680676460266
Lr: 7.574584056689332e-06, Accum Loss: 0.3330489248037338
Lr: 7.5737415448833545e-06, Accum Loss: 0.25817760825157166
Lr: 7.572899024695012e-06, Accum Loss: 0.28784193098545074
Lr: 7.572056496220076e-06, Accum Loss: 0.30957266688346863
Lr: 7.571213959554317e-06, Accum Loss: 0.3293534964323044
Lr: 7.57037141479351e-06, Accum Loss: 0.2807612270116806
Lr: 7.569528862033429e-06, Accum Loss: 0.28801535069942474
Lr: 7.568686301369848e-06, Accum Loss: 0.3117806613445282
Lr: 7.567843732898542e-06, Accum Loss: 0.3234299123287201
Lr: 7.56700115671529e-06, Accum Loss: 0.3409801870584488
Lr: 7.566158572915866e-06, Accum Loss: 0.3265816569328308
Lr: 7.565315981596052e-06, Accum Loss: 0.352303609251976
Lr: 7.564473382851624e-06, Accum Loss: 0.24899467825889587
Lr: 7.5636307767783646e-06, Accum Loss: 0.28752684593200684
Lr: 7.562788163472055e-06, Accum Loss: 0.35857093334198
Lr: 7.561945543028475e-06, Accum Loss: 0.306313619017601
Lr: 7.561102915543406e-06, Accum Loss: 0.341143473982811
Lr: 7.560260281112635e-06, Accum Loss: 0.3097147047519684
Lr: 7.559417639831944e-06, Accum Loss: 0.3052341639995575
Lr: 7.558574991797117e-06, Accum Loss: 0.2894093692302704
Lr: 7.557732337103942e-06, Accum Loss: 0.30093710124492645
Lr: 7.556889675848204e-06, Accum Loss: 0.32895907759666443
Lr: 7.556047008125691e-06, Accum Loss: 0.30282826721668243
Lr: 7.555204334032189e-06, Accum Loss: 0.30808570981025696
Lr: 7.554361653663489e-06, Accum Loss: 0.3223944306373596
Lr: 7.553518967115381e-06, Accum Loss: 0.2810041457414627
Lr: 7.55267627448365e-06, Accum Loss: 0.3927523344755173
Lr: 7.551833575864092e-06, Accum Loss: 0.32896363735198975
Lr: 7.550990871352496e-06, Accum Loss: 0.3111199885606766
Lr: 7.5501481610446535e-06, Accum Loss: 0.34084585309028625
Lr: 7.549305445036361e-06, Accum Loss: 0.29238083958625793
Lr: 7.548462723423408e-06, Accum Loss: 0.3301611840724945
Lr: 7.547619996301588e-06, Accum Loss: 0.2880873680114746
Lr: 7.546777263766699e-06, Accum Loss: 0.3100251257419586
Lr: 7.545934525914536e-06, Accum Loss: 0.3337695002555847
Lr: 7.545091782840893e-06, Accum Loss: 0.3286832273006439
Lr: 7.544249034641566e-06, Accum Loss: 0.32297466695308685
Lr: 7.543406281412354e-06, Accum Loss: 0.30607597529888153
Lr: 7.5425635232490534e-06, Accum Loss: 0.32726818323135376
Lr: 7.5417207602474624e-06, Accum Loss: 0.28442198038101196
Lr: 7.540877992503381e-06, Accum Loss: 0.307159885764122
Lr: 7.540035220112607e-06, Accum Loss: 0.300729900598526
Lr: 7.539192443170942e-06, Accum Loss: 0.2800878584384918
Lr: 7.538349661774183e-06, Accum Loss: 0.305472731590271
Lr: 7.537506876018134e-06, Accum Loss: 0.2631240636110306
Lr: 7.5366640859985945e-06, Accum Loss: 0.32599499821662903
Lr: 7.535821291811369e-06, Accum Loss: 0.3231753408908844
Lr: 7.534978493552257e-06, Accum Loss: 0.27555347979068756
Lr: 7.534135691317061e-06, Accum Loss: 0.31772685050964355
Lr: 7.533292885201587e-06, Accum Loss: 0.29594773054122925
Lr: 7.532450075301635e-06, Accum Loss: 0.2919405400753021
Lr: 7.531607261713012e-06, Accum Loss: 0.3161621689796448
Lr: 7.530764444531522e-06, Accum Loss: 0.3047109395265579
Lr: 7.529921623852969e-06, Accum Loss: 0.361953541636467
Lr: 7.529078799773158e-06, Accum Loss: 0.35880813002586365
Lr: 7.528235972387897e-06, Accum Loss: 0.3886762112379074
Lr: 7.5273931417929886e-06, Accum Loss: 0.25257931649684906
Lr: 7.5265503080842415e-06, Accum Loss: 0.3640250265598297
Lr: 7.525707471357463e-06, Accum Loss: 0.2613942176103592
Lr: 7.524864631708458e-06, Accum Loss: 0.2818824052810669
Lr: 7.524021789233037e-06, Accum Loss: 0.3048448711633682
Lr: 7.523178944027004e-06, Accum Loss: 0.2499224692583084
Lr: 7.522336096186171e-06, Accum Loss: 0.36044518649578094
Lr: 7.521493245806342e-06, Accum Loss: 0.31935012340545654
Lr: 7.52065039298333e-06, Accum Loss: 0.33362337946891785
Lr: 7.5198075378129425e-06, Accum Loss: 0.3096916377544403
Lr: 7.5189646803909855e-06, Accum Loss: 0.3217380791902542
Lr: 7.518121820813274e-06, Accum Loss: 0.2904469668865204
Lr: 7.517278959175614e-06, Accum Loss: 0.27903714776039124
Lr: 7.516436095573816e-06, Accum Loss: 0.3174876570701599
Lr: 7.51559323010369e-06, Accum Loss: 0.2928248643875122
Lr: 7.5147503628610486e-06, Accum Loss: 0.30846577882766724
Lr: 7.5139074939417e-06, Accum Loss: 0.35455742478370667
Lr: 7.513064623441456e-06, Accum Loss: 0.3525763750076294
Lr: 7.512221751456127e-06, Accum Loss: 0.2788989543914795
Lr: 7.511378878081525e-06, Accum Loss: 0.32484887540340424
Lr: 7.510536003413459e-06, Accum Loss: 0.32633693516254425
Lr: 7.509693127547744e-06, Accum Loss: 0.36388327181339264
Lr: 7.50885025058019e-06, Accum Loss: 0.2776044011116028
Lr: 7.508007372606606e-06, Accum Loss: 0.2797936499118805
Lr: 7.5071644937228085e-06, Accum Loss: 0.29952917993068695
Lr: 7.506321614024606e-06, Accum Loss: 0.23493188619613647
Lr: 7.505478733607812e-06, Accum Loss: 0.3403750956058502
Lr: 7.504635852568238e-06, Accum Loss: 0.32906344532966614
Lr: 7.503792971001696e-06, Accum Loss: 0.29311707615852356
Lr: 7.5029500890039985e-06, Accum Loss: 0.36460262537002563
Lr: 7.502107206670959e-06, Accum Loss: 0.3234342932701111
Lr: 7.501264324098389e-06, Accum Loss: 0.24609434604644775
Lr: 7.500421441382099e-06, Accum Loss: 0.2960808277130127
Epoch: 1|3: Train Loss (Epoch Mean): 0.31177692646874355
Epoch: 1|3: Val Loss: 0.3146157913142815
Saving checkpoint at epoch 1 to output/nl27k_baseline_tc/model_name_pt_llm_llm_model_name_7b_chat_llm_frozen_True_max_txt_len_0_max_new_tokens_32_gnn_model_name_gt_patience_2_num_epochs_3_seed0_checkpoint_best.pth.
Epoch 1 Val Loss 0.3146157913142815 Best Val Loss 0.3146157913142815 Best Epoch 1
Lr: 7.4995785586179034e-06, Accum Loss: 0.33245620131492615
Lr: 7.498735675901615e-06, Accum Loss: 0.3412996232509613
Lr: 7.497892793329042e-06, Accum Loss: 0.3209837079048157
Lr: 7.497049910996002e-06, Accum Loss: 0.3404038995504379
Lr: 7.496207028998306e-06, Accum Loss: 0.347062885761261
Lr: 7.495364147431764e-06, Accum Loss: 0.2969873249530792
Lr: 7.4945212663921905e-06, Accum Loss: 0.2856278568506241
Lr: 7.493678385975396e-06, Accum Loss: 0.2933476120233536
Lr: 7.4928355062771936e-06, Accum Loss: 0.29562219977378845
Lr: 7.491992627393395e-06, Accum Loss: 0.3365166336297989
Lr: 7.491149749419813e-06, Accum Loss: 0.29262009263038635
Lr: 7.490306872452257e-06, Accum Loss: 0.3478068709373474
Lr: 7.489463996586542e-06, Accum Loss: 0.2887510508298874
Lr: 7.488621121918478e-06, Accum Loss: 0.3342089056968689
Lr: 7.487778248543874e-06, Accum Loss: 0.32277584075927734
Lr: 7.486935376558546e-06, Accum Loss: 0.30388790369033813
Lr: 7.486092506058302e-06, Accum Loss: 0.34878572821617126
Lr: 7.485249637138952e-06, Accum Loss: 0.35858896374702454
Lr: 7.484406769896311e-06, Accum Loss: 0.33208969235420227
Lr: 7.4835639044261865e-06, Accum Loss: 0.2706023156642914
Lr: 7.482721040824387e-06, Accum Loss: 0.30270324647426605
Lr: 7.4818781791867285e-06, Accum Loss: 0.2779984772205353
Lr: 7.481035319609017e-06, Accum Loss: 0.3107338398694992
Lr: 7.4801924621870595e-06, Accum Loss: 0.3267110586166382
Lr: 7.479349607016672e-06, Accum Loss: 0.26645204424858093
Lr: 7.47850675419366e-06, Accum Loss: 0.2986041009426117
Lr: 7.4776639038138306e-06, Accum Loss: 0.3541601598262787
Lr: 7.476821055972997e-06, Accum Loss: 0.2619722783565521
Lr: 7.475978210766965e-06, Accum Loss: 0.25014805793762207
Lr: 7.475135368291542e-06, Accum Loss: 0.3433763086795807
Lr: 7.474292528642539e-06, Accum Loss: 0.24853792786598206
Lr: 7.473449691915761e-06, Accum Loss: 0.31400932371616364
Lr: 7.472606858207011e-06, Accum Loss: 0.36655986309051514
Lr: 7.471764027612105e-06, Accum Loss: 0.39018887281417847
Lr: 7.470921200226843e-06, Accum Loss: 0.29552575945854187
Lr: 7.4700783761470315e-06, Accum Loss: 0.28908443450927734
Lr: 7.4692355554684794e-06, Accum Loss: 0.2789985239505768
Lr: 7.468392738286989e-06, Accum Loss: 0.3351256549358368
Lr: 7.4675499246983654e-06, Accum Loss: 0.3172764182090759
Lr: 7.466707114798414e-06, Accum Loss: 0.26803451776504517
Lr: 7.46586430868294e-06, Accum Loss: 0.2716178894042969
Lr: 7.465021506447746e-06, Accum Loss: 0.3038257658481598
Lr: 7.4641787081886324e-06, Accum Loss: 0.2963366210460663
Lr: 7.463335914001407e-06, Accum Loss: 0.2949117422103882
Lr: 7.462493123981869e-06, Accum Loss: 0.31953270733356476
Lr: 7.461650338225817e-06, Accum Loss: 0.320521742105484
Lr: 7.46080755682906e-06, Accum Loss: 0.3208616077899933
Lr: 7.459964779887395e-06, Accum Loss: 0.3141193091869354
Lr: 7.459122007496621e-06, Accum Loss: 0.3257451355457306
Lr: 7.458279239752539e-06, Accum Loss: 0.36989299952983856
Lr: 7.457436476750949e-06, Accum Loss: 0.2768227756023407
Lr: 7.456593718587647e-06, Accum Loss: 0.26691649854183197
Lr: 7.455750965358435e-06, Accum Loss: 0.29222428798675537
Lr: 7.454908217159109e-06, Accum Loss: 0.2964164614677429
Lr: 7.454065474085465e-06, Accum Loss: 0.29385727643966675
Lr: 7.453222736233301e-06, Accum Loss: 0.3002982884645462
Lr: 7.452380003698413e-06, Accum Loss: 0.3149423897266388
Lr: 7.451537276576594e-06, Accum Loss: 0.32106855511665344
Lr: 7.450694554963641e-06, Accum Loss: 0.2972496896982193
Lr: 7.449851838955348e-06, Accum Loss: 0.28312021493911743
Lr: 7.449009128647505e-06, Accum Loss: 0.3183065950870514
Lr: 7.44816642413591e-06, Accum Loss: 0.2908383905887604
Lr: 7.447323725516352e-06, Accum Loss: 0.35534457862377167
Lr: 7.446481032884621e-06, Accum Loss: 0.37098950147628784
Lr: 7.445638346336512e-06, Accum Loss: 0.30176256597042084
Lr: 7.444795665967812e-06, Accum Loss: 0.281283363699913
Lr: 7.4439529918743104e-06, Accum Loss: 0.31616517901420593
Lr: 7.443110324151797e-06, Accum Loss: 0.27566275000572205
Lr: 7.44226766289606e-06, Accum Loss: 0.3581184297800064
Lr: 7.4414250082028836e-06, Accum Loss: 0.2708948850631714
Lr: 7.440582360168057e-06, Accum Loss: 0.30063481628894806
Lr: 7.4397397188873665e-06, Accum Loss: 0.27064865827560425
Lr: 7.438897084456594e-06, Accum Loss: 0.3079003691673279
Lr: 7.438054456971527e-06, Accum Loss: 0.3530898094177246
Lr: 7.437211836527947e-06, Accum Loss: 0.3755759596824646
Lr: 7.436369223221635e-06, Accum Loss: 0.27093952894210815
Lr: 7.435526617148376e-06, Accum Loss: 0.3464077115058899
Lr: 7.4346840184039504e-06, Accum Loss: 0.29600225389003754
Lr: 7.433841427084134e-06, Accum Loss: 0.30533453822135925
Lr: 7.432998843284712e-06, Accum Loss: 0.3183937221765518
Lr: 7.43215626710146e-06, Accum Loss: 0.3101051300764084
Lr: 7.431313698630154e-06, Accum Loss: 0.35915520787239075
Lr: 7.430471137966572e-06, Accum Loss: 0.36599376797676086
Lr: 7.429628585206492e-06, Accum Loss: 0.27376657724380493
Lr: 7.428786040445685e-06, Accum Loss: 0.28687968850135803
Lr: 7.427943503779926e-06, Accum Loss: 0.27527348697185516
Lr: 7.42710097530499e-06, Accum Loss: 0.2566489577293396
Lr: 7.4262584551166476e-06, Accum Loss: 0.3292153626680374
Lr: 7.425415943310669e-06, Accum Loss: 0.3261552155017853
Lr: 7.424573439982827e-06, Accum Loss: 0.2604524791240692
Lr: 7.423730945228889e-06, Accum Loss: 0.28822681307792664
Lr: 7.422888459144621e-06, Accum Loss: 0.33966194093227386
Lr: 7.422045981825795e-06, Accum Loss: 0.25039155781269073
Lr: 7.421203513368176e-06, Accum Loss: 0.32317815721035004
Lr: 7.420361053867526e-06, Accum Loss: 0.31774507462978363
Lr: 7.419518603419614e-06, Accum Loss: 0.3139618933200836
Lr: 7.4186761621202e-06, Accum Loss: 0.32806186378002167
Lr: 7.417833730065044e-06, Accum Loss: 0.3270474821329117
Lr: 7.416991307349914e-06, Accum Loss: 0.3192412257194519
Lr: 7.416148894070564e-06, Accum Loss: 0.2973296493291855
Lr: 7.415306490322755e-06, Accum Loss: 0.2883847951889038
Lr: 7.414464096202246e-06, Accum Loss: 0.3460858166217804
Lr: 7.413621711804793e-06, Accum Loss: 0.3456966429948807
Lr: 7.41277933722615e-06, Accum Loss: 0.301591157913208
Lr: 7.411936972562074e-06, Accum Loss: 0.2671746164560318
Lr: 7.411094617908318e-06, Accum Loss: 0.32532019913196564
Lr: 7.410252273360632e-06, Accum Loss: 0.2959260195493698
Lr: 7.409409939014771e-06, Accum Loss: 0.32545770704746246
Lr: 7.4085676149664825e-06, Accum Loss: 0.3201828598976135
Lr: 7.407725301311515e-06, Accum Loss: 0.29396241903305054
Lr: 7.406882998145618e-06, Accum Loss: 0.29222775995731354
Lr: 7.406040705564538e-06, Accum Loss: 0.33146288990974426
Lr: 7.405198423664017e-06, Accum Loss: 0.3292147070169449
Lr: 7.404356152539803e-06, Accum Loss: 0.28629428148269653
Lr: 7.403513892287637e-06, Accum Loss: 0.32242390513420105
Lr: 7.4026716430032586e-06, Accum Loss: 0.2514805346727371
Lr: 7.401829404782412e-06, Accum Loss: 0.34674613177776337
Lr: 7.400987177720836e-06, Accum Loss: 0.3473978340625763
Lr: 7.400144961914264e-06, Accum Loss: 0.2551358938217163
Lr: 7.399302757458438e-06, Accum Loss: 0.35667750239372253
Lr: 7.39846056444909e-06, Accum Loss: 0.247614786028862
Lr: 7.397618382981955e-06, Accum Loss: 0.330289751291275
Lr: 7.396776213152764e-06, Accum Loss: 0.3566398024559021
Lr: 7.395934055057251e-06, Accum Loss: 0.3171260952949524
Lr: 7.3950919087911445e-06, Accum Loss: 0.2618856430053711
Lr: 7.394249774450172e-06, Accum Loss: 0.3174680173397064
Lr: 7.393407652130064e-06, Accum Loss: 0.3636623024940491
Lr: 7.3925655419265435e-06, Accum Loss: 0.3233586251735687
Lr: 7.391723443935335e-06, Accum Loss: 0.2869489938020706
Lr: 7.3908813582521644e-06, Accum Loss: 0.2720149755477905
Lr: 7.3900392849727514e-06, Accum Loss: 0.33007435500621796
Lr: 7.389197224192815e-06, Accum Loss: 0.2941794693470001
Lr: 7.388355176008078e-06, Accum Loss: 0.3669055998325348
Lr: 7.387513140514254e-06, Accum Loss: 0.2657873183488846
Lr: 7.386671117807061e-06, Accum Loss: 0.34769779443740845
Lr: 7.385829107982214e-06, Accum Loss: 0.27613605558872223
Lr: 7.3849871111354244e-06, Accum Loss: 0.32371506094932556
Lr: 7.384145127362404e-06, Accum Loss: 0.2668535113334656
Lr: 7.383303156758866e-06, Accum Loss: 0.2855464518070221
Lr: 7.382461199420517e-06, Accum Loss: 0.3542138934135437
Lr: 7.381619255443061e-06, Accum Loss: 0.3136177510023117
Lr: 7.380777324922209e-06, Accum Loss: 0.2800111323595047
Lr: 7.379935407953663e-06, Accum Loss: 0.29046474397182465
Lr: 7.379093504633124e-06, Accum Loss: 0.31698286533355713
Lr: 7.378251615056295e-06, Accum Loss: 0.3383205533027649
Lr: 7.3774097393188754e-06, Accum Loss: 0.29499733448028564
Lr: 7.37656787751656e-06, Accum Loss: 0.2516442537307739
Lr: 7.37572602974505e-06, Accum Loss: 0.35261203348636627
Lr: 7.374884196100037e-06, Accum Loss: 0.3023654818534851
Lr: 7.374042376677214e-06, Accum Loss: 0.3083906024694443
Lr: 7.373200571572275e-06, Accum Loss: 0.3227905035018921
Lr: 7.372358780880907e-06, Accum Loss: 0.28231488168239594
Lr: 7.371517004698799e-06, Accum Loss: 0.32305577397346497
Lr: 7.370675243121639e-06, Accum Loss: 0.34862305223941803
Lr: 7.369833496245111e-06, Accum Loss: 0.33164091408252716
Lr: 7.3689917641648956e-06, Accum Loss: 0.3759818524122238
Lr: 7.368150046976679e-06, Accum Loss: 0.3245166838169098
Lr: 7.367308344776138e-06, Accum Loss: 0.30146948993206024
Lr: 7.366466657658953e-06, Accum Loss: 0.2697817385196686
Lr: 7.365624985720796e-06, Accum Loss: 0.2766421288251877
Lr: 7.364783329057348e-06, Accum Loss: 0.3200331926345825
Lr: 7.363941687764277e-06, Accum Loss: 0.3250793069601059
Lr: 7.363100061937255e-06, Accum Loss: 0.2775745689868927
Lr: 7.362258451671954e-06, Accum Loss: 0.30832698941230774
Lr: 7.361416857064041e-06, Accum Loss: 0.27789849042892456
Lr: 7.360575278209178e-06, Accum Loss: 0.33377504348754883
Lr: 7.359733715203035e-06, Accum Loss: 0.2858577072620392
Lr: 7.358892168141271e-06, Accum Loss: 0.29211796820163727
Lr: 7.358050637119545e-06, Accum Loss: 0.2956530302762985
Lr: 7.35720912223352e-06, Accum Loss: 0.37719497084617615
Lr: 7.35636762357885e-06, Accum Loss: 0.2725983113050461
Lr: 7.355526141251189e-06, Accum Loss: 0.2721841335296631
Lr: 7.354684675346194e-06, Accum Loss: 0.34809283912181854
Lr: 7.353843225959514e-06, Accum Loss: 0.27182169258594513
Lr: 7.353001793186796e-06, Accum Loss: 0.1936858743429184
Lr: 7.3521603771236925e-06, Accum Loss: 0.34379027783870697
Lr: 7.351318977865847e-06, Accum Loss: 0.2731145769357681
Lr: 7.3504775955089e-06, Accum Loss: 0.33848708868026733
Lr: 7.349636230148499e-06, Accum Loss: 0.268551230430603
Lr: 7.348794881880281e-06, Accum Loss: 0.33377984166145325
Lr: 7.34795355079988e-06, Accum Loss: 0.343399241566658
Lr: 7.34711223700294e-06, Accum Loss: 0.3461378812789917
Lr: 7.346270940585091e-06, Accum Loss: 0.3200986683368683
Lr: 7.345429661641962e-06, Accum Loss: 0.2645978033542633
Lr: 7.344588400269188e-06, Accum Loss: 0.33175331354141235
Lr: 7.343747156562396e-06, Accum Loss: 0.33396175503730774
Lr: 7.342905930617208e-06, Accum Loss: 0.3572278469800949
Lr: 7.342064722529253e-06, Accum Loss: 0.2900572419166565
Lr: 7.341223532394153e-06, Accum Loss: 0.26959002017974854
Lr: 7.340382360307522e-06, Accum Loss: 0.3184433877468109
Lr: 7.339541206364985e-06, Accum Loss: 0.289522647857666
Lr: 7.338700070662155e-06, Accum Loss: 0.37336114048957825
Lr: 7.337858953294641e-06, Accum Loss: 0.30926039814949036
Lr: 7.337017854358064e-06, Accum Loss: 0.34610359370708466
Lr: 7.336176773948028e-06, Accum Loss: 0.3134818375110626
Lr: 7.335335712160139e-06, Accum Loss: 0.314953088760376
Lr: 7.3344946690900064e-06, Accum Loss: 0.36961236596107483
Lr: 7.333653644833232e-06, Accum Loss: 0.30978474020957947
Lr: 7.332812639485414e-06, Accum Loss: 0.2756851762533188
Lr: 7.3319716531421565e-06, Accum Loss: 0.31745773553848267
Lr: 7.331130685899053e-06, Accum Loss: 0.2709907442331314
Lr: 7.3302897378516995e-06, Accum Loss: 0.3323531746864319
Lr: 7.329448809095686e-06, Accum Loss: 0.25680074095726013
Lr: 7.328607899726606e-06, Accum Loss: 0.2886595278978348
Lr: 7.327767009840045e-06, Accum Loss: 0.2971004992723465
Lr: 7.326926139531589e-06, Accum Loss: 0.29788628220558167
Lr: 7.326085288896824e-06, Accum Loss: 0.32711565494537354
Lr: 7.325244458031329e-06, Accum Loss: 0.2822404205799103
Lr: 7.324403647030683e-06, Accum Loss: 0.3166608512401581
Lr: 7.3235628559904645e-06, Accum Loss: 0.33344554901123047
Lr: 7.322722085006248e-06, Accum Loss: 0.29739974439144135
Lr: 7.321881334173603e-06, Accum Loss: 0.29201066493988037
Lr: 7.321040603588103e-06, Accum Loss: 0.2900782376527786
Lr: 7.320199893345316e-06, Accum Loss: 0.29687735438346863
Lr: 7.319359203540802e-06, Accum Loss: 0.35602496564388275
Lr: 7.318518534270131e-06, Accum Loss: 0.2752552181482315
Lr: 7.317677885628859e-06, Accum Loss: 0.29671384394168854
Lr: 7.316837257712544e-06, Accum Loss: 0.2653847336769104
Lr: 7.315996650616747e-06, Accum Loss: 0.22862693667411804
Lr: 7.315156064437019e-06, Accum Loss: 0.279222697019577
Lr: 7.314315499268908e-06, Accum Loss: 0.3167911767959595
Lr: 7.313474955207968e-06, Accum Loss: 0.3221038579940796
Lr: 7.312634432349743e-06, Accum Loss: 0.3006252646446228
Lr: 7.311793930789775e-06, Accum Loss: 0.37613940238952637
Lr: 7.310953450623611e-06, Accum Loss: 0.2984440177679062
Lr: 7.310112991946787e-06, Accum Loss: 0.31809623539447784
Lr: 7.309272554854838e-06, Accum Loss: 0.3788573145866394
Lr: 7.308432139443302e-06, Accum Loss: 0.32928286492824554
Lr: 7.3075917458077104e-06, Accum Loss: 0.27800849080085754
Lr: 7.306751374043589e-06, Accum Loss: 0.30258530378341675
Lr: 7.30591102424647e-06, Accum Loss: 0.28438594937324524
Lr: 7.305070696511874e-06, Accum Loss: 0.3249107450246811
Lr: 7.304230390935323e-06, Accum Loss: 0.2769184112548828
Lr: 7.303390107612338e-06, Accum Loss: 0.31940069794654846
Lr: 7.302549846638436e-06, Accum Loss: 0.31594792008399963
Lr: 7.30170960810913e-06, Accum Loss: 0.29352933168411255
Lr: 7.300869392119932e-06, Accum Loss: 0.335278257727623
Lr: 7.300029198766354e-06, Accum Loss: 0.33373554050922394
Lr: 7.299189028143899e-06, Accum Loss: 0.32073570787906647
Lr: 7.29834888034807e-06, Accum Loss: 0.27967317402362823
Lr: 7.297508755474372e-06, Accum Loss: 0.30993732810020447
Lr: 7.296668653618305e-06, Accum Loss: 0.3543815165758133
Lr: 7.29582857487536e-06, Accum Loss: 0.34027568995952606
Lr: 7.294988519341034e-06, Accum Loss: 0.30921241641044617
Lr: 7.2941484871108194e-06, Accum Loss: 0.2490721046924591
Lr: 7.293308478280198e-06, Accum Loss: 0.3365201950073242
Lr: 7.292468492944665e-06, Accum Loss: 0.31978073716163635
Lr: 7.291628531199697e-06, Accum Loss: 0.2572067379951477
Lr: 7.2907885931407745e-06, Accum Loss: 0.2947777658700943
Lr: 7.289948678863377e-06, Accum Loss: 0.3392597734928131
Lr: 7.28910878846298e-06, Accum Loss: 0.2941606044769287
Lr: 7.288268922035052e-06, Accum Loss: 0.336784690618515
Lr: 7.287429079675067e-06, Accum Loss: 0.3608194440603256
Lr: 7.2865892614784895e-06, Accum Loss: 0.30466224253177643
Lr: 7.285749467540782e-06, Accum Loss: 0.28926244378089905
Lr: 7.28490969795741e-06, Accum Loss: 0.3013204485177994
Lr: 7.284069952823829e-06, Accum Loss: 0.2877168655395508
Lr: 7.2832302322354925e-06, Accum Loss: 0.3182830959558487
Lr: 7.282390536287858e-06, Accum Loss: 0.3483661115169525
Lr: 7.281550865076373e-06, Accum Loss: 0.36582155525684357
Lr: 7.280711218696486e-06, Accum Loss: 0.27751362323760986
Lr: 7.279871597243641e-06, Accum Loss: 0.3308877646923065
Lr: 7.27903200081328e-06, Accum Loss: 0.2938756048679352
Lr: 7.278192429500838e-06, Accum Loss: 0.32814551889896393
Lr: 7.277352883401758e-06, Accum Loss: 0.3018338084220886
Lr: 7.2765133626114685e-06, Accum Loss: 0.2818719297647476
Lr: 7.275673867225399e-06, Accum Loss: 0.292940229177475
Lr: 7.2748343973389796e-06, Accum Loss: 0.2725681811571121
Lr: 7.273994953047634e-06, Accum Loss: 0.32400980591773987
Lr: 7.27315553444678e-06, Accum Loss: 0.2553965449333191
Lr: 7.272316141631842e-06, Accum Loss: 0.2846595048904419
Lr: 7.2714767746982325e-06, Accum Loss: 0.3306821137666702
Lr: 7.270637433741363e-06, Accum Loss: 0.27244602143764496
Lr: 7.269798118856646e-06, Accum Loss: 0.30202680826187134
Lr: 7.268958830139489e-06, Accum Loss: 0.3058839738368988
Lr: 7.268119567685291e-06, Accum Loss: 0.297257736325264
Lr: 7.267280331589457e-06, Accum Loss: 0.3104560673236847
Lr: 7.2664411219473835e-06, Accum Loss: 0.291862353682518
Lr: 7.265601938854464e-06, Accum Loss: 0.34381332993507385
Lr: 7.264762782406094e-06, Accum Loss: 0.29109132289886475
Lr: 7.263923652697659e-06, Accum Loss: 0.39244696497917175
Lr: 7.263084549824546e-06, Accum Loss: 0.2767106145620346
Lr: 7.262245473882136e-06, Accum Loss: 0.2603164613246918
Lr: 7.261406424965812e-06, Accum Loss: 0.29627275466918945
Lr: 7.260567403170948e-06, Accum Loss: 0.28413236141204834
Lr: 7.259728408592916e-06, Accum Loss: 0.2874414622783661
Lr: 7.2588894413270905e-06, Accum Loss: 0.2961904853582382
Lr: 7.258050501468837e-06, Accum Loss: 0.2785615473985672
Lr: 7.257211589113518e-06, Accum Loss: 0.2916982173919678
Lr: 7.2563727043564964e-06, Accum Loss: 0.3235469162464142
Lr: 7.25553384729313e-06, Accum Loss: 0.3314502537250519
Lr: 7.254695018018771e-06, Accum Loss: 0.2961682975292206
Lr: 7.253856216628776e-06, Accum Loss: 0.40308187901973724
Lr: 7.2530174432184885e-06, Accum Loss: 0.23879703879356384
Lr: 7.252178697883255e-06, Accum Loss: 0.31232281029224396
Lr: 7.2513399807184204e-06, Accum Loss: 0.3256700038909912
Lr: 7.250501291819321e-06, Accum Loss: 0.2745805084705353
Lr: 7.249662631281292e-06, Accum Loss: 0.277898833155632
Lr: 7.248823999199667e-06, Accum Loss: 0.2560931146144867
Lr: 7.247985395669776e-06, Accum Loss: 0.30456186830997467
Lr: 7.247146820786941e-06, Accum Loss: 0.3837618976831436
Lr: 7.246308274646489e-06, Accum Loss: 0.3692067414522171
Lr: 7.245469757343738e-06, Accum Loss: 0.26315321028232574
Lr: 7.244631268974003e-06, Accum Loss: 0.31218521296977997
Lr: 7.243792809632599e-06, Accum Loss: 0.37044036388397217
Lr: 7.242954379414833e-06, Accum Loss: 0.28091418743133545
Lr: 7.2421159784160116e-06, Accum Loss: 0.3027314841747284
Lr: 7.241277606731441e-06, Accum Loss: 0.29661399126052856
Lr: 7.240439264456418e-06, Accum Loss: 0.33202485740184784
Lr: 7.239600951686237e-06, Accum Loss: 0.32995885610580444
Lr: 7.238762668516195e-06, Accum Loss: 0.28690357506275177
Lr: 7.237924415041579e-06, Accum Loss: 0.2995702922344208
Lr: 7.237086191357675e-06, Accum Loss: 0.3200930058956146
Lr: 7.2362479975597674e-06, Accum Loss: 0.3225855976343155
Lr: 7.235409833743136e-06, Accum Loss: 0.2699713557958603
Lr: 7.2345717000030514e-06, Accum Loss: 0.3463193327188492
Lr: 7.233733596434792e-06, Accum Loss: 0.3088228851556778
Lr: 7.232895523133626e-06, Accum Loss: 0.32315593957901
Lr: 7.232057480194818e-06, Accum Loss: 0.2786988615989685
Lr: 7.231219467713628e-06, Accum Loss: 0.284693643450737
Lr: 7.230381485785319e-06, Accum Loss: 0.3076091408729553
Lr: 7.229543534505144e-06, Accum Loss: 0.30428315699100494
Lr: 7.228705613968353e-06, Accum Loss: 0.3365338444709778
Lr: 7.227867724270198e-06, Accum Loss: 0.34532564878463745
Lr: 7.2270298655059224e-06, Accum Loss: 0.3533283770084381
Lr: 7.226192037770765e-06, Accum Loss: 0.3174660801887512
Lr: 7.225354241159967e-06, Accum Loss: 0.2904510796070099
Lr: 7.224516475768762e-06, Accum Loss: 0.32680749893188477
Lr: 7.223678741692377e-06, Accum Loss: 0.2913200408220291
Lr: 7.222841039026045e-06, Accum Loss: 0.2743912935256958
Lr: 7.2220033678649855e-06, Accum Loss: 0.30498166382312775
Lr: 7.221165728304418e-06, Accum Loss: 0.3095577657222748
Lr: 7.220328120439562e-06, Accum Loss: 0.3105320334434509
Lr: 7.219490544365629e-06, Accum Loss: 0.3351087421178818
Lr: 7.218653000177825e-06, Accum Loss: 0.2638123482465744
Lr: 7.21781548797136e-06, Accum Loss: 0.3075665086507797
Lr: 7.216978007841434e-06, Accum Loss: 0.3634050339460373
Lr: 7.216140559883244e-06, Accum Loss: 0.2861921340227127
Lr: 7.215303144191987e-06, Accum Loss: 0.3596544861793518
Lr: 7.214465760862853e-06, Accum Loss: 0.2785347253084183
Lr: 7.213628409991028e-06, Accum Loss: 0.30917446315288544
Lr: 7.212791091671696e-06, Accum Loss: 0.2778380215167999
Lr: 7.211953806000038e-06, Accum Loss: 0.3215363472700119
Lr: 7.211116553071228e-06, Accum Loss: 0.33440302312374115
Lr: 7.2102793329804426e-06, Accum Loss: 0.35179853439331055
Lr: 7.209442145822847e-06, Accum Loss: 0.35703930258750916
Lr: 7.208604991693604e-06, Accum Loss: 0.3028847724199295
Lr: 7.207767870687879e-06, Accum Loss: 0.30681103467941284
Lr: 7.206930782900829e-06, Accum Loss: 0.28986993432044983
Lr: 7.2060937284276056e-06, Accum Loss: 0.3428807407617569
Lr: 7.20525670736336e-06, Accum Loss: 0.29419732093811035
Lr: 7.204419719803239e-06, Accum Loss: 0.2976911813020706
Lr: 7.20358276584238e-06, Accum Loss: 0.26336798071861267
Lr: 7.202745845575928e-06, Accum Loss: 0.3318454623222351
Lr: 7.201908959099014e-06, Accum Loss: 0.32635830342769623
Lr: 7.2010721065067694e-06, Accum Loss: 0.2563377022743225
Lr: 7.200235287894322e-06, Accum Loss: 0.31409016251564026
Lr: 7.199398503356793e-06, Accum Loss: 0.3171101212501526
Lr: 7.198561752989301e-06, Accum Loss: 0.30917899310588837
Lr: 7.197725036886964e-06, Accum Loss: 0.29703277349472046
Lr: 7.196888355144893e-06, Accum Loss: 0.3089422136545181
Lr: 7.196051707858195e-06, Accum Loss: 0.3919500708580017
Lr: 7.195215095121971e-06, Accum Loss: 0.2579064965248108
Lr: 7.194378517031324e-06, Accum Loss: 0.283960685133934
Lr: 7.193541973681348e-06, Accum Loss: 0.30955277383327484
Lr: 7.192705465167135e-06, Accum Loss: 0.3434488773345947
Lr: 7.191868991583774e-06, Accum Loss: 0.3353010267019272
Lr: 7.191032553026347e-06, Accum Loss: 0.33487728238105774
Lr: 7.1901961495899336e-06, Accum Loss: 0.3529151678085327
Lr: 7.189359781369612e-06, Accum Loss: 0.3356626182794571
Lr: 7.188523448460452e-06, Accum Loss: 0.2854159474372864
Lr: 7.187687150957522e-06, Accum Loss: 0.3247717171907425
Lr: 7.186850888955886e-06, Accum Loss: 0.3171662539243698
Lr: 7.186014662550605e-06, Accum Loss: 0.2817823588848114
Lr: 7.18517847183673e-06, Accum Loss: 0.27618372440338135
Lr: 7.184342316909318e-06, Accum Loss: 0.37587350606918335
Lr: 7.183506197863416e-06, Accum Loss: 0.2605791240930557
Lr: 7.182670114794063e-06, Accum Loss: 0.324924498796463
Lr: 7.181834067796304e-06, Accum Loss: 0.2992607057094574
Lr: 7.180998056965171e-06, Accum Loss: 0.3052726686000824
Lr: 7.180162082395695e-06, Accum Loss: 0.33150723576545715
Lr: 7.179326144182905e-06, Accum Loss: 0.2825298011302948
Lr: 7.178490242421823e-06, Accum Loss: 0.3026227504014969
Lr: 7.177654377207467e-06, Accum Loss: 0.24181872606277466
Lr: 7.176818548634854e-06, Accum Loss: 0.28200462460517883
Lr: 7.175982756798993e-06, Accum Loss: 0.2520500421524048
Lr: 7.175147001794889e-06, Accum Loss: 0.31477025151252747
Lr: 7.174311283717545e-06, Accum Loss: 0.23261797428131104
Lr: 7.173475602661961e-06, Accum Loss: 0.34411516785621643
Lr: 7.1726399587231265e-06, Accum Loss: 0.3387017846107483
Lr: 7.171804351996036e-06, Accum Loss: 0.31856951117515564
Lr: 7.1709687825756725e-06, Accum Loss: 0.2276686131954193
Lr: 7.170133250557014e-06, Accum Loss: 0.34776289761066437
Lr: 7.169297756035043e-06, Accum Loss: 0.3271713852882385
Lr: 7.168462299104729e-06, Accum Loss: 0.32044029235839844
Lr: 7.167626879861037e-06, Accum Loss: 0.3267998695373535
Lr: 7.166791498398939e-06, Accum Loss: 0.34972938895225525
Lr: 7.165956154813388e-06, Accum Loss: 0.3097327649593353
Lr: 7.1651208491993415e-06, Accum Loss: 0.3044363558292389
Lr: 7.164285581651749e-06, Accum Loss: 0.33149269223213196
Lr: 7.16345035226556e-06, Accum Loss: 0.3067532479763031
Lr: 7.162615161135715e-06, Accum Loss: 0.32646405696868896
Lr: 7.161780008357152e-06, Accum Loss: 0.3581116646528244
Lr: 7.160944894024807e-06, Accum Loss: 0.29966191947460175
Lr: 7.160109818233606e-06, Accum Loss: 0.32671627402305603
Lr: 7.159274781078474e-06, Accum Loss: 0.3120836317539215
Lr: 7.158439782654336e-06, Accum Loss: 0.22272898256778717
Lr: 7.157604823056104e-06, Accum Loss: 0.33636191487312317
Lr: 7.156769902378689e-06, Accum Loss: 0.35803695023059845
Lr: 7.155935020717002e-06, Accum Loss: 0.36208437383174896
Lr: 7.155100178165944e-06, Accum Loss: 0.35096314549446106
Lr: 7.154265374820411e-06, Accum Loss: 0.28425687551498413
Lr: 7.153430610775301e-06, Accum Loss: 0.3021632581949234
Lr: 7.152595886125502e-06, Accum Loss: 0.30124714970588684
Lr: 7.151761200965897e-06, Accum Loss: 0.3022446930408478
Lr: 7.15092655539137e-06, Accum Loss: 0.3153345584869385
Lr: 7.150091949496795e-06, Accum Loss: 0.3008316904306412
Lr: 7.149257383377042e-06, Accum Loss: 0.25312504172325134
Lr: 7.148422857126982e-06, Accum Loss: 0.3033958375453949
Lr: 7.147588370841475e-06, Accum Loss: 0.3017721325159073
Lr: 7.146753924615377e-06, Accum Loss: 0.2705964297056198
Lr: 7.145919518543545e-06, Accum Loss: 0.30996228754520416
Lr: 7.145085152720827e-06, Accum Loss: 0.37717263400554657
Lr: 7.144250827242063e-06, Accum Loss: 0.2935296297073364
Lr: 7.143416542202099e-06, Accum Loss: 0.34834738075733185
Lr: 7.142582297695767e-06, Accum Loss: 0.30145516991615295
Lr: 7.1417480938178955e-06, Accum Loss: 0.30434277653694153
Lr: 7.140913930663314e-06, Accum Loss: 0.3036535531282425
Lr: 7.140079808326843e-06, Accum Loss: 0.29463131725788116
Lr: 7.139245726903295e-06, Accum Loss: 0.3298979848623276
Lr: 7.138411686487487e-06, Accum Loss: 0.3493817299604416
Lr: 7.137577687174225e-06, Accum Loss: 0.3366350829601288
Lr: 7.136743729058308e-06, Accum Loss: 0.2593335658311844
Lr: 7.1359098122345385e-06, Accum Loss: 0.336923211812973
Lr: 7.135075936797708e-06, Accum Loss: 0.2349158227443695
Lr: 7.134242102842602e-06, Accum Loss: 0.3238333612680435
Lr: 7.13340831046401e-06, Accum Loss: 0.2607579827308655
Lr: 7.132574559756707e-06, Accum Loss: 0.2922297865152359
Lr: 7.131740850815467e-06, Accum Loss: 0.2542645186185837
Lr: 7.130907183735062e-06, Accum Loss: 0.24845844507217407
Lr: 7.130073558610256e-06, Accum Loss: 0.38861510157585144
Lr: 7.129239975535809e-06, Accum Loss: 0.34910276532173157
Lr: 7.128406434606473e-06, Accum Loss: 0.2781421095132828
Lr: 7.127572935917003e-06, Accum Loss: 0.2949672192335129
Lr: 7.126739479562144e-06, Accum Loss: 0.3148224949836731
Lr: 7.1259060656366335e-06, Accum Loss: 0.3309380114078522
Lr: 7.125072694235211e-06, Accum Loss: 0.31922608613967896
Lr: 7.124239365452608e-06, Accum Loss: 0.28752271831035614
Lr: 7.123406079383546e-06, Accum Loss: 0.2754172086715698
Lr: 7.1225728361227515e-06, Accum Loss: 0.27942073345184326
Lr: 7.12173963576494e-06, Accum Loss: 0.2965715229511261
Lr: 7.1209064784048215e-06, Accum Loss: 0.35270822048187256
Lr: 7.1200733641371035e-06, Accum Loss: 0.3350519984960556
Lr: 7.11924029305649e-06, Accum Loss: 0.2929365932941437
Lr: 7.118407265257675e-06, Accum Loss: 0.2869681715965271
Lr: 7.1175742808353525e-06, Accum Loss: 0.2911389321088791
Lr: 7.11674133988421e-06, Accum Loss: 0.2854544520378113
Lr: 7.115908442498927e-06, Accum Loss: 0.3228653818368912
Lr: 7.1150755887741845e-06, Accum Loss: 0.2451326549053192
Lr: 7.114242778804653e-06, Accum Loss: 0.3423944115638733
Lr: 7.113410012684999e-06, Accum Loss: 0.2992260456085205
Lr: 7.112577290509886e-06, Accum Loss: 0.3318397104740143
Lr: 7.111744612373972e-06, Accum Loss: 0.29836297035217285
Lr: 7.110911978371908e-06, Accum Loss: 0.354879766702652
Lr: 7.110079388598341e-06, Accum Loss: 0.28287334740161896
Lr: 7.109246843147916e-06, Accum Loss: 0.3047809451818466
Lr: 7.108414342115267e-06, Accum Loss: 0.3830289840698242
Lr: 7.1075818855950285e-06, Accum Loss: 0.302850604057312
Lr: 7.106749473681827e-06, Accum Loss: 0.29433387517929077
Lr: 7.105917106470284e-06, Accum Loss: 0.36487796902656555
Lr: 7.105084784055018e-06, Accum Loss: 0.26995953917503357
Lr: 7.104252506530639e-06, Accum Loss: 0.32010509073734283
Lr: 7.103420273991755e-06, Accum Loss: 0.32710249722003937
Lr: 7.102588086532968e-06, Accum Loss: 0.28720903396606445
Lr: 7.101755944248874e-06, Accum Loss: 0.3142617791891098
Lr: 7.100923847234064e-06, Accum Loss: 0.2965337634086609
Lr: 7.1000917955831254e-06, Accum Loss: 0.32303914427757263
Lr: 7.099259789390639e-06, Accum Loss: 0.27373404800891876
Lr: 7.098427828751181e-06, Accum Loss: 0.27871111035346985
Lr: 7.0975959137593205e-06, Accum Loss: 0.28123998641967773
Lr: 7.096764044509626e-06, Accum Loss: 0.297806054353714
Lr: 7.095932221096657e-06, Accum Loss: 0.27150340378284454
Lr: 7.095100443614965e-06, Accum Loss: 0.3272300660610199
Lr: 7.094268712159105e-06, Accum Loss: 0.30027276277542114
Lr: 7.093437026823621e-06, Accum Loss: 0.32442526519298553
Lr: 7.092605387703049e-06, Accum Loss: 0.28008808195590973
Lr: 7.091773794891927e-06, Accum Loss: 0.3200785219669342
Lr: 7.090942248484783e-06, Accum Loss: 0.3234955072402954
Lr: 7.090110748576139e-06, Accum Loss: 0.272492378950119
Lr: 7.089279295260516e-06, Accum Loss: 0.3006879985332489
Lr: 7.088447888632426e-06, Accum Loss: 0.31915871798992157
Lr: 7.087616528786376e-06, Accum Loss: 0.3728117197751999
Lr: 7.086785215816869e-06, Accum Loss: 0.2679484486579895
Lr: 7.085953949818404e-06, Accum Loss: 0.3216530680656433
Lr: 7.085122730885469e-06, Accum Loss: 0.410778284072876
Lr: 7.084291559112555e-06, Accum Loss: 0.33420976996421814
Lr: 7.0834604345941405e-06, Accum Loss: 0.2652953416109085
Lr: 7.082629357424701e-06, Accum Loss: 0.3479839414358139
Lr: 7.081798327698708e-06, Accum Loss: 0.29927627742290497
Lr: 7.080967345510627e-06, Accum Loss: 0.25509013235569
Lr: 7.080136410954914e-06, Accum Loss: 0.31526994705200195
Lr: 7.079305524126029e-06, Accum Loss: 0.324403315782547
Lr: 7.0784746851184165e-06, Accum Loss: 0.32769791781902313
Lr: 7.07764389402652e-06, Accum Loss: 0.28853021562099457
Lr: 7.07681315094478e-06, Accum Loss: 0.2746152728796005
Lr: 7.075982455967626e-06, Accum Loss: 0.37014777958393097
Lr: 7.075151809189485e-06, Accum Loss: 0.2956075668334961
Lr: 7.074321210704782e-06, Accum Loss: 0.30134114623069763
Lr: 7.07349066060793e-06, Accum Loss: 0.34539249539375305
Lr: 7.072660158993338e-06, Accum Loss: 0.31728316843509674
Lr: 7.071829705955415e-06, Accum Loss: 0.3684616833925247
Lr: 7.070999301588559e-06, Accum Loss: 0.27910515666007996
Lr: 7.070168945987161e-06, Accum Loss: 0.3184952437877655
Lr: 7.069338639245614e-06, Accum Loss: 0.3513922691345215
Lr: 7.068508381458298e-06, Accum Loss: 0.29148782789707184
Lr: 7.067678172719589e-06, Accum Loss: 0.3032195121049881
Lr: 7.066848013123863e-06, Accum Loss: 0.3093492239713669
Lr: 7.066017902765482e-06, Accum Loss: 0.2607871890068054
Lr: 7.0651878417388075e-06, Accum Loss: 0.3348159193992615
Lr: 7.064357830138196e-06, Accum Loss: 0.31427961587905884
Lr: 7.063527868057996e-06, Accum Loss: 0.23738621175289154
Lr: 7.06269795559255e-06, Accum Loss: 0.34185799956321716
Lr: 7.061868092836195e-06, Accum Loss: 0.35931140184402466
Lr: 7.061038279883268e-06, Accum Loss: 0.313898965716362
Lr: 7.060208516828092e-06, Accum Loss: 0.3116348534822464
Lr: 7.059378803764987e-06, Accum Loss: 0.3068828284740448
Lr: 7.058549140788272e-06, Accum Loss: 0.2879599332809448
Lr: 7.057719527992255e-06, Accum Loss: 0.3372768610715866
Lr: 7.0568899654712375e-06, Accum Loss: 0.3104381412267685
Lr: 7.056060453319522e-06, Accum Loss: 0.3245176374912262
Lr: 7.055230991631397e-06, Accum Loss: 0.2832072377204895
Lr: 7.054401580501151e-06, Accum Loss: 0.2984936237335205
Lr: 7.053572220023067e-06, Accum Loss: 0.29612255096435547
Lr: 7.0527429102914186e-06, Accum Loss: 0.32588280737400055
Lr: 7.051913651400473e-06, Accum Loss: 0.35823772847652435
Lr: 7.051084443444496e-06, Accum Loss: 0.31316879391670227
Lr: 7.050255286517747e-06, Accum Loss: 0.32973727583885193
Lr: 7.049426180714475e-06, Accum Loss: 0.2955200970172882
Lr: 7.048597126128929e-06, Accum Loss: 0.2514506131410599
Lr: 7.047768122855349e-06, Accum Loss: 0.29321831464767456
Lr: 7.046939170987966e-06, Accum Loss: 0.34567831456661224
Lr: 7.046110270621014e-06, Accum Loss: 0.2788299471139908
Lr: 7.045281421848714e-06, Accum Loss: 0.2721251845359802
Lr: 7.04445262476528e-06, Accum Loss: 0.2857716232538223
Lr: 7.0436238794649284e-06, Accum Loss: 0.4070654660463333
Lr: 7.042795186041862e-06, Accum Loss: 0.3517203778028488
Lr: 7.041966544590279e-06, Accum Loss: 0.26491473615169525
Lr: 7.041137955204375e-06, Accum Loss: 0.34305909276008606
Lr: 7.040309417978337e-06, Accum Loss: 0.28734636306762695
Lr: 7.039480933006345e-06, Accum Loss: 0.3168800622224808
Lr: 7.038652500382579e-06, Accum Loss: 0.264165922999382
Lr: 7.037824120201204e-06, Accum Loss: 0.38969191908836365
Lr: 7.036995792556384e-06, Accum Loss: 0.37457871437072754
Lr: 7.036167517542282e-06, Accum Loss: 0.28833524882793427
Lr: 7.035339295253045e-06, Accum Loss: 0.2773137390613556
Lr: 7.034511125782819e-06, Accum Loss: 0.2742195427417755
Lr: 7.033683009225748e-06, Accum Loss: 0.29146113991737366
Lr: 7.0328549456759615e-06, Accum Loss: 0.3441014885902405
Lr: 7.032026935227589e-06, Accum Loss: 0.3311527371406555
Lr: 7.031198977974751e-06, Accum Loss: 0.29326146841049194
Lr: 7.030371074011566e-06, Accum Loss: 0.3153403699398041
Lr: 7.029543223432142e-06, Accum Loss: 0.3108721375465393
Lr: 7.02871542633058e-06, Accum Loss: 0.30400000512599945
Lr: 7.027887682800983e-06, Accum Loss: 0.3540811389684677
Lr: 7.027059992937439e-06, Accum Loss: 0.2651350647211075
Lr: 7.0262323568340325e-06, Accum Loss: 0.29254525899887085
Lr: 7.025404774584846e-06, Accum Loss: 0.2934255599975586
Lr: 7.024577246283951e-06, Accum Loss: 0.3096936345100403
Lr: 7.023749772025413e-06, Accum Loss: 0.29857732355594635
Lr: 7.022922351903294e-06, Accum Loss: 0.3213154673576355
Lr: 7.02209498601165e-06, Accum Loss: 0.3892253041267395
Lr: 7.021267674444526e-06, Accum Loss: 0.27882014214992523
Lr: 7.0204404172959695e-06, Accum Loss: 0.2850816547870636
Lr: 7.019613214660013e-06, Accum Loss: 0.274868443608284
Lr: 7.018786066630686e-06, Accum Loss: 0.25648751854896545
Lr: 7.017958973302014e-06, Accum Loss: 0.3552871197462082
Lr: 7.017131934768016e-06, Accum Loss: 0.28145231306552887
Lr: 7.016304951122697e-06, Accum Loss: 0.27818888425827026
Lr: 7.01547802246007e-06, Accum Loss: 0.2996063232421875
Lr: 7.01465114887413e-06, Accum Loss: 0.30982109904289246
Lr: 7.013824330458868e-06, Accum Loss: 0.35360559821128845
Lr: 7.012997567308274e-06, Accum Loss: 0.27685752511024475
Lr: 7.012170859516326e-06, Accum Loss: 0.33285024762153625
Lr: 7.011344207176994e-06, Accum Loss: 0.25790268182754517
Lr: 7.010517610384253e-06, Accum Loss: 0.2459999918937683
Lr: 7.0096910692320604e-06, Accum Loss: 0.27137763798236847
Lr: 7.008864583814369e-06, Accum Loss: 0.31909260153770447
Lr: 7.00803815422513e-06, Accum Loss: 0.28261077404022217
Lr: 7.007211780558284e-06, Accum Loss: 0.3922545611858368
Lr: 7.0063854629077664e-06, Accum Loss: 0.3108564764261246
Lr: 7.005559201367509e-06, Accum Loss: 0.2944529950618744
Lr: 7.004732996031433e-06, Accum Loss: 0.2727731615304947
Lr: 7.003906846993454e-06, Accum Loss: 0.3357703983783722
Lr: 7.003080754347485e-06, Accum Loss: 0.3695041388273239
Lr: 7.002254718187428e-06, Accum Loss: 0.3402191400527954
Lr: 7.001428738607181e-06, Accum Loss: 0.35206353664398193
Lr: 7.000602815700632e-06, Accum Loss: 0.32797789573669434
Lr: 6.999776949561669e-06, Accum Loss: 0.36688926815986633
Lr: 6.998951140284168e-06, Accum Loss: 0.27817191183567047
Lr: 6.998125387962005e-06, Accum Loss: 0.28234735131263733
Lr: 6.9972996926890385e-06, Accum Loss: 0.3232007920742035
Lr: 6.996474054559132e-06, Accum Loss: 0.27842146158218384
Lr: 6.995648473666134e-06, Accum Loss: 0.28637242317199707
Lr: 6.994822950103894e-06, Accum Loss: 0.29792463779449463
Lr: 6.993997483966248e-06, Accum Loss: 0.2677312642335892
Lr: 6.993172075347029e-06, Accum Loss: 0.2968190163373947
Lr: 6.9923467243400656e-06, Accum Loss: 0.269572451710701
Lr: 6.991521431039175e-06, Accum Loss: 0.36285173892974854
Lr: 6.990696195538167e-06, Accum Loss: 0.3109171390533447
Lr: 6.989871017930855e-06, Accum Loss: 0.28970885276794434
Lr: 6.989045898311035e-06, Accum Loss: 0.24852170050144196
Lr: 6.988220836772498e-06, Accum Loss: 0.35605040192604065
Lr: 6.987395833409035e-06, Accum Loss: 0.288755863904953
Lr: 6.986570888314424e-06, Accum Loss: 0.2824188619852066
Lr: 6.985746001582437e-06, Accum Loss: 0.3271583765745163
Lr: 6.984921173306843e-06, Accum Loss: 0.24168680608272552
Lr: 6.984096403581401e-06, Accum Loss: 0.3542364537715912
Lr: 6.983271692499864e-06, Accum Loss: 0.2718120813369751
Lr: 6.982447040155978e-06, Accum Loss: 0.3446495532989502
Lr: 6.981622446643486e-06, Accum Loss: 0.35707151889801025
Lr: 6.980797912056119e-06, Accum Loss: 0.2899514436721802
Lr: 6.979973436487604e-06, Accum Loss: 0.2685910016298294
Lr: 6.979149020031661e-06, Accum Loss: 0.3495187312364578
Lr: 6.978324662782003e-06, Accum Loss: 0.31446897983551025
Lr: 6.9775003648323375e-06, Accum Loss: 0.2606845051050186
Lr: 6.976676126276365e-06, Accum Loss: 0.34419091045856476
Lr: 6.975851947207775e-06, Accum Loss: 0.35716259479522705
Lr: 6.975027827720258e-06, Accum Loss: 0.2535741925239563
Lr: 6.9742037679074915e-06, Accum Loss: 0.2912917137145996
Lr: 6.973379767863146e-06, Accum Loss: 0.36649253964424133
Lr: 6.972555827680892e-06, Accum Loss: 0.34153446555137634
Lr: 6.971731947454385e-06, Accum Loss: 0.28943198919296265
Lr: 6.970908127277278e-06, Accum Loss: 0.26547929644584656
Lr: 6.970084367243219e-06, Accum Loss: 0.309479758143425
Lr: 6.9692606674458435e-06, Accum Loss: 0.3644852042198181
Lr: 6.968437027978783e-06, Accum Loss: 0.28708890080451965
Lr: 6.967613448935666e-06, Accum Loss: 0.31797491014003754
Lr: 6.9667899304101076e-06, Accum Loss: 0.29378853738307953
Lr: 6.965966472495721e-06, Accum Loss: 0.2914375066757202
Lr: 6.965143075286107e-06, Accum Loss: 0.2770632654428482
Lr: 6.964319738874867e-06, Accum Loss: 0.3891366124153137
Lr: 6.9634964633555886e-06, Accum Loss: 0.38877514004707336
Lr: 6.9626732488218555e-06, Accum Loss: 0.3178746700286865
Lr: 6.961850095367247e-06, Accum Loss: 0.31533676385879517
Lr: 6.9610270030853315e-06, Accum Loss: 0.31403401494026184
Lr: 6.96020397206967e-06, Accum Loss: 0.3205099552869797
Lr: 6.95938100241382e-06, Accum Loss: 0.38161608576774597
Lr: 6.958558094211331e-06, Accum Loss: 0.2941937744617462
Lr: 6.95773524755574e-06, Accum Loss: 0.31007619202136993
Lr: 6.956912462540588e-06, Accum Loss: 0.32793156802654266
Lr: 6.956089739259402e-06, Accum Loss: 0.27762922644615173
Lr: 6.955267077805698e-06, Accum Loss: 0.3112468123435974
Lr: 6.954444478272994e-06, Accum Loss: 0.2894602417945862
Lr: 6.9536219407547955e-06, Accum Loss: 0.3284398764371872
Lr: 6.952799465344601e-06, Accum Loss: 0.2853991389274597
Lr: 6.9519770521359055e-06, Accum Loss: 0.29488734900951385
Lr: 6.951154701222193e-06, Accum Loss: 0.30827221274375916
Lr: 6.950332412696942e-06, Accum Loss: 0.34483323991298676
Lr: 6.9495101866536244e-06, Accum Loss: 0.2865681052207947
Lr: 6.948688023185704e-06, Accum Loss: 0.33803167939186096
Lr: 6.947865922386637e-06, Accum Loss: 0.3585118353366852
Lr: 6.9470438843498755e-06, Accum Loss: 0.34568583965301514
Lr: 6.946221909168862e-06, Accum Loss: 0.3275226354598999
Lr: 6.94539999693703e-06, Accum Loss: 0.32065941393375397
Lr: 6.944578147747812e-06, Accum Loss: 0.2992449700832367
Lr: 6.943756361694626e-06, Accum Loss: 0.2981943041086197
Lr: 6.942934638870886e-06, Accum Loss: 0.36292433738708496
Lr: 6.942112979370002e-06, Accum Loss: 0.27658481895923615
Lr: 6.9412913832853736e-06, Accum Loss: 0.28994154930114746
Lr: 6.940469850710389e-06, Accum Loss: 0.3152732402086258
Lr: 6.939648381738439e-06, Accum Loss: 0.2788005471229553
Lr: 6.938826976462899e-06, Accum Loss: 0.3311164826154709
Lr: 6.93800563497714e-06, Accum Loss: 0.33677320182323456
Lr: 6.937184357374527e-06, Accum Loss: 0.2730567455291748
Lr: 6.9363631437484155e-06, Accum Loss: 0.3326270580291748
Lr: 6.935541994192156e-06, Accum Loss: 0.29328687489032745
Lr: 6.934720908799086e-06, Accum Loss: 0.32409320771694183
Lr: 6.933899887662545e-06, Accum Loss: 0.3509005308151245
Lr: 6.933078930875858e-06, Accum Loss: 0.2984519898891449
Lr: 6.932258038532347e-06, Accum Loss: 0.30015796422958374
Lr: 6.931437210725323e-06, Accum Loss: 0.30358147621154785
Lr: 6.930616447548092e-06, Accum Loss: 0.31546303629875183
Lr: 6.92979574909395e-06, Accum Loss: 0.3104461431503296
Lr: 6.9289751154561905e-06, Accum Loss: 0.3333505690097809
Lr: 6.928154546728095e-06, Accum Loss: 0.27378591895103455
Lr: 6.927334043002938e-06, Accum Loss: 0.32937203347682953
Lr: 6.9265136043739925e-06, Accum Loss: 0.31153568625450134
Lr: 6.925693230934516e-06, Accum Loss: 0.30633197724819183
Lr: 6.924872922777762e-06, Accum Loss: 0.3003636449575424
Lr: 6.924052679996978e-06, Accum Loss: 0.3316257894039154
Lr: 6.923232502685403e-06, Accum Loss: 0.32755064964294434
Lr: 6.922412390936267e-06, Accum Loss: 0.3073965907096863
Lr: 6.921592344842797e-06, Accum Loss: 0.32655785977840424
Lr: 6.920772364498206e-06, Accum Loss: 0.2804211974143982
Lr: 6.919952449995703e-06, Accum Loss: 0.28718794882297516
Lr: 6.919132601428493e-06, Accum Loss: 0.35141532123088837
Lr: 6.9183128188897675e-06, Accum Loss: 0.34331147372722626
Lr: 6.917493102472711e-06, Accum Loss: 0.334134504199028
Lr: 6.916673452270508e-06, Accum Loss: 0.30125226080417633
Lr: 6.915853868376325e-06, Accum Loss: 0.31066954135894775
Lr: 6.915034350883327e-06, Accum Loss: 0.29144155979156494
Lr: 6.9142148998846714e-06, Accum Loss: 0.29064004123210907
Lr: 6.913395515473508e-06, Accum Loss: 0.30652183294296265
Lr: 6.9125761977429754e-06, Accum Loss: 0.3489379733800888
Lr: 6.911756946786208e-06, Accum Loss: 0.3274065852165222
Lr: 6.9109377626963345e-06, Accum Loss: 0.2524585723876953
Lr: 6.9101186455664684e-06, Accum Loss: 0.2529609352350235
Lr: 6.909299595489726e-06, Accum Loss: 0.3213070034980774
Lr: 6.908480612559207e-06, Accum Loss: 0.2591949850320816
Lr: 6.907661696868007e-06, Accum Loss: 0.32569462060928345
Lr: 6.906842848509217e-06, Accum Loss: 0.27818503975868225
Lr: 6.906024067575914e-06, Accum Loss: 0.31850582361221313
Lr: 6.905205354161171e-06, Accum Loss: 0.3303983807563782
Lr: 6.904386708358055e-06, Accum Loss: 0.3009066581726074
Lr: 6.903568130259623e-06, Accum Loss: 0.2871113270521164
Lr: 6.9027496199589214e-06, Accum Loss: 0.26006971299648285
Lr: 6.901931177548997e-06, Accum Loss: 0.32760925590991974
Lr: 6.90111280312288e-06, Accum Loss: 0.27490392327308655
Lr: 6.9002944967736e-06, Accum Loss: 0.3147573471069336
Lr: 6.89947625859417e-06, Accum Loss: 0.3155437409877777
Lr: 6.898658088677608e-06, Accum Loss: 0.4151104688644409
Lr: 6.897839987116913e-06, Accum Loss: 0.2872411906719208
Lr: 6.8970219540050805e-06, Accum Loss: 0.33127617835998535
Lr: 6.896203989435101e-06, Accum Loss: 0.3270677924156189
Lr: 6.895386093499952e-06, Accum Loss: 0.33443187177181244
Lr: 6.894568266292604e-06, Accum Loss: 0.3096616715192795
Lr: 6.8937505079060255e-06, Accum Loss: 0.2919654995203018
Lr: 6.89293281843317e-06, Accum Loss: 0.30502697825431824
Lr: 6.892115197966986e-06, Accum Loss: 0.29778216779232025
Lr: 6.891297646600416e-06, Accum Loss: 0.3067936301231384
Lr: 6.890480164426392e-06, Accum Loss: 0.28435559570789337
Lr: 6.889662751537837e-06, Accum Loss: 0.29439041018486023
Lr: 6.8888454080276704e-06, Accum Loss: 0.35380764305591583
Lr: 6.888028133988803e-06, Accum Loss: 0.30294837057590485
Lr: 6.887210929514131e-06, Accum Loss: 0.32290123403072357
Lr: 6.886393794696554e-06, Accum Loss: 0.34186553955078125
Lr: 6.885576729628953e-06, Accum Loss: 0.33896276354789734
Lr: 6.884759734404207e-06, Accum Loss: 0.3156403750181198
Lr: 6.883942809115186e-06, Accum Loss: 0.29639777541160583
Lr: 6.883125953854753e-06, Accum Loss: 0.36918212473392487
Lr: 6.882309168715758e-06, Accum Loss: 0.3336552828550339
Lr: 6.8814924537910506e-06, Accum Loss: 0.2707986980676651
Lr: 6.880675809173466e-06, Accum Loss: 0.2960081398487091
Lr: 6.8798592349558344e-06, Accum Loss: 0.2930726110935211
Lr: 6.87904273123098e-06, Accum Loss: 0.33214451372623444
Lr: 6.878226298091714e-06, Accum Loss: 0.32350747287273407
Lr: 6.877409935630842e-06, Accum Loss: 0.2242370992898941
Lr: 6.876593643941165e-06, Accum Loss: 0.3673885613679886
Lr: 6.875777423115469e-06, Accum Loss: 0.24749505519866943
Lr: 6.8749612732465356e-06, Accum Loss: 0.3452732414007187
Lr: 6.874145194427141e-06, Accum Loss: 0.25728847086429596
Lr: 6.873329186750051e-06, Accum Loss: 0.2831932455301285
Lr: 6.872513250308019e-06, Accum Loss: 0.2748265266418457
Lr: 6.8716973851937985e-06, Accum Loss: 0.3255036175251007
Lr: 6.870881591500128e-06, Accum Loss: 0.29730308055877686
Lr: 6.8700658693197425e-06, Accum Loss: 0.27979975938796997
Lr: 6.8692502187453645e-06, Accum Loss: 0.3326883763074875
Lr: 6.868434639869714e-06, Accum Loss: 0.2965691089630127
Lr: 6.867619132785496e-06, Accum Loss: 0.3128834515810013
Lr: 6.866803697585414e-06, Accum Loss: 0.2792969346046448
Lr: 6.86598833436216e-06, Accum Loss: 0.31142106652259827
Lr: 6.865173043208417e-06, Accum Loss: 0.23594869673252106
Lr: 6.86435782421686e-06, Accum Loss: 0.32801446318626404
Lr: 6.86354267748016e-06, Accum Loss: 0.3495739549398422
Lr: 6.8627276030909745e-06, Accum Loss: 0.24567446112632751
Lr: 6.861912601141953e-06, Accum Loss: 0.3361206203699112
Lr: 6.861097671725743e-06, Accum Loss: 0.3035181611776352
Lr: 6.860282814934976e-06, Accum Loss: 0.31200262904167175
Lr: 6.859468030862278e-06, Accum Loss: 0.24372781813144684
Lr: 6.858653319600271e-06, Accum Loss: 0.30596527457237244
Lr: 6.857838681241563e-06, Accum Loss: 0.37106405198574066
Lr: 6.857024115878753e-06, Accum Loss: 0.2942693680524826
Lr: 6.856209623604439e-06, Accum Loss: 0.26793186366558075
Lr: 6.855395204511204e-06, Accum Loss: 0.30150365829467773
Lr: 6.854580858691624e-06, Accum Loss: 0.2899545580148697
Lr: 6.8537665862382696e-06, Accum Loss: 0.2805612236261368
Lr: 6.8529523872436995e-06, Accum Loss: 0.3361200988292694
Lr: 6.8521382618004645e-06, Accum Loss: 0.2874910831451416
Lr: 6.851324210001111e-06, Accum Loss: 0.2780492305755615
Lr: 6.850510231938172e-06, Accum Loss: 0.3502415418624878
Lr: 6.849696327704174e-06, Accum Loss: 0.3256707787513733
Lr: 6.848882497391637e-06, Accum Loss: 0.2876225560903549
Lr: 6.84806874109307e-06, Accum Loss: 0.3285009413957596
Lr: 6.847255058900972e-06, Accum Loss: 0.34582650661468506
Lr: 6.846441450907841e-06, Accum Loss: 0.27762681245803833
Lr: 6.845627917206158e-06, Accum Loss: 0.3161468207836151
Lr: 6.8448144578884e-06, Accum Loss: 0.26961834728717804
Lr: 6.844001073047036e-06, Accum Loss: 0.28488677740097046
Lr: 6.843187762774524e-06, Accum Loss: 0.2995685487985611
Lr: 6.8423745271633126e-06, Accum Loss: 0.29913295805454254
Lr: 6.841561366305848e-06, Accum Loss: 0.2885836511850357
Lr: 6.8407482802945636e-06, Accum Loss: 0.26419809460639954
Lr: 6.839935269221881e-06, Accum Loss: 0.3439309000968933
Lr: 6.839122333180222e-06, Accum Loss: 0.2721760869026184
Lr: 6.838309472261992e-06, Accum Loss: 0.36363059282302856
Lr: 6.837496686559588e-06, Accum Loss: 0.30969780683517456
Lr: 6.836683976165407e-06, Accum Loss: 0.2881438881158829
Lr: 6.835871341171829e-06, Accum Loss: 0.24977251887321472
Lr: 6.835058781671228e-06, Accum Loss: 0.28509555757045746
Lr: 6.834246297755968e-06, Accum Loss: 0.2719004303216934
Lr: 6.833433889518408e-06, Accum Loss: 0.2581653594970703
Lr: 6.832621557050895e-06, Accum Loss: 0.37039029598236084
Lr: 6.831809300445767e-06, Accum Loss: 0.31392353773117065
Lr: 6.8309971197953594e-06, Accum Loss: 0.36201006174087524
Lr: 6.830185015191992e-06, Accum Loss: 0.383395791053772
Lr: 6.829372986727977e-06, Accum Loss: 0.348643958568573
Lr: 6.828561034495623e-06, Accum Loss: 0.30853356420993805
Lr: 6.827749158587224e-06, Accum Loss: 0.32686634361743927
Lr: 6.826937359095067e-06, Accum Loss: 0.28329408168792725
Lr: 6.826125636111434e-06, Accum Loss: 0.3236061632633209
Lr: 6.825313989728594e-06, Accum Loss: 0.28955836594104767
Lr: 6.824502420038806e-06, Accum Loss: 0.26175594329833984
Lr: 6.823690927134328e-06, Accum Loss: 0.32648584246635437
Lr: 6.8228795111074e-06, Accum Loss: 0.28550979495048523
Lr: 6.822068172050258e-06, Accum Loss: 0.2502565085887909
Lr: 6.821256910055132e-06, Accum Loss: 0.2814593017101288
Lr: 6.820445725214237e-06, Accum Loss: 0.3290843814611435
Lr: 6.81963461761978e-06, Accum Loss: 0.32087501883506775
Lr: 6.818823587363968e-06, Accum Loss: 0.2824251651763916
Lr: 6.818012634538987e-06, Accum Loss: 0.3263308107852936
Lr: 6.817201759237021e-06, Accum Loss: 0.23592282831668854
Lr: 6.8163909615502455e-06, Accum Loss: 0.23967941105365753
Lr: 6.815580241570825e-06, Accum Loss: 0.31611964106559753
Lr: 6.814769599390914e-06, Accum Loss: 0.2901558130979538
Lr: 6.813959035102663e-06, Accum Loss: 0.240205317735672
Lr: 6.813148548798209e-06, Accum Loss: 0.2959553748369217
Lr: 6.812338140569681e-06, Accum Loss: 0.42418989539146423
Lr: 6.811527810509202e-06, Accum Loss: 0.2852420508861542
Lr: 6.810717558708884e-06, Accum Loss: 0.292159840464592
Lr: 6.809907385260826e-06, Accum Loss: 0.3225834518671036
Lr: 6.809097290257128e-06, Accum Loss: 0.3628349155187607
Lr: 6.808287273789871e-06, Accum Loss: 0.3479996472597122
Lr: 6.807477335951132e-06, Accum Loss: 0.33002400398254395
Lr: 6.806667476832981e-06, Accum Loss: 0.2921645939350128
Lr: 6.805857696527475e-06, Accum Loss: 0.3622012436389923
Lr: 6.805047995126663e-06, Accum Loss: 0.31566330790519714
Lr: 6.804238372722584e-06, Accum Loss: 0.2504073828458786
Lr: 6.803428829407274e-06, Accum Loss: 0.3426014184951782
Lr: 6.80261936527275e-06, Accum Loss: 0.29192985594272614
Lr: 6.801809980411032e-06, Accum Loss: 0.3091416209936142
Lr: 6.80100067491412e-06, Accum Loss: 0.35488730669021606
Lr: 6.800191448874011e-06, Accum Loss: 0.27629660069942474
Lr: 6.7993823023826895e-06, Accum Loss: 0.33867567777633667
Lr: 6.798573235532137e-06, Accum Loss: 0.3092430382966995
Lr: 6.797764248414319e-06, Accum Loss: 0.3699226975440979
Lr: 6.796955341121194e-06, Accum Loss: 0.30524149537086487
Lr: 6.796146513744715e-06, Accum Loss: 0.2701118141412735
Lr: 6.795337766376823e-06, Accum Loss: 0.29701806604862213
Lr: 6.7945290991094465e-06, Accum Loss: 0.25056467950344086
Lr: 6.793720512034514e-06, Accum Loss: 0.2732420563697815
Lr: 6.792912005243935e-06, Accum Loss: 0.3365076333284378
Lr: 6.792103578829614e-06, Accum Loss: 0.26585081219673157
Lr: 6.791295232883452e-06, Accum Loss: 0.33047086000442505
Lr: 6.790486967497331e-06, Accum Loss: 0.311580628156662
Lr: 6.789678782763127e-06, Accum Loss: 0.2658593952655792
Lr: 6.788870678772711e-06, Accum Loss: 0.3578457534313202
Lr: 6.788062655617943e-06, Accum Loss: 0.3826618939638138
Lr: 6.787254713390668e-06, Accum Loss: 0.29848694801330566
Lr: 6.786446852182732e-06, Accum Loss: 0.2840119004249573
Lr: 6.785639072085965e-06, Accum Loss: 0.3259057551622391
Lr: 6.784831373192185e-06, Accum Loss: 0.3339443802833557
Lr: 6.784023755593211e-06, Accum Loss: 0.30257630348205566
Lr: 6.783216219380842e-06, Accum Loss: 0.30770760774612427
Lr: 6.7824087646468745e-06, Accum Loss: 0.38605986535549164
Lr: 6.781601391483094e-06, Accum Loss: 0.3028765022754669
Lr: 6.780794099981276e-06, Accum Loss: 0.27027107775211334
Lr: 6.779986890233185e-06, Accum Loss: 0.31192052364349365
Lr: 6.779179762330582e-06, Accum Loss: 0.2694128453731537
Lr: 6.778372716365213e-06, Accum Loss: 0.31062912940979004
Lr: 6.777565752428817e-06, Accum Loss: 0.2959848642349243
Lr: 6.776758870613123e-06, Accum Loss: 0.3080052584409714
Lr: 6.775952071009852e-06, Accum Loss: 0.30687105655670166
Lr: 6.775145353710714e-06, Accum Loss: 0.3147912323474884
Lr: 6.7743387188074085e-06, Accum Loss: 0.29502446949481964
Lr: 6.773532166391631e-06, Accum Loss: 0.2975052446126938
Lr: 6.772725696555062e-06, Accum Loss: 0.2771415114402771
Lr: 6.771919309389376e-06, Accum Loss: 0.3749648481607437
Lr: 6.7711130049862365e-06, Accum Loss: 0.2997456192970276
Lr: 6.770306783437296e-06, Accum Loss: 0.27777382731437683
Lr: 6.769500644834201e-06, Accum Loss: 0.3106432259082794
Lr: 6.768694589268587e-06, Accum Loss: 0.3184119164943695
Lr: 6.767888616832081e-06, Accum Loss: 0.2792268693447113
Lr: 6.7670827276162975e-06, Accum Loss: 0.31392256915569305
Lr: 6.766276921712846e-06, Accum Loss: 0.30706022679805756
Lr: 6.765471199213324e-06, Accum Loss: 0.2847483456134796
Lr: 6.7646655602093165e-06, Accum Loss: 0.3547390252351761
Lr: 6.763860004792406e-06, Accum Loss: 0.2849728763103485
Lr: 6.763054533054162e-06, Accum Loss: 0.30432477593421936
Lr: 6.76224914508614e-06, Accum Loss: 0.31623169779777527
Lr: 6.761443840979896e-06, Accum Loss: 0.30604906380176544
Lr: 6.760638620826966e-06, Accum Loss: 0.2963743656873703
Lr: 6.759833484718882e-06, Accum Loss: 0.3258185535669327
Lr: 6.759028432747168e-06, Accum Loss: 0.3193618804216385
Lr: 6.758223465003335e-06, Accum Loss: 0.3492166996002197
Lr: 6.757418581578883e-06, Accum Loss: 0.287037655711174
Lr: 6.756613782565309e-06, Accum Loss: 0.2809583246707916
Lr: 6.755809068054093e-06, Accum Loss: 0.291435569524765
Lr: 6.755004438136709e-06, Accum Loss: 0.3250403106212616
Lr: 6.754199892904624e-06, Accum Loss: 0.31079810857772827
Lr: 6.75339543244929e-06, Accum Loss: 0.31180429458618164
Lr: 6.75259105686215e-06, Accum Loss: 0.24699872732162476
Lr: 6.751786766234644e-06, Accum Loss: 0.29429271817207336
Lr: 6.750982560658193e-06, Accum Loss: 0.34358057379722595
Lr: 6.750178440224215e-06, Accum Loss: 0.27471210062503815
Lr: 6.749374405024117e-06, Accum Loss: 0.3560481071472168
Lr: 6.748570455149294e-06, Accum Loss: 0.3155105262994766
Lr: 6.747766590691131e-06, Accum Loss: 0.25231434404850006
Lr: 6.746962811741009e-06, Accum Loss: 0.2924237847328186
Lr: 6.746159118390293e-06, Accum Loss: 0.2806970477104187
Lr: 6.74535551073034e-06, Accum Loss: 0.2689284533262253
Lr: 6.744551988852501e-06, Accum Loss: 0.2921134829521179
Lr: 6.7437485528481115e-06, Accum Loss: 0.2573597878217697
Lr: 6.742945202808499e-06, Accum Loss: 0.2725772261619568
Lr: 6.742141938824984e-06, Accum Loss: 0.39654475450515747
Lr: 6.7413387609888755e-06, Accum Loss: 0.28247007727622986
Lr: 6.740535669391471e-06, Accum Loss: 0.3956378102302551
Lr: 6.73973266412406e-06, Accum Loss: 0.31557799875736237
Lr: 6.738929745277924e-06, Accum Loss: 0.27616293728351593
Lr: 6.738126912944328e-06, Accum Loss: 0.3648238480091095
Lr: 6.737324167214537e-06, Accum Loss: 0.3284675180912018
Lr: 6.736521508179799e-06, Accum Loss: 0.2873357683420181
Lr: 6.735718935931353e-06, Accum Loss: 0.295281246304512
Lr: 6.734916450560428e-06, Accum Loss: 0.30136601626873016
Lr: 6.734114052158248e-06, Accum Loss: 0.3364274501800537
Lr: 6.733311740816021e-06, Accum Loss: 0.3223497271537781
Lr: 6.7325095166249465e-06, Accum Loss: 0.29075995087623596
Lr: 6.731707379676218e-06, Accum Loss: 0.2784862518310547
Lr: 6.730905330061015e-06, Accum Loss: 0.33073151111602783
Lr: 6.730103367870506e-06, Accum Loss: 0.370962992310524
Lr: 6.7293014931958555e-06, Accum Loss: 0.2851818948984146
Lr: 6.7284997061282124e-06, Accum Loss: 0.3053755760192871
Lr: 6.727698006758717e-06, Accum Loss: 0.2916405498981476
Lr: 6.726896395178502e-06, Accum Loss: 0.3101024478673935
Lr: 6.7260948714786875e-06, Accum Loss: 0.312857523560524
Lr: 6.725293435750384e-06, Accum Loss: 0.26151813566684723
Lr: 6.724492088084693e-06, Accum Loss: 0.2987864762544632
Lr: 6.723690828572706e-06, Accum Loss: 0.34745319187641144
Lr: 6.722889657305502e-06, Accum Loss: 0.2850322723388672
Lr: 6.722088574374155e-06, Accum Loss: 0.26964908838272095
Lr: 6.7212875798697236e-06, Accum Loss: 0.2284870147705078
Lr: 6.720486673883257e-06, Accum Loss: 0.24082382023334503
Lr: 6.7196858565058e-06, Accum Loss: 0.25479112565517426
Lr: 6.718885127828382e-06, Accum Loss: 0.273040309548378
Lr: 6.718084487942021e-06, Accum Loss: 0.3012832999229431
Lr: 6.717283936937732e-06, Accum Loss: 0.35203635692596436
Lr: 6.7164834749065116e-06, Accum Loss: 0.3363829255104065
Lr: 6.7156831019393506e-06, Accum Loss: 0.27362510561943054
Lr: 6.714882818127231e-06, Accum Loss: 0.28471463918685913
Lr: 6.714082623561122e-06, Accum Loss: 0.29506003856658936
Lr: 6.713282518331982e-06, Accum Loss: 0.3541466146707535
Lr: 6.7124825025307635e-06, Accum Loss: 0.3504861295223236
Lr: 6.711682576248404e-06, Accum Loss: 0.3133805841207504
Lr: 6.710882739575835e-06, Accum Loss: 0.3557034879922867
Lr: 6.710082992603971e-06, Accum Loss: 0.3322572261095047
Lr: 6.709283335423727e-06, Accum Loss: 0.3881607949733734
Lr: 6.708483768125996e-06, Accum Loss: 0.28711041808128357
Lr: 6.707684290801672e-06, Accum Loss: 0.31435123085975647
Lr: 6.706884903541632e-06, Accum Loss: 0.3014691323041916
Lr: 6.706085606436742e-06, Accum Loss: 0.3071974664926529
Lr: 6.70528639957786e-06, Accum Loss: 0.2459864318370819
Lr: 6.704487283055835e-06, Accum Loss: 0.337209016084671
Lr: 6.703688256961504e-06, Accum Loss: 0.30908891558647156
Lr: 6.702889321385693e-06, Accum Loss: 0.3287465423345566
Lr: 6.7020904764192215e-06, Accum Loss: 0.2982207387685776
Lr: 6.7012917221528945e-06, Accum Loss: 0.3004875034093857
Lr: 6.7004930586775066e-06, Accum Loss: 0.3651101291179657
Lr: 6.699694486083845e-06, Accum Loss: 0.32805290818214417
Lr: 6.6988960044626865e-06, Accum Loss: 0.2582438439130783
Lr: 6.698097613904792e-06, Accum Loss: 0.3204586058855057
Lr: 6.697299314500923e-06, Accum Loss: 0.30246081948280334
Lr: 6.696501106341819e-06, Accum Loss: 0.29985590279102325
Lr: 6.695702989518214e-06, Accum Loss: 0.2628670036792755
Lr: 6.694904964120834e-06, Accum Loss: 0.3140767812728882
Lr: 6.694107030240392e-06, Accum Loss: 0.3378838747739792
Lr: 6.693309187967588e-06, Accum Loss: 0.2304893434047699
Lr: 6.692511437393119e-06, Accum Loss: 0.3101732134819031
Lr: 6.6917137786076644e-06, Accum Loss: 0.33755433559417725
Lr: 6.690916211701896e-06, Accum Loss: 0.30577753484249115
Lr: 6.690118736766475e-06, Accum Loss: 0.29321908950805664
Lr: 6.689321353892053e-06, Accum Loss: 0.3293112516403198
Lr: 6.688524063169269e-06, Accum Loss: 0.30515776574611664
Lr: 6.687726864688754e-06, Accum Loss: 0.3222949355840683
Lr: 6.686929758541128e-06, Accum Loss: 0.3190486431121826
Lr: 6.686132744816996e-06, Accum Loss: 0.3401081711053848
Lr: 6.68533582360696e-06, Accum Loss: 0.320991188287735
Lr: 6.684538995001608e-06, Accum Loss: 0.2685347944498062
Lr: 6.6837422590915144e-06, Accum Loss: 0.27739618718624115
Lr: 6.68294561596725e-06, Accum Loss: 0.31629687547683716
Lr: 6.682149065719367e-06, Accum Loss: 0.2981079965829849
Lr: 6.681352608438412e-06, Accum Loss: 0.2992592751979828
Lr: 6.680556244214921e-06, Accum Loss: 0.36128126084804535
Lr: 6.679759973139419e-06, Accum Loss: 0.29493576288223267
Lr: 6.678963795302417e-06, Accum Loss: 0.3222530335187912
Lr: 6.678167710794423e-06, Accum Loss: 0.2751914709806442
Lr: 6.677371719705926e-06, Accum Loss: 0.2830762267112732
Lr: 6.676575822127409e-06, Accum Loss: 0.26450222730636597
Lr: 6.675780018149343e-06, Accum Loss: 0.31331175565719604
Lr: 6.67498430786219e-06, Accum Loss: 0.28693871200084686
Lr: 6.6741886913563986e-06, Accum Loss: 0.28946228325366974
Lr: 6.673393168722411e-06, Accum Loss: 0.2979278117418289
Lr: 6.6725977400506536e-06, Accum Loss: 0.2634847015142441
Lr: 6.671802405431546e-06, Accum Loss: 0.3155136704444885
Lr: 6.671007164955492e-06, Accum Loss: 0.3876361697912216
Lr: 6.670212018712893e-06, Accum Loss: 0.3147246092557907
Lr: 6.669416966794134e-06, Accum Loss: 0.275854229927063
Lr: 6.6686220092895875e-06, Accum Loss: 0.2895462065935135
Lr: 6.667827146289622e-06, Accum Loss: 0.2686292976140976
Lr: 6.667032377884589e-06, Accum Loss: 0.23552320897579193
Lr: 6.6662377041648294e-06, Accum Loss: 0.2687659114599228
Lr: 6.665443125220681e-06, Accum Loss: 0.3190227448940277
Lr: 6.664648641142462e-06, Accum Loss: 0.34913645684719086
Lr: 6.663854252020483e-06, Accum Loss: 0.33305326104164124
Lr: 6.663059957945046e-06, Accum Loss: 0.2548200637102127
Lr: 6.662265759006438e-06, Accum Loss: 0.24033190310001373
Lr: 6.661471655294937e-06, Accum Loss: 0.2655608505010605
Lr: 6.660677646900813e-06, Accum Loss: 0.2880282402038574
Lr: 6.659883733914322e-06, Accum Loss: 0.2844570279121399
Lr: 6.659089916425707e-06, Accum Loss: 0.3476082682609558
Lr: 6.658296194525207e-06, Accum Loss: 0.2703423649072647
Lr: 6.657502568303044e-06, Accum Loss: 0.311182364821434
Lr: 6.65670903784943e-06, Accum Loss: 0.29186156392097473
Lr: 6.6559156032545716e-06, Accum Loss: 0.3108142465353012
Lr: 6.655122264608656e-06, Accum Loss: 0.3216567486524582
Lr: 6.654329022001866e-06, Accum Loss: 0.3410694748163223
Lr: 6.653535875524371e-06, Accum Loss: 0.3206094205379486
Lr: 6.65274282526633e-06, Accum Loss: 0.3546591103076935
Lr: 6.651949871317887e-06, Accum Loss: 0.3213025629520416
Lr: 6.6511570137691845e-06, Accum Loss: 0.29099738597869873
Lr: 6.650364252710346e-06, Accum Loss: 0.2687458246946335
Lr: 6.6495715882314845e-06, Accum Loss: 0.28104841709136963
Lr: 6.648779020422707e-06, Accum Loss: 0.31850557029247284
Lr: 6.647986549374106e-06, Accum Loss: 0.27934470772743225
Lr: 6.647194175175761e-06, Accum Loss: 0.3188526779413223
Lr: 6.646401897917744e-06, Accum Loss: 0.2941092401742935
Lr: 6.6456097176901175e-06, Accum Loss: 0.28323066234588623
Lr: 6.644817634582926e-06, Accum Loss: 0.31848348677158356
Lr: 6.644025648686211e-06, Accum Loss: 0.35954706370830536
Lr: 6.643233760089999e-06, Accum Loss: 0.34345631301403046
Lr: 6.642441968884303e-06, Accum Loss: 0.24878931045532227
Lr: 6.641650275159128e-06, Accum Loss: 0.3108210265636444
Lr: 6.6408586790044714e-06, Accum Loss: 0.30306437611579895
Lr: 6.640067180510313e-06, Accum Loss: 0.3178522437810898
Lr: 6.639275779766623e-06, Accum Loss: 0.34810788929462433
Lr: 6.638484476863365e-06, Accum Loss: 0.3177347779273987
Lr: 6.637693271890485e-06, Accum Loss: 0.3208450525999069
Lr: 6.636902164937921e-06, Accum Loss: 0.34325189888477325
Lr: 6.636111156095603e-06, Accum Loss: 0.2770754545927048
Lr: 6.635320245453445e-06, Accum Loss: 0.278023898601532
Lr: 6.634529433101349e-06, Accum Loss: 0.31923840939998627
Lr: 6.633738719129212e-06, Accum Loss: 0.3383356183767319
Lr: 6.632948103626916e-06, Accum Loss: 0.2966482937335968
Lr: 6.63215758668433e-06, Accum Loss: 0.25528500974178314
Lr: 6.631367168391316e-06, Accum Loss: 0.27284613251686096
Lr: 6.630576848837722e-06, Accum Loss: 0.28832097351551056
Lr: 6.629786628113382e-06, Accum Loss: 0.3011883348226547
Lr: 6.628996506308126e-06, Accum Loss: 0.3457228094339371
Lr: 6.628206483511769e-06, Accum Loss: 0.26378220319747925
Lr: 6.627416559814112e-06, Accum Loss: 0.30953963100910187
Lr: 6.626626735304951e-06, Accum Loss: 0.2220773994922638
Lr: 6.625837010074064e-06, Accum Loss: 0.3000916391611099
Lr: 6.62504738421122e-06, Accum Loss: 0.2978406101465225
Lr: 6.624257857806181e-06, Accum Loss: 0.35357584059238434
Lr: 6.623468430948693e-06, Accum Loss: 0.33735518157482147
Lr: 6.62267910372849e-06, Accum Loss: 0.290318563580513
Lr: 6.621889876235299e-06, Accum Loss: 0.2819817215204239
Lr: 6.621100748558833e-06, Accum Loss: 0.33630262315273285
Lr: 6.620311720788791e-06, Accum Loss: 0.2858007699251175
Lr: 6.619522793014867e-06, Accum Loss: 0.3411065936088562
Lr: 6.61873396532674e-06, Accum Loss: 0.3335498869419098
Lr: 6.6179452378140735e-06, Accum Loss: 0.3248074799776077
Lr: 6.617156610566529e-06, Accum Loss: 0.3334854692220688
Lr: 6.616368083673751e-06, Accum Loss: 0.31636910140514374
Lr: 6.615579657225368e-06, Accum Loss: 0.36724406480789185
Lr: 6.614791331311008e-06, Accum Loss: 0.3038714826107025
Lr: 6.614003106020281e-06, Accum Loss: 0.3015667200088501
Lr: 6.613214981442784e-06, Accum Loss: 0.2989303171634674
Lr: 6.612426957668104e-06, Accum Loss: 0.34761540591716766
Lr: 6.611639034785821e-06, Accum Loss: 0.32347582280635834
Lr: 6.610851212885496e-06, Accum Loss: 0.2832915037870407
Lr: 6.6100634920566866e-06, Accum Loss: 0.24650371074676514
Lr: 6.609275872388932e-06, Accum Loss: 0.32715198397636414
Lr: 6.608488353971765e-06, Accum Loss: 0.3578508347272873
Lr: 6.607700936894701e-06, Accum Loss: 0.3133016377687454
Lr: 6.60691362124725e-06, Accum Loss: 0.3214728981256485
Lr: 6.606126407118908e-06, Accum Loss: 0.2695957124233246
Lr: 6.605339294599156e-06, Accum Loss: 0.2703550457954407
Lr: 6.604552283777473e-06, Accum Loss: 0.30666717886924744
Lr: 6.603765374743316e-06, Accum Loss: 0.2603672742843628
Lr: 6.602978567586134e-06, Accum Loss: 0.3280423730611801
Lr: 6.602191862395368e-06, Accum Loss: 0.2700461745262146
Lr: 6.601405259260444e-06, Accum Loss: 0.36954616010189056
Lr: 6.600618758270772e-06, Accum Loss: 0.3107869327068329
Lr: 6.5998323595157635e-06, Accum Loss: 0.320950523018837
Lr: 6.5990460630848055e-06, Accum Loss: 0.2766087055206299
Lr: 6.5982598690672764e-06, Accum Loss: 0.2760809510946274
Lr: 6.597473777552549e-06, Accum Loss: 0.2635587304830551
Lr: 6.596687788629978e-06, Accum Loss: 0.3227030783891678
Lr: 6.595901902388906e-06, Accum Loss: 0.2753681242465973
Lr: 6.595116118918672e-06, Accum Loss: 0.30834047496318817
Lr: 6.594330438308593e-06, Accum Loss: 0.3661193996667862
Lr: 6.5935448606479795e-06, Accum Loss: 0.28856757283210754
Lr: 6.592759386026133e-06, Accum Loss: 0.30098381638526917
Lr: 6.591974014532338e-06, Accum Loss: 0.252353772521019
Lr: 6.591188746255867e-06, Accum Loss: 0.2698679566383362
Lr: 6.590403581285989e-06, Accum Loss: 0.308383509516716
Lr: 6.589618519711951e-06, Accum Loss: 0.3173157721757889
Lr: 6.588833561622992e-06, Accum Loss: 0.40240947902202606
Lr: 6.588048707108345e-06, Accum Loss: 0.3395127207040787
Lr: 6.587263956257222e-06, Accum Loss: 0.34696537256240845
Lr: 6.586479309158826e-06, Accum Loss: 0.30202725529670715
Lr: 6.585694765902355e-06, Accum Loss: 0.2874332666397095
Lr: 6.584910326576985e-06, Accum Loss: 0.2943241447210312
Lr: 6.5841259912718876e-06, Accum Loss: 0.30676282942295074
Lr: 6.583341760076218e-06, Accum Loss: 0.29041919112205505
Lr: 6.582557633079123e-06, Accum Loss: 0.30759797990322113
Lr: 6.581773610369734e-06, Accum Loss: 0.3088282346725464
Lr: 6.580989692037177e-06, Accum Loss: 0.3039456903934479
Lr: 6.5802058781705565e-06, Accum Loss: 0.21158383786678314
Lr: 6.579422168858974e-06, Accum Loss: 0.2667238563299179
Lr: 6.578638564191513e-06, Accum Loss: 0.2976344972848892
Lr: 6.5778550642572505e-06, Accum Loss: 0.292739138007164
Lr: 6.5770716691452455e-06, Accum Loss: 0.26133282482624054
Lr: 6.576288378944549e-06, Accum Loss: 0.2899436801671982
Lr: 6.575505193744202e-06, Accum Loss: 0.32107067108154297
Lr: 6.574722113633229e-06, Accum Loss: 0.25496238470077515
Lr: 6.573939138700642e-06, Accum Loss: 0.24930492043495178
Lr: 6.573156269035448e-06, Accum Loss: 0.41681309044361115
Lr: 6.572373504726634e-06, Accum Loss: 0.3286367952823639
Lr: 6.57159084586318e-06, Accum Loss: 0.2648550570011139
Lr: 6.570808292534054e-06, Accum Loss: 0.36982594430446625
Lr: 6.570025844828209e-06, Accum Loss: 0.3267206847667694
Lr: 6.569243502834586e-06, Accum Loss: 0.43717391788959503
Lr: 6.5684612666421185e-06, Accum Loss: 0.34529201686382294
Lr: 6.567679136339724e-06, Accum Loss: 0.27459312975406647
Lr: 6.566897112016307e-06, Accum Loss: 0.24809376895427704
Lr: 6.566115193760765e-06, Accum Loss: 0.3079494386911392
Lr: 6.5653333816619795e-06, Accum Loss: 0.2855241000652313
Lr: 6.564551675808819e-06, Accum Loss: 0.36609500646591187
Lr: 6.5637700762901435e-06, Accum Loss: 0.3035019338130951
Lr: 6.5629885831948e-06, Accum Loss: 0.2382500320672989
Lr: 6.5622071966116195e-06, Accum Loss: 0.317009374499321
Lr: 6.561425916629427e-06, Accum Loss: 0.32418495416641235
Lr: 6.560644743337031e-06, Accum Loss: 0.27479733526706696
Lr: 6.5598636768232275e-06, Accum Loss: 0.32165344059467316
Lr: 6.559082717176805e-06, Accum Loss: 0.301354318857193
Lr: 6.558301864486537e-06, Accum Loss: 0.31197796761989594
Lr: 6.557521118841181e-06, Accum Loss: 0.3299698978662491
Lr: 6.556740480329491e-06, Accum Loss: 0.3612295091152191
Lr: 6.555959949040201e-06, Accum Loss: 0.2791883796453476
Lr: 6.555179525062035e-06, Accum Loss: 0.32127460837364197
Lr: 6.5543992084837074e-06, Accum Loss: 0.3017565459012985
Lr: 6.553618999393918e-06, Accum Loss: 0.2706991583108902
Lr: 6.552838897881354e-06, Accum Loss: 0.3564400374889374
Lr: 6.552058904034693e-06, Accum Loss: 0.30649232864379883
Lr: 6.551279017942598e-06, Accum Loss: 0.27294813096523285
Lr: 6.5504992396937205e-06, Accum Loss: 0.3066767156124115
Lr: 6.549719569376696e-06, Accum Loss: 0.30579017102718353
Lr: 6.548940007080157e-06, Accum Loss: 0.36443695425987244
Lr: 6.548160552892715e-06, Accum Loss: 0.2825952470302582
Lr: 6.547381206902973e-06, Accum Loss: 0.20994313061237335
Lr: 6.546601969199521e-06, Accum Loss: 0.3540249764919281
Lr: 6.545822839870937e-06, Accum Loss: 0.2739870548248291
Lr: 6.545043819005783e-06, Accum Loss: 0.30604247748851776
Lr: 6.5442649066926186e-06, Accum Loss: 0.2995917350053787
Lr: 6.54348610301998e-06, Accum Loss: 0.34076493978500366
Lr: 6.5427074080763946e-06, Accum Loss: 0.36886878311634064
Lr: 6.541928821950381e-06, Accum Loss: 0.2699659913778305
Lr: 6.5411503447304435e-06, Accum Loss: 0.2695121616125107
Lr: 6.540371976505069e-06, Accum Loss: 0.36175160109996796
Lr: 6.539593717362741e-06, Accum Loss: 0.2858975678682327
Lr: 6.538815567391924e-06, Accum Loss: 0.3733590990304947
Lr: 6.538037526681071e-06, Accum Loss: 0.25584572553634644
Lr: 6.537259595318626e-06, Accum Loss: 0.33359456062316895
Lr: 6.536481773393016e-06, Accum Loss: 0.3217276930809021
Lr: 6.535704060992658e-06, Accum Loss: 0.3299156576395035
Lr: 6.534926458205958e-06, Accum Loss: 0.3774583786725998
Lr: 6.534148965121307e-06, Accum Loss: 0.3084123581647873
Lr: 6.533371581827083e-06, Accum Loss: 0.2901637405157089
Lr: 6.532594308411655e-06, Accum Loss: 0.31679752469062805
Lr: 6.5318171449633765e-06, Accum Loss: 0.3026820123195648
Lr: 6.531040091570587e-06, Accum Loss: 0.3405615985393524
Lr: 6.530263148321621e-06, Accum Loss: 0.3937342166900635
Lr: 6.529486315304792e-06, Accum Loss: 0.34918567538261414
Lr: 6.5287095926084025e-06, Accum Loss: 0.32106050848960876
Lr: 6.52793298032075e-06, Accum Loss: 0.2994953840970993
Lr: 6.527156478530109e-06, Accum Loss: 0.2732040584087372
Lr: 6.526380087324746e-06, Accum Loss: 0.3351545184850693
Lr: 6.525603806792918e-06, Accum Loss: 0.3109440505504608
Lr: 6.524827637022866e-06, Accum Loss: 0.3284910023212433
Lr: 6.5240515781028165e-06, Accum Loss: 0.3347986042499542
Lr: 6.523275630120988e-06, Accum Loss: 0.3017548769712448
Lr: 6.522499793165585e-06, Accum Loss: 0.330855131149292
Lr: 6.521724067324796e-06, Accum Loss: 0.2941574603319168
Lr: 6.5209484526868e-06, Accum Loss: 0.3201661854982376
Lr: 6.520172949339766e-06, Accum Loss: 0.2602825164794922
Lr: 6.5193975573718425e-06, Accum Loss: 0.3053653985261917
Lr: 6.518622276871174e-06, Accum Loss: 0.32534781098365784
Lr: 6.517847107925886e-06, Accum Loss: 0.34148402512073517
Lr: 6.517072050624095e-06, Accum Loss: 0.3582025021314621
Lr: 6.516297105053901e-06, Accum Loss: 0.33785244822502136
Lr: 6.515522271303397e-06, Accum Loss: 0.2748403251171112
Lr: 6.514747549460658e-06, Accum Loss: 0.2961857467889786
Lr: 6.51397293961375e-06, Accum Loss: 0.314564511179924
Lr: 6.513198441850723e-06, Accum Loss: 0.3208586871623993
Lr: 6.512424056259618e-06, Accum Loss: 0.27760422229766846
Lr: 6.5116497829284565e-06, Accum Loss: 0.2792085260152817
Lr: 6.510875621945258e-06, Accum Loss: 0.2843438982963562
Lr: 6.510101573398019e-06, Accum Loss: 0.35137970745563507
Lr: 6.509327637374728e-06, Accum Loss: 0.34065306186676025
Lr: 6.50855381396336e-06, Accum Loss: 0.29874858260154724
Lr: 6.50778010325188e-06, Accum Loss: 0.27100400626659393
Lr: 6.507006505328232e-06, Accum Loss: 0.23298725485801697
Lr: 6.506233020280358e-06, Accum Loss: 0.336910605430603
Lr: 6.5054596481961796e-06, Accum Loss: 0.23063026368618011
Lr: 6.5046863891636055e-06, Accum Loss: 0.30561836063861847
Lr: 6.503913243270537e-06, Accum Loss: 0.3690994083881378
Lr: 6.503140210604859e-06, Accum Loss: 0.24138830602169037
Lr: 6.502367291254441e-06, Accum Loss: 0.34918756783008575
Lr: 6.501594485307146e-06, Accum Loss: 0.2947147637605667
Lr: 6.500821792850819e-06, Accum Loss: 0.35332439839839935
Lr: 6.500049213973293e-06, Accum Loss: 0.327241986989975
Lr: 6.499276748762389e-06, Accum Loss: 0.23889273405075073
Lr: 6.498504397305916e-06, Accum Loss: 0.2752196788787842
Lr: 6.4977321596916676e-06, Accum Loss: 0.3656315207481384
Lr: 6.496960036007427e-06, Accum Loss: 0.26071710884571075
Lr: 6.496188026340962e-06, Accum Loss: 0.34465649724006653
Lr: 6.495416130780028e-06, Accum Loss: 0.3207916170358658
Lr: 6.4946443494123715e-06, Accum Loss: 0.32102641463279724
Lr: 6.49387268232572e-06, Accum Loss: 0.3817538022994995
Lr: 6.493101129607791e-06, Accum Loss: 0.3247337341308594
Lr: 6.492329691346287e-06, Accum Loss: 0.2829480916261673
Lr: 6.4915583676289026e-06, Accum Loss: 0.33450376987457275
Lr: 6.490787158543311e-06, Accum Loss: 0.2939641922712326
Lr: 6.490016064177183e-06, Accum Loss: 0.2779756337404251
Lr: 6.489245084618167e-06, Accum Loss: 0.2566680610179901
Lr: 6.4884742199539035e-06, Accum Loss: 0.3091803640127182
Lr: 6.487703470272016e-06, Accum Loss: 0.2577725052833557
Lr: 6.48693283566012e-06, Accum Loss: 0.3360923230648041
Lr: 6.486162316205812e-06, Accum Loss: 0.29280026257038116
Lr: 6.485391911996684e-06, Accum Loss: 0.31048785150051117
Lr: 6.484621623120306e-06, Accum Loss: 0.2888675928115845
Lr: 6.483851449664238e-06, Accum Loss: 0.28605541586875916
Lr: 6.483081391716027e-06, Accum Loss: 0.33048444986343384
Lr: 6.48231144936321e-06, Accum Loss: 0.2935589551925659
Lr: 6.481541622693307e-06, Accum Loss: 0.2959199696779251
Lr: 6.480771911793823e-06, Accum Loss: 0.2947203069925308
Lr: 6.480002316752257e-06, Accum Loss: 0.3366226404905319
Lr: 6.479232837656089e-06, Accum Loss: 0.2927054315805435
Lr: 6.478463474592785e-06, Accum Loss: 0.3110152781009674
Lr: 6.477694227649804e-06, Accum Loss: 0.3090563416481018
Lr: 6.4769250969145865e-06, Accum Loss: 0.29138071835041046
Lr: 6.476156082474558e-06, Accum Loss: 0.35004329681396484
Lr: 6.47538718441714e-06, Accum Loss: 0.27187736332416534
Lr: 6.474618402829732e-06, Accum Loss: 0.27822665870189667
Lr: 6.473849737799722e-06, Accum Loss: 0.32153648138046265
Lr: 6.473081189414487e-06, Accum Loss: 0.3455551862716675
Lr: 6.4723127577613906e-06, Accum Loss: 0.275302916765213
Lr: 6.471544442927779e-06, Accum Loss: 0.2375125288963318
Lr: 6.470776245000992e-06, Accum Loss: 0.35303084552288055
Lr: 6.470008164068352e-06, Accum Loss: 0.3516940176486969
Lr: 6.469240200217164e-06, Accum Loss: 0.2655176967382431
Lr: 6.468472353534729e-06, Accum Loss: 0.2360793799161911
Lr: 6.4677046241083285e-06, Accum Loss: 0.3054255396127701
Lr: 6.46693701202523e-06, Accum Loss: 0.3497256487607956
Lr: 6.466169517372692e-06, Accum Loss: 0.3098297715187073
Lr: 6.4654021402379575e-06, Accum Loss: 0.29433584213256836
Lr: 6.464634880708254e-06, Accum Loss: 0.3460564762353897
Lr: 6.4638677388707996e-06, Accum Loss: 0.3359232544898987
Lr: 6.463100714812796e-06, Accum Loss: 0.2716815173625946
Lr: 6.462333808621431e-06, Accum Loss: 0.3089873343706131
Lr: 6.461567020383884e-06, Accum Loss: 0.32971230149269104
Lr: 6.460800350187316e-06, Accum Loss: 0.3304387480020523
Lr: 6.460033798118875e-06, Accum Loss: 0.2798096835613251
Lr: 6.459267364265696e-06, Accum Loss: 0.3294011354446411
Lr: 6.458501048714905e-06, Accum Loss: 0.22958117723464966
Lr: 6.457734851553606e-06, Accum Loss: 0.30046437680721283
Lr: 6.456968772868899e-06, Accum Loss: 0.33387432992458344
Lr: 6.456202812747863e-06, Accum Loss: 0.3138723820447922
Lr: 6.455436971277567e-06, Accum Loss: 0.31852343678474426
Lr: 6.454671248545065e-06, Accum Loss: 0.2490658164024353
Lr: 6.453905644637401e-06, Accum Loss: 0.3201146423816681
Lr: 6.453140159641599e-06, Accum Loss: 0.3322366774082184
Lr: 6.452374793644677e-06, Accum Loss: 0.30752570927143097
Lr: 6.451609546733635e-06, Accum Loss: 0.24877506494522095
Lr: 6.450844418995459e-06, Accum Loss: 0.24782902002334595
Lr: 6.450079410517124e-06, Accum Loss: 0.27913233637809753
Lr: 6.44931452138559e-06, Accum Loss: 0.3260291516780853
Lr: 6.4485497516878025e-06, Accum Loss: 0.3061210960149765
Lr: 6.447785101510694e-06, Accum Loss: 0.2867635488510132
Lr: 6.447020570941188e-06, Accum Loss: 0.2741047739982605
Lr: 6.446256160066187e-06, Accum Loss: 0.3546745628118515
Lr: 6.445491868972583e-06, Accum Loss: 0.3634282499551773
Lr: 6.444727697747257e-06, Accum Loss: 0.2712866812944412
Lr: 6.443963646477074e-06, Accum Loss: 0.3255477100610733
Lr: 6.4431997152488815e-06, Accum Loss: 0.3304184675216675
Lr: 6.442435904149521e-06, Accum Loss: 0.3189074397087097
Lr: 6.441672213265816e-06, Accum Loss: 0.37461648881435394
Lr: 6.440908642684576e-06, Accum Loss: 0.32734495401382446
Lr: 6.440145192492599e-06, Accum Loss: 0.3481264263391495
Lr: 6.439381862776667e-06, Accum Loss: 0.30045486986637115
Lr: 6.438618653623548e-06, Accum Loss: 0.37195515632629395
Lr: 6.437855565120001e-06, Accum Loss: 0.29212842881679535
Lr: 6.437092597352767e-06, Accum Loss: 0.2841111570596695
Lr: 6.436329750408571e-06, Accum Loss: 0.3389989286661148
Lr: 6.435567024374132e-06, Accum Loss: 0.30526305735111237
Lr: 6.43480441933615e-06, Accum Loss: 0.32742638885974884
Lr: 6.434041935381308e-06, Accum Loss: 0.30412742495536804
Lr: 6.433279572596284e-06, Accum Loss: 0.31990715861320496
Lr: 6.432517331067736e-06, Accum Loss: 0.29506415128707886
Lr: 6.431755210882308e-06, Accum Loss: 0.345522940158844
Lr: 6.430993212126633e-06, Accum Loss: 0.37089066207408905
Lr: 6.430231334887331e-06, Accum Loss: 0.3395722210407257
Lr: 6.429469579251001e-06, Accum Loss: 0.3472730219364166
Lr: 6.42870794530424e-06, Accum Loss: 0.36233456432819366
Lr: 6.427946433133621e-06, Accum Loss: 0.27105963230133057
Lr: 6.427185042825708e-06, Accum Loss: 0.32376815378665924
Lr: 6.426423774467046e-06, Accum Loss: 0.27904295921325684
Lr: 6.4256626281441766e-06, Accum Loss: 0.26900675892829895
Lr: 6.424901603943615e-06, Accum Loss: 0.31859181821346283
Lr: 6.424140701951874e-06, Accum Loss: 0.2801949083805084
Lr: 6.423379922255443e-06, Accum Loss: 0.27872177958488464
Lr: 6.4226192649408034e-06, Accum Loss: 0.279987633228302
Lr: 6.421858730094419e-06, Accum Loss: 0.31707021594047546
Lr: 6.421098317802744e-06, Accum Loss: 0.2666781172156334
Lr: 6.420338028152215e-06, Accum Loss: 0.2825857400894165
Lr: 6.419577861229252e-06, Accum Loss: 0.2814616709947586
Lr: 6.418817817120273e-06, Accum Loss: 0.28374916315078735
Lr: 6.418057895911667e-06, Accum Loss: 0.2858790010213852
Lr: 6.417298097689817e-06, Accum Loss: 0.3136305510997772
Lr: 6.416538422541095e-06, Accum Loss: 0.3319811075925827
Lr: 6.4157788705518516e-06, Accum Loss: 0.2614614963531494
Lr: 6.415019441808425e-06, Accum Loss: 0.2272229790687561
Lr: 6.414260136397146e-06, Accum Loss: 0.2948741018772125
Lr: 6.413500954404324e-06, Accum Loss: 0.3729361593723297
Lr: 6.412741895916256e-06, Accum Loss: 0.3552522510290146
Lr: 6.411982961019228e-06, Accum Loss: 0.20871827006340027
Lr: 6.411224149799507e-06, Accum Loss: 0.2573567181825638
Lr: 6.410465462343351e-06, Accum Loss: 0.3171330541372299
Lr: 6.409706898737001e-06, Accum Loss: 0.2792622298002243
Lr: 6.4089484590666855e-06, Accum Loss: 0.24412207305431366
Lr: 6.408190143418615e-06, Accum Loss: 0.35250088572502136
Lr: 6.407431951878993e-06, Accum Loss: 0.34913991391658783
Lr: 6.406673884534002e-06, Accum Loss: 0.3506121188402176
Lr: 6.405915941469814e-06, Accum Loss: 0.3573968857526779
Lr: 6.405158122772587e-06, Accum Loss: 0.3313050866127014
Lr: 6.4044004285284625e-06, Accum Loss: 0.28445710241794586
Lr: 6.40364285882357e-06, Accum Loss: 0.3168720304965973
Lr: 6.402885413744024e-06, Accum Loss: 0.2719373404979706
Lr: 6.402128093375925e-06, Accum Loss: 0.32834506034851074
Lr: 6.401370897805358e-06, Accum Loss: 0.3052326738834381
Lr: 6.400613827118399e-06, Accum Loss: 0.32433412969112396
Lr: 6.3998568814011015e-06, Accum Loss: 0.2927630692720413
Lr: 6.399100060739512e-06, Accum Loss: 0.3094334453344345
Lr: 6.398343365219657e-06, Accum Loss: 0.29767511785030365
Lr: 6.397586794927556e-06, Accum Loss: 0.29877951741218567
Lr: 6.396830349949205e-06, Accum Loss: 0.2535768151283264
Lr: 6.396074030370595e-06, Accum Loss: 0.31110237538814545
Lr: 6.3953178362776975e-06, Accum Loss: 0.32710860669612885
Lr: 6.39456176775647e-06, Accum Loss: 0.2506479173898697
Lr: 6.393805824892856e-06, Accum Loss: 0.3439551889896393
Lr: 6.3930500077727865e-06, Accum Loss: 0.33257314562797546
Lr: 6.392294316482177e-06, Accum Loss: 0.2892601490020752
Lr: 6.391538751106927e-06, Accum Loss: 0.345617413520813
Lr: 6.390783311732925e-06, Accum Loss: 0.3366328775882721
Lr: 6.390027998446043e-06, Accum Loss: 0.35549890995025635
Lr: 6.3892728113321366e-06, Accum Loss: 0.3693791776895523
Lr: 6.388517750477054e-06, Accum Loss: 0.3044174611568451
Lr: 6.3877628159666225e-06, Accum Loss: 0.3480726331472397
Lr: 6.3870080078866545e-06, Accum Loss: 0.30675366520881653
Lr: 6.386253326322956e-06, Accum Loss: 0.3291000872850418
Lr: 6.385498771361311e-06, Accum Loss: 0.3554401248693466
Lr: 6.384744343087489e-06, Accum Loss: 0.31818267703056335
Lr: 6.383990041587251e-06, Accum Loss: 0.3635614514350891
Lr: 6.3832358669463395e-06, Accum Loss: 0.32632899284362793
Lr: 6.382481819250482e-06, Accum Loss: 0.26060573756694794
Lr: 6.381727898585393e-06, Accum Loss: 0.3399786651134491
Lr: 6.380974105036774e-06, Accum Loss: 0.24220912158489227
Lr: 6.380220438690306e-06, Accum Loss: 0.28339847922325134
Lr: 6.379466899631665e-06, Accum Loss: 0.28979170322418213
Lr: 6.378713487946505e-06, Accum Loss: 0.3008025586605072
Lr: 6.377960203720467e-06, Accum Loss: 0.2701262831687927
Lr: 6.3772070470391816e-06, Accum Loss: 0.3028751164674759
Lr: 6.37645401798826e-06, Accum Loss: 0.31389452517032623
Lr: 6.375701116653299e-06, Accum Loss: 0.2896192967891693
Lr: 6.374948343119886e-06, Accum Loss: 0.39083950221538544
Lr: 6.374195697473589e-06, Accum Loss: 0.3154817670583725
Lr: 6.373443179799961e-06, Accum Loss: 0.30832742154598236
Lr: 6.372690790184545e-06, Accum Loss: 0.28681710362434387
Lr: 6.371938528712866e-06, Accum Loss: 0.23416641354560852
Lr: 6.371186395470435e-06, Accum Loss: 0.37074583768844604
Lr: 6.370434390542747e-06, Accum Loss: 0.3120640367269516
Lr: 6.369682514015287e-06, Accum Loss: 0.26490117609500885
Lr: 6.368930765973519e-06, Accum Loss: 0.24686609208583832
Lr: 6.368179146502901e-06, Accum Loss: 0.32991383969783783
Lr: 6.3674276556888685e-06, Accum Loss: 0.26619820296764374
Lr: 6.366676293616843e-06, Accum Loss: 0.28175361454486847
Lr: 6.365925060372236e-06, Accum Loss: 0.35922324657440186
Lr: 6.365173956040441e-06, Accum Loss: 0.3390291780233383
Lr: 6.364422980706838e-06, Accum Loss: 0.28934213519096375
Lr: 6.3636721344567935e-06, Accum Loss: 0.2746497094631195
Lr: 6.3629214173756555e-06, Accum Loss: 0.30463196337223053
Lr: 6.36217082954876e-06, Accum Loss: 0.2585277706384659
Lr: 6.361420371061428e-06, Accum Loss: 0.26297086477279663
Lr: 6.360670041998968e-06, Accum Loss: 0.2872231602668762
Lr: 6.359919842446669e-06, Accum Loss: 0.3448048233985901
Lr: 6.359169772489806e-06, Accum Loss: 0.3041474223136902
Lr: 6.358419832213647e-06, Accum Loss: 0.2593957334756851
Lr: 6.357670021703437e-06, Accum Loss: 0.3346453011035919
Lr: 6.356920341044404e-06, Accum Loss: 0.2508709877729416
Lr: 6.356170790321772e-06, Accum Loss: 0.29982827603816986
Lr: 6.355421369620743e-06, Accum Loss: 0.27947309613227844
Lr: 6.354672079026502e-06, Accum Loss: 0.31342583894729614
Lr: 6.353922918624226e-06, Accum Loss: 0.29112154245376587
Lr: 6.3531738884990715e-06, Accum Loss: 0.2965369373559952
Lr: 6.3524249887361825e-06, Accum Loss: 0.2959827482700348
Lr: 6.351676219420691e-06, Accum Loss: 0.3255991041660309
Lr: 6.3509275806377075e-06, Accum Loss: 0.3234347105026245
Lr: 6.350179072472332e-06, Accum Loss: 0.30406349897384644
Lr: 6.349430695009652e-06, Accum Loss: 0.2961374521255493
Lr: 6.348682448334735e-06, Accum Loss: 0.28201548755168915
Lr: 6.347934332532635e-06, Accum Loss: 0.25803136825561523
Lr: 6.347186347688394e-06, Accum Loss: 0.33757732808589935
Lr: 6.346438493887037e-06, Accum Loss: 0.29850636422634125
Lr: 6.345690771213572e-06, Accum Loss: 0.2678569257259369
Lr: 6.344943179752997e-06, Accum Loss: 0.31625284254550934
Lr: 6.344195719590291e-06, Accum Loss: 0.23044075071811676
Lr: 6.34344839081042e-06, Accum Loss: 0.2676797956228256
Lr: 6.342701193498333e-06, Accum Loss: 0.2992129325866699
Lr: 6.341954127738967e-06, Accum Loss: 0.33690856397151947
Lr: 6.341207193617241e-06, Accum Loss: 0.24900713562965393
Lr: 6.340460391218064e-06, Accum Loss: 0.34740372002124786
Lr: 6.339713720626324e-06, Accum Loss: 0.2486501783132553
Lr: 6.338967181926899e-06, Accum Loss: 0.32836058735847473
Lr: 6.338220775204644e-06, Accum Loss: 0.2962183952331543
Lr: 6.337474500544412e-06, Accum Loss: 0.31934137642383575
Lr: 6.33672835803103e-06, Accum Loss: 0.40823327004909515
Lr: 6.335982347749314e-06, Accum Loss: 0.29180802404880524
Lr: 6.335236469784064e-06, Accum Loss: 0.2696267068386078
Lr: 6.3344907242200675e-06, Accum Loss: 0.29042939841747284
Lr: 6.333745111142093e-06, Accum Loss: 0.3178769648075104
Lr: 6.332999630634897e-06, Accum Loss: 0.36976194381713867
Lr: 6.332254282783221e-06, Accum Loss: 0.33278903365135193
Lr: 6.331509067671786e-06, Accum Loss: 0.2946731299161911
Lr: 6.330763985385309e-06, Accum Loss: 0.21676725149154663
Lr: 6.330019036008481e-06, Accum Loss: 0.3486005961894989
Lr: 6.3292742196259805e-06, Accum Loss: 0.33007068932056427
Lr: 6.3285295363224765e-06, Accum Loss: 0.32073281705379486
Lr: 6.327784986182617e-06, Accum Loss: 0.2880362719297409
Lr: 6.327040569291034e-06, Accum Loss: 0.3357377350330353
Lr: 6.326296285732352e-06, Accum Loss: 0.2764069586992264
Lr: 6.325552135591173e-06, Accum Loss: 0.3080233186483383
Lr: 6.324808118952085e-06, Accum Loss: 0.28253695368766785
Lr: 6.324064235899664e-06, Accum Loss: 0.3071277141571045
Lr: 6.323320486518468e-06, Accum Loss: 0.2820866107940674
Lr: 6.322576870893039e-06, Accum Loss: 0.3307126313447952
Lr: 6.321833389107909e-06, Accum Loss: 0.3120805323123932
Lr: 6.321090041247589e-06, Accum Loss: 0.28638748824596405
Lr: 6.320346827396575e-06, Accum Loss: 0.28208714723587036
Lr: 6.319603747639354e-06, Accum Loss: 0.32974106073379517
Lr: 6.318860802060392e-06, Accum Loss: 0.31189653277397156
Lr: 6.318117990744139e-06, Accum Loss: 0.2524905204772949
Lr: 6.3173753137750356e-06, Accum Loss: 0.27725932002067566
Lr: 6.3166327712375015e-06, Accum Loss: 0.2654637098312378
Lr: 6.315890363215942e-06, Accum Loss: 0.33616189658641815
Lr: 6.315148089794752e-06, Accum Loss: 0.33364138007164
Lr: 6.314405951058304e-06, Accum Loss: 0.28806453943252563
Lr: 6.313663947090958e-06, Accum Loss: 0.27389632165431976
Lr: 6.312922077977062e-06, Accum Loss: 0.27365365624427795
Lr: 6.3121803438009466e-06, Accum Loss: 0.29309798777103424
Lr: 6.311438744646923e-06, Accum Loss: 0.3669305592775345
Lr: 6.310697280599291e-06, Accum Loss: 0.2925124317407608
Lr: 6.309955951742336e-06, Accum Loss: 0.3297961503267288
Lr: 6.309214758160325e-06, Accum Loss: 0.2930142879486084
Lr: 6.308473699937514e-06, Accum Loss: 0.297336682677269
Lr: 6.307732777158139e-06, Accum Loss: 0.29595282673835754
Lr: 6.306991989906421e-06, Accum Loss: 0.2577720135450363
Lr: 6.3062513382665684e-06, Accum Loss: 0.2402101755142212
Lr: 6.305510822322772e-06, Accum Loss: 0.24144494533538818
Lr: 6.304770442159207e-06, Accum Loss: 0.39675527811050415
Lr: 6.304030197860037e-06, Accum Loss: 0.2950744777917862
Lr: 6.303290089509405e-06, Accum Loss: 0.38481371104717255
Lr: 6.302550117191442e-06, Accum Loss: 0.34035564959049225
Lr: 6.301810280990259e-06, Accum Loss: 0.2921467125415802
Lr: 6.30107058098996e-06, Accum Loss: 0.3179437816143036
Lr: 6.300331017274625e-06, Accum Loss: 0.2904052287340164
Lr: 6.299591589928321e-06, Accum Loss: 0.32599180936813354
Lr: 6.298852299035103e-06, Accum Loss: 0.35796502232551575
Lr: 6.298113144679008e-06, Accum Loss: 0.27445903420448303
Lr: 6.297374126944054e-06, Accum Loss: 0.3208431899547577
Lr: 6.296635245914251e-06, Accum Loss: 0.2687607407569885
Lr: 6.295896501673585e-06, Accum Loss: 0.34464940428733826
Lr: 6.295157894306033e-06, Accum Loss: 0.27754461765289307
Lr: 6.2944194238955545e-06, Accum Loss: 0.30756309628486633
Lr: 6.293681090526093e-06, Accum Loss: 0.34041476249694824
Lr: 6.2929428942815735e-06, Accum Loss: 0.28901898860931396
Lr: 6.292204835245914e-06, Accum Loss: 0.2933007925748825
Lr: 6.291466913503007e-06, Accum Loss: 0.36139868199825287
Lr: 6.290729129136734e-06, Accum Loss: 0.25516220927238464
Lr: 6.289991482230962e-06, Accum Loss: 0.269217774271965
Lr: 6.2892539728695416e-06, Accum Loss: 0.2828226834535599
Lr: 6.288516601136304e-06, Accum Loss: 0.2882799059152603
Lr: 6.287779367115071e-06, Accum Loss: 0.304135799407959
Lr: 6.287042270889644e-06, Accum Loss: 0.30628150701522827
Lr: 6.2863053125438105e-06, Accum Loss: 0.337814524769783
Lr: 6.285568492161343e-06, Accum Loss: 0.31652991473674774
Lr: 6.284831809825998e-06, Accum Loss: 0.31012023985385895
Lr: 6.284095265621514e-06, Accum Loss: 0.33093199133872986
Lr: 6.2833588596316145e-06, Accum Loss: 0.2817162126302719
Lr: 6.282622591940013e-06, Accum Loss: 0.3172325938940048
Lr: 6.281886462630397e-06, Accum Loss: 0.31963008642196655
Lr: 6.281150471786449e-06, Accum Loss: 0.36909817159175873
Lr: 6.2804146194918295e-06, Accum Loss: 0.3044945001602173
Lr: 6.279678905830183e-06, Accum Loss: 0.32849933207035065
Lr: 6.278943330885138e-06, Accum Loss: 0.3210444897413254
Lr: 6.278207894740314e-06, Accum Loss: 0.3221874088048935
Lr: 6.2774725974793055e-06, Accum Loss: 0.35589176416397095
Lr: 6.276737439185699e-06, Accum Loss: 0.269010990858078
Lr: 6.276002419943058e-06, Accum Loss: 0.2844519019126892
Lr: 6.275267539834935e-06, Accum Loss: 0.28159797191619873
Lr: 6.274532798944864e-06, Accum Loss: 0.3167826384305954
Lr: 6.273798197356368e-06, Accum Loss: 0.30015458166599274
Lr: 6.273063735152949e-06, Accum Loss: 0.30752524733543396
Lr: 6.272329412418093e-06, Accum Loss: 0.2966865003108978
Lr: 6.271595229235277e-06, Accum Loss: 0.3110221028327942
Lr: 6.270861185687953e-06, Accum Loss: 0.30880749225616455
Lr: 6.270127281859561e-06, Accum Loss: 0.29697075486183167
Lr: 6.2693935178335284e-06, Accum Loss: 0.26736463606357574
Lr: 6.268659893693263e-06, Accum Loss: 0.3195142298936844
Lr: 6.267926409522157e-06, Accum Loss: 0.2410067468881607
Lr: 6.267193065403587e-06, Accum Loss: 0.26944760978221893
Lr: 6.2664598614209144e-06, Accum Loss: 0.26488281786441803
Lr: 6.265726797657482e-06, Accum Loss: 0.24909839034080505
Lr: 6.2649938741966215e-06, Accum Loss: 0.2861889749765396
Lr: 6.264261091121645e-06, Accum Loss: 0.33437561988830566
Lr: 6.263528448515848e-06, Accum Loss: 0.22726742923259735
Lr: 6.2627959464625155e-06, Accum Loss: 0.32757775485515594
Lr: 6.26206358504491e-06, Accum Loss: 0.27286769449710846
Lr: 6.2613313643462784e-06, Accum Loss: 0.2695294916629791
Lr: 6.2605992844498585e-06, Accum Loss: 0.2429426908493042
Lr: 6.259867345438865e-06, Accum Loss: 0.29248175024986267
Lr: 6.259135547396499e-06, Accum Loss: 0.3202618211507797
Lr: 6.258403890405947e-06, Accum Loss: 0.31648510694503784
Lr: 6.257672374550376e-06, Accum Loss: 0.3514142483472824
Lr: 6.256940999912938e-06, Accum Loss: 0.3303910195827484
Lr: 6.256209766576776e-06, Accum Loss: 0.35042376816272736
Lr: 6.2554786746250044e-06, Accum Loss: 0.3437173664569855
Lr: 6.25474772414073e-06, Accum Loss: 0.3169322609901428
Lr: 6.254016915207044e-06, Accum Loss: 0.32410943508148193
Lr: 6.253286247907017e-06, Accum Loss: 0.3162679225206375
Lr: 6.252555722323706e-06, Accum Loss: 0.33640676736831665
Lr: 6.251825338540148e-06, Accum Loss: 0.33145706355571747
Lr: 6.251095096639374e-06, Accum Loss: 0.2923929989337921
Lr: 6.250364996704387e-06, Accum Loss: 0.3146670311689377
Lr: 6.249635038818182e-06, Accum Loss: 0.27575282752513885
Lr: 6.248905223063734e-06, Accum Loss: 0.29881930351257324
Lr: 6.248175549524001e-06, Accum Loss: 0.2964930236339569
Lr: 6.2474460182819285e-06, Accum Loss: 0.2879845201969147
Lr: 6.246716629420445e-06, Accum Loss: 0.2849249988794327
Lr: 6.245987383022458e-06, Accum Loss: 0.2974642813205719
Lr: 6.245258279170867e-06, Accum Loss: 0.2841295897960663
Lr: 6.244529317948549e-06, Accum Loss: 0.23847649991512299
Lr: 6.2438004994383654e-06, Accum Loss: 0.2595476508140564
Lr: 6.243071823723163e-06, Accum Loss: 0.32114821672439575
Lr: 6.242343290885773e-06, Accum Loss: 0.30089370906352997
Lr: 6.24161490100901e-06, Accum Loss: 0.29234620928764343
Lr: 6.2408866541756695e-06, Accum Loss: 0.2298208773136139
Lr: 6.240158550468535e-06, Accum Loss: 0.2962454557418823
Lr: 6.239430589970369e-06, Accum Loss: 0.3116223067045212
Lr: 6.238702772763923e-06, Accum Loss: 0.26100954413414
Lr: 6.2379750989319305e-06, Accum Loss: 0.36230960488319397
Lr: 6.2372475685571045e-06, Accum Loss: 0.2999780625104904
Lr: 6.236520181722145e-06, Accum Loss: 0.32667623460292816
Lr: 6.2357929385097394e-06, Accum Loss: 0.26227082312107086
Lr: 6.235065839002552e-06, Accum Loss: 0.2937624901533127
Lr: 6.234338883283234e-06, Accum Loss: 0.29952654242515564
Lr: 6.233612071434421e-06, Accum Loss: 0.24244527518749237
Lr: 6.232885403538732e-06, Accum Loss: 0.29770156741142273
Lr: 6.232158879678767e-06, Accum Loss: 0.2768012583255768
Lr: 6.231432499937114e-06, Accum Loss: 0.28167156875133514
Lr: 6.230706264396338e-06, Accum Loss: 0.2930356562137604
Lr: 6.229980173138996e-06, Accum Loss: 0.2958342134952545
Lr: 6.229254226247624e-06, Accum Loss: 0.30549415946006775
Lr: 6.22852842380474e-06, Accum Loss: 0.34464405477046967
Lr: 6.227802765892847e-06, Accum Loss: 0.26740798354148865
Lr: 6.227077252594436e-06, Accum Loss: 0.2592841684818268
Lr: 6.226351883991974e-06, Accum Loss: 0.27046866714954376
Lr: 6.225626660167918e-06, Accum Loss: 0.32740554213523865
Lr: 6.2249015812047025e-06, Accum Loss: 0.3320103883743286
Lr: 6.224176647184752e-06, Accum Loss: 0.3334087133407593
Lr: 6.223451858190468e-06, Accum Loss: 0.34034645557403564
Lr: 6.222727214304243e-06, Accum Loss: 0.3034972697496414
Lr: 6.222002715608447e-06, Accum Loss: 0.30158551037311554
Lr: 6.221278362185435e-06, Accum Loss: 0.28777793049812317
Lr: 6.220554154117546e-06, Accum Loss: 0.2982608824968338
Lr: 6.2198300914871025e-06, Accum Loss: 0.30389271676540375
Lr: 6.219106174376409e-06, Accum Loss: 0.32759714126586914
Lr: 6.218382402867757e-06, Accum Loss: 0.30263499915599823
Lr: 6.2176587770434185e-06, Accum Loss: 0.34437964856624603
Lr: 6.21693529698565e-06, Accum Loss: 0.33300621807575226
Lr: 6.2162119627766876e-06, Accum Loss: 0.34960003197193146
Lr: 6.2154887744987594e-06, Accum Loss: 0.3137657642364502
Lr: 6.214765732234069e-06, Accum Loss: 0.25968727469444275
Lr: 6.214042836064806e-06, Accum Loss: 0.283187597990036
Lr: 6.213320086073145e-06, Accum Loss: 0.30006279051303864
Lr: 6.212597482341243e-06, Accum Loss: 0.3216775059700012
Lr: 6.211875024951238e-06, Accum Loss: 0.2954525649547577
Lr: 6.211152713985254e-06, Accum Loss: 0.4053628295660019
Lr: 6.210430549525399e-06, Accum Loss: 0.3701370656490326
Lr: 6.20970853165376e-06, Accum Loss: 0.2627952992916107
Lr: 6.208986660452414e-06, Accum Loss: 0.2866804748773575
Lr: 6.208264936003416e-06, Accum Loss: 0.3400586098432541
Lr: 6.2075433583888044e-06, Accum Loss: 0.3137222230434418
Lr: 6.206821927690606e-06, Accum Loss: 0.23637481033802032
Lr: 6.206100643990826e-06, Accum Loss: 0.2872607856988907
Lr: 6.205379507371451e-06, Accum Loss: 0.32086367905139923
Lr: 6.20465851791446e-06, Accum Loss: 0.28318263590335846
Lr: 6.203937675701807e-06, Accum Loss: 0.2606841027736664
Lr: 6.203216980815429e-06, Accum Loss: 0.2919522225856781
Lr: 6.202496433337253e-06, Accum Loss: 0.3090916872024536
Lr: 6.201776033349184e-06, Accum Loss: 0.23586107790470123
Lr: 6.201055780933108e-06, Accum Loss: 0.27147625386714935
Lr: 6.200335676170904e-06, Accum Loss: 0.2671191245317459
Lr: 6.199615719144423e-06, Accum Loss: 0.3202150762081146
Lr: 6.198895909935505e-06, Accum Loss: 0.37162476778030396
Lr: 6.198176248625975e-06, Accum Loss: 0.29750360548496246
Lr: 6.197456735297636e-06, Accum Loss: 0.28808924555778503
Lr: 6.196737370032276e-06, Accum Loss: 0.30121269822120667
Lr: 6.1960181529116694e-06, Accum Loss: 0.35110393166542053
Lr: 6.1952990840175694e-06, Accum Loss: 0.3187951594591141
Lr: 6.194580163431716e-06, Accum Loss: 0.2664127051830292
Lr: 6.193861391235826e-06, Accum Loss: 0.3006874769926071
Lr: 6.19314276751161e-06, Accum Loss: 0.27640852332115173
Lr: 6.192424292340749e-06, Accum Loss: 0.378093883395195
Lr: 6.191705965804921e-06, Accum Loss: 0.3135187178850174
Lr: 6.190987787985774e-06, Accum Loss: 0.29527491331100464
Lr: 6.190269758964947e-06, Accum Loss: 0.2750578373670578
Lr: 6.189551878824059e-06, Accum Loss: 0.28830453753471375
Lr: 6.188834147644715e-06, Accum Loss: 0.27332863211631775
Lr: 6.1881165655084975e-06, Accum Loss: 0.34603095054626465
Lr: 6.187399132496981e-06, Accum Loss: 0.30844487249851227
Lr: 6.186681848691714e-06, Accum Loss: 0.341687873005867
Lr: 6.185964714174232e-06, Accum Loss: 0.2804933041334152
Lr: 6.185247729026053e-06, Accum Loss: 0.3185124397277832
Lr: 6.184530893328681e-06, Accum Loss: 0.2945117652416229
Lr: 6.183814207163596e-06, Accum Loss: 0.3178727477788925
Lr: 6.183097670612269e-06, Accum Loss: 0.31614427268505096
Lr: 6.182381283756149e-06, Accum Loss: 0.32439766824245453
Lr: 6.181665046676669e-06, Accum Loss: 0.26550692319869995
Lr: 6.1809489594552444e-06, Accum Loss: 0.3236847519874573
Lr: 6.180233022173277e-06, Accum Loss: 0.3381299525499344
Lr: 6.179517234912147e-06, Accum Loss: 0.29672831296920776
Lr: 6.178801597753218e-06, Accum Loss: 0.25698646903038025
Lr: 6.178086110777843e-06, Accum Loss: 0.3704974055290222
Lr: 6.177370774067349e-06, Accum Loss: 0.3359014093875885
Lr: 6.1766555877030505e-06, Accum Loss: 0.3066924065351486
Lr: 6.1759405517662445e-06, Accum Loss: 0.35469891130924225
Lr: 6.175225666338212e-06, Accum Loss: 0.33816754817962646
Lr: 6.1745109315002135e-06, Accum Loss: 0.28756457567214966
Lr: 6.173796347333497e-06, Accum Loss: 0.322198748588562
Lr: 6.173081913919289e-06, Accum Loss: 0.3175850361585617
Lr: 6.172367631338799e-06, Accum Loss: 0.2612869590520859
Lr: 6.1716534996732266e-06, Accum Loss: 0.24416694045066833
Lr: 6.1709395190037434e-06, Accum Loss: 0.3307773470878601
Lr: 6.170225689411511e-06, Accum Loss: 0.2640412747859955
Lr: 6.1695120109776735e-06, Accum Loss: 0.24378231167793274
Lr: 6.1687984837833545e-06, Accum Loss: 0.3018757104873657
Lr: 6.168085107909663e-06, Accum Loss: 0.31729237735271454
Lr: 6.1673718834376875e-06, Accum Loss: 0.32206861674785614
Lr: 6.1666588104485065e-06, Accum Loss: 0.31599336862564087
Lr: 6.165945889023173e-06, Accum Loss: 0.2625409662723541
Lr: 6.165233119242728e-06, Accum Loss: 0.3195275366306305
Lr: 6.1645205011881935e-06, Accum Loss: 0.35122285783290863
Lr: 6.163808034940574e-06, Accum Loss: 0.2602747976779938
Lr: 6.163095720580854e-06, Accum Loss: 0.25471290946006775
Lr: 6.16238355819001e-06, Accum Loss: 0.31746555864810944
Lr: 6.1616715478489905e-06, Accum Loss: 0.2811797261238098
Lr: 6.160959689638734e-06, Accum Loss: 0.25578226149082184
Lr: 6.160247983640157e-06, Accum Loss: 0.33714501559734344
Lr: 6.159536429934162e-06, Accum Loss: 0.36462022364139557
Lr: 6.158825028601631e-06, Accum Loss: 0.33514417707920074
Lr: 6.1581137797234335e-06, Accum Loss: 0.3036569654941559
Lr: 6.157402683380417e-06, Accum Loss: 0.26210935413837433
Lr: 6.1566917396534136e-06, Accum Loss: 0.2721182405948639
Lr: 6.1559809486232375e-06, Accum Loss: 0.3120982348918915
Lr: 6.155270310370687e-06, Accum Loss: 0.3202083110809326
Lr: 6.1545598249765395e-06, Accum Loss: 0.29394011199474335
Lr: 6.15384949252156e-06, Accum Loss: 0.3382948189973831
Lr: 6.153139313086493e-06, Accum Loss: 0.2883262485265732
Lr: 6.152429286752064e-06, Accum Loss: 0.2780968248844147
Lr: 6.151719413598988e-06, Accum Loss: 0.28523804247379303
Lr: 6.151009693707953e-06, Accum Loss: 0.2842453569173813
Lr: 6.150300127159636e-06, Accum Loss: 0.2677244693040848
Lr: 6.1495907140346965e-06, Accum Loss: 0.2666599750518799
Lr: 6.148881454413774e-06, Accum Loss: 0.3418482542037964
Lr: 6.148172348377491e-06, Accum Loss: 0.27253498136997223
Lr: 6.147463396006455e-06, Accum Loss: 0.3039350062608719
Lr: 6.146754597381252e-06, Accum Loss: 0.2663392126560211
Lr: 6.146045952582452e-06, Accum Loss: 0.29829202592372894
Lr: 6.145337461690612e-06, Accum Loss: 0.3289996087551117
Lr: 6.144629124786266e-06, Accum Loss: 0.28369268774986267
Lr: 6.143920941949929e-06, Accum Loss: 0.253917932510376
Lr: 6.143212913262106e-06, Accum Loss: 0.4045412838459015
Lr: 6.14250503880328e-06, Accum Loss: 0.30672982335090637
Lr: 6.141797318653913e-06, Accum Loss: 0.30268941819667816
Lr: 6.141089752894457e-06, Accum Loss: 0.31096358597278595
Lr: 6.140382341605341e-06, Accum Loss: 0.3504435867071152
Lr: 6.139675084866978e-06, Accum Loss: 0.3073276877403259
Lr: 6.138967982759763e-06, Accum Loss: 0.2631983160972595
Lr: 6.1382610353640755e-06, Accum Loss: 0.3417002409696579
Lr: 6.137554242760274e-06, Accum Loss: 0.2406139373779297
Lr: 6.136847605028701e-06, Accum Loss: 0.27252405881881714
Lr: 6.136141122249684e-06, Accum Loss: 0.3273370563983917
Lr: 6.135434794503526e-06, Accum Loss: 0.3301562964916229
Lr: 6.1347286218705214e-06, Accum Loss: 0.2587142884731293
Lr: 6.134022604430942e-06, Accum Loss: 0.2499619573354721
Lr: 6.13331674226504e-06, Accum Loss: 0.33415134251117706
Lr: 6.132611035453052e-06, Accum Loss: 0.2911694049835205
Lr: 6.131905484075201e-06, Accum Loss: 0.4204757511615753
Lr: 6.131200088211685e-06, Accum Loss: 0.3310067504644394
Lr: 6.13049484794269e-06, Accum Loss: 0.28251154720783234
Lr: 6.129789763348381e-06, Accum Loss: 0.2542952746152878
Lr: 6.129084834508906e-06, Accum Loss: 0.30287423729896545
Lr: 6.128380061504396e-06, Accum Loss: 0.2259720265865326
Lr: 6.1276754444149674e-06, Accum Loss: 0.31722433865070343
Lr: 6.126970983320712e-06, Accum Loss: 0.2946375012397766
Lr: 6.126266678301707e-06, Accum Loss: 0.2633298933506012
Lr: 6.125562529438016e-06, Accum Loss: 0.28192394971847534
Lr: 6.124858536809679e-06, Accum Loss: 0.33614030480384827
Lr: 6.124154700496717e-06, Accum Loss: 0.273748517036438
Lr: 6.123451020579143e-06, Accum Loss: 0.2580435574054718
Lr: 6.122747497136944e-06, Accum Loss: 0.27736788988113403
Lr: 6.122044130250087e-06, Accum Loss: 0.23732037842273712
Lr: 6.121340919998529e-06, Accum Loss: 0.30001863837242126
Lr: 6.120637866462206e-06, Accum Loss: 0.2772403657436371
Lr: 6.119934969721032e-06, Accum Loss: 0.3154059052467346
Lr: 6.119232229854911e-06, Accum Loss: 0.32759852707386017
Lr: 6.118529646943723e-06, Accum Loss: 0.2943492829799652
Lr: 6.11782722106733e-06, Accum Loss: 0.3219442069530487
Lr: 6.117124952305583e-06, Accum Loss: 0.29737286269664764
Lr: 6.116422840738309e-06, Accum Loss: 0.3659669756889343
Lr: 6.115720886445314e-06, Accum Loss: 0.27962614595890045
Lr: 6.115019089506397e-06, Accum Loss: 0.2941476106643677
Lr: 6.11431745000133e-06, Accum Loss: 0.27364538609981537
Lr: 6.11361596800987e-06, Accum Loss: 0.2598591148853302
Lr: 6.112914643611755e-06, Accum Loss: 0.293209433555603
Lr: 6.112213476886708e-06, Accum Loss: 0.3152225762605667
Lr: 6.1115124679144325e-06, Accum Loss: 0.28539353609085083
Lr: 6.1108116167746106e-06, Accum Loss: 0.2845572531223297
Lr: 6.110110923546912e-06, Accum Loss: 0.2878360152244568
Lr: 6.109410388310985e-06, Accum Loss: 0.2834912836551666
Lr: 6.1087100111464635e-06, Accum Loss: 0.3378112316131592
Lr: 6.1080097921329585e-06, Accum Loss: 0.28497597575187683
Lr: 6.107309731350066e-06, Accum Loss: 0.3451366126537323
Lr: 6.1066098288773616e-06, Accum Loss: 0.2749626040458679
Lr: 6.105910084794409e-06, Accum Loss: 0.27563031017780304
Lr: 6.105210499180746e-06, Accum Loss: 0.26184579730033875
Lr: 6.104511072115898e-06, Accum Loss: 0.27648165822029114
Lr: 6.10381180367937e-06, Accum Loss: 0.2514417916536331
Lr: 6.103112693950649e-06, Accum Loss: 0.3768474906682968
Lr: 6.102413743009204e-06, Accum Loss: 0.3159215748310089
Lr: 6.101714950934487e-06, Accum Loss: 0.33708401024341583
Lr: 6.101016317805932e-06, Accum Loss: 0.3583281934261322
Lr: 6.10031784370295e-06, Accum Loss: 0.33585162460803986
Lr: 6.099619528704945e-06, Accum Loss: 0.27063608169555664
Lr: 6.098921372891292e-06, Accum Loss: 0.23399853706359863
Lr: 6.09822337634135e-06, Accum Loss: 0.342693954706192
Lr: 6.097525539134466e-06, Accum Loss: 0.3580355942249298
Lr: 6.096827861349963e-06, Accum Loss: 0.33504799008369446
Lr: 6.096130343067145e-06, Accum Loss: 0.2682228833436966
Lr: 6.0954329843653045e-06, Accum Loss: 0.33757467567920685
Lr: 6.0947357853237105e-06, Accum Loss: 0.2891324609518051
Lr: 6.094038746021614e-06, Accum Loss: 0.2572679966688156
Lr: 6.09334186653825e-06, Accum Loss: 0.33069057762622833
Lr: 6.092645146952835e-06, Accum Loss: 0.2790338844060898
Lr: 6.091948587344564e-06, Accum Loss: 0.3645349591970444
Lr: 6.0912521877926195e-06, Accum Loss: 0.3507835566997528
Lr: 6.090555948376162e-06, Accum Loss: 0.289981871843338
Lr: 6.089859869174332e-06, Accum Loss: 0.29510359466075897
Lr: 6.089163950266259e-06, Accum Loss: 0.32289454340934753
Lr: 6.088468191731046e-06, Accum Loss: 0.28895749151706696
Lr: 6.0877725936477815e-06, Accum Loss: 0.2760812044143677
Lr: 6.087077156095538e-06, Accum Loss: 0.302521675825119
Lr: 6.086381879153366e-06, Accum Loss: 0.3198527842760086
Lr: 6.0856867629002995e-06, Accum Loss: 0.37710997462272644
Lr: 6.084991807415353e-06, Accum Loss: 0.2867313623428345
Lr: 6.084297012777526e-06, Accum Loss: 0.3755900263786316
Lr: 6.083602379065793e-06, Accum Loss: 0.2938717305660248
Lr: 6.0829079063591194e-06, Accum Loss: 0.2928008735179901
Lr: 6.082213594736445e-06, Accum Loss: 0.23853619396686554
Lr: 6.081519444276695e-06, Accum Loss: 0.2966683357954025
Lr: 6.080825455058771e-06, Accum Loss: 0.3362128734588623
Lr: 6.080131627161566e-06, Accum Loss: 0.31771712005138397
Lr: 6.0794379606639445e-06, Accum Loss: 0.28371644020080566
Lr: 6.07874445564476e-06, Accum Loss: 0.3202122002840042
Lr: 6.078051112182844e-06, Accum Loss: 0.3783205598592758
Lr: 6.077357930357011e-06, Accum Loss: 0.30428658425807953
Lr: 6.0766649102460535e-06, Accum Loss: 0.3163880258798599
Lr: 6.075972051928751e-06, Accum Loss: 0.28189049661159515
Lr: 6.0752793554838615e-06, Accum Loss: 0.35238319635391235
Lr: 6.074586820990128e-06, Accum Loss: 0.32248562574386597
Lr: 6.073894448526269e-06, Accum Loss: 0.28366895020008087
Lr: 6.07320223817099e-06, Accum Loss: 0.3778552860021591
Lr: 6.072510190002973e-06, Accum Loss: 0.35797739028930664
Lr: 6.071818304100889e-06, Accum Loss: 0.310973584651947
Lr: 6.071126580543384e-06, Accum Loss: 0.298880934715271
Lr: 6.070435019409087e-06, Accum Loss: 0.2977934330701828
Lr: 6.0697436207766106e-06, Accum Loss: 0.308879092335701
Lr: 6.069052384724548e-06, Accum Loss: 0.31484419107437134
Lr: 6.068361311331472e-06, Accum Loss: 0.35060450434684753
Lr: 6.067670400675939e-06, Accum Loss: 0.2946333736181259
Lr: 6.066979652836487e-06, Accum Loss: 0.3401983231306076
Lr: 6.066289067891634e-06, Accum Loss: 0.3614862263202667
Lr: 6.065598645919882e-06, Accum Loss: 0.3256092816591263
Lr: 6.064908386999711e-06, Accum Loss: 0.24861173331737518
Lr: 6.064218291209583e-06, Accum Loss: 0.3257465809583664
Lr: 6.063528358627946e-06, Accum Loss: 0.28312887251377106
Lr: 6.062838589333225e-06, Accum Loss: 0.34138354659080505
Lr: 6.062148983403826e-06, Accum Loss: 0.2471289187669754
Lr: 6.06145954091814e-06, Accum Loss: 0.267556369304657
Lr: 6.060770261954538e-06, Accum Loss: 0.24365587532520294
Lr: 6.0600811465913686e-06, Accum Loss: 0.3328698128461838
Lr: 6.0593921949069675e-06, Accum Loss: 0.3128046542406082
Lr: 6.05870340697965e-06, Accum Loss: 0.2831580638885498
Lr: 6.05801478288771e-06, Accum Loss: 0.28310704231262207
Lr: 6.057326322709427e-06, Accum Loss: 0.3496336340904236
Lr: 6.056638026523059e-06, Accum Loss: 0.3190108388662338
Lr: 6.055949894406846e-06, Accum Loss: 0.302187442779541
Lr: 6.0552619264390075e-06, Accum Loss: 0.2512735277414322
Lr: 6.0545741226977505e-06, Accum Loss: 0.338215172290802
Lr: 6.0538864832612546e-06, Accum Loss: 0.31244342029094696
Lr: 6.05319900820769e-06, Accum Loss: 0.36296550929546356
Lr: 6.0525116976152005e-06, Accum Loss: 0.29705700278282166
Lr: 6.051824551561915e-06, Accum Loss: 0.330290749669075
Lr: 6.051137570125942e-06, Accum Loss: 0.36022937297821045
Lr: 6.050450753385374e-06, Accum Loss: 0.32013803720474243
Lr: 6.049764101418281e-06, Accum Loss: 0.3123624920845032
Lr: 6.049077614302719e-06, Accum Loss: 0.3241073489189148
Lr: 6.04839129211672e-06, Accum Loss: 0.319075345993042
Lr: 6.0477051349383015e-06, Accum Loss: 0.3277775049209595
Lr: 6.0470191428454575e-06, Accum Loss: 0.30476075410842896
Lr: 6.046333315916169e-06, Accum Loss: 0.32229703664779663
Lr: 6.045647654228396e-06, Accum Loss: 0.24758687615394592
Lr: 6.044962157860076e-06, Accum Loss: 0.31316083669662476
Lr: 6.044276826889134e-06, Accum Loss: 0.2906974256038666
Lr: 6.043591661393472e-06, Accum Loss: 0.2815917730331421
Lr: 6.042906661450974e-06, Accum Loss: 0.24559061229228973
Lr: 6.042221827139506e-06, Accum Loss: 0.20486684143543243
Lr: 6.041537158536915e-06, Accum Loss: 0.2524622976779938
Lr: 6.040852655721026e-06, Accum Loss: 0.3011768162250519
Lr: 6.040168318769652e-06, Accum Loss: 0.24432490766048431
Lr: 6.039484147760581e-06, Accum Loss: 0.27179495990276337
Lr: 6.038800142771583e-06, Accum Loss: 0.3429192900657654
Lr: 6.038116303880413e-06, Accum Loss: 0.4164748787879944
Lr: 6.037432631164803e-06, Accum Loss: 0.32122063636779785
Lr: 6.0367491247024665e-06, Accum Loss: 0.2713824659585953
Lr: 6.036065784571102e-06, Accum Loss: 0.2573842853307724
Lr: 6.035382610848385e-06, Accum Loss: 0.3100155144929886
Lr: 6.0346996036119715e-06, Accum Loss: 0.29186204075813293
Lr: 6.034016762939504e-06, Accum Loss: 0.3116442561149597
Lr: 6.033334088908601e-06, Accum Loss: 0.27364808320999146
Lr: 6.032651581596862e-06, Accum Loss: 0.3163616359233856
Lr: 6.031969241081871e-06, Accum Loss: 0.29363852739334106
Lr: 6.031287067441191e-06, Accum Loss: 0.30472566187381744
Lr: 6.030605060752363e-06, Accum Loss: 0.33145958185195923
Lr: 6.029923221092917e-06, Accum Loss: 0.30358728766441345
Lr: 6.029241548540358e-06, Accum Loss: 0.3422875255346298
Lr: 6.02856004317217e-06, Accum Loss: 0.2748001366853714
Lr: 6.027878705065825e-06, Accum Loss: 0.26008176803588867
Lr: 6.027197534298771e-06, Accum Loss: 0.347210630774498
Lr: 6.026516530948438e-06, Accum Loss: 0.3844398707151413
Lr: 6.0258356950922355e-06, Accum Loss: 0.37543150782585144
Lr: 6.025155026807559e-06, Accum Loss: 0.2782023400068283
Lr: 6.02447452617178e-06, Accum Loss: 0.3563583642244339
Lr: 6.023794193262252e-06, Accum Loss: 0.3516332358121872
Lr: 6.023114028156309e-06, Accum Loss: 0.25866785645484924
Lr: 6.02243403093127e-06, Accum Loss: 0.31729644536972046
Lr: 6.021754201664429e-06, Accum Loss: 0.29871073365211487
Lr: 6.021074540433065e-06, Accum Loss: 0.3319636881351471
Lr: 6.020395047314435e-06, Accum Loss: 0.2967224419116974
Lr: 6.019715722385781e-06, Accum Loss: 0.3388155698776245
Lr: 6.019036565724323e-06, Accum Loss: 0.3002568781375885
Lr: 6.0183575774072615e-06, Accum Loss: 0.3240034133195877
Lr: 6.0176787575117755e-06, Accum Loss: 0.3205321431159973
Lr: 6.017000106115033e-06, Accum Loss: 0.2930377125740051
Lr: 6.016321623294177e-06, Accum Loss: 0.2938808798789978
Lr: 6.015643309126329e-06, Accum Loss: 0.3092808276414871
Lr: 6.014965163688596e-06, Accum Loss: 0.2922400236129761
Lr: 6.014287187058067e-06, Accum Loss: 0.323746994137764
Lr: 6.013609379311804e-06, Accum Loss: 0.23917216062545776
Lr: 6.01293174052686e-06, Accum Loss: 0.3043198138475418
Lr: 6.012254270780261e-06, Accum Loss: 0.29898926615715027
Lr: 6.011576970149015e-06, Accum Loss: 0.2525990903377533
Lr: 6.010899838710116e-06, Accum Loss: 0.32908374071121216
Lr: 6.010222876540533e-06, Accum Loss: 0.34269076585769653
Lr: 6.009546083717216e-06, Accum Loss: 0.36276955902576447
Lr: 6.008869460317102e-06, Accum Loss: 0.2697121948003769
Lr: 6.008193006417102e-06, Accum Loss: 0.2950759679079056
Lr: 6.007516722094108e-06, Accum Loss: 0.333668977022171
Lr: 6.0068406074249965e-06, Accum Loss: 0.3187641054391861
Lr: 6.006164662486625e-06, Accum Loss: 0.29108114540576935
Lr: 6.005488887355825e-06, Accum Loss: 0.3280114531517029
Lr: 6.004813282109418e-06, Accum Loss: 0.3138628900051117
Lr: 6.0041378468242e-06, Accum Loss: 0.25411732494831085
Lr: 6.003462581576946e-06, Accum Loss: 0.215729758143425
Lr: 6.0027874864444205e-06, Accum Loss: 0.221177875995636
Lr: 6.002112561503359e-06, Accum Loss: 0.3290373533964157
Lr: 6.0014378068304844e-06, Accum Loss: 0.284694567322731
Lr: 6.000763222502493e-06, Accum Loss: 0.32944291830062866
Lr: 6.000088808596072e-06, Accum Loss: 0.31941846013069153
Lr: 5.9994145651878794e-06, Accum Loss: 0.34833455085754395
Lr: 5.99874049235456e-06, Accum Loss: 0.2918475866317749
Lr: 5.9980665901727375e-06, Accum Loss: 0.34319181740283966
Lr: 5.9973928587190154e-06, Accum Loss: 0.376568928360939
Lr: 5.996719298069976e-06, Accum Loss: 0.39232146739959717
Lr: 5.996045908302187e-06, Accum Loss: 0.2786298096179962
Lr: 5.995372689492193e-06, Accum Loss: 0.31920427083969116
Lr: 5.9946996417165215e-06, Accum Loss: 0.2771250307559967
Lr: 5.9940267650516785e-06, Accum Loss: 0.33389437198638916
Lr: 5.9933540595741515e-06, Accum Loss: 0.32036541402339935
Lr: 5.992681525360407e-06, Accum Loss: 0.27694207429885864
Lr: 5.992009162486895e-06, Accum Loss: 0.34245650470256805
Lr: 5.991336971030046e-06, Accum Loss: 0.3361804485321045
Lr: 5.990664951066265e-06, Accum Loss: 0.2996832877397537
Lr: 5.989993102671946e-06, Accum Loss: 0.3390258252620697
Lr: 5.989321425923459e-06, Accum Loss: 0.3383941352367401
Lr: 5.988649920897153e-06, Accum Loss: 0.3082522600889206
Lr: 5.9879785876693615e-06, Accum Loss: 0.3540354073047638
Lr: 5.987307426316396e-06, Accum Loss: 0.2724764943122864
Lr: 5.986636436914547e-06, Accum Loss: 0.3684924840927124
Lr: 5.985965619540089e-06, Accum Loss: 0.3093790113925934
Lr: 5.985294974269277e-06, Accum Loss: 0.28099432587623596
Lr: 5.98462450117834e-06, Accum Loss: 0.29127542674541473
Lr: 5.983954200343497e-06, Accum Loss: 0.28677815198898315
Lr: 5.9832840718409405e-06, Accum Loss: 0.3245467245578766
Lr: 5.982614115746844e-06, Accum Loss: 0.24559462070465088
Lr: 5.9819443321373664e-06, Accum Loss: 0.328083336353302
Lr: 5.981274721088642e-06, Accum Loss: 0.31608976423740387
Lr: 5.980605282676785e-06, Accum Loss: 0.2780994325876236
Lr: 5.979936016977895e-06, Accum Loss: 0.2751670628786087
Lr: 5.979266924068047e-06, Accum Loss: 0.3010597825050354
Lr: 5.9785980040232966e-06, Accum Loss: 0.3346010595560074
Lr: 5.977929256919686e-06, Accum Loss: 0.2855721414089203
Lr: 5.9772606828332295e-06, Accum Loss: 0.28846994042396545
Lr: 5.976592281839926e-06, Accum Loss: 0.2697300463914871
Lr: 5.975924054015756e-06, Accum Loss: 0.3053426444530487
Lr: 5.975255999436677e-06, Accum Loss: 0.3014697879552841
Lr: 5.974588118178627e-06, Accum Loss: 0.3788424879312515
Lr: 5.973920410317529e-06, Accum Loss: 0.325717955827713
Lr: 5.97325287592928e-06, Accum Loss: 0.3118000626564026
Lr: 5.972585515089761e-06, Accum Loss: 0.4156191945075989
Lr: 5.971918327874832e-06, Accum Loss: 0.3091007173061371
Lr: 5.971251314360334e-06, Accum Loss: 0.36998382210731506
Lr: 5.9705844746220875e-06, Accum Loss: 0.31809593737125397
Lr: 5.969917808735894e-06, Accum Loss: 0.34293973445892334
Lr: 5.969251316777536e-06, Accum Loss: 0.2965344190597534
Lr: 5.968584998822774e-06, Accum Loss: 0.2509571313858032
Lr: 5.967918854947348e-06, Accum Loss: 0.31871527433395386
Lr: 5.9672528852269825e-06, Accum Loss: 0.3474523425102234
Lr: 5.9665870897373784e-06, Accum Loss: 0.32286326587200165
Lr: 5.965921468554221e-06, Accum Loss: 0.31828607618808746
Lr: 5.96525602175317e-06, Accum Loss: 0.3171446621417999
Lr: 5.964590749409869e-06, Accum Loss: 0.28911806643009186
Lr: 5.9639256515999405e-06, Accum Loss: 0.2475661039352417
Lr: 5.963260728398988e-06, Accum Loss: 0.26481154561042786
Lr: 5.962595979882596e-06, Accum Loss: 0.3074829876422882
Lr: 5.961931406126326e-06, Accum Loss: 0.351820632815361
Lr: 5.9612670072057226e-06, Accum Loss: 0.3033166229724884
Lr: 5.960602783196311e-06, Accum Loss: 0.34468159079551697
Lr: 5.9599387341735905e-06, Accum Loss: 0.3074935972690582
Lr: 5.959274860213049e-06, Accum Loss: 0.31054435670375824
Lr: 5.95861116139015e-06, Accum Loss: 0.29755547642707825
Lr: 5.957947637780336e-06, Accum Loss: 0.3181488811969757
Lr: 5.957284289459033e-06, Accum Loss: 0.32687413692474365
Lr: 5.956621116501645e-06, Accum Loss: 0.28475716710090637
Lr: 5.955958118983554e-06, Accum Loss: 0.27969588339328766
Lr: 5.955295296980128e-06, Accum Loss: 0.2626199871301651
Lr: 5.95463265056671e-06, Accum Loss: 0.3356003165245056
Lr: 5.953970179818623e-06, Accum Loss: 0.28905394673347473
Lr: 5.9533078848111734e-06, Accum Loss: 0.30646996200084686
Lr: 5.952645765619645e-06, Accum Loss: 0.32877884805202484
Lr: 5.951983822319301e-06, Accum Loss: 0.31261157989501953
Lr: 5.951322054985389e-06, Accum Loss: 0.2876361906528473
Lr: 5.950660463693132e-06, Accum Loss: 0.266592338681221
Lr: 5.9499990485177325e-06, Accum Loss: 0.3229803740978241
Lr: 5.949337809534379e-06, Accum Loss: 0.3636016994714737
Lr: 5.9486767468182334e-06, Accum Loss: 0.3122638165950775
Lr: 5.9480158604444416e-06, Accum Loss: 0.35746462643146515
Lr: 5.947355150488125e-06, Accum Loss: 0.34560346603393555
Lr: 5.946694617024392e-06, Accum Loss: 0.283220112323761
Lr: 5.9460342601283235e-06, Accum Loss: 0.29955916106700897
Lr: 5.945374079874987e-06, Accum Loss: 0.30497755110263824
Lr: 5.9447140763394246e-06, Accum Loss: 0.36602315306663513
Lr: 5.944054249596661e-06, Accum Loss: 0.3129986673593521
Lr: 5.943394599721698e-06, Accum Loss: 0.3430623710155487
Lr: 5.942735126789522e-06, Accum Loss: 0.34182779490947723
Lr: 5.942075830875096e-06, Accum Loss: 0.3776754289865494
Lr: 5.941416712053365e-06, Accum Loss: 0.3111210912466049
Lr: 5.9407577703992505e-06, Accum Loss: 0.32516685128211975
Lr: 5.940099005987657e-06, Accum Loss: 0.26601657271385193
Lr: 5.939440418893466e-06, Accum Loss: 0.2967866510152817
Lr: 5.938782009191542e-06, Accum Loss: 0.4090452790260315
Lr: 5.9381237769567294e-06, Accum Loss: 0.38338932394981384
Lr: 5.937465722263848e-06, Accum Loss: 0.3662351071834564
Lr: 5.936807845187702e-06, Accum Loss: 0.32944318652153015
Lr: 5.9361501458030735e-06, Accum Loss: 0.35855919122695923
Lr: 5.935492624184722e-06, Accum Loss: 0.32491061091423035
Lr: 5.934835280407395e-06, Accum Loss: 0.23654262721538544
Lr: 5.93417811454581e-06, Accum Loss: 0.2683078944683075
Lr: 5.933521126674669e-06, Accum Loss: 0.32913069427013397
Lr: 5.9328643168686544e-06, Accum Loss: 0.3541763722896576
Lr: 5.932207685202428e-06, Accum Loss: 0.27480587363243103
Lr: 5.931551231750627e-06, Accum Loss: 0.33005283772945404
Lr: 5.930894956587876e-06, Accum Loss: 0.30384214222431183
Lr: 5.930238859788773e-06, Accum Loss: 0.31266671419143677
Lr: 5.929582941427898e-06, Accum Loss: 0.3116889148950577
Lr: 5.928927201579812e-06, Accum Loss: 0.3373539298772812
Lr: 5.928271640319052e-06, Accum Loss: 0.2220720797777176
Lr: 5.92761625772014e-06, Accum Loss: 0.2994258552789688
Lr: 5.926961053857574e-06, Accum Loss: 0.3354656398296356
Lr: 5.9263060288058305e-06, Accum Loss: 0.3378041833639145
Lr: 5.9256511826393684e-06, Accum Loss: 0.31984926760196686
Lr: 5.924996515432628e-06, Accum Loss: 0.27841033041477203
Lr: 5.924342027260025e-06, Accum Loss: 0.2936756908893585
Lr: 5.923687718195956e-06, Accum Loss: 0.27272939682006836
Lr: 5.9230335883147966e-06, Accum Loss: 0.360257163643837
Lr: 5.922379637690907e-06, Accum Loss: 0.30814318358898163
Lr: 5.92172586639862e-06, Accum Loss: 0.30848558247089386
Lr: 5.921072274512253e-06, Accum Loss: 0.2695476859807968
Lr: 5.9204188621060995e-06, Accum Loss: 0.3185689002275467
Lr: 5.919765629254436e-06, Accum Loss: 0.2932231277227402
Lr: 5.919112576031516e-06, Accum Loss: 0.3281668871641159
Lr: 5.918459702511575e-06, Accum Loss: 0.3006240278482437
Lr: 5.9178070087688225e-06, Accum Loss: 0.30644167959690094
Lr: 5.917154494877457e-06, Accum Loss: 0.27892613410949707
Lr: 5.916502160911648e-06, Accum Loss: 0.2580864727497101
Lr: 5.915850006945549e-06, Accum Loss: 0.3127722293138504
Lr: 5.91519803305329e-06, Accum Loss: 0.2675447314977646
Lr: 5.914546239308985e-06, Accum Loss: 0.31656768918037415
Lr: 5.913894625786723e-06, Accum Loss: 0.2923535406589508
Lr: 5.913243192560574e-06, Accum Loss: 0.24592067301273346
Lr: 5.9125919397045896e-06, Accum Loss: 0.3037113845348358
Lr: 5.9119408672927975e-06, Accum Loss: 0.272911474108696
Lr: 5.911289975399207e-06, Accum Loss: 0.32976478338241577
Lr: 5.910639264097808e-06, Accum Loss: 0.2901061475276947
Lr: 5.909988733462566e-06, Accum Loss: 0.27869346737861633
Lr: 5.9093383835674285e-06, Accum Loss: 0.3451017290353775
Lr: 5.908688214486324e-06, Accum Loss: 0.29729536175727844
Lr: 5.908038226293157e-06, Accum Loss: 0.35370124876499176
Lr: 5.907388419061813e-06, Accum Loss: 0.2733861058950424
Lr: 5.906738792866159e-06, Accum Loss: 0.3053656816482544
Lr: 5.906089347780038e-06, Accum Loss: 0.2796860784292221
Lr: 5.905440083877272e-06, Accum Loss: 0.3451840281486511
Lr: 5.904791001231669e-06, Accum Loss: 0.2881401628255844
Lr: 5.904142099917008e-06, Accum Loss: 0.2786049246788025
Lr: 5.903493380007052e-06, Accum Loss: 0.2843458652496338
Lr: 5.902844841575542e-06, Accum Loss: 0.31942641735076904
Lr: 5.9021964846962005e-06, Accum Loss: 0.3264121413230896
Lr: 5.901548309442724e-06, Accum Loss: 0.3555788993835449
Lr: 5.900900315888796e-06, Accum Loss: 0.3522590845823288
Lr: 5.900252504108074e-06, Accum Loss: 0.316546767950058
Lr: 5.899604874174195e-06, Accum Loss: 0.31833305954933167
Lr: 5.898957426160778e-06, Accum Loss: 0.23011836409568787
Lr: 5.89831016014142e-06, Accum Loss: 0.3234560638666153
Lr: 5.8976630761896945e-06, Accum Loss: 0.3198121190071106
Lr: 5.897016174379161e-06, Accum Loss: 0.31730128824710846
Lr: 5.8963694547833525e-06, Accum Loss: 0.27843405306339264
Lr: 5.895722917475782e-06, Accum Loss: 0.25615985691547394
Lr: 5.895076562529944e-06, Accum Loss: 0.3075678050518036
Lr: 5.89443039001931e-06, Accum Loss: 0.2794876843690872
Lr: 5.8937844000173315e-06, Accum Loss: 0.3757223039865494
Lr: 5.893138592597443e-06, Accum Loss: 0.35311301052570343
Lr: 5.892492967833052e-06, Accum Loss: 0.2570803314447403
Lr: 5.891847525797548e-06, Accum Loss: 0.3320756107568741
Lr: 5.8912022665643e-06, Accum Loss: 0.3100842535495758
Lr: 5.890557190206657e-06, Accum Loss: 0.3003098964691162
Lr: 5.8899122967979455e-06, Accum Loss: 0.307032510638237
Lr: 5.889267586411473e-06, Accum Loss: 0.29859670996665955
Lr: 5.888623059120525e-06, Accum Loss: 0.3194890022277832
Lr: 5.887978714998365e-06, Accum Loss: 0.31774498522281647
Lr: 5.8873345541182375e-06, Accum Loss: 0.3081953525543213
Lr: 5.886690576553367e-06, Accum Loss: 0.2581234723329544
Lr: 5.886046782376955e-06, Accum Loss: 0.32919974625110626
Lr: 5.88540317166218e-06, Accum Loss: 0.2684278339147568
Lr: 5.884759744482209e-06, Accum Loss: 0.2558940351009369
Lr: 5.884116500910176e-06, Accum Loss: 0.2905138432979584
Lr: 5.8834734410192024e-06, Accum Loss: 0.3542131036520004
Lr: 5.8828305648823866e-06, Accum Loss: 0.20999211072921753
Lr: 5.8821878725728054e-06, Accum Loss: 0.3107626736164093
Lr: 5.881545364163514e-06, Accum Loss: 0.31502318382263184
Lr: 5.880903039727549e-06, Accum Loss: 0.29633553326129913
Lr: 5.8802608993379255e-06, Accum Loss: 0.2459413856267929
Lr: 5.879618943067635e-06, Accum Loss: 0.29480744898319244
Lr: 5.878977170989652e-06, Accum Loss: 0.3322431892156601
Lr: 5.878335583176927e-06, Accum Loss: 0.30715544521808624
Lr: 5.87769417970239e-06, Accum Loss: 0.2427656352519989
Lr: 5.877052960638953e-06, Accum Loss: 0.2968074381351471
Lr: 5.876411926059503e-06, Accum Loss: 0.3067854940891266
Lr: 5.875771076036906e-06, Accum Loss: 0.35461848974227905
Lr: 5.875130410644014e-06, Accum Loss: 0.2733948826789856
Lr: 5.87448992995365e-06, Accum Loss: 0.36197106540203094
Lr: 5.873849634038617e-06, Accum Loss: 0.3238143026828766
Lr: 5.873209522971702e-06, Accum Loss: 0.31418342888355255
Lr: 5.872569596825668e-06, Accum Loss: 0.34712423384189606
Lr: 5.871929855673254e-06, Accum Loss: 0.36401425302028656
Lr: 5.8712902995871815e-06, Accum Loss: 0.341349259018898
Lr: 5.870650928640151e-06, Accum Loss: 0.3417678326368332
Lr: 5.870011742904841e-06, Accum Loss: 0.34038811922073364
Lr: 5.869372742453911e-06, Accum Loss: 0.313284233212471
Lr: 5.868733927359996e-06, Accum Loss: 0.2716379761695862
Lr: 5.8680952976957105e-06, Accum Loss: 0.2681986838579178
Lr: 5.867456853533649e-06, Accum Loss: 0.29805371165275574
Lr: 5.866818594946387e-06, Accum Loss: 0.2882346510887146
Lr: 5.866180522006473e-06, Accum Loss: 0.31143514811992645
Lr: 5.865542634786444e-06, Accum Loss: 0.2846617251634598
Lr: 5.864904933358806e-06, Accum Loss: 0.378969207406044
Lr: 5.864267417796049e-06, Accum Loss: 0.3152419626712799
Lr: 5.863630088170638e-06, Accum Loss: 0.3243800103664398
Lr: 5.8629929445550245e-06, Accum Loss: 0.2669970914721489
Lr: 5.862355987021632e-06, Accum Loss: 0.3196551501750946
Lr: 5.861719215642863e-06, Accum Loss: 0.2572600245475769
Lr: 5.861082630491103e-06, Accum Loss: 0.30266696214675903
Lr: 5.860446231638714e-06, Accum Loss: 0.31432703137397766
Lr: 5.8598100191580346e-06, Accum Loss: 0.34814704954624176
Lr: 5.859173993121388e-06, Accum Loss: 0.3444664776325226
Lr: 5.8585381536010695e-06, Accum Loss: 0.3290815204381943
Lr: 5.857902500669356e-06, Accum Loss: 0.33957214653491974
Lr: 5.857267034398508e-06, Accum Loss: 0.30966973304748535
Lr: 5.856631754860757e-06, Accum Loss: 0.30533044040203094
Lr: 5.8559966621283165e-06, Accum Loss: 0.32953694462776184
Lr: 5.85536175627338e-06, Accum Loss: 0.25632013380527496
Lr: 5.854727037368119e-06, Accum Loss: 0.2862750142812729
Lr: 5.854092505484682e-06, Accum Loss: 0.41162511706352234
Lr: 5.853458160695199e-06, Accum Loss: 0.32039520889520645
Lr: 5.852824003071777e-06, Accum Loss: 0.34302347898483276
Lr: 5.852190032686499e-06, Accum Loss: 0.3244009017944336
Lr: 5.851556249611435e-06, Accum Loss: 0.2954178750514984
Lr: 5.850922653918627e-06, Accum Loss: 0.2993904799222946
Lr: 5.850289245680093e-06, Accum Loss: 0.3255240321159363
Lr: 5.84965602496784e-06, Accum Loss: 0.30165232717990875
Lr: 5.849022991853845e-06, Accum Loss: 0.2878391295671463
Lr: 5.848390146410064e-06, Accum Loss: 0.223256915807724
Lr: 5.847757488708438e-06, Accum Loss: 0.2481638342142105
Lr: 5.847125018820881e-06, Accum Loss: 0.2967563420534134
Lr: 5.8464927368192864e-06, Accum Loss: 0.25067076086997986
Lr: 5.845860642775528e-06, Accum Loss: 0.3113524615764618
Lr: 5.845228736761457e-06, Accum Loss: 0.272518128156662
Lr: 5.844597018848904e-06, Accum Loss: 0.24447102844715118
Lr: 5.843965489109675e-06, Accum Loss: 0.2691536694765091
Lr: 5.843334147615562e-06, Accum Loss: 0.26869478821754456
Lr: 5.8427029944383265e-06, Accum Loss: 0.34523461759090424
Lr: 5.842072029649717e-06, Accum Loss: 0.31890760362148285
Lr: 5.841441253321456e-06, Accum Loss: 0.37565262615680695
Lr: 5.840810665525243e-06, Accum Loss: 0.3206018805503845
Lr: 5.840180266332758e-06, Accum Loss: 0.2988187074661255
Lr: 5.839550055815664e-06, Accum Loss: 0.3504091948270798
Lr: 5.838920034045594e-06, Accum Loss: 0.28796039521694183
Lr: 5.838290201094167e-06, Accum Loss: 0.298369362950325
Lr: 5.837660557032977e-06, Accum Loss: 0.29742342233657837
Lr: 5.837031101933594e-06, Accum Loss: 0.3441486954689026
Lr: 5.836401835867573e-06, Accum Loss: 0.3068400025367737
Lr: 5.835772758906444e-06, Accum Loss: 0.26633284986019135
Lr: 5.835143871121713e-06, Accum Loss: 0.2533208280801773
Lr: 5.834515172584868e-06, Accum Loss: 0.3149445652961731
Lr: 5.833886663367377e-06, Accum Loss: 0.3783176690340042
Lr: 5.833258343540682e-06, Accum Loss: 0.2698279768228531
Lr: 5.832630213176204e-06, Accum Loss: 0.3081275075674057
Lr: 5.832002272345348e-06, Accum Loss: 0.2510675638914108
Lr: 5.83137452111949e-06, Accum Loss: 0.3057126998901367
Lr: 5.8307469595699885e-06, Accum Loss: 0.3021947592496872
Lr: 5.830119587768181e-06, Accum Loss: 0.3721258342266083
Lr: 5.829492405785381e-06, Accum Loss: 0.3003836125135422
Lr: 5.828865413692882e-06, Accum Loss: 0.3294593542814255
Lr: 5.828238611561957e-06, Accum Loss: 0.2933168411254883
Lr: 5.827611999463855e-06, Accum Loss: 0.3218899667263031
Lr: 5.826985577469802e-06, Accum Loss: 0.30072808265686035
Lr: 5.826359345651008e-06, Accum Loss: 0.3386119604110718
Lr: 5.825733304078658e-06, Accum Loss: 0.3205259293317795
Lr: 5.825107452823912e-06, Accum Loss: 0.27314872294664383
Lr: 5.824481791957918e-06, Accum Loss: 0.29197829961776733
Lr: 5.823856321551791e-06, Accum Loss: 0.33324332535266876
Lr: 5.823231041676631e-06, Accum Loss: 0.2453838735818863
Lr: 5.822605952403516e-06, Accum Loss: 0.2620791792869568
Lr: 5.8219810538035e-06, Accum Loss: 0.2869783788919449
Lr: 5.821356345947618e-06, Accum Loss: 0.3168908506631851
Lr: 5.820731828906881e-06, Accum Loss: 0.35138246417045593
Lr: 5.8201075027522795e-06, Accum Loss: 0.27591945230960846
Lr: 5.819483367554781e-06, Accum Loss: 0.36350253224372864
Lr: 5.818859423385334e-06, Accum Loss: 0.28598497807979584
Lr: 5.818235670314863e-06, Accum Loss: 0.3542330712080002
Lr: 5.817612108414271e-06, Accum Loss: 0.3813620060682297
Lr: 5.816988737754439e-06, Accum Loss: 0.3217496871948242
Lr: 5.81636555840623e-06, Accum Loss: 0.3500157743692398
Lr: 5.8157425704404784e-06, Accum Loss: 0.2724236845970154
Lr: 5.815119773928002e-06, Accum Loss: 0.30033382773399353
Lr: 5.814497168939597e-06, Accum Loss: 0.2533550411462784
Lr: 5.813874755546035e-06, Accum Loss: 0.34532979130744934
Lr: 5.813252533818066e-06, Accum Loss: 0.29974037408828735
Lr: 5.8126305038264215e-06, Accum Loss: 0.2984408885240555
Lr: 5.812008665641808e-06, Accum Loss: 0.2219572216272354
Lr: 5.81138701933491e-06, Accum Loss: 0.26924799382686615
Lr: 5.810765564976393e-06, Accum Loss: 0.35585229098796844
Lr: 5.8101443026369e-06, Accum Loss: 0.2726159244775772
Lr: 5.809523232387047e-06, Accum Loss: 0.2763071060180664
Lr: 5.8089023542974384e-06, Accum Loss: 0.3131764233112335
Lr: 5.808281668438647e-06, Accum Loss: 0.22320829331874847
Lr: 5.807661174881226e-06, Accum Loss: 0.326736718416214
Lr: 5.807040873695714e-06, Accum Loss: 0.3009139597415924
Lr: 5.806420764952618e-06, Accum Loss: 0.3015025109052658
Lr: 5.805800848722426e-06, Accum Loss: 0.32653315365314484
Lr: 5.805181125075609e-06, Accum Loss: 0.30585120618343353
Lr: 5.80456159408261e-06, Accum Loss: 0.3054181784391403
Lr: 5.8039422558138505e-06, Accum Loss: 0.30306364595890045
Lr: 5.803323110339737e-06, Accum Loss: 0.2957932651042938
Lr: 5.802704157730646e-06, Accum Loss: 0.2990856468677521
Lr: 5.802085398056934e-06, Accum Loss: 0.3412264436483383
Lr: 5.8014668313889405e-06, Accum Loss: 0.33513250946998596
Lr: 5.800848457796977e-06, Accum Loss: 0.3475508540868759
Lr: 5.8002302773513344e-06, Accum Loss: 0.24815265834331512
Lr: 5.799612290122286e-06, Accum Loss: 0.3467249423265457
Lr: 5.798994496180077e-06, Accum Loss: 0.3359825015068054
Lr: 5.798376895594934e-06, Accum Loss: 0.278662845492363
Lr: 5.797759488437062e-06, Accum Loss: 0.36135609447956085
Lr: 5.797142274776642e-06, Accum Loss: 0.2800861597061157
Lr: 5.7965252546838315e-06, Accum Loss: 0.3288642168045044
Lr: 5.795908428228775e-06, Accum Loss: 0.33756648004055023
Lr: 5.795291795481583e-06, Accum Loss: 0.3042771965265274
Lr: 5.794675356512353e-06, Accum Loss: 0.3612910807132721
Lr: 5.794059111391154e-06, Accum Loss: 0.3347197622060776
Lr: 5.793443060188037e-06, Accum Loss: 0.3454265296459198
Lr: 5.79282720297303e-06, Accum Loss: 0.3023931533098221
Lr: 5.792211539816141e-06, Accum Loss: 0.32106369733810425
Lr: 5.79159607078735e-06, Accum Loss: 0.3133740574121475
Lr: 5.790980795956622e-06, Accum Loss: 0.34853871166706085
Lr: 5.790365715393894e-06, Accum Loss: 0.2697642296552658
Lr: 5.789750829169087e-06, Accum Loss: 0.3208228200674057
Lr: 5.789136137352091e-06, Accum Loss: 0.3576694428920746
Lr: 5.7885216400127846e-06, Accum Loss: 0.3026438504457474
Lr: 5.787907337221017e-06, Accum Loss: 0.24730156362056732
Lr: 5.7872932290466185e-06, Accum Loss: 0.2926369160413742
Lr: 5.786679315559393e-06, Accum Loss: 0.37751173973083496
Lr: 5.786065596829129e-06, Accum Loss: 0.2465415596961975
Lr: 5.785452072925588e-06, Accum Loss: 0.32287929952144623
Lr: 5.784838743918509e-06, Accum Loss: 0.3169117867946625
Lr: 5.784225609877613e-06, Accum Loss: 0.3409711718559265
Lr: 5.783612670872596e-06, Accum Loss: 0.3088301569223404
Lr: 5.78299992697313e-06, Accum Loss: 0.343882218003273
Lr: 5.78238737824887e-06, Accum Loss: 0.36776620149612427
Lr: 5.781775024769442e-06, Accum Loss: 0.22027836740016937
Lr: 5.781162866604456e-06, Accum Loss: 0.3057475984096527
Lr: 5.780550903823499e-06, Accum Loss: 0.28864647448062897
Lr: 5.779939136496131e-06, Accum Loss: 0.33294983208179474
Lr: 5.7793275646918924e-06, Accum Loss: 0.30681663751602173
Lr: 5.778716188480306e-06, Accum Loss: 0.3173281103372574
Lr: 5.778105007930865e-06, Accum Loss: 0.2742624133825302
Lr: 5.777494023113044e-06, Accum Loss: 0.3186820298433304
Lr: 5.776883234096297e-06, Accum Loss: 0.340875044465065
Lr: 5.776272640950052e-06, Accum Loss: 0.3298170417547226
Lr: 5.775662243743717e-06, Accum Loss: 0.2830500602722168
Lr: 5.775052042546676e-06, Accum Loss: 0.31895123422145844
Lr: 5.774442037428295e-06, Accum Loss: 0.27518215775489807
Lr: 5.77383222845791e-06, Accum Loss: 0.3329819589853287
Lr: 5.773222615704844e-06, Accum Loss: 0.2739541530609131
Lr: 5.77261319923839e-06, Accum Loss: 0.2974855601787567
Lr: 5.772003979127824e-06, Accum Loss: 0.2933412790298462
Lr: 5.771394955442393e-06, Accum Loss: 0.31988251209259033
Lr: 5.770786128251332e-06, Accum Loss: 0.2958499491214752
Lr: 5.770177497623843e-06, Accum Loss: 0.31416627764701843
Lr: 5.769569063629114e-06, Accum Loss: 0.2709309309720993
Lr: 5.768960826336305e-06, Accum Loss: 0.35606910288333893
Lr: 5.768352785814556e-06, Accum Loss: 0.35642875730991364
Lr: 5.767744942132983e-06, Accum Loss: 0.2935171127319336
Lr: 5.767137295360683e-06, Accum Loss: 0.32939502596855164
Lr: 5.766529845566729e-06, Accum Loss: 0.28706514835357666
Lr: 5.765922592820169e-06, Accum Loss: 0.32618042826652527
Lr: 5.765315537190032e-06, Accum Loss: 0.30077064037323
Lr: 5.764708678745323e-06, Accum Loss: 0.2944835126399994
Lr: 5.764102017555024e-06, Accum Loss: 0.2973402589559555
Lr: 5.7634955536880985e-06, Accum Loss: 0.33719004690647125
Lr: 5.762889287213482e-06, Accum Loss: 0.32441744208335876
Lr: 5.762283218200089e-06, Accum Loss: 0.3752541244029999
Lr: 5.761677346716817e-06, Accum Loss: 0.27062858641147614
Lr: 5.761071672832533e-06, Accum Loss: 0.28081753849983215
Lr: 5.760466196616086e-06, Accum Loss: 0.35014528036117554
Lr: 5.759860918136304e-06, Accum Loss: 0.34655211865901947
Lr: 5.7592558374619886e-06, Accum Loss: 0.34098780155181885
Lr: 5.75865095466192e-06, Accum Loss: 0.32043787837028503
Lr: 5.758046269804858e-06, Accum Loss: 0.28992609679698944
Lr: 5.757441782959538e-06, Accum Loss: 0.2663455456495285
Lr: 5.756837494194671e-06, Accum Loss: 0.3265946954488754
Lr: 5.756233403578952e-06, Accum Loss: 0.3091061860322952
Lr: 5.755629511181048e-06, Accum Loss: 0.2747670114040375
Lr: 5.755025817069602e-06, Accum Loss: 0.3333348482847214
Lr: 5.7544223213132416e-06, Accum Loss: 0.3177577257156372
Lr: 5.753819023980564e-06, Accum Loss: 0.2999987304210663
Lr: 5.753215925140149e-06, Accum Loss: 0.2987997382879257
Lr: 5.752613024860551e-06, Accum Loss: 0.2713295966386795
Lr: 5.752010323210306e-06, Accum Loss: 0.32219620048999786
Lr: 5.75140782025792e-06, Accum Loss: 0.294319823384285
Lr: 5.7508055160718845e-06, Accum Loss: 0.32988713681697845
Lr: 5.750203410720663e-06, Accum Loss: 0.2943505644798279
Lr: 5.7496015042726975e-06, Accum Loss: 0.2920895963907242
Lr: 5.748999796796411e-06, Accum Loss: 0.27249419689178467
Lr: 5.748398288360199e-06, Accum Loss: 0.3221156597137451
Lr: 5.747796979032433e-06, Accum Loss: 0.2877139449119568
Lr: 5.747195868881472e-06, Accum Loss: 0.3561995327472687
Lr: 5.746594957975641e-06, Accum Loss: 0.40412627160549164
Lr: 5.745994246383248e-06, Accum Loss: 0.3332235813140869
Lr: 5.745393734172576e-06, Accum Loss: 0.26369984447956085
Lr: 5.744793421411889e-06, Accum Loss: 0.3014533370733261
Lr: 5.7441933081694225e-06, Accum Loss: 0.301229327917099
Lr: 5.743593394513397e-06, Accum Loss: 0.3379679173231125
Lr: 5.7429936805120025e-06, Accum Loss: 0.3182355910539627
Lr: 5.742394166233411e-06, Accum Loss: 0.28282056748867035
Lr: 5.741794851745771e-06, Accum Loss: 0.3200702965259552
Lr: 5.741195737117207e-06, Accum Loss: 0.35790368914604187
Lr: 5.7405968224158214e-06, Accum Loss: 0.24168498814105988
Lr: 5.739998107709698e-06, Accum Loss: 0.3332762122154236
Lr: 5.739399593066889e-06, Accum Loss: 0.31775346398353577
Lr: 5.7388012785554315e-06, Accum Loss: 0.2864755094051361
Lr: 5.738203164243335e-06, Accum Loss: 0.3310372680425644
Lr: 5.737605250198592e-06, Accum Loss: 0.18783923238515854
Lr: 5.737007536489167e-06, Accum Loss: 0.28510841727256775
Lr: 5.736410023183003e-06, Accum Loss: 0.32955439388751984
Lr: 5.73581271034802e-06, Accum Loss: 0.3188153952360153
Lr: 5.735215598052118e-06, Accum Loss: 0.2763901948928833
Lr: 5.73461868636317e-06, Accum Loss: 0.31684689223766327
Lr: 5.7340219753490295e-06, Accum Loss: 0.34266428649425507
Lr: 5.733425465077527e-06, Accum Loss: 0.34159572422504425
Lr: 5.732829155616465e-06, Accum Loss: 0.29720787703990936
Lr: 5.7322330470336315e-06, Accum Loss: 0.28701484203338623
Lr: 5.731637139396787e-06, Accum Loss: 0.3095737546682358
Lr: 5.7310414327736666e-06, Accum Loss: 0.2908960431814194
Lr: 5.73044592723199e-06, Accum Loss: 0.30025310814380646
Lr: 5.729850622839447e-06, Accum Loss: 0.23546449840068817
Lr: 5.729255519663706e-06, Accum Loss: 0.3699876070022583
Lr: 5.728660617772417e-06, Accum Loss: 0.3237000107765198
Lr: 5.728065917233201e-06, Accum Loss: 0.2902251332998276
Lr: 5.727471418113661e-06, Accum Loss: 0.34863997995853424
Lr: 5.726877120481372e-06, Accum Loss: 0.27458181977272034
Lr: 5.726283024403893e-06, Accum Loss: 0.3612383008003235
Lr: 5.725689129948753e-06, Accum Loss: 0.32877957820892334
Lr: 5.725095437183464e-06, Accum Loss: 0.3241838812828064
Lr: 5.724501946175511e-06, Accum Loss: 0.28481173515319824
Lr: 5.723908656992357e-06, Accum Loss: 0.2792808562517166
Lr: 5.723315569701442e-06, Accum Loss: 0.30439746379852295
Lr: 5.7227226843701856e-06, Accum Loss: 0.3078254163265228
Lr: 5.722130001065981e-06, Accum Loss: 0.318036288022995
Lr: 5.7215375198562e-06, Accum Loss: 0.35187235474586487
Lr: 5.720945240808192e-06, Accum Loss: 0.2908947467803955
Lr: 5.720353163989282e-06, Accum Loss: 0.2842947840690613
Lr: 5.719761289466772e-06, Accum Loss: 0.3099552094936371
Lr: 5.7191696173079435e-06, Accum Loss: 0.3425920903682709
Lr: 5.71857814758005e-06, Accum Loss: 0.3216954320669174
Lr: 5.717986880350329e-06, Accum Loss: 0.2751210629940033
Lr: 5.71739581568599e-06, Accum Loss: 0.31077519059181213
Lr: 5.71680495365422e-06, Accum Loss: 0.3422684222459793
Lr: 5.716214294322182e-06, Accum Loss: 0.2752859890460968
Lr: 5.71562383775702e-06, Accum Loss: 0.30542536079883575
Lr: 5.715033584025852e-06, Accum Loss: 0.3173910677433014
Lr: 5.714443533195772e-06, Accum Loss: 0.2869987189769745
Lr: 5.7138536853338556e-06, Accum Loss: 0.2342708706855774
Lr: 5.713264040507149e-06, Accum Loss: 0.29919400811195374
Lr: 5.7126745987826795e-06, Accum Loss: 0.3474504351615906
Lr: 5.7120853602274505e-06, Accum Loss: 0.2960516959428787
Lr: 5.711496324908442e-06, Accum Loss: 0.34549637138843536
Lr: 5.7109074928926096e-06, Accum Loss: 0.31537994742393494
Lr: 5.71031886424689e-06, Accum Loss: 0.32230904698371887
Lr: 5.709730439038192e-06, Accum Loss: 0.22479115426540375
Lr: 5.709142217333402e-06, Accum Loss: 0.35245463252067566
Lr: 5.708554199199387e-06, Accum Loss: 0.33509989082813263
Lr: 5.707966384702987e-06, Accum Loss: 0.33553867042064667
Lr: 5.707378773911019e-06, Accum Loss: 0.2769129276275635
Lr: 5.706791366890281e-06, Accum Loss: 0.2803681194782257
Lr: 5.706204163707544e-06, Accum Loss: 0.32037657499313354
Lr: 5.705617164429555e-06, Accum Loss: 0.3559878468513489
Lr: 5.705030369123041e-06, Accum Loss: 0.28505802154541016
Lr: 5.7044437778547035e-06, Accum Loss: 0.31629882752895355
Lr: 5.70385739069122e-06, Accum Loss: 0.281479611992836
Lr: 5.703271207699251e-06, Accum Loss: 0.3266780227422714
Lr: 5.702685228945426e-06, Accum Loss: 0.32563968002796173
Lr: 5.7020994544963545e-06, Accum Loss: 0.27979740500450134
Lr: 5.701513884418623e-06, Accum Loss: 0.2674117833375931
Lr: 5.700928518778796e-06, Accum Loss: 0.28972281515598297
Lr: 5.70034335764341e-06, Accum Loss: 0.34407036006450653
Lr: 5.699758401078986e-06, Accum Loss: 0.29993560910224915
Lr: 5.699173649152015e-06, Accum Loss: 0.29007115960121155
Lr: 5.698589101928967e-06, Accum Loss: 0.33461058139801025
Lr: 5.698004759476289e-06, Accum Loss: 0.257927805185318
Lr: 5.697420621860404e-06, Accum Loss: 0.3302893191576004
Lr: 5.696836689147711e-06, Accum Loss: 0.2843277007341385
Lr: 5.696252961404591e-06, Accum Loss: 0.31644539535045624
Lr: 5.695669438697395e-06, Accum Loss: 0.32469257712364197
Lr: 5.6950861210924535e-06, Accum Loss: 0.27955739200115204
Lr: 5.694503008656071e-06, Accum Loss: 0.3181435316801071
Lr: 5.693920101454536e-06, Accum Loss: 0.3266599625349045
Lr: 5.693337399554105e-06, Accum Loss: 0.3522872179746628
Lr: 5.692754903021019e-06, Accum Loss: 0.3514680713415146
Lr: 5.692172611921488e-06, Accum Loss: 0.2685670405626297
Lr: 5.6915905263217035e-06, Accum Loss: 0.343544140458107
Lr: 5.6910086462878324e-06, Accum Loss: 0.3348817825317383
Lr: 5.690426971886019e-06, Accum Loss: 0.2790859639644623
Lr: 5.689845503182381e-06, Accum Loss: 0.30626432597637177
Lr: 5.6892642402430194e-06, Accum Loss: 0.2921653091907501
Lr: 5.688683183134006e-06, Accum Loss: 0.38274896144866943
Lr: 5.688102331921389e-06, Accum Loss: 0.3055408447980881
Lr: 5.687521686671194e-06, Accum Loss: 0.3094204217195511
Lr: 5.68694124744943e-06, Accum Loss: 0.2823200076818466
Lr: 5.686361014322072e-06, Accum Loss: 0.31127268075942993
Lr: 5.6857809873550775e-06, Accum Loss: 0.2603655904531479
Lr: 5.6852011666143805e-06, Accum Loss: 0.29051876068115234
Lr: 5.68462155216589e-06, Accum Loss: 0.3160250633955002
Lr: 5.68404214407549e-06, Accum Loss: 0.32985086739063263
Lr: 5.683462942409045e-06, Accum Loss: 0.3789728283882141
Lr: 5.682883947232396e-06, Accum Loss: 0.2544511705636978
Lr: 5.6823051586113546e-06, Accum Loss: 0.3279733657836914
Lr: 5.681726576611717e-06, Accum Loss: 0.3520261347293854
Lr: 5.681148201299249e-06, Accum Loss: 0.3260405957698822
Lr: 5.680570032739697e-06, Accum Loss: 0.33287763595581055
Lr: 5.679992070998781e-06, Accum Loss: 0.36508016288280487
Lr: 5.6794143161422025e-06, Accum Loss: 0.32660698890686035
Lr: 5.678836768235632e-06, Accum Loss: 0.3388642817735672
Lr: 5.678259427344725e-06, Accum Loss: 0.31263381242752075
Lr: 5.677682293535107e-06, Accum Loss: 0.313769206404686
Lr: 5.6771053668723825e-06, Accum Loss: 0.29984015226364136
Lr: 5.67652864742213e-06, Accum Loss: 0.3318928927183151
Lr: 5.6759521352499095e-06, Accum Loss: 0.3338286578655243
Lr: 5.675375830421252e-06, Accum Loss: 0.29628901183605194
Lr: 5.6747997330016696e-06, Accum Loss: 0.34504152834415436
Lr: 5.674223843056648e-06, Accum Loss: 0.37515921890735626
Lr: 5.673648160651648e-06, Accum Loss: 0.3232180029153824
Lr: 5.67307268585211e-06, Accum Loss: 0.2801937758922577
Lr: 5.67249741872345e-06, Accum Loss: 0.28694072365760803
Lr: 5.671922359331058e-06, Accum Loss: 0.35597509145736694
Lr: 5.671347507740306e-06, Accum Loss: 0.27408353984355927
Lr: 5.670772864016535e-06, Accum Loss: 0.34417641162872314
Lr: 5.670198428225068e-06, Accum Loss: 0.2837505340576172
Lr: 5.6696242004312e-06, Accum Loss: 0.3269321769475937
Lr: 5.669050180700208e-06, Accum Loss: 0.3068031817674637
Lr: 5.66847636909734e-06, Accum Loss: 0.334011435508728
Lr: 5.667902765687824e-06, Accum Loss: 0.261992871761322
Lr: 5.667329370536861e-06, Accum Loss: 0.31709060072898865
Lr: 5.666756183709631e-06, Accum Loss: 0.2598850131034851
Lr: 5.666183205271289e-06, Accum Loss: 0.3094196617603302
Lr: 5.665610435286967e-06, Accum Loss: 0.3174930214881897
Lr: 5.665037873821774e-06, Accum Loss: 0.3350464850664139
Lr: 5.664465520940792e-06, Accum Loss: 0.30428583920001984
Lr: 5.663893376709083e-06, Accum Loss: 0.3348325937986374
Lr: 5.663321441191686e-06, Accum Loss: 0.32068242132663727
Lr: 5.66274971445361e-06, Accum Loss: 0.24106819927692413
Lr: 5.662178196559847e-06, Accum Loss: 0.32524554431438446
Lr: 5.661606887575363e-06, Accum Loss: 0.29034291207790375
Lr: 5.661035787565098e-06, Accum Loss: 0.3015725463628769
Lr: 5.6604648965939725e-06, Accum Loss: 0.35455846786499023
Lr: 5.65989421472688e-06, Accum Loss: 0.29858389496803284
Lr: 5.65932374202869e-06, Accum Loss: 0.3133334815502167
Lr: 5.65875347856425e-06, Accum Loss: 0.3351750671863556
Lr: 5.658183424398385e-06, Accum Loss: 0.2701495736837387
Lr: 5.657613579595891e-06, Accum Loss: 0.20673513412475586
Lr: 5.657043944221547e-06, Accum Loss: 0.26990386843681335
Lr: 5.656474518340103e-06, Accum Loss: 0.3320312798023224
Lr: 5.655905302016287e-06, Accum Loss: 0.2880653440952301
Lr: 5.655336295314802e-06, Accum Loss: 0.3169051706790924
Lr: 5.65476749830033e-06, Accum Loss: 0.31073905527591705
Lr: 5.654198911037527e-06, Accum Loss: 0.3507920801639557
Lr: 5.653630533591025e-06, Accum Loss: 0.33233511447906494
Lr: 5.653062366025434e-06, Accum Loss: 0.31798939406871796
Lr: 5.652494408405336e-06, Accum Loss: 0.3241419494152069
Lr: 5.651926660795295e-06, Accum Loss: 0.3270456939935684
Lr: 5.6513591232598475e-06, Accum Loss: 0.3001741021871567
Lr: 5.6507917958635045e-06, Accum Loss: 0.3033846616744995
Lr: 5.650224678670759e-06, Accum Loss: 0.2534640431404114
Lr: 5.649657771746074e-06, Accum Loss: 0.33068062365055084
Lr: 5.649091075153892e-06, Accum Loss: 0.2722674161195755
Lr: 5.64852458895863e-06, Accum Loss: 0.39040815830230713
Lr: 5.647958313224682e-06, Accum Loss: 0.2983778715133667
Lr: 5.647392248016417e-06, Accum Loss: 0.32096976041793823
Lr: 5.646826393398184e-06, Accum Loss: 0.31658516824245453
Lr: 5.6462607494343e-06, Accum Loss: 0.3611646294593811
Lr: 5.645695316189068e-06, Accum Loss: 0.32378391921520233
Lr: 5.645130093726759e-06, Accum Loss: 0.3415476083755493
Lr: 5.644565082111624e-06, Accum Loss: 0.2871675193309784
Lr: 5.644000281407888e-06, Accum Loss: 0.30561983585357666
Lr: 5.643435691679756e-06, Accum Loss: 0.2781137526035309
Lr: 5.642871312991404e-06, Accum Loss: 0.27031055092811584
Lr: 5.642307145406986e-06, Accum Loss: 0.29558539390563965
Lr: 5.641743188990631e-06, Accum Loss: 0.34370285272598267
Lr: 5.641179443806449e-06, Accum Loss: 0.28043296933174133
Lr: 5.64061590991852e-06, Accum Loss: 0.2725097984075546
Lr: 5.640052587390901e-06, Accum Loss: 0.3078696131706238
Lr: 5.639489476287627e-06, Accum Loss: 0.3394511193037033
Lr: 5.6389265766727095e-06, Accum Loss: 0.27829496562480927
Lr: 5.6383638886101335e-06, Accum Loss: 0.33166690170764923
Lr: 5.637801412163861e-06, Accum Loss: 0.29664021730422974
Lr: 5.637239147397829e-06, Accum Loss: 0.30923016369342804
Lr: 5.636677094375952e-06, Accum Loss: 0.3250496983528137
Lr: 5.636115253162121e-06, Accum Loss: 0.2990163564682007
Lr: 5.6355536238202005e-06, Accum Loss: 0.3153969794511795
Lr: 5.634992206414033e-06, Accum Loss: 0.3373633623123169
Lr: 5.634431001007434e-06, Accum Loss: 0.2649228423833847
Lr: 5.6338700076642e-06, Accum Loss: 0.28986257314682007
Lr: 5.6333092264480975e-06, Accum Loss: 0.28152643144130707
Lr: 5.632748657422874e-06, Accum Loss: 0.311705082654953
Lr: 5.63218830065225e-06, Accum Loss: 0.29452554881572723
Lr: 5.6316281561999214e-06, Accum Loss: 0.29691705107688904
Lr: 5.631068224129561e-06, Accum Loss: 0.32277171313762665
Lr: 5.630508504504821e-06, Accum Loss: 0.32850947976112366
Lr: 5.62994899738932e-06, Accum Loss: 0.25573600828647614
Lr: 5.6293897028466645e-06, Accum Loss: 0.26134251058101654
Lr: 5.628830620940427e-06, Accum Loss: 0.2695324271917343
Lr: 5.628271751734161e-06, Accum Loss: 0.33245621621608734
Lr: 5.627713095291392e-06, Accum Loss: 0.3533192574977875
Lr: 5.627154651675628e-06, Accum Loss: 0.33178988099098206
Lr: 5.6265964209503445e-06, Accum Loss: 0.34665873646736145
Lr: 5.626038403179e-06, Accum Loss: 0.3183745741844177
Lr: 5.625480598425024e-06, Accum Loss: 0.25125738978385925
Lr: 5.624923006751824e-06, Accum Loss: 0.2972048670053482
Lr: 5.624365628222781e-06, Accum Loss: 0.28935563564300537
Lr: 5.623808462901256e-06, Accum Loss: 0.33689941465854645
Lr: 5.623251510850579e-06, Accum Loss: 0.3196831941604614
Lr: 5.622694772134066e-06, Accum Loss: 0.3017626255750656
Lr: 5.622138246814999e-06, Accum Loss: 0.33610308170318604
Lr: 5.62158193495664e-06, Accum Loss: 0.28036509454250336
Lr: 5.6210258366222255e-06, Accum Loss: 0.26475492119789124
Lr: 5.6204699518749695e-06, Accum Loss: 0.27222757041454315
Lr: 5.619914280778061e-06, Accum Loss: 0.30462685227394104
Lr: 5.6193588233946625e-06, Accum Loss: 0.2847045361995697
Lr: 5.618803579787917e-06, Accum Loss: 0.2963764816522598
Lr: 5.618248550020938e-06, Accum Loss: 0.26451440155506134
Lr: 5.617693734156816e-06, Accum Loss: 0.2605047971010208
Lr: 5.617139132258622e-06, Accum Loss: 0.338052898645401
Lr: 5.616584744389396e-06, Accum Loss: 0.2895132601261139
Lr: 5.616030570612155e-06, Accum Loss: 0.30664701759815216
Lr: 5.615476610989896e-06, Accum Loss: 0.31147000193595886
Lr: 5.61492286558559e-06, Accum Loss: 0.32834963500499725
Lr: 5.614369334462179e-06, Accum Loss: 0.29074788093566895
Lr: 5.613816017682584e-06, Accum Loss: 0.3728758692741394
Lr: 5.613262915309706e-06, Accum Loss: 0.2812900096178055
Lr: 5.612710027406413e-06, Accum Loss: 0.32993102073669434
Lr: 5.612157354035555e-06, Accum Loss: 0.3082841485738754
Lr: 5.611604895259956e-06, Accum Loss: 0.28687824308872223
Lr: 5.611052651142415e-06, Accum Loss: 0.3128163516521454
Lr: 5.610500621745705e-06, Accum Loss: 0.3299347311258316
Lr: 5.609948807132578e-06, Accum Loss: 0.29592373967170715
Lr: 5.60939720736576e-06, Accum Loss: 0.34364114701747894
Lr: 5.608845822507952e-06, Accum Loss: 0.27064837515354156
Lr: 5.608294652621832e-06, Accum Loss: 0.2481653243303299
Lr: 5.607743697770052e-06, Accum Loss: 0.4052794724702835
Lr: 5.607192958015239e-06, Accum Loss: 0.3329407870769501
Lr: 5.6066424334199995e-06, Accum Loss: 0.30206198990345
Lr: 5.60609212404691e-06, Accum Loss: 0.28019431233406067
Lr: 5.605542029958529e-06, Accum Loss: 0.2641870379447937
Lr: 5.604992151217385e-06, Accum Loss: 0.31502607464790344
Lr: 5.604442487885983e-06, Accum Loss: 0.2957841157913208
Lr: 5.603893040026804e-06, Accum Loss: 0.27518217265605927
Lr: 5.603343807702307e-06, Accum Loss: 0.28804440796375275
Lr: 5.602794790974924e-06, Accum Loss: 0.2943791300058365
Lr: 5.602245989907062e-06, Accum Loss: 0.28610531985759735
Lr: 5.601697404561106e-06, Accum Loss: 0.34434525668621063
Lr: 5.601149034999414e-06, Accum Loss: 0.31393595039844513
Lr: 5.600600881284319e-06, Accum Loss: 0.3144587129354477
Lr: 5.600052943478133e-06, Accum Loss: 0.3309333622455597
Lr: 5.599505221643139e-06, Accum Loss: 0.30233003199100494
Lr: 5.598957715841601e-06, Accum Loss: 0.29944169521331787
Lr: 5.598410426135754e-06, Accum Loss: 0.3021864891052246
Lr: 5.597863352587808e-06, Accum Loss: 0.2761521339416504
Lr: 5.597316495259951e-06, Accum Loss: 0.250996932387352
Lr: 5.5967698542143456e-06, Accum Loss: 0.29259249567985535
Lr: 5.59622342951313e-06, Accum Loss: 0.30431583523750305
Lr: 5.595677221218417e-06, Accum Loss: 0.3013361543416977
Lr: 5.595131229392295e-06, Accum Loss: 0.39160826802253723
Lr: 5.59458545409683e-06, Accum Loss: 0.2801404595375061
Lr: 5.594039895394058e-06, Accum Loss: 0.29676979780197144
Lr: 5.593494553345998e-06, Accum Loss: 0.3435787260532379
Lr: 5.592949428014638e-06, Accum Loss: 0.29629577696323395
Lr: 5.592404519461942e-06, Accum Loss: 0.3478284031152725
Lr: 5.591859827749855e-06, Accum Loss: 0.3175656497478485
Lr: 5.59131535294029e-06, Accum Loss: 0.28779444098472595
Lr: 5.590771095095141e-06, Accum Loss: 0.2791743278503418
Lr: 5.590227054276271e-06, Accum Loss: 0.32890407741069794
Lr: 5.589683230545528e-06, Accum Loss: 0.26231251657009125
Lr: 5.589139623964725e-06, Accum Loss: 0.3305729925632477
Lr: 5.588596234595657e-06, Accum Loss: 0.24960438907146454
Lr: 5.588053062500093e-06, Accum Loss: 0.2989625334739685
Lr: 5.587510107739775e-06, Accum Loss: 0.2964869886636734
Lr: 5.586967370376421e-06, Accum Loss: 0.3101239949464798
Lr: 5.586424850471728e-06, Accum Loss: 0.2785705626010895
Lr: 5.585882548087362e-06, Accum Loss: 0.3408319652080536
Lr: 5.585340463284972e-06, Accum Loss: 0.2475237101316452
Lr: 5.584798596126176e-06, Accum Loss: 0.31888729333877563
Lr: 5.584256946672568e-06, Accum Loss: 0.2901541590690613
Lr: 5.583715514985718e-06, Accum Loss: 0.2897040843963623
Lr: 5.583174301127175e-06, Accum Loss: 0.2951720356941223
Lr: 5.5826333051584576e-06, Accum Loss: 0.33240388333797455
Lr: 5.582092527141063e-06, Accum Loss: 0.2892211377620697
Lr: 5.581551967136463e-06, Accum Loss: 0.3180523067712784
Lr: 5.581011625206102e-06, Accum Loss: 0.289560005068779
Lr: 5.580471501411403e-06, Accum Loss: 0.3207917958498001
Lr: 5.579931595813765e-06, Accum Loss: 0.3388001322746277
Lr: 5.579391908474556e-06, Accum Loss: 0.35021674633026123
Lr: 5.578852439455129e-06, Accum Loss: 0.33735981583595276
Lr: 5.578313188816803e-06, Accum Loss: 0.30730974674224854
Lr: 5.577774156620876e-06, Accum Loss: 0.34327928721904755
Lr: 5.577235342928621e-06, Accum Loss: 0.25098569691181183
Lr: 5.5766967478012886e-06, Accum Loss: 0.34217116236686707
Lr: 5.5761583713000995e-06, Accum Loss: 0.27323347330093384
Lr: 5.575620213486252e-06, Accum Loss: 0.3440837264060974
Lr: 5.575082274420921e-06, Accum Loss: 0.33912602066993713
Lr: 5.5745445541652555e-06, Accum Loss: 0.30290021002292633
Lr: 5.574007052780377e-06, Accum Loss: 0.2639087438583374
Lr: 5.573469770327387e-06, Accum Loss: 0.29497694969177246
Lr: 5.5729327068673595e-06, Accum Loss: 0.2613257169723511
Lr: 5.5723958624613405e-06, Accum Loss: 0.3051432818174362
Lr: 5.571859237170359e-06, Accum Loss: 0.3152036666870117
Lr: 5.571322831055412e-06, Accum Loss: 0.23053917288780212
Lr: 5.570786644177473e-06, Accum Loss: 0.3236111253499985
Lr: 5.570250676597492e-06, Accum Loss: 0.3209575265645981
Lr: 5.569714928376395e-06, Accum Loss: 0.314550518989563
Lr: 5.5691793995750815e-06, Accum Loss: 0.25887632369995117
Lr: 5.568644090254425e-06, Accum Loss: 0.33827322721481323
Lr: 5.568109000475276e-06, Accum Loss: 0.34233443439006805
Lr: 5.5675741302984595e-06, Accum Loss: 0.32853199541568756
Lr: 5.567039479784775e-06, Accum Loss: 0.26381421089172363
Lr: 5.566505048994998e-06, Accum Loss: 0.3888430744409561
Lr: 5.565970837989876e-06, Accum Loss: 0.250074565410614
Lr: 5.565436846830138e-06, Accum Loss: 0.3513704836368561
Lr: 5.564903075576482e-06, Accum Loss: 0.2505917251110077
Lr: 5.564369524289583e-06, Accum Loss: 0.28061920404434204
Lr: 5.5638361930300895e-06, Accum Loss: 0.34738805890083313
Lr: 5.563303081858628e-06, Accum Loss: 0.29706551134586334
Lr: 5.562770190835799e-06, Accum Loss: 0.28317002952098846
Lr: 5.562237520022177e-06, Accum Loss: 0.27661292254924774
Lr: 5.5617050694783095e-06, Accum Loss: 0.29675938189029694
Lr: 5.5611728392647245e-06, Accum Loss: 0.3062703460454941
Lr: 5.56064082944192e-06, Accum Loss: 0.3343218266963959
Lr: 5.560109040070373e-06, Accum Loss: 0.2859291136264801
Lr: 5.559577471210529e-06, Accum Loss: 0.34022268652915955
Lr: 5.559046122922818e-06, Accum Loss: 0.3001933991909027
Lr: 5.558514995267635e-06, Accum Loss: 0.25973233580589294
Lr: 5.557984088305356e-06, Accum Loss: 0.3288520276546478
Lr: 5.55745340209633e-06, Accum Loss: 0.33646126091480255
Lr: 5.556922936700884e-06, Accum Loss: 0.34734809398651123
Lr: 5.556392692179313e-06, Accum Loss: 0.3024516701698303
Lr: 5.555862668591893e-06, Accum Loss: 0.3241061866283417
Lr: 5.555332865998874e-06, Accum Loss: 0.35687336325645447
Lr: 5.554803284460479e-06, Accum Loss: 0.34603238105773926
Lr: 5.5542739240369046e-06, Accum Loss: 0.3306412100791931
Lr: 5.553744784788328e-06, Accum Loss: 0.3387356996536255
Lr: 5.553215866774896e-06, Accum Loss: 0.30693911015987396
Lr: 5.55268717005673e-06, Accum Loss: 0.31792837381362915
Lr: 5.552158694693932e-06, Accum Loss: 0.3398325592279434
Lr: 5.551630440746572e-06, Accum Loss: 0.30664655566215515
Lr: 5.551102408274697e-06, Accum Loss: 0.35453686118125916
Lr: 5.5505745973383345e-06, Accum Loss: 0.26613911986351013
Lr: 5.550047007997477e-06, Accum Loss: 0.24715682864189148
Lr: 5.549519640312099e-06, Accum Loss: 0.26999571919441223
Lr: 5.548992494342146e-06, Accum Loss: 0.2670280337333679
Lr: 5.548465570147543e-06, Accum Loss: 0.3843599110841751
Lr: 5.547938867788183e-06, Accum Loss: 0.2695919871330261
Lr: 5.547412387323939e-06, Accum Loss: 0.28464943915605545
Lr: 5.546886128814658e-06, Accum Loss: 0.30632974207401276
Lr: 5.546360092320159e-06, Accum Loss: 0.2797815650701523
Lr: 5.545834277900239e-06, Accum Loss: 0.2833687961101532
Lr: 5.54530868561467e-06, Accum Loss: 0.2698454260826111
Lr: 5.544783315523195e-06, Accum Loss: 0.3134169280529022
Lr: 5.5442581676855325e-06, Accum Loss: 0.27686208486557007
Lr: 5.543733242161381e-06, Accum Loss: 0.28320664167404175
Lr: 5.543208539010407e-06, Accum Loss: 0.27446675300598145
Lr: 5.5426840582922576e-06, Accum Loss: 0.29571692645549774
Lr: 5.54215980006655e-06, Accum Loss: 0.3257977068424225
Lr: 5.541635764392878e-06, Accum Loss: 0.2974252253770828
Lr: 5.541111951330808e-06, Accum Loss: 0.2873217910528183
Lr: 5.5405883609398865e-06, Accum Loss: 0.3633105903863907
Lr: 5.540064993279627e-06, Accum Loss: 0.30207546055316925
Lr: 5.539541848409526e-06, Accum Loss: 0.30376164615154266
Lr: 5.539018926389049e-06, Accum Loss: 0.29254284501075745
Lr: 5.5384962272776375e-06, Accum Loss: 0.3104516416788101
Lr: 5.5379737511347065e-06, Accum Loss: 0.3419639319181442
Lr: 5.537451498019649e-06, Accum Loss: 0.3343288153409958
Lr: 5.53692946799183e-06, Accum Loss: 0.3420809805393219
Lr: 5.53640766111059e-06, Accum Loss: 0.3255400210618973
Lr: 5.5358860774352445e-06, Accum Loss: 0.35183189809322357
Lr: 5.5353647170250825e-06, Accum Loss: 0.3098512291908264
Lr: 5.534843579939367e-06, Accum Loss: 0.3070431500673294
Lr: 5.534322666237339e-06, Accum Loss: 0.2908576726913452
Lr: 5.53380197597821e-06, Accum Loss: 0.29335176944732666
Lr: 5.533281509221168e-06, Accum Loss: 0.2785729169845581
Lr: 5.532761266025378e-06, Accum Loss: 0.33184656500816345
Lr: 5.5322412464499745e-06, Accum Loss: 0.28540022671222687
Lr: 5.53172145055407e-06, Accum Loss: 0.2727854549884796
Lr: 5.531201878396753e-06, Accum Loss: 0.28702737390995026
Lr: 5.530682530037081e-06, Accum Loss: 0.27576805651187897
Lr: 5.530163405534091e-06, Accum Loss: 0.24119339883327484
Lr: 5.529644504946794e-06, Accum Loss: 0.2855091094970703
Lr: 5.529125828334174e-06, Accum Loss: 0.2794500142335892
Lr: 5.52860737575519e-06, Accum Loss: 0.31134870648384094
Lr: 5.528089147268775e-06, Accum Loss: 0.3164002150297165
Lr: 5.527571142933838e-06, Accum Loss: 0.31512612104415894
Lr: 5.52705336280926e-06, Accum Loss: 0.3128850758075714
Lr: 5.526535806953901e-06, Accum Loss: 0.3500410318374634
Lr: 5.5260184754265915e-06, Accum Loss: 0.32111041247844696
Lr: 5.5255013682861385e-06, Accum Loss: 0.2645155042409897
Lr: 5.524984485591319e-06, Accum Loss: 0.334881529211998
Lr: 5.524467827400893e-06, Accum Loss: 0.3107012063264847
Lr: 5.523951393773587e-06, Accum Loss: 0.32334642112255096
Lr: 5.5234351847681065e-06, Accum Loss: 0.3181011378765106
Lr: 5.522919200443131e-06, Accum Loss: 0.28179387748241425
Lr: 5.522403440857312e-06, Accum Loss: 0.31230439245700836
Lr: 5.521887906069277e-06, Accum Loss: 0.28902509808540344
Lr: 5.521372596137629e-06, Accum Loss: 0.30879245698451996
Lr: 5.520857511120943e-06, Accum Loss: 0.2698906362056732
Lr: 5.520342651077772e-06, Accum Loss: 0.3170744478702545
Lr: 5.51982801606664e-06, Accum Loss: 0.2962709665298462
Lr: 5.519313606146047e-06, Accum Loss: 0.29526352882385254
Lr: 5.518799421374466e-06, Accum Loss: 0.29506999254226685
Lr: 5.518285461810348e-06, Accum Loss: 0.2611587643623352
Lr: 5.517771727512111e-06, Accum Loss: 0.3406878411769867
Lr: 5.517258218538159e-06, Accum Loss: 0.3368237465620041
Lr: 5.51674493494686e-06, Accum Loss: 0.2814202457666397
Lr: 5.516231876796561e-06, Accum Loss: 0.2525145709514618
Lr: 5.515719044145579e-06, Accum Loss: 0.35786353051662445
Lr: 5.515206437052213e-06, Accum Loss: 0.3191507160663605
Lr: 5.514694055574732e-06, Accum Loss: 0.3340620845556259
Lr: 5.514181899771379e-06, Accum Loss: 0.3079232722520828
Lr: 5.51366996970037e-06, Accum Loss: 0.2891068011522293
Lr: 5.513158265419899e-06, Accum Loss: 0.30940137803554535
Lr: 5.512646786988131e-06, Accum Loss: 0.304959237575531
Lr: 5.512135534463209e-06, Accum Loss: 0.29272688925266266
Lr: 5.511624507903248e-06, Accum Loss: 0.23308123648166656
Lr: 5.511113707366335e-06, Accum Loss: 0.31029628217220306
Lr: 5.510603132910537e-06, Accum Loss: 0.2832316607236862
Lr: 5.5100927845938904e-06, Accum Loss: 0.33327987790107727
Lr: 5.509582662474407e-06, Accum Loss: 0.3243815302848816
Lr: 5.5090727666100755e-06, Accum Loss: 0.3789123594760895
Lr: 5.5085630970588564e-06, Accum Loss: 0.3278716206550598
Lr: 5.508053653878683e-06, Accum Loss: 0.3171342760324478
Lr: 5.507544437127468e-06, Accum Loss: 0.34784479439258575
Lr: 5.507035446863093e-06, Accum Loss: 0.27719420194625854
Lr: 5.5065266831434154e-06, Accum Loss: 0.2909048795700073
Lr: 5.506018146026268e-06, Accum Loss: 0.32311150431632996
Lr: 5.50550983556946e-06, Accum Loss: 0.3320035934448242
Lr: 5.505001751830767e-06, Accum Loss: 0.3087051212787628
Lr: 5.50449389486795e-06, Accum Loss: 0.29420289397239685
Lr: 5.503986264738735e-06, Accum Loss: 0.2901879549026489
Lr: 5.503478861500826e-06, Accum Loss: 0.3321657031774521
Lr: 5.502971685211899e-06, Accum Loss: 0.38967224955558777
Lr: 5.5024647359296076e-06, Accum Loss: 0.3436696529388428
Lr: 5.501958013711578e-06, Accum Loss: 0.2721758037805557
Lr: 5.50145151861541e-06, Accum Loss: 0.3574895113706589
Lr: 5.500945250698679e-06, Accum Loss: 0.2876456528902054
Lr: 5.500439210018932e-06, Accum Loss: 0.3153332620859146
Lr: 5.499933396633691e-06, Accum Loss: 0.289776086807251
Lr: 5.499427810600455e-06, Accum Loss: 0.28601428866386414
Lr: 5.498922451976694e-06, Accum Loss: 0.309054359793663
Lr: 5.498417320819855e-06, Accum Loss: 0.31274309754371643
Lr: 5.497912417187355e-06, Accum Loss: 0.2824089080095291
Lr: 5.497407741136589e-06, Accum Loss: 0.2772452384233475
Lr: 5.496903292724923e-06, Accum Loss: 0.2508723884820938
Lr: 5.4963990720097015e-06, Accum Loss: 0.23539762198925018
Lr: 5.4958950790482375e-06, Accum Loss: 0.3242887705564499
Lr: 5.495391313897824e-06, Accum Loss: 0.323225200176239
Lr: 5.494887776615722e-06, Accum Loss: 0.25917038321495056
Lr: 5.494384467259171e-06, Accum Loss: 0.3630249947309494
Lr: 5.493881385885384e-06, Accum Loss: 0.2992061972618103
Lr: 5.493378532551546e-06, Accum Loss: 0.30711957812309265
Lr: 5.49287590731482e-06, Accum Loss: 0.2938363254070282
Lr: 5.492373510232336e-06, Accum Loss: 0.3097259998321533
Lr: 5.491871341361207e-06, Accum Loss: 0.3205605000257492
Lr: 5.491369400758514e-06, Accum Loss: 0.3322249501943588
Lr: 5.490867688481313e-06, Accum Loss: 0.304335817694664
Lr: 5.490366204586636e-06, Accum Loss: 0.34024304151535034
Lr: 5.489864949131488e-06, Accum Loss: 0.3003747910261154
Lr: 5.489363922172846e-06, Accum Loss: 0.3313640356063843
Lr: 5.488863123767664e-06, Accum Loss: 0.2738069146871567
Lr: 5.488362553972869e-06, Accum Loss: 0.29688596725463867
Lr: 5.487862212845361e-06, Accum Loss: 0.2915230691432953
Lr: 5.487362100442016e-06, Accum Loss: 0.3254811614751816
Lr: 5.486862216819682e-06, Accum Loss: 0.3119048625230789
Lr: 5.486362562035182e-06, Accum Loss: 0.29038773477077484
Lr: 5.485863136145315e-06, Accum Loss: 0.2983098477125168
Lr: 5.485363939206849e-06, Accum Loss: 0.25587020069360733
Lr: 5.48486497127653e-06, Accum Loss: 0.31170347332954407
Lr: 5.484366232411075e-06, Accum Loss: 0.3224748820066452
Lr: 5.48386772266718e-06, Accum Loss: 0.31123897433280945
Lr: 5.483369442101509e-06, Accum Loss: 0.2536221444606781
Lr: 5.4828713907707045e-06, Accum Loss: 0.24979455769062042
Lr: 5.48237356873138e-06, Accum Loss: 0.2964858412742615
Lr: 5.481875976040124e-06, Accum Loss: 0.385794535279274
Lr: 5.4813786127535e-06, Accum Loss: 0.30693426728248596
Lr: 5.4808814789280434e-06, Accum Loss: 0.30863307416439056
Lr: 5.480384574620265e-06, Accum Loss: 0.27540256083011627
Lr: 5.479887899886649e-06, Accum Loss: 0.27239130437374115
Lr: 5.479391454783653e-06, Accum Loss: 0.26451440155506134
Lr: 5.478895239367709e-06, Accum Loss: 0.2990790903568268
Lr: 5.478399253695223e-06, Accum Loss: 0.3452375680208206
Lr: 5.4779034978225765e-06, Accum Loss: 0.29550014436244965
Lr: 5.47740797180612e-06, Accum Loss: 0.30883173644542694
Lr: 5.476912675702184e-06, Accum Loss: 0.30784447491168976
Lr: 5.476417609567069e-06, Accum Loss: 0.2527557760477066
Lr: 5.4759227734570495e-06, Accum Loss: 0.31229618191719055
Lr: 5.475428167428374e-06, Accum Loss: 0.266779363155365
Lr: 5.474933791537268e-06, Accum Loss: 0.31120888888835907
Lr: 5.474439645839925e-06, Accum Loss: 0.2609390318393707
Lr: 5.473945730392519e-06, Accum Loss: 0.3235151469707489
Lr: 5.473452045251193e-06, Accum Loss: 0.31680722534656525
Lr: 5.472958590472065e-06, Accum Loss: 0.37010954320430756
Lr: 5.472465366111226e-06, Accum Loss: 0.2860213369131088
Lr: 5.4719723722247445e-06, Accum Loss: 0.31045636534690857
Lr: 5.471479608868659e-06, Accum Loss: 0.3432585448026657
Lr: 5.470987076098982e-06, Accum Loss: 0.3699621558189392
Lr: 5.470494773971703e-06, Accum Loss: 0.3542644679546356
Lr: 5.47000270254278e-06, Accum Loss: 0.3128623813390732
Lr: 5.469510861868151e-06, Accum Loss: 0.31208500266075134
Lr: 5.469019252003723e-06, Accum Loss: 0.26643556356430054
Lr: 5.4685278730053795e-06, Accum Loss: 0.2656765431165695
Lr: 5.468036724928974e-06, Accum Loss: 0.30277539789676666
Lr: 5.467545807830339e-06, Accum Loss: 0.33816635608673096
Lr: 5.467055121765278e-06, Accum Loss: 0.2867462933063507
Lr: 5.4665646667895675e-06, Accum Loss: 0.3104343116283417
Lr: 5.466074442958957e-06, Accum Loss: 0.3060312569141388
Lr: 5.465584450329175e-06, Accum Loss: 0.24583791196346283
Lr: 5.465094688955916e-06, Accum Loss: 0.3148447871208191
Lr: 5.464605158894857e-06, Accum Loss: 0.31088949739933014
Lr: 5.464115860201641e-06, Accum Loss: 0.30113768577575684
Lr: 5.463626792931887e-06, Accum Loss: 0.2793112248182297
Lr: 5.46313795714119e-06, Accum Loss: 0.29280175268650055
Lr: 5.462649352885117e-06, Accum Loss: 0.2688925117254257
Lr: 5.462160980219206e-06, Accum Loss: 0.23340769112110138
Lr: 5.461672839198975e-06, Accum Loss: 0.2854924499988556
Lr: 5.4611849298799116e-06, Accum Loss: 0.2892485707998276
Lr: 5.4606972523174754e-06, Accum Loss: 0.3881029486656189
Lr: 5.460209806567103e-06, Accum Loss: 0.30616796016693115
Lr: 5.459722592684204e-06, Accum Loss: 0.33170753717422485
Lr: 5.459235610724159e-06, Accum Loss: 0.33409489691257477
Lr: 5.4587488607423275e-06, Accum Loss: 0.31992317736148834
Lr: 5.458262342794037e-06, Accum Loss: 0.3246900141239166
Lr: 5.457776056934593e-06, Accum Loss: 0.3120983690023422
Lr: 5.45729000321927e-06, Accum Loss: 0.356148362159729
Lr: 5.456804181703322e-06, Accum Loss: 0.28461018204689026
Lr: 5.45631859244197e-06, Accum Loss: 0.33027681708335876
Lr: 5.455833235490415e-06, Accum Loss: 0.3687429577112198
Lr: 5.455348110903827e-06, Accum Loss: 0.25481221079826355
Lr: 5.454863218737352e-06, Accum Loss: 0.2525266706943512
Lr: 5.454378559046107e-06, Accum Loss: 0.2701060175895691
Lr: 5.453894131885186e-06, Accum Loss: 0.2990187704563141
Lr: 5.453409937309656e-06, Accum Loss: 0.3047001212835312
Lr: 5.452925975374553e-06, Accum Loss: 0.35147325694561005
Lr: 5.452442246134893e-06, Accum Loss: 0.27729444205760956
Lr: 5.4519587496456625e-06, Accum Loss: 0.3632931262254715
Lr: 5.45147548596182e-06, Accum Loss: 0.3327696919441223
Lr: 5.4509924551383e-06, Accum Loss: 0.2802862226963043
Lr: 5.45050965723001e-06, Accum Loss: 0.30711349844932556
Lr: 5.450027092291829e-06, Accum Loss: 0.27183784544467926
Lr: 5.449544760378614e-06, Accum Loss: 0.26551130414009094
Lr: 5.449062661545191e-06, Accum Loss: 0.3207438141107559
Lr: 5.448580795846361e-06, Accum Loss: 0.3166256844997406
Lr: 5.448099163336899e-06, Accum Loss: 0.34142622351646423
Lr: 5.447617764071554e-06, Accum Loss: 0.251449391245842
Lr: 5.447136598105046e-06, Accum Loss: 0.2643658071756363
Lr: 5.446655665492073e-06, Accum Loss: 0.36629240214824677
Lr: 5.446174966287302e-06, Accum Loss: 0.364034965634346
Lr: 5.445694500545375e-06, Accum Loss: 0.3857782185077667
Lr: 5.445214268320907e-06, Accum Loss: 0.39167386293411255
Lr: 5.444734269668489e-06, Accum Loss: 0.3240599036216736
Lr: 5.444254504642682e-06, Accum Loss: 0.2561284005641937
Lr: 5.443774973298022e-06, Accum Loss: 0.3061320632696152
Lr: 5.4432956756890195e-06, Accum Loss: 0.2937925308942795
Lr: 5.442816611870157e-06, Accum Loss: 0.31080561876296997
Lr: 5.442337781895888e-06, Accum Loss: 0.29994501173496246
Lr: 5.441859185820646e-06, Accum Loss: 0.25023694336414337
Lr: 5.441380823698832e-06, Accum Loss: 0.3391510844230652
Lr: 5.440902695584824e-06, Accum Loss: 0.30008934438228607
Lr: 5.440424801532971e-06, Accum Loss: 0.31992271542549133
Lr: 5.439947141597596e-06, Accum Loss: 0.2937166839838028
Lr: 5.439469715832995e-06, Accum Loss: 0.28270021080970764
Lr: 5.43899252429344e-06, Accum Loss: 0.2555157393217087
Lr: 5.438515567033172e-06, Accum Loss: 0.3159877359867096
Lr: 5.43803884410641e-06, Accum Loss: 0.317903608083725
Lr: 5.437562355567344e-06, Accum Loss: 0.32762765884399414
Lr: 5.437086101470137e-06, Accum Loss: 0.2738353908061981
Lr: 5.436610081868923e-06, Accum Loss: 0.27735334634780884
Lr: 5.4361342968178165e-06, Accum Loss: 0.28601765632629395
Lr: 5.435658746370899e-06, Accum Loss: 0.32926036417484283
Lr: 5.435183430582228e-06, Accum Loss: 0.24972155690193176
Lr: 5.434708349505834e-06, Accum Loss: 0.3766869306564331
Lr: 5.43423350319572e-06, Accum Loss: 0.24843913316726685
Lr: 5.433758891705862e-06, Accum Loss: 0.29083648324012756
Lr: 5.4332845150902115e-06, Accum Loss: 0.23351523280143738
Lr: 5.4328103734026915e-06, Accum Loss: 0.31333689391613007
Lr: 5.432336466697198e-06, Accum Loss: 0.2418534755706787
Lr: 5.4318627950276025e-06, Accum Loss: 0.34329669177532196
Lr: 5.4313893584477475e-06, Accum Loss: 0.3320511281490326
Lr: 5.430916157011448e-06, Accum Loss: 0.2622774839401245
Lr: 5.4304431907724965e-06, Accum Loss: 0.3407214432954788
Lr: 5.429970459784656e-06, Accum Loss: 0.3186752051115036
Lr: 5.429497964101659e-06, Accum Loss: 0.2554548382759094
Lr: 5.42902570377722e-06, Accum Loss: 0.2689223885536194
Lr: 5.428553678865021e-06, Accum Loss: 0.3058196008205414
Lr: 5.428081889418716e-06, Accum Loss: 0.2960917055606842
Lr: 5.427610335491934e-06, Accum Loss: 0.3655104339122772
Lr: 5.427139017138281e-06, Accum Loss: 0.23979787528514862
Lr: 5.426667934411329e-06, Accum Loss: 0.24557459354400635
Lr: 5.426197087364631e-06, Accum Loss: 0.30348630249500275
Lr: 5.425726476051706e-06, Accum Loss: 0.27715858817100525
Lr: 5.42525610052605e-06, Accum Loss: 0.2995191812515259
Lr: 5.424785960841132e-06, Accum Loss: 0.35071516036987305
Lr: 5.424316057050394e-06, Accum Loss: 0.3099746108055115
Lr: 5.42384638920725e-06, Accum Loss: 0.28074467182159424
Lr: 5.423376957365091e-06, Accum Loss: 0.2835361659526825
Lr: 5.422907761577276e-06, Accum Loss: 0.2886282503604889
Lr: 5.42243880189714e-06, Accum Loss: 0.20457176119089127
Lr: 5.421970078377989e-06, Accum Loss: 0.3587423264980316
Lr: 5.4215015910731075e-06, Accum Loss: 0.2511296570301056
Lr: 5.421033340035746e-06, Accum Loss: 0.24322298169136047
Lr: 5.420565325319135e-06, Accum Loss: 0.38259921967983246
Lr: 5.420097546976472e-06, Accum Loss: 0.3236074596643448
Lr: 5.4196300050609305e-06, Accum Loss: 0.2878820672631264
Lr: 5.4191626996256575e-06, Accum Loss: 0.29348672926425934
Lr: 5.418695630723774e-06, Accum Loss: 0.26506903767585754
Lr: 5.418228798408371e-06, Accum Loss: 0.30627280473709106
Lr: 5.417762202732516e-06, Accum Loss: 0.24462169408798218
Lr: 5.4172958437492464e-06, Accum Loss: 0.2955079525709152
Lr: 5.416829721511576e-06, Accum Loss: 0.2735576331615448
Lr: 5.416363836072487e-06, Accum Loss: 0.2930922210216522
Lr: 5.415898187484941e-06, Accum Loss: 0.2966112345457077
Lr: 5.415432775801867e-06, Accum Loss: 0.32578372955322266
Lr: 5.414967601076171e-06, Accum Loss: 0.2653895765542984
Lr: 5.414502663360729e-06, Accum Loss: 0.2672421485185623
Lr: 5.414037962708392e-06, Accum Loss: 0.27300846576690674
Lr: 5.413573499171984e-06, Accum Loss: 0.3191663920879364
Lr: 5.413109272804301e-06, Accum Loss: 0.28075046837329865
Lr: 5.412645283658113e-06, Accum Loss: 0.3067020773887634
Lr: 5.412181531786161e-06, Accum Loss: 0.2962925136089325
Lr: 5.411718017241165e-06, Accum Loss: 0.3993351012468338
Lr: 5.41125474007581e-06, Accum Loss: 0.25677724182605743
Lr: 5.410791700342759e-06, Accum Loss: 0.32722923159599304
Lr: 5.410328898094645e-06, Accum Loss: 0.3382563143968582
Lr: 5.409866333384079e-06, Accum Loss: 0.30423925817012787
Lr: 5.40940400626364e-06, Accum Loss: 0.2981403172016144
Lr: 5.40894191678588e-06, Accum Loss: 0.26544618606567383
Lr: 5.408480065003329e-06, Accum Loss: 0.2729739099740982
Lr: 5.408018450968485e-06, Accum Loss: 0.2836155444383621
Lr: 5.407557074733821e-06, Accum Loss: 0.3385254442691803
Lr: 5.407095936351783e-06, Accum Loss: 0.3125809133052826
Lr: 5.406635035874787e-06, Accum Loss: 0.340756431221962
Lr: 5.406174373355229e-06, Accum Loss: 0.30887553095817566
Lr: 5.405713948845471e-06, Accum Loss: 0.3747631758451462
Lr: 5.405253762397851e-06, Accum Loss: 0.30700598657131195
Lr: 5.404793814064677e-06, Accum Loss: 0.3294047713279724
Lr: 5.404334103898237e-06, Accum Loss: 0.31435877084732056
Lr: 5.4038746319507835e-06, Accum Loss: 0.3249132037162781
Lr: 5.403415398274547e-06, Accum Loss: 0.3236102759838104
Lr: 5.40295640292173e-06, Accum Loss: 0.3128735423088074
Lr: 5.402497645944508e-06, Accum Loss: 0.3010055273771286
Lr: 5.402039127395027e-06, Accum Loss: 0.3293760269880295
Lr: 5.4015808473254095e-06, Accum Loss: 0.31523866951465607
Lr: 5.401122805787747e-06, Accum Loss: 0.244216650724411
Lr: 5.400665002834109e-06, Accum Loss: 0.2673213630914688
Lr: 5.400207438516534e-06, Accum Loss: 0.22383293509483337
Lr: 5.399750112887034e-06, Accum Loss: 0.4000949114561081
Lr: 5.399293025997593e-06, Accum Loss: 0.3370862156152725
Lr: 5.398836177900171e-06, Accum Loss: 0.2845606207847595
Lr: 5.398379568646698e-06, Accum Loss: 0.3554180711507797
Lr: 5.397923198289078e-06, Accum Loss: 0.2222571074962616
Lr: 5.397467066879188e-06, Accum Loss: 0.3320748955011368
Lr: 5.397011174468878e-06, Accum Loss: 0.2786879241466522
Lr: 5.396555521109968e-06, Accum Loss: 0.36789941787719727
Lr: 5.396100106854256e-06, Accum Loss: 0.33078737556934357
Lr: 5.395644931753507e-06, Accum Loss: 0.301023006439209
Lr: 5.395189995859463e-06, Accum Loss: 0.30560654401779175
Lr: 5.394735299223839e-06, Accum Loss: 0.31791092455387115
Lr: 5.39428084189832e-06, Accum Loss: 0.30504274368286133
Lr: 5.393826623934565e-06, Accum Loss: 0.3051843196153641
Lr: 5.393372645384207e-06, Accum Loss: 0.30336667597293854
Lr: 5.3929189062988496e-06, Accum Loss: 0.34847308695316315
Lr: 5.39246540673007e-06, Accum Loss: 0.31888052821159363
Lr: 5.392012146729421e-06, Accum Loss: 0.2701025977730751
Lr: 5.391559126348423e-06, Accum Loss: 0.26509350538253784
Lr: 5.391106345638574e-06, Accum Loss: 0.30772918462753296
Lr: 5.39065380465134e-06, Accum Loss: 0.29939301311969757
Lr: 5.390201503438165e-06, Accum Loss: 0.31357306241989136
Lr: 5.38974944205046e-06, Accum Loss: 0.3849111944437027
Lr: 5.389297620539615e-06, Accum Loss: 0.2597476541996002
Lr: 5.388846038956988e-06, Accum Loss: 0.33338795602321625
Lr: 5.388394697353912e-06, Accum Loss: 0.3373788148164749
Lr: 5.38794359578169e-06, Accum Loss: 0.33960720896720886
Lr: 5.387492734291602e-06, Accum Loss: 0.27470560371875763
Lr: 5.387042112934897e-06, Accum Loss: 0.32812440395355225
Lr: 5.3865917317628e-06, Accum Loss: 0.29063980281352997
Lr: 5.386141590826505e-06, Accum Loss: 0.33745159208774567
Lr: 5.385691690177182e-06, Accum Loss: 0.2829032838344574
Lr: 5.38524202986597e-06, Accum Loss: 0.32978904247283936
Lr: 5.384792609943985e-06, Accum Loss: 0.33200569450855255
Lr: 5.384343430462311e-06, Accum Loss: 0.3269324004650116
Lr: 5.383894491472011e-06, Accum Loss: 0.3094772696495056
Lr: 5.383445793024115e-06, Accum Loss: 0.29002033174037933
Lr: 5.382997335169626e-06, Accum Loss: 0.26213380694389343
Lr: 5.382549117959522e-06, Accum Loss: 0.35623621940612793
Lr: 5.382101141444755e-06, Accum Loss: 0.27452079951763153
Lr: 5.381653405676245e-06, Accum Loss: 0.324504017829895
Lr: 5.381205910704889e-06, Accum Loss: 0.31872789561748505
Lr: 5.3807586565815535e-06, Accum Loss: 0.3172430247068405
Lr: 5.380311643357079e-06, Accum Loss: 0.28729115426540375
Lr: 5.379864871082279e-06, Accum Loss: 0.31714943051338196
Lr: 5.379418339807939e-06, Accum Loss: 0.3290032595396042
Lr: 5.3789720495848155e-06, Accum Loss: 0.3250495493412018
Lr: 5.378526000463642e-06, Accum Loss: 0.3184918463230133
Lr: 5.378080192495121e-06, Accum Loss: 0.2926044911146164
Lr: 5.377634625729927e-06, Accum Loss: 0.2926640808582306
Lr: 5.3771893002187095e-06, Accum Loss: 0.3319436013698578
Lr: 5.3767442160120906e-06, Accum Loss: 0.27010856568813324
Lr: 5.376299373160663e-06, Accum Loss: 0.31104786694049835
Lr: 5.375854771714992e-06, Accum Loss: 0.313025563955307
Lr: 5.375410411725619e-06, Accum Loss: 0.2605791240930557
Lr: 5.374966293243054e-06, Accum Loss: 0.2644798457622528
Lr: 5.374522416317782e-06, Accum Loss: 0.3745095878839493
Lr: 5.374078781000256e-06, Accum Loss: 0.3355659693479538
Lr: 5.373635387340909e-06, Accum Loss: 0.2888975143432617
Lr: 5.37319223539014e-06, Accum Loss: 0.31442610919475555
Lr: 5.3727493251983255e-06, Accum Loss: 0.2711474299430847
Lr: 5.372306656815809e-06, Accum Loss: 0.28064149618148804
Lr: 5.371864230292913e-06, Accum Loss: 0.27297618985176086
Lr: 5.371422045679925e-06, Accum Loss: 0.3101324141025543
Lr: 5.370980103027113e-06, Accum Loss: 0.24732843041419983
Lr: 5.370538402384711e-06, Accum Loss: 0.34262530505657196
Lr: 5.37009694380293e-06, Accum Loss: 0.3115620017051697
Lr: 5.369655727331951e-06, Accum Loss: 0.2953626364469528
Lr: 5.369214753021927e-06, Accum Loss: 0.26844657957553864
Lr: 5.368774020922985e-06, Accum Loss: 0.26487864553928375
Lr: 5.368333531085225e-06, Accum Loss: 0.2743466943502426
Lr: 5.3678932835587175e-06, Accum Loss: 0.30794820189476013
Lr: 5.367453278393507e-06, Accum Loss: 0.26263801753520966
Lr: 5.367013515639609e-06, Accum Loss: 0.30794084072113037
Lr: 5.366573995347013e-06, Accum Loss: 0.34172122180461884
Lr: 5.366134717565679e-06, Accum Loss: 0.35039733350276947
Lr: 5.365695682345543e-06, Accum Loss: 0.29669323563575745
Lr: 5.365256889736509e-06, Accum Loss: 0.2705206125974655
Lr: 5.364818339788457e-06, Accum Loss: 0.2714240550994873
Lr: 5.3643800325512374e-06, Accum Loss: 0.3663732260465622
Lr: 5.363941968074674e-06, Accum Loss: 0.29082803428173065
Lr: 5.3635041464085595e-06, Accum Loss: 0.28490032255649567
Lr: 5.363066567602667e-06, Accum Loss: 0.28919388353824615
Lr: 5.362629231706735e-06, Accum Loss: 0.32403557002544403
Lr: 5.362192138770474e-06, Accum Loss: 0.26549936830997467
Lr: 5.3617552888435725e-06, Accum Loss: 0.22774435579776764
Lr: 5.361318681975687e-06, Accum Loss: 0.3070770502090454
Lr: 5.360882318216448e-06, Accum Loss: 0.36957190930843353
Lr: 5.360446197615457e-06, Accum Loss: 0.3185504674911499
Lr: 5.36001032022229e-06, Accum Loss: 0.30824247002601624
Lr: 5.359574686086492e-06, Accum Loss: 0.24201524257659912
Lr: 5.359139295257586e-06, Accum Loss: 0.3089655339717865
Lr: 5.358704147785061e-06, Accum Loss: 0.25087063014507294
Lr: 5.358269243718383e-06, Accum Loss: 0.2922977805137634
Lr: 5.357834583106986e-06, Accum Loss: 0.2834617495536804
Lr: 5.357400166000282e-06, Accum Loss: 0.29502758383750916
Lr: 5.356965992447649e-06, Accum Loss: 0.313149631023407
Lr: 5.356532062498443e-06, Accum Loss: 0.29408638179302216
Lr: 5.356098376201989e-06, Accum Loss: 0.2962579131126404
Lr: 5.355664933607584e-06, Accum Loss: 0.28525468707084656
Lr: 5.3552317347645e-06, Accum Loss: 0.3273892253637314
Lr: 5.3547987797219786e-06, Accum Loss: 0.2915891855955124
Lr: 5.354366068529235e-06, Accum Loss: 0.33839286863803864
Lr: 5.353933601235457e-06, Accum Loss: 0.29719066619873047
Lr: 5.353501377889804e-06, Accum Loss: 0.3228094279766083
Lr: 5.353069398541407e-06, Accum Loss: 0.2780196964740753
Lr: 5.352637663239369e-06, Accum Loss: 0.24932119250297546
Lr: 5.35220617203277e-06, Accum Loss: 0.2958248555660248
Lr: 5.351774924970655e-06, Accum Loss: 0.3442583680152893
Lr: 5.351343922102048e-06, Accum Loss: 0.2838796228170395
Lr: 5.350913163475939e-06, Accum Loss: 0.28809964656829834
Lr: 5.350482649141294e-06, Accum Loss: 0.26615455746650696
Lr: 5.350052379147052e-06, Accum Loss: 0.29310816526412964
Lr: 5.349622353542121e-06, Accum Loss: 0.3033204823732376
Lr: 5.349192572375383e-06, Accum Loss: 0.38084447383880615
Lr: 5.348763035695695e-06, Accum Loss: 0.2635878622531891
Lr: 5.34833374355188e-06, Accum Loss: 0.30073240399360657
Lr: 5.3479046959927386e-06, Accum Loss: 0.3212299793958664
Lr: 5.34747589306704e-06, Accum Loss: 0.299140140414238
Lr: 5.347047334823528e-06, Accum Loss: 0.25186167657375336
Lr: 5.34661902131092e-06, Accum Loss: 0.21929486095905304
Lr: 5.346190952577899e-06, Accum Loss: 0.28161533176898956
Lr: 5.345763128673127e-06, Accum Loss: 0.2813231498003006
Lr: 5.345335549645236e-06, Accum Loss: 0.38800349831581116
Lr: 5.344908215542829e-06, Accum Loss: 0.30241329967975616
Lr: 5.344481126414483e-06, Accum Loss: 0.33428955078125
Lr: 5.3440542823087445e-06, Accum Loss: 0.3452364504337311
Lr: 5.343627683274134e-06, Accum Loss: 0.29784250259399414
Lr: 5.343201329359146e-06, Accum Loss: 0.2866496294736862
Lr: 5.342775220612243e-06, Accum Loss: 0.3251689076423645
Lr: 5.342349357081863e-06, Accum Loss: 0.2904422879219055
Lr: 5.341923738816414e-06, Accum Loss: 0.3702976405620575
Lr: 5.341498365864278e-06, Accum Loss: 0.2928468585014343
Lr: 5.341073238273807e-06, Accum Loss: 0.3579225391149521
Lr: 5.340648356093327e-06, Accum Loss: 0.3364202082157135
Lr: 5.3402237193711346e-06, Accum Loss: 0.2831801325082779
Lr: 5.339799328155499e-06, Accum Loss: 0.3034239411354065
Lr: 5.339375182494663e-06, Accum Loss: 0.2908466160297394
Lr: 5.33895128243684e-06, Accum Loss: 0.22345256805419922
Lr: 5.338527628030213e-06, Accum Loss: 0.34692858159542084
Lr: 5.338104219322943e-06, Accum Loss: 0.2678498178720474
Lr: 5.33768105636316e-06, Accum Loss: 0.2833413630723953
Lr: 5.3372581391989625e-06, Accum Loss: 0.30189746618270874
Lr: 5.336835467878427e-06, Accum Loss: 0.2826070487499237
Lr: 5.336413042449599e-06, Accum Loss: 0.3016809895634651
Lr: 5.335990862960496e-06, Accum Loss: 0.30103522539138794
Lr: 5.3355689294591084e-06, Accum Loss: 0.3366818279027939
Lr: 5.335147241993399e-06, Accum Loss: 0.32770706713199615
Lr: 5.3347258006113015e-06, Accum Loss: 0.36476750671863556
Lr: 5.334304605360721e-06, Accum Loss: 0.27014558017253876
Lr: 5.333883656289538e-06, Accum Loss: 0.3210121989250183
Lr: 5.3334629534456e-06, Accum Loss: 0.30862849950790405
Lr: 5.333042496876731e-06, Accum Loss: 0.41839200258255005
Lr: 5.3326222866307254e-06, Accum Loss: 0.3702075034379959
Lr: 5.3322023227553485e-06, Accum Loss: 0.31353238224983215
Lr: 5.331782605298338e-06, Accum Loss: 0.30111008882522583
Lr: 5.331363134307406e-06, Accum Loss: 0.22193972766399384
Lr: 5.330943909830233e-06, Accum Loss: 0.36560869216918945
Lr: 5.3305249319144745e-06, Accum Loss: 0.2506813406944275
Lr: 5.330106200607756e-06, Accum Loss: 0.31328144669532776
Lr: 5.329687715957676e-06, Accum Loss: 0.31281061470508575
Lr: 5.329269478011803e-06, Accum Loss: 0.23573121428489685
Lr: 5.328851486817681e-06, Accum Loss: 0.2719186693429947
Lr: 5.328433742422824e-06, Accum Loss: 0.3318816274404526
Lr: 5.328016244874715e-06, Accum Loss: 0.31428274512290955
Lr: 5.3275989942208155e-06, Accum Loss: 0.3491590768098831
Lr: 5.327181990508554e-06, Accum Loss: 0.3438618630170822
Lr: 5.326765233785331e-06, Accum Loss: 0.3066742569208145
Lr: 5.326348724098521e-06, Accum Loss: 0.31766608357429504
Lr: 5.325932461495471e-06, Accum Loss: 0.2898311913013458
Lr: 5.3255164460234965e-06, Accum Loss: 0.35221414268016815
Lr: 5.325100677729888e-06, Accum Loss: 0.23356254398822784
Lr: 5.324685156661907e-06, Accum Loss: 0.28623972833156586
Lr: 5.324269882866786e-06, Accum Loss: 0.27838246524333954
Lr: 5.3238548563917296e-06, Accum Loss: 0.33253905177116394
Lr: 5.323440077283916e-06, Accum Loss: 0.36136311292648315
Lr: 5.323025545590493e-06, Accum Loss: 0.2778880447149277
Lr: 5.322611261358583e-06, Accum Loss: 0.3349378705024719
Lr: 5.322197224635277e-06, Accum Loss: 0.3411409556865692
Lr: 5.32178343546764e-06, Accum Loss: 0.3449843227863312
Lr: 5.321369893902707e-06, Accum Loss: 0.34010830521583557
Lr: 5.320956599987488e-06, Accum Loss: 0.2813139110803604
Lr: 5.320543553768963e-06, Accum Loss: 0.25581739842891693
Lr: 5.320130755294083e-06, Accum Loss: 0.32769775390625
Lr: 5.319718204609773e-06, Accum Loss: 0.28509144484996796
Lr: 5.319305901762927e-06, Accum Loss: 0.3248187303543091
Lr: 5.318893846800413e-06, Accum Loss: 0.24624940752983093
Lr: 5.318482039769071e-06, Accum Loss: 0.3005049079656601
Lr: 5.318070480715709e-06, Accum Loss: 0.30335451662540436
Lr: 5.317659169687114e-06, Accum Loss: 0.2764757573604584
Lr: 5.3172481067300385e-06, Accum Loss: 0.3701498359441757
Lr: 5.3168372918912094e-06, Accum Loss: 0.3218523859977722
Lr: 5.316426725217323e-06, Accum Loss: 0.3149135559797287
Lr: 5.316016406755053e-06, Accum Loss: 0.32643571496009827
Lr: 5.315606336551038e-06, Accum Loss: 0.3256487548351288
Lr: 5.315196514651893e-06, Accum Loss: 0.3026856333017349
Lr: 5.314786941104204e-06, Accum Loss: 0.3238556981086731
Lr: 5.314377615954527e-06, Accum Loss: 0.2993514835834503
Lr: 5.31396853924939e-06, Accum Loss: 0.2994151711463928
Lr: 5.313559711035296e-06, Accum Loss: 0.31592927873134613
Lr: 5.313151131358716e-06, Accum Loss: 0.2806285172700882
Lr: 5.312742800266095e-06, Accum Loss: 0.24344661831855774
Lr: 5.312334717803847e-06, Accum Loss: 0.2901179641485214
Lr: 5.3119268840183624e-06, Accum Loss: 0.2737230509519577
Lr: 5.311519298955998e-06, Accum Loss: 0.30220210552215576
Lr: 5.311111962663086e-06, Accum Loss: 0.285793662071228
Lr: 5.31070487518593e-06, Accum Loss: 0.33031101524829865
Lr: 5.310298036570803e-06, Accum Loss: 0.3643476665019989
Lr: 5.309891446863953e-06, Accum Loss: 0.29578056931495667
Lr: 5.309485106111596e-06, Accum Loss: 0.31801632046699524
Lr: 5.309079014359923e-06, Accum Loss: 0.309836283326149
Lr: 5.308673171655095e-06, Accum Loss: 0.23075078427791595
Lr: 5.308267578043246e-06, Accum Loss: 0.3218393623828888
Lr: 5.3078622335704785e-06, Accum Loss: 0.2950116991996765
Lr: 5.307457138282871e-06, Accum Loss: 0.38896720111370087
Lr: 5.30705229222647e-06, Accum Loss: 0.29372331500053406
Lr: 5.306647695447296e-06, Accum Loss: 0.29795296490192413
Lr: 5.30624334799134e-06, Accum Loss: 0.2143758162856102
Lr: 5.3058392499045664e-06, Accum Loss: 0.31328579783439636
Lr: 5.305435401232908e-06, Accum Loss: 0.2502569109201431
Lr: 5.3050318020222736e-06, Accum Loss: 0.29450591653585434
Lr: 5.304628452318539e-06, Accum Loss: 0.386507049202919
Lr: 5.3042253521675554e-06, Accum Loss: 0.3309890031814575
Lr: 5.303822501615142e-06, Accum Loss: 0.2699153870344162
Lr: 5.3034199007070935e-06, Accum Loss: 0.3452177494764328
Lr: 5.303017549489173e-06, Accum Loss: 0.24883490800857544
Lr: 5.302615448007119e-06, Accum Loss: 0.3200094401836395
Lr: 5.302213596306639e-06, Accum Loss: 0.315086767077446
Lr: 5.30181199443341e-06, Accum Loss: 0.3732955753803253
Lr: 5.301410642433083e-06, Accum Loss: 0.2662101164460182
Lr: 5.301009540351283e-06, Accum Loss: 0.23856502771377563
Lr: 5.300608688233602e-06, Accum Loss: 0.28598999977111816
Lr: 5.300208086125609e-06, Accum Loss: 0.24777457118034363
Lr: 5.299807734072838e-06, Accum Loss: 0.34878280758857727
Lr: 5.299407632120798e-06, Accum Loss: 0.3194029927253723
Lr: 5.299007780314971e-06, Accum Loss: 0.2828032523393631
Lr: 5.298608178700809e-06, Accum Loss: 0.2735182195901871
Lr: 5.298208827323734e-06, Accum Loss: 0.2897843271493912
Lr: 5.297809726229143e-06, Accum Loss: 0.2689528316259384
Lr: 5.297410875462403e-06, Accum Loss: 0.29275865852832794
Lr: 5.29701227506885e-06, Accum Loss: 0.3216198980808258
Lr: 5.296613925093794e-06, Accum Loss: 0.34574146568775177
Lr: 5.2962158255825185e-06, Accum Loss: 0.2899084985256195
Lr: 5.295817976580276e-06, Accum Loss: 0.33780744671821594
Lr: 5.295420378132288e-06, Accum Loss: 0.2936568409204483
Lr: 5.2950230302837535e-06, Accum Loss: 0.2376331388950348
Lr: 5.29462593307984e-06, Accum Loss: 0.29086969792842865
Lr: 5.294229086565683e-06, Accum Loss: 0.28032873570919037
Lr: 5.293832490786396e-06, Accum Loss: 0.3296007215976715
Lr: 5.2934361457870615e-06, Accum Loss: 0.36270566284656525
Lr: 5.29304005161273e-06, Accum Loss: 0.3225570619106293
Lr: 5.292644208308429e-06, Accum Loss: 0.3078693151473999
Lr: 5.292248615919153e-06, Accum Loss: 0.30846284329891205
Lr: 5.291853274489871e-06, Accum Loss: 0.2729532867670059
Lr: 5.291458184065521e-06, Accum Loss: 0.24613399803638458
Lr: 5.291063344691016e-06, Accum Loss: 0.44134096801280975
Lr: 5.290668756411237e-06, Accum Loss: 0.2534845620393753
Lr: 5.2902744192710375e-06, Accum Loss: 0.28163309395313263
Lr: 5.289880333315243e-06, Accum Loss: 0.32121284306049347
Lr: 5.289486498588651e-06, Accum Loss: 0.2412167489528656
Lr: 5.289092915136027e-06, Accum Loss: 0.2734256237745285
Lr: 5.288699583002114e-06, Accum Loss: 0.31745122373104095
Lr: 5.288306502231619e-06, Accum Loss: 0.3767227679491043
Lr: 5.287913672869229e-06, Accum Loss: 0.30559736490249634
Lr: 5.287521094959594e-06, Accum Loss: 0.27975893020629883
Lr: 5.28712876854734e-06, Accum Loss: 0.2766335904598236
Lr: 5.2867366936770645e-06, Accum Loss: 0.252810999751091
Lr: 5.286344870393335e-06, Accum Loss: 0.3248560428619385
Lr: 5.285953298740691e-06, Accum Loss: 0.31367166340351105
Lr: 5.285561978763644e-06, Accum Loss: 0.24768009036779404
Lr: 5.285170910506675e-06, Accum Loss: 0.3475237488746643
Lr: 5.284780094014238e-06, Accum Loss: 0.34267178177833557
Lr: 5.284389529330758e-06, Accum Loss: 0.2835748940706253
Lr: 5.283999216500632e-06, Accum Loss: 0.30844496190547943
Lr: 5.283609155568227e-06, Accum Loss: 0.32945995032787323
Lr: 5.2832193465778825e-06, Accum Loss: 0.3511914014816284
Lr: 5.282829789573908e-06, Accum Loss: 0.34219641983509064
Lr: 5.282440484600587e-06, Accum Loss: 0.33281394839286804
Lr: 5.282051431702171e-06, Accum Loss: 0.28167493641376495
Lr: 5.281662630922886e-06, Accum Loss: 0.3064466714859009
Lr: 5.281274082306926e-06, Accum Loss: 0.36846499145030975
Lr: 5.28088578589846e-06, Accum Loss: 0.33711855113506317
Lr: 5.2804977417416255e-06, Accum Loss: 0.3033495247364044
Lr: 5.280109949880533e-06, Accum Loss: 0.3067922294139862
Lr: 5.2797224103592625e-06, Accum Loss: 0.29844653606414795
Lr: 5.279335123221868e-06, Accum Loss: 0.3891035318374634
Lr: 5.278948088512372e-06, Accum Loss: 0.317399263381958
Lr: 5.2785613062747705e-06, Accum Loss: 0.3228931128978729
Lr: 5.278174776553029e-06, Accum Loss: 0.3344061076641083
Lr: 5.277788499391086e-06, Accum Loss: 0.30595652759075165
Lr: 5.27740247483285e-06, Accum Loss: 0.3072851002216339
Lr: 5.2770167029222015e-06, Accum Loss: 0.29411815106868744
Lr: 5.276631183702993e-06, Accum Loss: 0.36779722571372986
Lr: 5.276245917219044e-06, Accum Loss: 0.2526874840259552
Lr: 5.275860903514153e-06, Accum Loss: 0.3053017407655716
Lr: 5.275476142632083e-06, Accum Loss: 0.3124466985464096
Lr: 5.275091634616571e-06, Accum Loss: 0.3164729177951813
Lr: 5.2747073795113236e-06, Accum Loss: 0.2595313489437103
Lr: 5.274323377360022e-06, Accum Loss: 0.27441318333148956
Lr: 5.273939628206315e-06, Accum Loss: 0.250236839056015
Lr: 5.273556132093825e-06, Accum Loss: 0.31140266358852386
Lr: 5.273172889066146e-06, Accum Loss: 0.34174929559230804
Lr: 5.2727898991668405e-06, Accum Loss: 0.27101027965545654
Lr: 5.272407162439443e-06, Accum Loss: 0.2566321790218353
Lr: 5.272024678927462e-06, Accum Loss: 0.295494481921196
Lr: 5.271642448674374e-06, Accum Loss: 0.24152381718158722
Lr: 5.271260471723629e-06, Accum Loss: 0.29103416204452515
Lr: 5.270878748118646e-06, Accum Loss: 0.28857964277267456
Lr: 5.270497277902818e-06, Accum Loss: 0.3348534405231476
Lr: 5.270116061119504e-06, Accum Loss: 0.32819676399230957
Lr: 5.269735097812042e-06, Accum Loss: 0.3339867740869522
Lr: 5.269354388023735e-06, Accum Loss: 0.2991408407688141
Lr: 5.2689739317978596e-06, Accum Loss: 0.2580779790878296
Lr: 5.268593729177663e-06, Accum Loss: 0.276705339550972
Lr: 5.268213780206363e-06, Accum Loss: 0.368953138589859
Lr: 5.26783408492715e-06, Accum Loss: 0.31246042251586914
Lr: 5.267454643383184e-06, Accum Loss: 0.25780969858169556
Lr: 5.2670754556175975e-06, Accum Loss: 0.2847007215023041
Lr: 5.266696521673494e-06, Accum Loss: 0.3237924873828888
Lr: 5.266317841593948e-06, Accum Loss: 0.33692963421344757
Lr: 5.265939415422003e-06, Accum Loss: 0.3022799491882324
Lr: 5.2655612432006775e-06, Accum Loss: 0.3156761974096298
Lr: 5.265183324972958e-06, Accum Loss: 0.3746524304151535
Lr: 5.264805660781805e-06, Accum Loss: 0.26290731132030487
Lr: 5.264428250670146e-06, Accum Loss: 0.334094762802124
Lr: 5.264051094680883e-06, Accum Loss: 0.2475939840078354
Lr: 5.2636741928568895e-06, Accum Loss: 0.29045262932777405
Lr: 5.263297545241008e-06, Accum Loss: 0.2919625788927078
Lr: 5.262921151876052e-06, Accum Loss: 0.3050645589828491
Lr: 5.262545012804808e-06, Accum Loss: 0.2314532846212387
Lr: 5.26216912807003e-06, Accum Loss: 0.2944796085357666
Lr: 5.26179349771445e-06, Accum Loss: 0.3466171771287918
Lr: 5.261418121780764e-06, Accum Loss: 0.3487168252468109
Lr: 5.261043000311642e-06, Accum Loss: 0.39587755501270294
Lr: 5.2606681333497245e-06, Accum Loss: 0.4140629917383194
Lr: 5.260293520937625e-06, Accum Loss: 0.25972676277160645
Lr: 5.259919163117924e-06, Accum Loss: 0.3255668133497238
Lr: 5.25954505993318e-06, Accum Loss: 0.2924066036939621
Lr: 5.259171211425914e-06, Accum Loss: 0.2869052141904831
Lr: 5.258797617638624e-06, Accum Loss: 0.21572977304458618
Lr: 5.258424278613777e-06, Accum Loss: 0.3237614184617996
Lr: 5.25805119439381e-06, Accum Loss: 0.3278771936893463
Lr: 5.257678365021133e-06, Accum Loss: 0.295842707157135
Lr: 5.257305790538129e-06, Accum Loss: 0.3170693665742874
Lr: 5.256933470987146e-06, Accum Loss: 0.30646196007728577
Lr: 5.2565614064105075e-06, Accum Loss: 0.32902877032756805
Lr: 5.2561895968505055e-06, Accum Loss: 0.3853025436401367
Lr: 5.255818042349408e-06, Accum Loss: 0.3199125677347183
Lr: 5.255446742949446e-06, Accum Loss: 0.35287395119667053
Lr: 5.255075698692829e-06, Accum Loss: 0.30793680250644684
Lr: 5.254704909621735e-06, Accum Loss: 0.3151971250772476
Lr: 5.25433437577831e-06, Accum Loss: 0.24386844038963318
Lr: 5.253964097204674e-06, Accum Loss: 0.3170202374458313
Lr: 5.253594073942918e-06, Accum Loss: 0.31865890324115753
Lr: 5.253224306035103e-06, Accum Loss: 0.31342871487140656
Lr: 5.252854793523262e-06, Accum Loss: 0.34504666924476624
Lr: 5.2524855364493986e-06, Accum Loss: 0.3123706877231598
Lr: 5.252116534855485e-06, Accum Loss: 0.2829929143190384
Lr: 5.2517477887834675e-06, Accum Loss: 0.26034095883369446
Lr: 5.251379298275263e-06, Accum Loss: 0.3250058442354202
Lr: 5.251011063372757e-06, Accum Loss: 0.35578344762325287
Lr: 5.250643084117811e-06, Accum Loss: 0.2796754091978073
Lr: 5.25027536055225e-06, Accum Loss: 0.31127913296222687
Lr: 5.249907892717876e-06, Accum Loss: 0.3322780728340149
Lr: 5.24954068065646e-06, Accum Loss: 0.3637646585702896
Lr: 5.2491737244097425e-06, Accum Loss: 0.3187899589538574
Lr: 5.248807024019438e-06, Accum Loss: 0.24615478515625
Lr: 5.248440579527228e-06, Accum Loss: 0.2832169234752655
Lr: 5.24807439097477e-06, Accum Loss: 0.22178678214550018
Lr: 5.247708458403687e-06, Accum Loss: 0.2805751860141754
Lr: 5.247342781855575e-06, Accum Loss: 0.35664936900138855
Lr: 5.246977361372004e-06, Accum Loss: 0.30778035521507263
Lr: 5.24661219699451e-06, Accum Loss: 0.2908213436603546
Lr: 5.246247288764602e-06, Accum Loss: 0.3703121542930603
Lr: 5.245882636723761e-06, Accum Loss: 0.2766004204750061
Lr: 5.245518240913438e-06, Accum Loss: 0.2552121877670288
Lr: 5.245154101375053e-06, Accum Loss: 0.2520243972539902
Lr: 5.244790218149999e-06, Accum Loss: 0.23483698070049286
Lr: 5.244426591279642e-06, Accum Loss: 0.3062165528535843
Lr: 5.244063220805312e-06, Accum Loss: 0.2638426721096039
Lr: 5.243700106768318e-06, Accum Loss: 0.392880842089653
Lr: 5.243337249209934e-06, Accum Loss: 0.28640276193618774
Lr: 5.242974648171407e-06, Accum Loss: 0.2813946455717087
Lr: 5.242612303693954e-06, Accum Loss: 0.23479752242565155
Lr: 5.242250215818765e-06, Accum Loss: 0.31834232807159424
Lr: 5.241888384586998e-06, Accum Loss: 0.2934214323759079
Lr: 5.2415268100397845e-06, Accum Loss: 0.3057005852460861
Lr: 5.241165492218225e-06, Accum Loss: 0.3565298914909363
Lr: 5.240804431163391e-06, Accum Loss: 0.2677920311689377
Lr: 5.240443626916325e-06, Accum Loss: 0.2772112488746643
Lr: 5.2400830795180404e-06, Accum Loss: 0.3978005349636078
Lr: 5.239722789009522e-06, Accum Loss: 0.35033081471920013
Lr: 5.239362755431724e-06, Accum Loss: 0.3355078101158142
Lr: 5.239002978825574e-06, Accum Loss: 0.31763891875743866
Lr: 5.238643459231966e-06, Accum Loss: 0.34847860038280487
Lr: 5.238284196691769e-06, Accum Loss: 0.3151625245809555
Lr: 5.237925191245821e-06, Accum Loss: 0.3419823944568634
Lr: 5.237566442934929e-06, Accum Loss: 0.3395271599292755
Lr: 5.237207951799876e-06, Accum Loss: 0.3066691756248474
Lr: 5.236849717881412e-06, Accum Loss: 0.29407988488674164
Lr: 5.236491741220257e-06, Accum Loss: 0.31148187816143036
Lr: 5.236134021857101e-06, Accum Loss: 0.319573774933815
Lr: 5.235776559832611e-06, Accum Loss: 0.29972580075263977
Lr: 5.235419355187419e-06, Accum Loss: 0.2754058390855789
Lr: 5.235062407962127e-06, Accum Loss: 0.24727779626846313
Lr: 5.234705718197313e-06, Accum Loss: 0.2733362913131714
Lr: 5.23434928593352e-06, Accum Loss: 0.3293616473674774
Lr: 5.233993111211266e-06, Accum Loss: 0.3392311930656433
Lr: 5.233637194071039e-06, Accum Loss: 0.3309488594532013
Lr: 5.233281534553296e-06, Accum Loss: 0.2949870824813843
Lr: 5.232926132698465e-06, Accum Loss: 0.28537386655807495
Lr: 5.232570988546946e-06, Accum Loss: 0.2681190073490143
Lr: 5.232216102139109e-06, Accum Loss: 0.2730065882205963
Lr: 5.231861473515295e-06, Accum Loss: 0.23834876716136932
Lr: 5.2315071027158135e-06, Accum Loss: 0.2847612202167511
Lr: 5.23115298978095e-06, Accum Loss: 0.278854101896286
Lr: 5.2307991347509536e-06, Accum Loss: 0.2793254554271698
Lr: 5.230445537666051e-06, Accum Loss: 0.3198718875646591
Lr: 5.230092198566434e-06, Accum Loss: 0.24401001632213593
Lr: 5.22973911749227e-06, Accum Loss: 0.2885396033525467
Lr: 5.229386294483691e-06, Accum Loss: 0.3220917582511902
Lr: 5.229033729580806e-06, Accum Loss: 0.3195221871137619
Lr: 5.228681422823691e-06, Accum Loss: 0.37248915433883667
Lr: 5.228329374252393e-06, Accum Loss: 0.30242784321308136
Lr: 5.227977583906931e-06, Accum Loss: 0.2461995780467987
Lr: 5.227626051827294e-06, Accum Loss: 0.28589679300785065
Lr: 5.227274778053439e-06, Accum Loss: 0.3009677976369858
Lr: 5.2269237626252995e-06, Accum Loss: 0.2447611689567566
Lr: 5.226573005582773e-06, Accum Loss: 0.272685281932354
Lr: 5.226222506965735e-06, Accum Loss: 0.3066784143447876
Lr: 5.225872266814023e-06, Accum Loss: 0.29392023384571075
Lr: 5.225522285167451e-06, Accum Loss: 0.2831404507160187
Lr: 5.225172562065803e-06, Accum Loss: 0.33376748859882355
Lr: 5.224823097548833e-06, Accum Loss: 0.3028445541858673
Lr: 5.224473891656264e-06, Accum Loss: 0.2960915267467499
Lr: 5.224124944427793e-06, Accum Loss: 0.2647210657596588
Lr: 5.2237762559030835e-06, Accum Loss: 0.2914654463529587
Lr: 5.2234278261217735e-06, Accum Loss: 0.266457736492157
Lr: 5.223079655123467e-06, Accum Loss: 0.24295852333307266
Lr: 5.222731742947745e-06, Accum Loss: 0.3651455342769623
Lr: 5.222384089634154e-06, Accum Loss: 0.37745848298072815
Lr: 5.222036695222211e-06, Accum Loss: 0.3062731623649597
Lr: 5.2216895597514066e-06, Accum Loss: 0.33017975091934204
Lr: 5.221342683261201e-06, Accum Loss: 0.2768123894929886
Lr: 5.220996065791022e-06, Accum Loss: 0.30824875831604004
Lr: 5.220649707380274e-06, Accum Loss: 0.28882287442684174
Lr: 5.220303608068325e-06, Accum Loss: 0.3392762690782547
Lr: 5.219957767894518e-06, Accum Loss: 0.27309370040893555
Lr: 5.2196121868981665e-06, Accum Loss: 0.30783428251743317
Lr: 5.219266865118553e-06, Accum Loss: 0.29767827689647675
Lr: 5.218921802594929e-06, Accum Loss: 0.2528928220272064
Lr: 5.218576999366522e-06, Accum Loss: 0.34984782338142395
Lr: 5.218232455472523e-06, Accum Loss: 0.24943523108959198
Lr: 5.217888170952099e-06, Accum Loss: 0.37249258160591125
Lr: 5.217544145844386e-06, Accum Loss: 0.3135850876569748
Lr: 5.217200380188489e-06, Accum Loss: 0.2503543198108673
Lr: 5.216856874023486e-06, Accum Loss: 0.3092701733112335
Lr: 5.216513627388421e-06, Accum Loss: 0.3609773963689804
Lr: 5.216170640322315e-06, Accum Loss: 0.3025400936603546
Lr: 5.215827912864155e-06, Accum Loss: 0.2894079387187958
Lr: 5.215485445052899e-06, Accum Loss: 0.4040408134460449
Lr: 5.2151432369274765e-06, Accum Loss: 0.2665112763643265
Lr: 5.214801288526787e-06, Accum Loss: 0.3412328511476517
Lr: 5.2144595998897e-06, Accum Loss: 0.2572186589241028
Lr: 5.214118171055058e-06, Accum Loss: 0.32669639587402344
Lr: 5.213777002061668e-06, Accum Loss: 0.2631642073392868
Lr: 5.213436092948316e-06, Accum Loss: 0.30749717354774475
Lr: 5.213095443753752e-06, Accum Loss: 0.33203016221523285
Lr: 5.212755054516698e-06, Accum Loss: 0.22985850274562836
Lr: 5.2124149252758465e-06, Accum Loss: 0.3401377648115158
Lr: 5.212075056069862e-06, Accum Loss: 0.33074188232421875
Lr: 5.211735446937376e-06, Accum Loss: 0.29222603142261505
Lr: 5.211396097916996e-06, Accum Loss: 0.29092417657375336
Lr: 5.211057009047293e-06, Accum Loss: 0.31163372099399567
Lr: 5.210718180366815e-06, Accum Loss: 0.26644740998744965
Lr: 5.210379611914075e-06, Accum Loss: 0.3178545981645584
Lr: 5.2100413037275595e-06, Accum Loss: 0.3153771013021469
Lr: 5.209703255845725e-06, Accum Loss: 0.317274734377861
Lr: 5.209365468307e-06, Accum Loss: 0.39676831662654877
Lr: 5.209027941149778e-06, Accum Loss: 0.2730441689491272
Lr: 5.20869067441243e-06, Accum Loss: 0.33875876665115356
Lr: 5.208353668133291e-06, Accum Loss: 0.32328297197818756
Lr: 5.20801692235067e-06, Accum Loss: 0.3034951239824295
Lr: 5.207680437102847e-06, Accum Loss: 0.28975939750671387
Lr: 5.207344212428069e-06, Accum Loss: 0.32648076117038727
Lr: 5.207008248364558e-06, Accum Loss: 0.2604178637266159
Lr: 5.2066725449505005e-06, Accum Loss: 0.3668503612279892
Lr: 5.2063371022240586e-06, Accum Loss: 0.264819473028183
Lr: 5.206001920223363e-06, Accum Loss: 0.33778315782546997
Lr: 5.205666998986515e-06, Accum Loss: 0.2756207287311554
Lr: 5.205332338551583e-06, Accum Loss: 0.24443930387496948
Lr: 5.204997938956612e-06, Accum Loss: 0.30716556310653687
Lr: 5.204663800239612e-06, Accum Loss: 0.33542776107788086
Lr: 5.204329922438567e-06, Accum Loss: 0.2941477596759796
Lr: 5.203996305591427e-06, Accum Loss: 0.2979157567024231
Lr: 5.203662949736117e-06, Accum Loss: 0.3405841141939163
Lr: 5.20332985491053e-06, Accum Loss: 0.2927086651325226
Lr: 5.202997021152529e-06, Accum Loss: 0.3301565945148468
Lr: 5.2026644484999485e-06, Accum Loss: 0.33689069747924805
Lr: 5.202332136990593e-06, Accum Loss: 0.256848007440567
Lr: 5.202000086662235e-06, Accum Loss: 0.33263154327869415
Lr: 5.201668297552622e-06, Accum Loss: 0.31631501019001007
Lr: 5.201336769699468e-06, Accum Loss: 0.33857080340385437
Lr: 5.201005503140459e-06, Accum Loss: 0.37031883001327515
Lr: 5.200674497913252e-06, Accum Loss: 0.2976053059101105
Lr: 5.200343754055471e-06, Accum Loss: 0.32335978746414185
Lr: 5.200013271604712e-06, Accum Loss: 0.3059886246919632
Lr: 5.199683050598543e-06, Accum Loss: 0.30824244022369385
Lr: 5.1993530910745e-06, Accum Loss: 0.3769367188215256
Lr: 5.199023393070092e-06, Accum Loss: 0.3505430966615677
Lr: 5.198693956622796e-06, Accum Loss: 0.31840647757053375
Lr: 5.198364781770058e-06, Accum Loss: 0.3453177213668823
Lr: 5.198035868549297e-06, Accum Loss: 0.2854628711938858
Lr: 5.197707216997902e-06, Accum Loss: 0.31144149601459503
Lr: 5.197378827153231e-06, Accum Loss: 0.34389089047908783
Lr: 5.197050699052613e-06, Accum Loss: 0.25744999945163727
Lr: 5.196722832733347e-06, Accum Loss: 0.28859075903892517
Lr: 5.196395228232703e-06, Accum Loss: 0.3160693645477295
Lr: 5.1960678855879175e-06, Accum Loss: 0.31869830191135406
Lr: 5.195740804836205e-06, Accum Loss: 0.2529387027025223
Lr: 5.195413986014741e-06, Accum Loss: 0.2970263510942459
Lr: 5.195087429160679e-06, Accum Loss: 0.272259458899498
Lr: 5.1947611343111385e-06, Accum Loss: 0.3019838333129883
Lr: 5.194435101503209e-06, Accum Loss: 0.276037260890007
Lr: 5.1941093307739515e-06, Accum Loss: 0.3281227946281433
Lr: 5.1937838221603985e-06, Accum Loss: 0.32815422117710114
Lr: 5.193458575699551e-06, Accum Loss: 0.34914620220661163
Lr: 5.193133591428379e-06, Accum Loss: 0.27944494783878326
Lr: 5.192808869383826e-06, Accum Loss: 0.3253108859062195
Lr: 5.192484409602803e-06, Accum Loss: 0.3547055870294571
Lr: 5.192160212122191e-06, Accum Loss: 0.25215791910886765
Lr: 5.1918362769788455e-06, Accum Loss: 0.23622232675552368
Lr: 5.191512604209585e-06, Accum Loss: 0.3322623670101166
Lr: 5.191189193851205e-06, Accum Loss: 0.3389050215482712
Lr: 5.1908660459404676e-06, Accum Loss: 0.3114134818315506
Lr: 5.1905431605141045e-06, Accum Loss: 0.3324514925479889
Lr: 5.19022053760882e-06, Accum Loss: 0.31874166429042816
Lr: 5.1898981772612865e-06, Accum Loss: 0.2551019489765167
Lr: 5.189576079508148e-06, Accum Loss: 0.28054387867450714
Lr: 5.189254244386018e-06, Accum Loss: 0.3315329998731613
Lr: 5.1889326719314805e-06, Accum Loss: 0.3577016144990921
Lr: 5.188611362181089e-06, Accum Loss: 0.3607631176710129
Lr: 5.188290315171368e-06, Accum Loss: 0.2256639450788498
Lr: 5.18796953093881e-06, Accum Loss: 0.3328525125980377
Lr: 5.187649009519881e-06, Accum Loss: 0.33608756959438324
Lr: 5.187328750951015e-06, Accum Loss: 0.2929607778787613
Lr: 5.187008755268616e-06, Accum Loss: 0.31410352885723114
Lr: 5.18668902250906e-06, Accum Loss: 0.3065624088048935
Lr: 5.186369552708689e-06, Accum Loss: 0.309296652674675
Lr: 5.1860503459038205e-06, Accum Loss: 0.30392198264598846
Lr: 5.185731402130739e-06, Accum Loss: 0.34174785017967224
Lr: 5.185412721425697e-06, Accum Loss: 0.33351491391658783
Lr: 5.185094303824924e-06, Accum Loss: 0.3309219777584076
Lr: 5.184776149364611e-06, Accum Loss: 0.34111209213733673
Lr: 5.1844582580809264e-06, Accum Loss: 0.28657856583595276
Lr: 5.184140630010004e-06, Accum Loss: 0.30498842895030975
Lr: 5.183823265187949e-06, Accum Loss: 0.29328277707099915
Lr: 5.183506163650838e-06, Accum Loss: 0.26370446383953094
Lr: 5.183189325434717e-06, Accum Loss: 0.3270595222711563
Lr: 5.182872750575601e-06, Accum Loss: 0.37505781650543213
Lr: 5.182556439109475e-06, Accum Loss: 0.3194921016693115
Lr: 5.182240391072295e-06, Accum Loss: 0.39226849377155304
Lr: 5.181924606499988e-06, Accum Loss: 0.30581606924533844
Lr: 5.181609085428451e-06, Accum Loss: 0.33169402182102203
Lr: 5.181293827893546e-06, Accum Loss: 0.32510872185230255
Lr: 5.180978833931113e-06, Accum Loss: 0.3272576481103897
Lr: 5.180664103576955e-06, Accum Loss: 0.27476365864276886
Lr: 5.18034963686685e-06, Accum Loss: 0.3418363481760025
Lr: 5.180035433836545e-06, Accum Loss: 0.2994566410779953
Lr: 5.179721494521754e-06, Accum Loss: 0.3240627348423004
Lr: 5.179407818958163e-06, Accum Loss: 0.30677370727062225
Lr: 5.179094407181431e-06, Accum Loss: 0.2612401247024536
Lr: 5.178781259227181e-06, Accum Loss: 0.30219006538391113
Lr: 5.178468375131011e-06, Accum Loss: 0.32689493894577026
Lr: 5.178155754928487e-06, Accum Loss: 0.2530408203601837
Lr: 5.177843398655145e-06, Accum Loss: 0.30495113134384155
Lr: 5.177531306346491e-06, Accum Loss: 0.3272274136543274
Lr: 5.177219478038002e-06, Accum Loss: 0.24349532276391983
Lr: 5.176907913765124e-06, Accum Loss: 0.3095124661922455
Lr: 5.176596613563273e-06, Accum Loss: 0.28741832822561264
Lr: 5.1762855774678345e-06, Accum Loss: 0.33960074186325073
Lr: 5.175974805514166e-06, Accum Loss: 0.3207233250141144
Lr: 5.175664297737592e-06, Accum Loss: 0.26191459596157074
Lr: 5.1753540541734105e-06, Accum Loss: 0.3264148086309433
Lr: 5.1750440748568865e-06, Accum Loss: 0.3579748570919037
Lr: 5.1747343598232555e-06, Accum Loss: 0.2572750151157379
Lr: 5.174424909107724e-06, Accum Loss: 0.3044506460428238
Lr: 5.17411572274547e-06, Accum Loss: 0.2740173935890198
Lr: 5.173806800771636e-06, Accum Loss: 0.27562040090560913
Lr: 5.173498143221339e-06, Accum Loss: 0.29550451040267944
Lr: 5.173189750129666e-06, Accum Loss: 0.2983422130346298
Lr: 5.172881621531672e-06, Accum Loss: 0.3287815600633621
Lr: 5.1725737574623815e-06, Accum Loss: 0.3230166882276535
Lr: 5.172266157956792e-06, Accum Loss: 0.25905025005340576
Lr: 5.171958823049867e-06, Accum Loss: 0.3976137191057205
Lr: 5.171651752776545e-06, Accum Loss: 0.2817741334438324
Lr: 5.171344947171728e-06, Accum Loss: 0.33440372347831726
Lr: 5.171038406270293e-06, Accum Loss: 0.3182876408100128
Lr: 5.170732130107085e-06, Accum Loss: 0.30473729968070984
Lr: 5.170426118716919e-06, Accum Loss: 0.32346054911613464
Lr: 5.17012037213458e-06, Accum Loss: 0.26777757704257965
Lr: 5.169814890394823e-06, Accum Loss: 0.26410651206970215
Lr: 5.169509673532373e-06, Accum Loss: 0.2963443845510483
Lr: 5.1692047215819236e-06, Accum Loss: 0.33506011962890625
Lr: 5.16890003457814e-06, Accum Loss: 0.32398566603660583
Lr: 5.1685956125556575e-06, Accum Loss: 0.2645729184150696
Lr: 5.168291455549079e-06, Accum Loss: 0.22517706453800201
Lr: 5.167987563592979e-06, Accum Loss: 0.3250343054533005
Lr: 5.167683936721903e-06, Accum Loss: 0.257956326007843
Lr: 5.167380574970363e-06, Accum Loss: 0.38417747616767883
Lr: 5.167077478372845e-06, Accum Loss: 0.2845650464296341
Lr: 5.166774646963801e-06, Accum Loss: 0.3628811091184616
Lr: 5.166472080777654e-06, Accum Loss: 0.25886009633541107
Lr: 5.166169779848798e-06, Accum Loss: 0.2666342854499817
Lr: 5.165867744211597e-06, Accum Loss: 0.3537553697824478
Lr: 5.1655659739003844e-06, Accum Loss: 0.2722196877002716
Lr: 5.165264468949461e-06, Accum Loss: 0.25721652805805206
Lr: 5.164963229393101e-06, Accum Loss: 0.3327700048685074
Lr: 5.164662255265547e-06, Accum Loss: 0.36776813864707947
Lr: 5.164361546601011e-06, Accum Loss: 0.2499755471944809
Lr: 5.164061103433675e-06, Accum Loss: 0.2979748547077179
Lr: 5.163760925797692e-06, Accum Loss: 0.27200768887996674
Lr: 5.1634610137271826e-06, Accum Loss: 0.3193763494491577
Lr: 5.1631613672562394e-06, Accum Loss: 0.2794911414384842
Lr: 5.162861986418924e-06, Accum Loss: 0.28476858139038086
Lr: 5.1625628712492666e-06, Accum Loss: 0.2196563482284546
Lr: 5.162264021781269e-06, Accum Loss: 0.3097378611564636
Lr: 5.161965438048903e-06, Accum Loss: 0.32885006070137024
Lr: 5.161667120086107e-06, Accum Loss: 0.27890101075172424
Lr: 5.161369067926793e-06, Accum Loss: 0.3110119551420212
Lr: 5.161071281604842e-06, Accum Loss: 0.37151485681533813
Lr: 5.160773761154101e-06, Accum Loss: 0.29338331520557404
Lr: 5.160476506608394e-06, Accum Loss: 0.29126016795635223
Lr: 5.1601795180015075e-06, Accum Loss: 0.346825048327446
Lr: 5.159882795367202e-06, Accum Loss: 0.24297364056110382
Lr: 5.159586338739206e-06, Accum Loss: 0.2896353751420975
Lr: 5.15929014815122e-06, Accum Loss: 0.3146149069070816
Lr: 5.15899422363691e-06, Accum Loss: 0.3133792281150818
Lr: 5.158698565229917e-06, Accum Loss: 0.3030328303575516
Lr: 5.158403172963847e-06, Accum Loss: 0.32243749499320984
Lr: 5.15810804687228e-06, Accum Loss: 0.33877740800380707
Lr: 5.157813186988761e-06, Accum Loss: 0.29626767337322235
Lr: 5.15751859334681e-06, Accum Loss: 0.2952987998723984
Lr: 5.157224265979913e-06, Accum Loss: 0.33301113545894623
Lr: 5.156930204921526e-06, Accum Loss: 0.3099167048931122
Lr: 5.156636410205077e-06, Accum Loss: 0.3855516314506531
Lr: 5.156342881863962e-06, Accum Loss: 0.2601773291826248
Lr: 5.1560496199315465e-06, Accum Loss: 0.2916220873594284
Lr: 5.155756624441166e-06, Accum Loss: 0.27368754148483276
Lr: 5.155463895426127e-06, Accum Loss: 0.3027719706296921
Lr: 5.155171432919703e-06, Accum Loss: 0.358624666929245
Lr: 5.1548792369551415e-06, Accum Loss: 0.288569837808609
Lr: 5.154587307565655e-06, Accum Loss: 0.34789758920669556
Lr: 5.1542956447844285e-06, Accum Loss: 0.3241795599460602
Lr: 5.154004248644614e-06, Accum Loss: 0.3138972371816635
Lr: 5.153713119179338e-06, Accum Loss: 0.3541473299264908
Lr: 5.153422256421693e-06, Accum Loss: 0.25447535514831543
Lr: 5.153131660404742e-06, Accum Loss: 0.3054593652486801
Lr: 5.152841331161517e-06, Accum Loss: 0.2266767919063568
Lr: 5.152551268725021e-06, Accum Loss: 0.2626633122563362
Lr: 5.152261473128224e-06, Accum Loss: 0.29659344255924225
Lr: 5.151971944404072e-06, Accum Loss: 0.35420356690883636
Lr: 5.1516826825854715e-06, Accum Loss: 0.33333635330200195
Lr: 5.151393687705307e-06, Accum Loss: 0.2312474623322487
Lr: 5.151104959796429e-06, Accum Loss: 0.29935865104198456
Lr: 5.1508164988916566e-06, Accum Loss: 0.3697553426027298
Lr: 5.150528305023779e-06, Accum Loss: 0.29177866876125336
Lr: 5.150240378225558e-06, Accum Loss: 0.29022105038166046
Lr: 5.149952718529721e-06, Accum Loss: 0.27719423174858093
Lr: 5.149665325968969e-06, Accum Loss: 0.3048567920923233
Lr: 5.149378200575969e-06, Accum Loss: 0.29742133617401123
Lr: 5.149091342383359e-06, Accum Loss: 0.3939853310585022
Lr: 5.148804751423747e-06, Accum Loss: 0.34263142943382263
Lr: 5.148518427729711e-06, Accum Loss: 0.30057936906814575
Lr: 5.148232371333798e-06, Accum Loss: 0.30776721239089966
Lr: 5.147946582268525e-06, Accum Loss: 0.3322233408689499
Lr: 5.1476610605663775e-06, Accum Loss: 0.2790442407131195
Lr: 5.147375806259811e-06, Accum Loss: 0.3130952715873718
Lr: 5.147090819381251e-06, Accum Loss: 0.34140533208847046
Lr: 5.146806099963095e-06, Accum Loss: 0.27517908811569214
Lr: 5.1465216480377035e-06, Accum Loss: 0.30980877578258514
Lr: 5.146237463637415e-06, Accum Loss: 0.33170537650585175
Lr: 5.145953546794531e-06, Accum Loss: 0.31710387766361237
Lr: 5.145669897541326e-06, Accum Loss: 0.2826734185218811
Lr: 5.145386515910041e-06, Accum Loss: 0.2476978302001953
Lr: 5.145103401932892e-06, Accum Loss: 0.3323502540588379
Lr: 5.144820555642058e-06, Accum Loss: 0.30591748654842377
Lr: 5.144537977069693e-06, Accum Loss: 0.27995289862155914
Lr: 5.144255666247917e-06, Accum Loss: 0.2667420208454132
Lr: 5.1439736232088215e-06, Accum Loss: 0.32470886409282684
Lr: 5.143691847984466e-06, Accum Loss: 0.2872489094734192
Lr: 5.143410340606882e-06, Accum Loss: 0.2996121793985367
Lr: 5.143129101108068e-06, Accum Loss: 0.31569114327430725
Lr: 5.142848129519993e-06, Accum Loss: 0.26427529752254486
Lr: 5.1425674258745975e-06, Accum Loss: 0.28143151104450226
Lr: 5.142286990203788e-06, Accum Loss: 0.31141631305217743
Lr: 5.142006822539443e-06, Accum Loss: 0.3073331117630005
Lr: 5.141726922913408e-06, Accum Loss: 0.28037968277931213
Lr: 5.141447291357501e-06, Accum Loss: 0.34134915471076965
Lr: 5.14116792790351e-06, Accum Loss: 0.2842415124177933
Lr: 5.1408888325831885e-06, Accum Loss: 0.2944048345088959
Lr: 5.140610005428263e-06, Accum Loss: 0.2643936723470688
Lr: 5.140331446470428e-06, Accum Loss: 0.287215456366539
Lr: 5.140053155741348e-06, Accum Loss: 0.3141983449459076
Lr: 5.139775133272658e-06, Accum Loss: 0.3464067876338959
Lr: 5.139497379095959e-06, Accum Loss: 0.34772753715515137
Lr: 5.1392198932428265e-06, Accum Loss: 0.2592163681983948
Lr: 5.138942675744802e-06, Accum Loss: 0.31092940270900726
Lr: 5.138665726633397e-06, Accum Loss: 0.2949311286211014
Lr: 5.138389045940092e-06, Accum Loss: 0.2747885286808014
Lr: 5.138112633696339e-06, Accum Loss: 0.2538769543170929
Lr: 5.13783648993356e-06, Accum Loss: 0.25448736548423767
Lr: 5.1375606146831425e-06, Accum Loss: 0.2929723709821701
Lr: 5.137285007976447e-06, Accum Loss: 0.32118669152259827
Lr: 5.137009669844801e-06, Accum Loss: 0.34653083980083466
Lr: 5.136734600319505e-06, Accum Loss: 0.33115825057029724
Lr: 5.136459799431825e-06, Accum Loss: 0.3015263229608536
Lr: 5.136185267212999e-06, Accum Loss: 0.3381970375776291
Lr: 5.135911003694234e-06, Accum Loss: 0.26933567225933075
Lr: 5.135637008906705e-06, Accum Loss: 0.29311929643154144
Lr: 5.135363282881558e-06, Accum Loss: 0.31145092844963074
Lr: 5.135089825649908e-06, Accum Loss: 0.3631942421197891
Lr: 5.13481663724284e-06, Accum Loss: 0.3226534128189087
Lr: 5.134543717691408e-06, Accum Loss: 0.23329493403434753
Lr: 5.134271067026635e-06, Accum Loss: 0.27403491735458374
Lr: 5.133998685279514e-06, Accum Loss: 0.34893275797367096
Lr: 5.133726572481006e-06, Accum Loss: 0.3020879775285721
Lr: 5.133454728662045e-06, Accum Loss: 0.2591554671525955
Lr: 5.133183153853531e-06, Accum Loss: 0.3354659229516983
Lr: 5.132911848086333e-06, Accum Loss: 0.24077868461608887
Lr: 5.132640811391293e-06, Accum Loss: 0.2680620402097702
Lr: 5.13237004379922e-06, Accum Loss: 0.29938505589962006
Lr: 5.1320995453408925e-06, Accum Loss: 0.3087267726659775
Lr: 5.1318293160470575e-06, Accum Loss: 0.268573060631752
Lr: 5.131559355948434e-06, Accum Loss: 0.38163864612579346
Lr: 5.131289665075709e-06, Accum Loss: 0.2951165586709976
Lr: 5.131020243459538e-06, Accum Loss: 0.34290921688079834
Lr: 5.130751091130547e-06, Accum Loss: 0.2913469821214676
Lr: 5.130482208119332e-06, Accum Loss: 0.2584177106618881
Lr: 5.130213594456456e-06, Accum Loss: 0.2647741734981537
Lr: 5.1299452501724545e-06, Accum Loss: 0.3155442327260971
Lr: 5.12967717529783e-06, Accum Loss: 0.36154359579086304
Lr: 5.1294093698630545e-06, Accum Loss: 0.3251905143260956
Lr: 5.129141833898572e-06, Accum Loss: 0.26416827738285065
Lr: 5.128874567434791e-06, Accum Loss: 0.26220233738422394
Lr: 5.128607570502095e-06, Accum Loss: 0.24049387872219086
Lr: 5.128340843130832e-06, Accum Loss: 0.3415965139865875
Lr: 5.128074385351324e-06, Accum Loss: 0.30527955293655396
Lr: 5.127808197193857e-06, Accum Loss: 0.2491966038942337
Lr: 5.127542278688692e-06, Accum Loss: 0.3743276745080948
Lr: 5.127276629866055e-06, Accum Loss: 0.2926231920719147
Lr: 5.127011250756142e-06, Accum Loss: 0.38439594209194183
Lr: 5.126746141389121e-06, Accum Loss: 0.36116860806941986
Lr: 5.1264813017951266e-06, Accum Loss: 0.26500435173511505
Lr: 5.126216732004263e-06, Accum Loss: 0.2948538362979889
Lr: 5.125952432046607e-06, Accum Loss: 0.29662705957889557
Lr: 5.125688401952199e-06, Accum Loss: 0.320538729429245
Lr: 5.125424641751055e-06, Accum Loss: 0.2949165254831314
Lr: 5.125161151473154e-06, Accum Loss: 0.2819679528474808
Lr: 5.124897931148451e-06, Accum Loss: 0.30626896023750305
Lr: 5.1246349808068635e-06, Accum Loss: 0.3226252347230911
Lr: 5.124372300478283e-06, Accum Loss: 0.34168340265750885
Lr: 5.12410989019257e-06, Accum Loss: 0.2879970818758011
Lr: 5.123847749979552e-06, Accum Loss: 0.2665691673755646
Lr: 5.1235858798690275e-06, Accum Loss: 0.29185032844543457
Lr: 5.123324279890764e-06, Accum Loss: 0.3203613758087158
Lr: 5.123062950074498e-06, Accum Loss: 0.27135492861270905
Lr: 5.122801890449934e-06, Accum Loss: 0.3095211684703827
Lr: 5.12254110104675e-06, Accum Loss: 0.3050782084465027
Lr: 5.122280581894589e-06, Accum Loss: 0.3531908243894577
Lr: 5.122020333023064e-06, Accum Loss: 0.2619406133890152
Lr: 5.121760354461759e-06, Accum Loss: 0.33489270508289337
Lr: 5.121500646240227e-06, Accum Loss: 0.3255198150873184
Lr: 5.1212412083879874e-06, Accum Loss: 0.2326643019914627
Lr: 5.120982040934535e-06, Accum Loss: 0.34938181936740875
Lr: 5.120723143909325e-06, Accum Loss: 0.32788147032260895
Lr: 5.120464517341792e-06, Accum Loss: 0.4119742810726166
Lr: 5.1202061612613295e-06, Accum Loss: 0.3541971892118454
Lr: 5.119948075697309e-06, Accum Loss: 0.2754752188920975
Lr: 5.1196902606790664e-06, Accum Loss: 0.25896795094013214
Lr: 5.119432716235908e-06, Accum Loss: 0.2550661414861679
Lr: 5.11917544239711e-06, Accum Loss: 0.3331603854894638
Lr: 5.118918439191917e-06, Accum Loss: 0.35259203612804413
Lr: 5.1186617066495426e-06, Accum Loss: 0.29245008528232574
Lr: 5.1184052447991705e-06, Accum Loss: 0.2987457662820816
Lr: 5.118149053669953e-06, Accum Loss: 0.36042965948581696
Lr: 5.1178931332910135e-06, Accum Loss: 0.3287852853536606
Lr: 5.117637483691442e-06, Accum Loss: 0.31028665602207184
Lr: 5.117382104900298e-06, Accum Loss: 0.2995619922876358
Lr: 5.1171269969466125e-06, Accum Loss: 0.36296579241752625
Lr: 5.116872159859382e-06, Accum Loss: 0.3362327516078949
Lr: 5.116617593667576e-06, Accum Loss: 0.27747297286987305
Lr: 5.116363298400133e-06, Accum Loss: 0.3072690963745117
Lr: 5.116109274085956e-06, Accum Loss: 0.2977104187011719
Lr: 5.115855520753922e-06, Accum Loss: 0.29664406180381775
Lr: 5.115602038432876e-06, Accum Loss: 0.2511030584573746
Lr: 5.115348827151632e-06, Accum Loss: 0.3464941680431366
Lr: 5.115095886938972e-06, Accum Loss: 0.3119983822107315
Lr: 5.11484321782365e-06, Accum Loss: 0.3245449811220169
Lr: 5.114590819834387e-06, Accum Loss: 0.26026876270771027
Lr: 5.114338692999872e-06, Accum Loss: 0.3460084795951843
Lr: 5.114086837348766e-06, Accum Loss: 0.3230314701795578
Lr: 5.113835252909699e-06, Accum Loss: 0.2975241243839264
Lr: 5.113583939711267e-06, Accum Loss: 0.40717312693595886
Lr: 5.113332897782039e-06, Accum Loss: 0.2983364462852478
Lr: 5.113082127150551e-06, Accum Loss: 0.309060275554657
Lr: 5.1128316278453084e-06, Accum Loss: 0.3002898246049881
Lr: 5.112581399894787e-06, Accum Loss: 0.31580473482608795
Lr: 5.112331443327429e-06, Accum Loss: 0.26738856732845306
Lr: 5.1120817581716485e-06, Accum Loss: 0.2807152271270752
Lr: 5.111832344455829e-06, Accum Loss: 0.32029570639133453
Lr: 5.1115832022083194e-06, Accum Loss: 0.29077979922294617
Lr: 5.1113343314574425e-06, Accum Loss: 0.2592269629240036
Lr: 5.111085732231486e-06, Accum Loss: 0.2734665274620056
Lr: 5.11083740455871e-06, Accum Loss: 0.28280553221702576
Lr: 5.1105893484673425e-06, Accum Loss: 0.32752950489521027
Lr: 5.1103415639855805e-06, Accum Loss: 0.3477303236722946
Lr: 5.110094051141589e-06, Accum Loss: 0.26052430272102356
Lr: 5.109846809963506e-06, Accum Loss: 0.2984573096036911
Lr: 5.109599840479433e-06, Accum Loss: 0.2924834191799164
Lr: 5.109353142717445e-06, Accum Loss: 0.22785384953022003
Lr: 5.1091067167055845e-06, Accum Loss: 0.30614545941352844
Lr: 5.108860562471864e-06, Accum Loss: 0.296848326921463
Lr: 5.108614680044263e-06, Accum Loss: 0.35570181906223297
Lr: 5.108369069450733e-06, Accum Loss: 0.2475503832101822
Lr: 5.108123730719192e-06, Accum Loss: 0.3126489073038101
Lr: 5.107878663877528e-06, Accum Loss: 0.2281542420387268
Lr: 5.1076338689535995e-06, Accum Loss: 0.270078182220459
Lr: 5.107389345975232e-06, Accum Loss: 0.3553040772676468
Lr: 5.107145094970221e-06, Accum Loss: 0.33349305391311646
Lr: 5.106901115966331e-06, Accum Loss: 0.2883288711309433
Lr: 5.1066574089912965e-06, Accum Loss: 0.23471500724554062
Lr: 5.106413974072819e-06, Accum Loss: 0.31988024711608887
Lr: 5.106170811238571e-06, Accum Loss: 0.3232852667570114
Lr: 5.105927920516193e-06, Accum Loss: 0.28355424106121063
Lr: 5.105685301933296e-06, Accum Loss: 0.271670401096344
Lr: 5.105442955517457e-06, Accum Loss: 0.24427270889282227
Lr: 5.105200881296226e-06, Accum Loss: 0.3075738549232483
Lr: 5.1049590792971186e-06, Accum Loss: 0.2581397145986557
Lr: 5.1047175495476225e-06, Accum Loss: 0.33558447659015656
Lr: 5.104476292075192e-06, Accum Loss: 0.3278667628765106
Lr: 5.104235306907251e-06, Accum Loss: 0.30849556624889374
Lr: 5.103994594071193e-06, Accum Loss: 0.3366464525461197
Lr: 5.103754153594382e-06, Accum Loss: 0.28614023327827454
Lr: 5.103513985504147e-06, Accum Loss: 0.32813234627246857
Lr: 5.1032740898277895e-06, Accum Loss: 0.3647588640451431
Lr: 5.103034466592579e-06, Accum Loss: 0.3179737478494644
Lr: 5.102795115825754e-06, Accum Loss: 0.2791873812675476
Lr: 5.102556037554522e-06, Accum Loss: 0.29901741445064545
Lr: 5.102317231806059e-06, Accum Loss: 0.36002451181411743
Lr: 5.102078698607513e-06, Accum Loss: 0.2747437506914139
Lr: 5.101840437985994e-06, Accum Loss: 0.24969464540481567
Lr: 5.10160244996859e-06, Accum Loss: 0.390143483877182
Lr: 5.101364734582352e-06, Accum Loss: 0.3515334129333496
Lr: 5.1011272918543015e-06, Accum Loss: 0.32799047231674194
Lr: 5.100890121811429e-06, Accum Loss: 0.28343674540519714
Lr: 5.1006532244806945e-06, Accum Loss: 0.3542569428682327
Lr: 5.100416599889026e-06, Accum Loss: 0.3096581697463989
Lr: 5.100180248063323e-06, Accum Loss: 0.32558222115039825
Lr: 5.099944169030449e-06, Accum Loss: 0.31321728229522705
Lr: 5.099708362817243e-06, Accum Loss: 0.3366938829421997
Lr: 5.099472829450508e-06, Accum Loss: 0.297419935464859
Lr: 5.099237568957017e-06, Accum Loss: 0.29956404864788055
Lr: 5.099002581363512e-06, Accum Loss: 0.36059266328811646
Lr: 5.098767866696708e-06, Accum Loss: 0.29575513303279877
Lr: 5.098533424983282e-06, Accum Loss: 0.23734256625175476
Lr: 5.0982992562498855e-06, Accum Loss: 0.3210846781730652
Lr: 5.098065360523136e-06, Accum Loss: 0.2854386568069458
Lr: 5.097831737829621e-06, Accum Loss: 0.40084308385849
Lr: 5.097598388195898e-06, Accum Loss: 0.2786861062049866
Lr: 5.0973653116484915e-06, Accum Loss: 0.32118213176727295
Lr: 5.097132508213895e-06, Accum Loss: 0.30047911405563354
Lr: 5.096899977918573e-06, Accum Loss: 0.32265567779541016
Lr: 5.0966677207889575e-06, Accum Loss: 0.31734248995780945
Lr: 5.09643573685145e-06, Accum Loss: 0.24696458876132965
Lr: 5.096204026132419e-06, Accum Loss: 0.3277706801891327
Lr: 5.095972588658206e-06, Accum Loss: 0.2795417308807373
Lr: 5.095741424455117e-06, Accum Loss: 0.31077736616134644
Lr: 5.09551053354943e-06, Accum Loss: 0.32988516986370087
Lr: 5.095279915967391e-06, Accum Loss: 0.2885592579841614
Lr: 5.0950495717352134e-06, Accum Loss: 0.3371407836675644
Lr: 5.094819500879083e-06, Accum Loss: 0.31084495782852173
Lr: 5.094589703425151e-06, Accum Loss: 0.37651804089546204
Lr: 5.09436017939954e-06, Accum Loss: 0.3122803568840027
Lr: 5.0941309288283385e-06, Accum Loss: 0.2905941903591156
Lr: 5.093901951737609e-06, Accum Loss: 0.28563903272151947
Lr: 5.093673248153377e-06, Accum Loss: 0.33206698298454285
Lr: 5.093444818101641e-06, Accum Loss: 0.3382280170917511
Lr: 5.093216661608368e-06, Accum Loss: 0.2801991403102875
Lr: 5.092988778699491e-06, Accum Loss: 0.26632946729660034
Lr: 5.092761169400916e-06, Accum Loss: 0.2521711140871048
Lr: 5.092533833738514e-06, Accum Loss: 0.31307457387447357
Lr: 5.092306771738128e-06, Accum Loss: 0.29877807199954987
Lr: 5.092079983425569e-06, Accum Loss: 0.31716224551200867
Lr: 5.091853468826615e-06, Accum Loss: 0.223342165350914
Lr: 5.0916272279670154e-06, Accum Loss: 0.256764754652977
Lr: 5.091401260872487e-06, Accum Loss: 0.3409239500761032
Lr: 5.091175567568717e-06, Accum Loss: 0.3002039045095444
Lr: 5.09095014808136e-06, Accum Loss: 0.3054579943418503
Lr: 5.090725002436039e-06, Accum Loss: 0.2913081645965576
Lr: 5.090500130658348e-06, Accum Loss: 0.2768179774284363
Lr: 5.090275532773848e-06, Accum Loss: 0.27683721482753754
Lr: 5.09005120880807e-06, Accum Loss: 0.2726302891969681
Lr: 5.089827158786513e-06, Accum Loss: 0.35043540596961975
Lr: 5.089603382734645e-06, Accum Loss: 0.30962131917476654
Lr: 5.089379880677905e-06, Accum Loss: 0.33552388846874237
Lr: 5.089156652641696e-06, Accum Loss: 0.3465300053358078
Lr: 5.088933698651395e-06, Accum Loss: 0.2975308448076248
Lr: 5.088711018732345e-06, Accum Loss: 0.2970307767391205
Lr: 5.088488612909858e-06, Accum Loss: 0.3335292637348175
Lr: 5.088266481209216e-06, Accum Loss: 0.28899385035037994
Lr: 5.08804462365567e-06, Accum Loss: 0.39058227837085724
Lr: 5.0878230402744365e-06, Accum Loss: 0.3417416960000992
Lr: 5.087601731090706e-06, Accum Loss: 0.2945026755332947
Lr: 5.087380696129634e-06, Accum Loss: 0.26411665976047516
Lr: 5.0871599354163466e-06, Accum Loss: 0.3286790996789932
Lr: 5.086939448975938e-06, Accum Loss: 0.2771960198879242
Lr: 5.086719236833471e-06, Accum Loss: 0.3423939347267151
Lr: 5.086499299013977e-06, Accum Loss: 0.2878244072198868
Lr: 5.086279635542459e-06, Accum Loss: 0.3666863292455673
Lr: 5.0860602464438845e-06, Accum Loss: 0.2829527109861374
Lr: 5.0858411317431925e-06, Accum Loss: 0.3159326761960983
Lr: 5.08562229146529e-06, Accum Loss: 0.27616508305072784
Lr: 5.085403725635055e-06, Accum Loss: 0.29587601125240326
Lr: 5.08518543427733e-06, Accum Loss: 0.2933385968208313
Lr: 5.084967417416929e-06, Accum Loss: 0.34729327261447906
Lr: 5.084749675078636e-06, Accum Loss: 0.2944440394639969
Lr: 5.0845322072872e-06, Accum Loss: 0.2667577713727951
Lr: 5.0843150140673436e-06, Accum Loss: 0.312297061085701
Lr: 5.0840980954437535e-06, Accum Loss: 0.2890114188194275
Lr: 5.083881451441089e-06, Accum Loss: 0.26571279764175415
Lr: 5.083665082083975e-06, Accum Loss: 0.24122461676597595
Lr: 5.083448987397007e-06, Accum Loss: 0.34217652678489685
Lr: 5.08323316740475e-06, Accum Loss: 0.29846422374248505
Lr: 5.083017622131736e-06, Accum Loss: 0.37775371968746185
Lr: 5.082802351602466e-06, Accum Loss: 0.35021090507507324
Lr: 5.0825873558414114e-06, Accum Loss: 0.373738631606102
Lr: 5.08237263487301e-06, Accum Loss: 0.2511538118124008
Lr: 5.082158188721671e-06, Accum Loss: 0.2584236413240433
Lr: 5.081944017411769e-06, Accum Loss: 0.27097389101982117
Lr: 5.081730120967652e-06, Accum Loss: 0.3080003708600998
Lr: 5.081516499413632e-06, Accum Loss: 0.2610755115747452
Lr: 5.081303152773993e-06, Accum Loss: 0.30615366995334625
Lr: 5.081090081072985e-06, Accum Loss: 0.3959004282951355
Lr: 5.08087728433483e-06, Accum Loss: 0.32537515461444855
Lr: 5.080664762583716e-06, Accum Loss: 0.3452561944723129
Lr: 5.080452515843803e-06, Accum Loss: 0.3301561027765274
Lr: 5.080240544139215e-06, Accum Loss: 0.3051099181175232
Lr: 5.080028847494047e-06, Accum Loss: 0.2765146940946579
Lr: 5.079817425932365e-06, Accum Loss: 0.36816295981407166
Lr: 5.079606279478201e-06, Accum Loss: 0.28182630240917206
Lr: 5.079395408155556e-06, Accum Loss: 0.27760355174541473
Lr: 5.0791848119884015e-06, Accum Loss: 0.33183054625988007
Lr: 5.078974491000675e-06, Accum Loss: 0.26780274510383606
Lr: 5.078764445216285e-06, Accum Loss: 0.29515814781188965
Lr: 5.078554674659107e-06, Accum Loss: 0.2754939943552017
Lr: 5.078345179352987e-06, Accum Loss: 0.2840981036424637
Lr: 5.078135959321739e-06, Accum Loss: 0.3071686327457428
Lr: 5.077927014589144e-06, Accum Loss: 0.30007678270339966
Lr: 5.077718345178955e-06, Accum Loss: 0.27985015511512756
Lr: 5.077509951114891e-06, Accum Loss: 0.3114379346370697
Lr: 5.07730183242064e-06, Accum Loss: 0.265173077583313
Lr: 5.077093989119861e-06, Accum Loss: 0.2464480996131897
Lr: 5.0768864212361784e-06, Accum Loss: 0.3005116730928421
Lr: 5.076679128793188e-06, Accum Loss: 0.3449718654155731
Lr: 5.0764721118144516e-06, Accum Loss: 0.2623276859521866
Lr: 5.0762653703235034e-06, Accum Loss: 0.3600195646286011
Lr: 5.076058904343843e-06, Accum Loss: 0.2988308072090149
Lr: 5.07585271389894e-06, Accum Loss: 0.24550576508045197
Lr: 5.075646799012233e-06, Accum Loss: 0.2788160443305969
Lr: 5.075441159707127e-06, Accum Loss: 0.3367869108915329
Lr: 5.075235796007001e-06, Accum Loss: 0.2751939743757248
Lr: 5.075030707935196e-06, Accum Loss: 0.3101669102907181
Lr: 5.074825895515025e-06, Accum Loss: 0.30537791550159454
Lr: 5.07462135876977e-06, Accum Loss: 0.2644493132829666
Lr: 5.074417097722683e-06, Accum Loss: 0.3244759887456894
Lr: 5.0742131123969795e-06, Accum Loss: 0.30104929208755493
Lr: 5.0740094028158495e-06, Accum Loss: 0.2876352518796921
Lr: 5.073805969002449e-06, Accum Loss: 0.30621349811553955
Lr: 5.073602810979902e-06, Accum Loss: 0.3021833896636963
Lr: 5.073399928771301e-06, Accum Loss: 0.3361123949289322
Lr: 5.073197322399709e-06, Accum Loss: 0.298360213637352
Lr: 5.072994991888158e-06, Accum Loss: 0.3613905757665634
Lr: 5.072792937259645e-06, Accum Loss: 0.26177819073200226
Lr: 5.07259115853714e-06, Accum Loss: 0.3760796785354614
Lr: 5.072389655743578e-06, Accum Loss: 0.30486269295215607
Lr: 5.072188428901865e-06, Accum Loss: 0.31302331387996674
Lr: 5.071987478034875e-06, Accum Loss: 0.32780520617961884
Lr: 5.071786803165451e-06, Accum Loss: 0.43012355268001556
Lr: 5.071586404316403e-06, Accum Loss: 0.3514670729637146
Lr: 5.071386281510513e-06, Accum Loss: 0.31265726685523987
Lr: 5.071186434770526e-06, Accum Loss: 0.3408595025539398
Lr: 5.0709868641191615e-06, Accum Loss: 0.32848571240901947
Lr: 5.0707875695791045e-06, Accum Loss: 0.2766280323266983
Lr: 5.070588551173009e-06, Accum Loss: 0.2836610674858093
Lr: 5.070389808923498e-06, Accum Loss: 0.2959551066160202
Lr: 5.070191342853163e-06, Accum Loss: 0.2628360092639923
Lr: 5.069993152984565e-06, Accum Loss: 0.3142184615135193
Lr: 5.069795239340231e-06, Accum Loss: 0.30253106355667114
Lr: 5.069597601942659e-06, Accum Loss: 0.2941872924566269
Lr: 5.069400240814316e-06, Accum Loss: 0.3829677253961563
Lr: 5.069203155977634e-06, Accum Loss: 0.3248414993286133
Lr: 5.069006347455019e-06, Accum Loss: 0.3198018968105316
Lr: 5.06880981526884e-06, Accum Loss: 0.24822279810905457
Lr: 5.068613559441439e-06, Accum Loss: 0.2759518101811409
Lr: 5.068417579995125e-06, Accum Loss: 0.277434840798378
Lr: 5.068221876952174e-06, Accum Loss: 0.33321790397167206
Lr: 5.068026450334832e-06, Accum Loss: 0.2923676669597626
Lr: 5.067831300165315e-06, Accum Loss: 0.3444300889968872
Lr: 5.067636426465805e-06, Accum Loss: 0.3029025197029114
Lr: 5.067441829258455e-06, Accum Loss: 0.2840394973754883
Lr: 5.067247508565384e-06, Accum Loss: 0.3049502521753311
Lr: 5.067053464408681e-06, Accum Loss: 0.36582882702350616
Lr: 5.066859696810403e-06, Accum Loss: 0.2327890396118164
Lr: 5.066666205792578e-06, Accum Loss: 0.29568053781986237
Lr: 5.0664729913771995e-06, Accum Loss: 0.2953852266073227
Lr: 5.0662800535862294e-06, Accum Loss: 0.3525061458349228
Lr: 5.066087392441601e-06, Accum Loss: 0.3280918449163437
Lr: 5.065895007965214e-06, Accum Loss: 0.37665197253227234
Lr: 5.065702900178936e-06, Accum Loss: 0.27869848906993866
Lr: 5.065511069104606e-06, Accum Loss: 0.2759059965610504
Lr: 5.0653195147640295e-06, Accum Loss: 0.2883458137512207
Lr: 5.065128237178981e-06, Accum Loss: 0.3284994661808014
Lr: 5.064937236371202e-06, Accum Loss: 0.24405881762504578
Lr: 5.064746512362406e-06, Accum Loss: 0.31368741393089294
Lr: 5.064556065174271e-06, Accum Loss: 0.2812281847000122
Lr: 5.064365894828448e-06, Accum Loss: 0.3021112084388733
Lr: 5.064176001346552e-06, Accum Loss: 0.32156550884246826
Lr: 5.0639863847501695e-06, Accum Loss: 0.25212039053440094
Lr: 5.063797045060854e-06, Accum Loss: 0.22290672361850739
Lr: 5.06360798230013e-06, Accum Loss: 0.3269702345132828
Lr: 5.063419196489485e-06, Accum Loss: 0.3429603725671768
Lr: 5.063230687650383e-06, Accum Loss: 0.3467622697353363
Lr: 5.063042455804249e-06, Accum Loss: 0.27405349910259247
Lr: 5.062854500972483e-06, Accum Loss: 0.33181998133659363
Lr: 5.062666823176446e-06, Accum Loss: 0.3447195291519165
Lr: 5.062479422437475e-06, Accum Loss: 0.31611162424087524
Lr: 5.062292298776871e-06, Accum Loss: 0.24636733531951904
Lr: 5.0621054522159045e-06, Accum Loss: 0.28484365344047546
Lr: 5.061918882775816e-06, Accum Loss: 0.3411083221435547
Lr: 5.061732590477813e-06, Accum Loss: 0.2919629216194153
Lr: 5.06154657534307e-06, Accum Loss: 0.33582817018032074
Lr: 5.061360837392733e-06, Accum Loss: 0.33542047441005707
Lr: 5.061175376647916e-06, Accum Loss: 0.21004576981067657
Lr: 5.0609901931297e-06, Accum Loss: 0.31371907889842987
Lr: 5.060805286859135e-06, Accum Loss: 0.28408320248126984
Lr: 5.060620657857241e-06, Accum Loss: 0.2702358514070511
Lr: 5.060436306145002e-06, Accum Loss: 0.37839175760746
Lr: 5.060252231743378e-06, Accum Loss: 0.2907817214727402
Lr: 5.060068434673289e-06, Accum Loss: 0.2598586678504944
Lr: 5.05988491495563e-06, Accum Loss: 0.3141205608844757
Lr: 5.059701672611262e-06, Accum Loss: 0.28485022485256195
Lr: 5.059518707661015e-06, Accum Loss: 0.4135798215866089
Lr: 5.059336020125686e-06, Accum Loss: 0.31550972163677216
Lr: 5.05915361002604e-06, Accum Loss: 0.25580377876758575
Lr: 5.058971477382816e-06, Accum Loss: 0.30709928274154663
Lr: 5.058789622216713e-06, Accum Loss: 0.2569311112165451
Lr: 5.0586080445484065e-06, Accum Loss: 0.3393228203058243
Lr: 5.058426744398534e-06, Accum Loss: 0.2582404911518097
Lr: 5.058245721787707e-06, Accum Loss: 0.3249593675136566
Lr: 5.058064976736501e-06, Accum Loss: 0.3514183908700943
Lr: 5.057884509265462e-06, Accum Loss: 0.29092957079410553
Lr: 5.057704319395104e-06, Accum Loss: 0.30423635244369507
Lr: 5.0575244071459095e-06, Accum Loss: 0.305367574095726
Lr: 5.057344772538331e-06, Accum Loss: 0.3590475469827652
Lr: 5.057165415592786e-06, Accum Loss: 0.2762327641248703
Lr: 5.056986336329662e-06, Accum Loss: 0.31177574396133423
Lr: 5.056807534769318e-06, Accum Loss: 0.27070608735084534
Lr: 5.056629010932077e-06, Accum Loss: 0.3463768810033798
Lr: 5.056450764838232e-06, Accum Loss: 0.3360995501279831
Lr: 5.0562727965080455e-06, Accum Loss: 0.31961922347545624
Lr: 5.0560951059617476e-06, Accum Loss: 0.31036098301410675
Lr: 5.0559176932195356e-06, Accum Loss: 0.3051348328590393
Lr: 5.055740558301577e-06, Accum Loss: 0.3120405077934265
Lr: 5.055563701228008e-06, Accum Loss: 0.3173779547214508
Lr: 5.055387122018931e-06, Accum Loss: 0.2926211953163147
Lr: 5.055210820694419e-06, Accum Loss: 0.2762526795268059
Lr: 5.055034797274512e-06, Accum Loss: 0.36628615856170654
Lr: 5.054859051779219e-06, Accum Loss: 0.2754730060696602
Lr: 5.054683584228518e-06, Accum Loss: 0.36510343849658966
Lr: 5.054508394642355e-06, Accum Loss: 0.3203880190849304
Lr: 5.054333483040643e-06, Accum Loss: 0.2427394688129425
Lr: 5.054158849443266e-06, Accum Loss: 0.33684809505939484
Lr: 5.053984493870073e-06, Accum Loss: 0.29209691286087036
Lr: 5.053810416340885e-06, Accum Loss: 0.3979826271533966
Lr: 5.05363661687549e-06, Accum Loss: 0.29911839962005615
Lr: 5.053463095493643e-06, Accum Loss: 0.390831395983696
Lr: 5.053289852215069e-06, Accum Loss: 0.3372052013874054
Lr: 5.053116887059462e-06, Accum Loss: 0.3046146333217621
Lr: 5.0529442000464815e-06, Accum Loss: 0.29798999428749084
Lr: 5.052771791195759e-06, Accum Loss: 0.28801508247852325
Lr: 5.05259966052689e-06, Accum Loss: 0.314212366938591
Lr: 5.052427808059443e-06, Accum Loss: 0.29145416617393494
Lr: 5.052256233812953e-06, Accum Loss: 0.26613016426563263
Lr: 5.052084937806923e-06, Accum Loss: 0.3068864345550537
Lr: 5.051913920060824e-06, Accum Loss: 0.34226587414741516
Lr: 5.051743180594097e-06, Accum Loss: 0.2695556730031967
Lr: 5.051572719426149e-06, Accum Loss: 0.2877669483423233
Lr: 5.051402536576357e-06, Accum Loss: 0.33970165252685547
Lr: 5.051232632064067e-06, Accum Loss: 0.29659317433834076
Lr: 5.051063005908592e-06, Accum Loss: 0.34387722611427307
Lr: 5.050893658129213e-06, Accum Loss: 0.27293330430984497
Lr: 5.050724588745181e-06, Accum Loss: 0.3315487504005432
Lr: 5.0505557977757145e-06, Accum Loss: 0.33029472827911377
Lr: 5.0503872852399995e-06, Accum Loss: 0.29896439611911774
Lr: 5.050219051157192e-06, Accum Loss: 0.31918011605739594
Lr: 5.050051095546415e-06, Accum Loss: 0.30729280412197113
Lr: 5.049883418426762e-06, Accum Loss: 0.3134661018848419
Lr: 5.04971601981729e-06, Accum Loss: 0.32770848274230957
Lr: 5.049548899737031e-06, Accum Loss: 0.3074575215578079
Lr: 5.04938205820498e-06, Accum Loss: 0.28127622604370117
Lr: 5.049215495240102e-06, Accum Loss: 0.3193654865026474
Lr: 5.0490492108613316e-06, Accum Loss: 0.2924293428659439
Lr: 5.0488832050875705e-06, Accum Loss: 0.31693899631500244
Lr: 5.048717477937689e-06, Accum Loss: 0.34249797463417053
Lr: 5.0485520294305254e-06, Accum Loss: 0.23609216511249542
Lr: 5.048386859584886e-06, Accum Loss: 0.26314762234687805
Lr: 5.0482219684195476e-06, Accum Loss: 0.2723817527294159
Lr: 5.048057355953252e-06, Accum Loss: 0.27221255004405975
Lr: 5.0478930222047125e-06, Accum Loss: 0.29338134825229645
Lr: 5.047728967192609e-06, Accum Loss: 0.34505365788936615
Lr: 5.0475651909355884e-06, Accum Loss: 0.29463450610637665
Lr: 5.04740169345227e-06, Accum Loss: 0.28232766687870026
Lr: 5.047238474761237e-06, Accum Loss: 0.32204414904117584
Lr: 5.047075534881044e-06, Accum Loss: 0.35200248658657074
Lr: 5.046912873830212e-06, Accum Loss: 0.3268091678619385
Lr: 5.046750491627232e-06, Accum Loss: 0.3122054785490036
Lr: 5.04658838829056e-06, Accum Loss: 0.2560994476079941
Lr: 5.046426563838626e-06, Accum Loss: 0.2933744639158249
Lr: 5.046265018289823e-06, Accum Loss: 0.3398606926202774
Lr: 5.046103751662513e-06, Accum Loss: 0.32124054431915283
Lr: 5.04594276397503e-06, Accum Loss: 0.30062057077884674
Lr: 5.045782055245673e-06, Accum Loss: 0.30886316299438477
Lr: 5.045621625492711e-06, Accum Loss: 0.2866896837949753
Lr: 5.045461474734378e-06, Accum Loss: 0.3194234371185303
Lr: 5.04530160298888e-06, Accum Loss: 0.38650067150592804
Lr: 5.04514201027439e-06, Accum Loss: 0.26598402857780457
Lr: 5.0449826966090505e-06, Accum Loss: 0.27074186503887177
Lr: 5.044823662010968e-06, Accum Loss: 0.2892792969942093
Lr: 5.044664906498224e-06, Accum Loss: 0.34736062586307526
Lr: 5.044506430088862e-06, Accum Loss: 0.30225153267383575
Lr: 5.0443482328008965e-06, Accum Loss: 0.30189304053783417
Lr: 5.044190314652311e-06, Accum Loss: 0.317129448056221
Lr: 5.044032675661056e-06, Accum Loss: 0.34040915966033936
Lr: 5.043875315845052e-06, Accum Loss: 0.31472040712833405
Lr: 5.043718235222185e-06, Accum Loss: 0.3379879891872406
Lr: 5.0435614338103095e-06, Accum Loss: 0.32920216023921967
Lr: 5.043404911627252e-06, Accum Loss: 0.27543413639068604
Lr: 5.043248668690804e-06, Accum Loss: 0.315290704369545
Lr: 5.043092705018725e-06, Accum Loss: 0.3247186988592148
Lr: 5.042937020628745e-06, Accum Loss: 0.28946754336357117
Lr: 5.04278161553856e-06, Accum Loss: 0.3046165406703949
Lr: 5.042626489765835e-06, Accum Loss: 0.31056156754493713
Lr: 5.042471643328205e-06, Accum Loss: 0.27271756529808044
Lr: 5.04231707624327e-06, Accum Loss: 0.3264029324054718
Lr: 5.042162788528601e-06, Accum Loss: 0.2581486701965332
Lr: 5.042008780201736e-06, Accum Loss: 0.29425355792045593
Lr: 5.041855051280183e-06, Accum Loss: 0.31065016984939575
Lr: 5.041701601781413e-06, Accum Loss: 0.2945493757724762
Lr: 5.041548431722872e-06, Accum Loss: 0.2669009864330292
Lr: 5.0413955411219706e-06, Accum Loss: 0.2787182927131653
Lr: 5.041242929996088e-06, Accum Loss: 0.31188690662384033
Lr: 5.0410905983625715e-06, Accum Loss: 0.22829939424991608
Lr: 5.040938546238738e-06, Accum Loss: 0.2104419767856598
Lr: 5.04078677364187e-06, Accum Loss: 0.28442618250846863
Lr: 5.040635280589221e-06, Accum Loss: 0.3195292800664902
Lr: 5.040484067098011e-06, Accum Loss: 0.33795060217380524
Lr: 5.0403331331854296e-06, Accum Loss: 0.2694464772939682
Lr: 5.040182478868633e-06, Accum Loss: 0.28155551850795746
Lr: 5.040032104164747e-06, Accum Loss: 0.28040066361427307
Lr: 5.039882009090864e-06, Accum Loss: 0.29778026044368744
Lr: 5.0397321936640455e-06, Accum Loss: 0.22528303414583206
Lr: 5.039582657901324e-06, Accum Loss: 0.2670193910598755
Lr: 5.039433401819694e-06, Accum Loss: 0.3001997023820877
Lr: 5.0392844254361245e-06, Accum Loss: 0.37513576447963715
Lr: 5.039135728767549e-06, Accum Loss: 0.29757970571517944
Lr: 5.03898731183087e-06, Accum Loss: 0.2841639965772629
Lr: 5.038839174642958e-06, Accum Loss: 0.3093734681606293
Lr: 5.038691317220653e-06, Accum Loss: 0.2708912342786789
Lr: 5.038543739580762e-06, Accum Loss: 0.30820855498313904
Lr: 5.03839644174006e-06, Accum Loss: 0.208654023706913
Lr: 5.038249423715291e-06, Accum Loss: 0.2990744560956955
Lr: 5.038102685523168e-06, Accum Loss: 0.3606255203485489
Lr: 5.0379562271803685e-06, Accum Loss: 0.3312985599040985
Lr: 5.0378100487035425e-06, Accum Loss: 0.3058541864156723
Lr: 5.037664150109306e-06, Accum Loss: 0.26673053205013275
Lr: 5.037518531414244e-06, Accum Loss: 0.318186417222023
Lr: 5.037373192634909e-06, Accum Loss: 0.3674602061510086
Lr: 5.037228133787823e-06, Accum Loss: 0.3326777368783951
Lr: 5.0370833548894735e-06, Accum Loss: 0.26040926575660706
Lr: 5.036938855956318e-06, Accum Loss: 0.4029634892940521
Lr: 5.036794637004783e-06, Accum Loss: 0.22410587966442108
Lr: 5.036650698051262e-06, Accum Loss: 0.2847311943769455
Lr: 5.036507039112116e-06, Accum Loss: 0.22485442459583282
Lr: 5.0363636602036755e-06, Accum Loss: 0.2740878015756607
Lr: 5.036220561342239e-06, Accum Loss: 0.3391435742378235
Lr: 5.036077742544073e-06, Accum Loss: 0.38464587926864624
Lr: 5.035935203825411e-06, Accum Loss: 0.3112576752901077
Lr: 5.035792945202457e-06, Accum Loss: 0.29946090281009674
Lr: 5.0356509666913815e-06, Accum Loss: 0.3570261746644974
Lr: 5.035509268308323e-06, Accum Loss: 0.2859656512737274
Lr: 5.035367850069389e-06, Accum Loss: 0.27188484370708466
Lr: 5.035226711990655e-06, Accum Loss: 0.29737067222595215
Lr: 5.0350858540881634e-06, Accum Loss: 0.36364658176898956
Lr: 5.034945276377927e-06, Accum Loss: 0.3412042260169983
Lr: 5.034804978875926e-06, Accum Loss: 0.30641306936740875
Lr: 5.034664961598107e-06, Accum Loss: 0.3200715631246567
Lr: 5.034525224560386e-06, Accum Loss: 0.31647516787052155
Lr: 5.034385767778648e-06, Accum Loss: 0.3320872336626053
Lr: 5.034246591268746e-06, Accum Loss: 0.3467445969581604
Lr: 5.034107695046499e-06, Accum Loss: 0.3315781056880951
Lr: 5.033969079127697e-06, Accum Loss: 0.30388863384723663
Lr: 5.033830743528096e-06, Accum Loss: 0.3434738963842392
Lr: 5.033692688263421e-06, Accum Loss: 0.26879748702049255
Lr: 5.033554913349365e-06, Accum Loss: 0.3058808147907257
Lr: 5.033417418801589e-06, Accum Loss: 0.3578025996685028
Lr: 5.033280204635723e-06, Accum Loss: 0.265534371137619
Lr: 5.033143270867364e-06, Accum Loss: 0.3213322013616562
Lr: 5.033006617512078e-06, Accum Loss: 0.2582584172487259
Lr: 5.032870244585398e-06, Accum Loss: 0.395191490650177
Lr: 5.032734152102826e-06, Accum Loss: 0.3172122687101364
Lr: 5.032598340079832e-06, Accum Loss: 0.26808109879493713
Lr: 5.032462808531854e-06, Accum Loss: 0.2940038740634918
Lr: 5.032327557474299e-06, Accum Loss: 0.2792731076478958
Lr: 5.032192586922539e-06, Accum Loss: 0.27397680282592773
Lr: 5.032057896891919e-06, Accum Loss: 0.28379443287849426
Lr: 5.031923487397749e-06, Accum Loss: 0.28760723769664764
Lr: 5.031789358455306e-06, Accum Loss: 0.2690923660993576
Lr: 5.031655510079838e-06, Accum Loss: 0.3728457987308502
Lr: 5.031521942286561e-06, Accum Loss: 0.3239239454269409
Lr: 5.031388655090655e-06, Accum Loss: 0.34795157611370087
Lr: 5.031255648507273e-06, Accum Loss: 0.3192421793937683
Lr: 5.031122922551534e-06, Accum Loss: 0.342040553689003
Lr: 5.030990477238525e-06, Accum Loss: 0.320725679397583
Lr: 5.0308583125833016e-06, Accum Loss: 0.28716251254081726
Lr: 5.030726428600887e-06, Accum Loss: 0.29553931951522827
Lr: 5.0305948253062735e-06, Accum Loss: 0.2930644601583481
Lr: 5.030463502714419e-06, Accum Loss: 0.2966284453868866
Lr: 5.030332460840253e-06, Accum Loss: 0.2845284640789032
Lr: 5.03020169969867e-06, Accum Loss: 0.2786814719438553
Lr: 5.030071219304536e-06, Accum Loss: 0.30737148225307465
Lr: 5.029941019672679e-06, Accum Loss: 0.3376704752445221
Lr: 5.029811100817904e-06, Accum Loss: 0.2776797115802765
Lr: 5.029681462754976e-06, Accum Loss: 0.34771890938282013
Lr: 5.029552105498631e-06, Accum Loss: 0.27031344175338745
Lr: 5.029423029063575e-06, Accum Loss: 0.33471766114234924
Lr: 5.02929423346448e-06, Accum Loss: 0.2664751559495926
Lr: 5.0291657187159855e-06, Accum Loss: 0.3719954192638397
Lr: 5.029037484832702e-06, Accum Loss: 0.30635327100753784
Lr: 5.028909531829204e-06, Accum Loss: 0.2877971827983856
Lr: 5.028781859720038e-06, Accum Loss: 0.36137914657592773
Lr: 5.028654468519715e-06, Accum Loss: 0.33576643466949463
Lr: 5.028527358242717e-06, Accum Loss: 0.36377590894699097
Lr: 5.028400528903492e-06, Accum Loss: 0.30973124504089355
Lr: 5.028273980516458e-06, Accum Loss: 0.3101036697626114
Lr: 5.028147713096e-06, Accum Loss: 0.24922776222229004
Lr: 5.028021726656471e-06, Accum Loss: 0.2588499188423157
Lr: 5.027896021212191e-06, Accum Loss: 0.3106969743967056
Lr: 5.02777059677745e-06, Accum Loss: 0.2739441394805908
Lr: 5.0276454533665065e-06, Accum Loss: 0.33138465881347656
Lr: 5.027520590993583e-06, Accum Loss: 0.3206497132778168
Lr: 5.027396009672877e-06, Accum Loss: 0.3203805983066559
Lr: 5.027271709418546e-06, Accum Loss: 0.31317032873630524
Lr: 5.027147690244721e-06, Accum Loss: 0.3758391886949539
Lr: 5.027023952165499e-06, Accum Loss: 0.3769143223762512
Lr: 5.026900495194947e-06, Accum Loss: 0.3040735572576523
Lr: 5.026777319347098e-06, Accum Loss: 0.281685009598732
Lr: 5.026654424635953e-06, Accum Loss: 0.32550546526908875
Lr: 5.026531811075482e-06, Accum Loss: 0.3359849900007248
Lr: 5.026409478679623e-06, Accum Loss: 0.303367018699646
Lr: 5.0262874274622825e-06, Accum Loss: 0.387504979968071
Lr: 5.026165657437332e-06, Accum Loss: 0.2915315181016922
Lr: 5.026044168618616e-06, Accum Loss: 0.29179559648036957
Lr: 5.025922961019943e-06, Accum Loss: 0.28261859714984894
Lr: 5.025802034655091e-06, Accum Loss: 0.3325579762458801
Lr: 5.025681389537807e-06, Accum Loss: 0.27257169783115387
Lr: 5.025561025681803e-06, Accum Loss: 0.28870919346809387
Lr: 5.025440943100763e-06, Accum Loss: 0.3353825509548187
Lr: 5.025321141808336e-06, Accum Loss: 0.2645224928855896
Lr: 5.02520162181814e-06, Accum Loss: 0.30341681838035583
Lr: 5.025082383143762e-06, Accum Loss: 0.2543998807668686
Lr: 5.024963425798756e-06, Accum Loss: 0.3058743476867676
Lr: 5.024844749796643e-06, Accum Loss: 0.2905775159597397
Lr: 5.0247263551509145e-06, Accum Loss: 0.2812364995479584
Lr: 5.024608241875027e-06, Accum Loss: 0.29167304933071136
Lr: 5.0244904099824085e-06, Accum Loss: 0.24483712017536163
Lr: 5.024372859486452e-06, Accum Loss: 0.3384339362382889
Lr: 5.024255590400521e-06, Accum Loss: 0.3400559276342392
Lr: 5.024138602737944e-06, Accum Loss: 0.3624734580516815
Lr: 5.024021896512022e-06, Accum Loss: 0.2994367331266403
Lr: 5.023905471736018e-06, Accum Loss: 0.3314417451620102
Lr: 5.023789328423168e-06, Accum Loss: 0.3510715216398239
Lr: 5.023673466586674e-06, Accum Loss: 0.3239753693342209
Lr: 5.023557886239706e-06, Accum Loss: 0.32620249688625336
Lr: 5.023442587395402e-06, Accum Loss: 0.32192055881023407
Lr: 5.0233275700668695e-06, Accum Loss: 0.3014700561761856
Lr: 5.023212834267182e-06, Accum Loss: 0.28278470039367676
Lr: 5.0230983800093825e-06, Accum Loss: 0.29049545526504517
Lr: 5.022984207306479e-06, Accum Loss: 0.2537819892168045
Lr: 5.022870316171453e-06, Accum Loss: 0.2750891447067261
Lr: 5.022756706617248e-06, Accum Loss: 0.21976037323474884
Lr: 5.0226433786567805e-06, Accum Loss: 0.2739254832267761
Lr: 5.0225303323029304e-06, Accum Loss: 0.3309580683708191
Lr: 5.02241756756855e-06, Accum Loss: 0.2867613434791565
Lr: 5.022305084466456e-06, Accum Loss: 0.26013554632663727
Lr: 5.0221928830094365e-06, Accum Loss: 0.3071731775999069
Lr: 5.022080963210243e-06, Accum Loss: 0.33809614181518555
Lr: 5.0219693250816006e-06, Accum Loss: 0.3488631099462509
Lr: 5.0218579686361964e-06, Accum Loss: 0.3371059447526932
Lr: 5.021746893886691e-06, Accum Loss: 0.24143843352794647
Lr: 5.02163610084571e-06, Accum Loss: 0.22339704632759094
Lr: 5.021525589525847e-06, Accum Loss: 0.296395868062973
Lr: 5.021415359939663e-06, Accum Loss: 0.38103681802749634
Lr: 5.021305412099691e-06, Accum Loss: 0.2393033653497696
Lr: 5.021195746018426e-06, Accum Loss: 0.28373371064662933
Lr: 5.021086361708336e-06, Accum Loss: 0.30645401775836945
Lr: 5.020977259181853e-06, Accum Loss: 0.33008670806884766
Lr: 5.020868438451381e-06, Accum Loss: 0.33300352096557617
Lr: 5.0207598995292895e-06, Accum Loss: 0.3039216995239258
Lr: 5.020651642427916e-06, Accum Loss: 0.28489308059215546
Lr: 5.020543667159565e-06, Accum Loss: 0.336935818195343
Lr: 5.0204359737365114e-06, Accum Loss: 0.29132434725761414
Lr: 5.020328562170998e-06, Accum Loss: 0.32542021572589874
Lr: 5.020221432475233e-06, Accum Loss: 0.3623539060354233
Lr: 5.020114584661395e-06, Accum Loss: 0.2739851474761963
Lr: 5.020008018741629e-06, Accum Loss: 0.27673786878585815
Lr: 5.019901734728049e-06, Accum Loss: 0.2753321975469589
Lr: 5.019795732632736e-06, Accum Loss: 0.27294228971004486
Lr: 5.01969001246774e-06, Accum Loss: 0.33004626631736755
Lr: 5.019584574245078e-06, Accum Loss: 0.29894308745861053
Lr: 5.019479417976737e-06, Accum Loss: 0.2908923923969269
Lr: 5.019374543674668e-06, Accum Loss: 0.3674318343400955
Lr: 5.019269951350794e-06, Accum Loss: 0.32218037545681
Lr: 5.019165641017003e-06, Accum Loss: 0.29913315176963806
Lr: 5.019061612685152e-06, Accum Loss: 0.2991173714399338
Lr: 5.0189578663670685e-06, Accum Loss: 0.3190387785434723
Lr: 5.018854402074543e-06, Accum Loss: 0.29226669669151306
Lr: 5.018751219819338e-06, Accum Loss: 0.28711745142936707
Lr: 5.018648319613182e-06, Accum Loss: 0.27518562972545624
Lr: 5.018545701467771e-06, Accum Loss: 0.29795198142528534
Lr: 5.018443365394771e-06, Accum Loss: 0.3205498903989792
Lr: 5.018341311405815e-06, Accum Loss: 0.3051312118768692
Lr: 5.018239539512502e-06, Accum Loss: 0.33211947977542877
Lr: 5.018138049726403e-06, Accum Loss: 0.31212110817432404
Lr: 5.018036842059053e-06, Accum Loss: 0.29960089921951294
Lr: 5.017935916521957e-06, Accum Loss: 0.37565962970256805
Lr: 5.017835273126587e-06, Accum Loss: 0.26988644897937775
Lr: 5.017734911884384e-06, Accum Loss: 0.2701530158519745
Lr: 5.017634832806756e-06, Accum Loss: 0.31275154650211334
Lr: 5.017535035905078e-06, Accum Loss: 0.28028440475463867
Lr: 5.017435521190697e-06, Accum Loss: 0.3133605867624283
Lr: 5.0173362886749215e-06, Accum Loss: 0.3445521742105484
Lr: 5.017237338369034e-06, Accum Loss: 0.26195956766605377
Lr: 5.0171386702842826e-06, Accum Loss: 0.31463806331157684
Lr: 5.017040284431881e-06, Accum Loss: 0.2796489894390106
Lr: 5.016942180823015e-06, Accum Loss: 0.2799597829580307
Lr: 5.016844359468835e-06, Accum Loss: 0.28173820674419403
Lr: 5.0167468203804616e-06, Accum Loss: 0.274746909737587
Lr: 5.016649563568981e-06, Accum Loss: 0.3636695444583893
Lr: 5.0165525890454495e-06, Accum Loss: 0.41238823533058167
Lr: 5.0164558968208895e-06, Accum Loss: 0.310067355632782
Lr: 5.016359486906294e-06, Accum Loss: 0.323350265622139
Lr: 5.016263359312621e-06, Accum Loss: 0.291976734995842
Lr: 5.016167514050797e-06, Accum Loss: 0.22717858850955963
Lr: 5.016071951131717e-06, Accum Loss: 0.26456546783447266
Lr: 5.015976670566245e-06, Accum Loss: 0.34302133321762085
Lr: 5.015881672365211e-06, Accum Loss: 0.3406541794538498
Lr: 5.015786956539414e-06, Accum Loss: 0.2911965698003769
Lr: 5.015692523099621e-06, Accum Loss: 0.3701522499322891
Lr: 5.015598372056564e-06, Accum Loss: 0.25215235352516174
Lr: 5.015504503420949e-06, Accum Loss: 0.319651335477829
Lr: 5.015410917203443e-06, Accum Loss: 0.3390665650367737
Lr: 5.0153176134146865e-06, Accum Loss: 0.3143499940633774
Lr: 5.015224592065284e-06, Accum Loss: 0.33969852328300476
Lr: 5.01513185316581e-06, Accum Loss: 0.335968017578125
Lr: 5.015039396726807e-06, Accum Loss: 0.32285018265247345
Lr: 5.014947222758784e-06, Accum Loss: 0.3158722519874573
Lr: 5.0148553312722185e-06, Accum Loss: 0.2531336098909378
Lr: 5.014763722277556e-06, Accum Loss: 0.29175177216529846
Lr: 5.01467239578521e-06, Accum Loss: 0.26704853773117065
Lr: 5.014581351805562e-06, Accum Loss: 0.2806624174118042
Lr: 5.0144905903489615e-06, Accum Loss: 0.2528289705514908
Lr: 5.014400111425725e-06, Accum Loss: 0.35761043429374695
Lr: 5.014309915046138e-06, Accum Loss: 0.2946196347475052
Lr: 5.014220001220452e-06, Accum Loss: 0.3408201187849045
Lr: 5.014130369958889e-06, Accum Loss: 0.29351502656936646
Lr: 5.014041021271638e-06, Accum Loss: 0.28222115337848663
Lr: 5.0139519551688536e-06, Accum Loss: 0.3146444708108902
Lr: 5.013863171660661e-06, Accum Loss: 0.33408457040786743
Lr: 5.013774670757154e-06, Accum Loss: 0.2557936757802963
Lr: 5.01368645246839e-06, Accum Loss: 0.28401148319244385
Lr: 5.013598516804399e-06, Accum Loss: 0.35857778787612915
Lr: 5.013510863775176e-06, Accum Loss: 0.2800392806529999
Lr: 5.013423493390684e-06, Accum Loss: 0.2978731244802475
Lr: 5.0133364056608565e-06, Accum Loss: 0.2259865254163742
Lr: 5.013249600595592e-06, Accum Loss: 0.2771221250295639
Lr: 5.013163078204757e-06, Accum Loss: 0.28535810112953186
Lr: 5.013076838498188e-06, Accum Loss: 0.27724090218544006
Lr: 5.0129908814856865e-06, Accum Loss: 0.30365051329135895
Lr: 5.0129052071770255e-06, Accum Loss: 0.3348389267921448
Lr: 5.012819815581942e-06, Accum Loss: 0.28907692432403564
Lr: 5.012734706710143e-06, Accum Loss: 0.33820001780986786
Lr: 5.012649880571304e-06, Accum Loss: 0.2875777631998062
Lr: 5.0125653371750665e-06, Accum Loss: 0.2905263602733612
Lr: 5.012481076531041e-06, Accum Loss: 0.2672957330942154
Lr: 5.012397098648805e-06, Accum Loss: 0.3030579686164856
Lr: 5.012313403537906e-06, Accum Loss: 0.3035179227590561
Lr: 5.012229991207856e-06, Accum Loss: 0.35412585735321045
Lr: 5.012146861668137e-06, Accum Loss: 0.28600382804870605
Lr: 5.012064014928201e-06, Accum Loss: 0.3568149656057358
Lr: 5.011981450997462e-06, Accum Loss: 0.28099578619003296
Lr: 5.011899169885306e-06, Accum Loss: 0.3258523941040039
Lr: 5.011817171601087e-06, Accum Loss: 0.2792088985443115
Lr: 5.011735456154126e-06, Accum Loss: 0.29900820553302765
Lr: 5.011654023553711e-06, Accum Loss: 0.36827264726161957
Lr: 5.011572873809099e-06, Accum Loss: 0.31049224734306335
Lr: 5.011492006929515e-06, Accum Loss: 0.2990468293428421
Lr: 5.01141142292415e-06, Accum Loss: 0.35760393738746643
Lr: 5.011331121802166e-06, Accum Loss: 0.29895225167274475
Lr: 5.011251103572689e-06, Accum Loss: 0.3036966919898987
Lr: 5.011171368244816e-06, Accum Loss: 0.28210337460041046
Lr: 5.01109191582761e-06, Accum Loss: 0.27342839539051056
Lr: 5.011012746330104e-06, Accum Loss: 0.29329003393650055
Lr: 5.010933859761296e-06, Accum Loss: 0.2761216163635254
Lr: 5.0108552561301535e-06, Accum Loss: 0.3079349398612976
Lr: 5.0107769354456116e-06, Accum Loss: 0.36632266640663147
Lr: 5.010698897716574e-06, Accum Loss: 0.26457609236240387
Lr: 5.010621142951909e-06, Accum Loss: 0.3236190378665924
Lr: 5.010543671160458e-06, Accum Loss: 0.3357824385166168
Lr: 5.010466482351026e-06, Accum Loss: 0.3266056030988693
Lr: 5.010389576532387e-06, Accum Loss: 0.2950765937566757
Lr: 5.010312953713284e-06, Accum Loss: 0.36365659534931183
Lr: 5.010236613902426e-06, Accum Loss: 0.2960227429866791
Lr: 5.010160557108491e-06, Accum Loss: 0.29298776388168335
Lr: 5.010084783340125e-06, Accum Loss: 0.3397344946861267
Lr: 5.010009292605942e-06, Accum Loss: 0.2532832771539688
Lr: 5.009934084914521e-06, Accum Loss: 0.3123472034931183
Lr: 5.009859160274412e-06, Accum Loss: 0.35686495900154114
Lr: 5.009784518694132e-06, Accum Loss: 0.3116869479417801
Lr: 5.009710160182166e-06, Accum Loss: 0.28311771154403687
Lr: 5.0096360847469665e-06, Accum Loss: 0.28024183213710785
Lr: 5.009562292396954e-06, Accum Loss: 0.27099207043647766
Lr: 5.009488783140516e-06, Accum Loss: 0.3341345638036728
Lr: 5.009415556986007e-06, Accum Loss: 0.28583985567092896
Lr: 5.009342613941754e-06, Accum Loss: 0.26238204538822174
Lr: 5.009269954016047e-06, Accum Loss: 0.2852227985858917
Lr: 5.009197577217146e-06, Accum Loss: 0.31706102192401886
Lr: 5.009125483553276e-06, Accum Loss: 0.3431466072797775
Lr: 5.0090536730326345e-06, Accum Loss: 0.3360663950443268
Lr: 5.008982145663384e-06, Accum Loss: 0.2821624130010605
Lr: 5.008910901453654e-06, Accum Loss: 0.2502501904964447
Lr: 5.008839940411544e-06, Accum Loss: 0.31072671711444855
Lr: 5.008769262545121e-06, Accum Loss: 0.3006966561079025
Lr: 5.008698867862417e-06, Accum Loss: 0.3541080057621002
Lr: 5.008628756371435e-06, Accum Loss: 0.3158579170703888
Lr: 5.008558928080146e-06, Accum Loss: 0.2950325608253479
Lr: 5.008489382996485e-06, Accum Loss: 0.2885383814573288
Lr: 5.00842012112836e-06, Accum Loss: 0.3143474608659744
Lr: 5.0083511424836425e-06, Accum Loss: 0.2751534730195999
Lr: 5.008282447070174e-06, Accum Loss: 0.3278191089630127
Lr: 5.0082140348957615e-06, Accum Loss: 0.35594765841960907
Lr: 5.0081459059681844e-06, Accum Loss: 0.3636193424463272
Lr: 5.008078060295185e-06, Accum Loss: 0.30772125720977783
Lr: 5.008010497884477e-06, Accum Loss: 0.3156161457300186
Lr: 5.00794321874374e-06, Accum Loss: 0.28005723655223846
Lr: 5.007876222880621e-06, Accum Loss: 0.2392156720161438
Lr: 5.007809510302735e-06, Accum Loss: 0.3526352792978287
Lr: 5.007743081017667e-06, Accum Loss: 0.2839299440383911
Lr: 5.007676935032968e-06, Accum Loss: 0.3538850098848343
Lr: 5.007611072356156e-06, Accum Loss: 0.37385839223861694
Lr: 5.007545492994718e-06, Accum Loss: 0.23323526978492737
Lr: 5.007480196956109e-06, Accum Loss: 0.29203569889068604
Lr: 5.007415184247751e-06, Accum Loss: 0.3091820329427719
Lr: 5.007350454877035e-06, Accum Loss: 0.3640793263912201
Lr: 5.007286008851317e-06, Accum Loss: 0.32665687799453735
Lr: 5.007221846177924e-06, Accum Loss: 0.3650176674127579
Lr: 5.00715796686415e-06, Accum Loss: 0.2767232209444046
Lr: 5.007094370917256e-06, Accum Loss: 0.2871728986501694
Lr: 5.00703105834447e-06, Accum Loss: 0.33218421041965485
Lr: 5.00696802915299e-06, Accum Loss: 0.2678808867931366
Lr: 5.00690528334998e-06, Accum Loss: 0.32790176570415497
Lr: 5.006842820942573e-06, Accum Loss: 0.3362894356250763
Lr: 5.006780641937869e-06, Accum Loss: 0.3058907687664032
Lr: 5.006718746342936e-06, Accum Loss: 0.26821884512901306
Lr: 5.006657134164811e-06, Accum Loss: 0.3211522400379181
Lr: 5.0065958054104954e-06, Accum Loss: 0.32211868464946747
Lr: 5.0065347600869625e-06, Accum Loss: 0.33423352241516113
Lr: 5.006473998201149e-06, Accum Loss: 0.29330889880657196
Lr: 5.006413519759964e-06, Accum Loss: 0.34049956500530243
Lr: 5.006353324770283e-06, Accum Loss: 0.2818698436021805
Lr: 5.006293413238946e-06, Accum Loss: 0.3347620964050293
Lr: 5.006233785172765e-06, Accum Loss: 0.2515312135219574
Lr: 5.006174440578517e-06, Accum Loss: 0.3293716162443161
Lr: 5.006115379462949e-06, Accum Loss: 0.2750582993030548
Lr: 5.006056601832773e-06, Accum Loss: 0.27614349126815796
Lr: 5.005998107694672e-06, Accum Loss: 0.2533430904150009
Lr: 5.0059398970552935e-06, Accum Loss: 0.2373284101486206
Lr: 5.005881969921257e-06, Accum Loss: 0.3184322714805603
Lr: 5.005824326299144e-06, Accum Loss: 0.2752956748008728
Lr: 5.005766966195509e-06, Accum Loss: 0.31753702461719513
Lr: 5.005709889616873e-06, Accum Loss: 0.25851941108703613
Lr: 5.0056530965697214e-06, Accum Loss: 0.3310874253511429
Lr: 5.0055965870605124e-06, Accum Loss: 0.32331499457359314
Lr: 5.005540361095668e-06, Accum Loss: 0.3191579431295395
Lr: 5.005484418681581e-06, Accum Loss: 0.27634087204933167
Lr: 5.005428759824609e-06, Accum Loss: 0.4494112581014633
Lr: 5.005373384531079e-06, Accum Loss: 0.28748324513435364
Lr: 5.005318292807287e-06, Accum Loss: 0.3328835964202881
Lr: 5.005263484659494e-06, Accum Loss: 0.2996287941932678
Lr: 5.005208960093931e-06, Accum Loss: 0.2987026423215866
Lr: 5.005154719116796e-06, Accum Loss: 0.3169378936290741
Lr: 5.005100761734253e-06, Accum Loss: 0.3426164984703064
Lr: 5.005047087952438e-06, Accum Loss: 0.27973996102809906
Lr: 5.0049936977774516e-06, Accum Loss: 0.2849210351705551
Lr: 5.004940591215361e-06, Accum Loss: 0.353608638048172
Lr: 5.004887768272204e-06, Accum Loss: 0.31898343563079834
Lr: 5.0048352289539855e-06, Accum Loss: 0.30500754714012146
Lr: 5.004782973266678e-06, Accum Loss: 0.3330530375242233
Lr: 5.00473100121622e-06, Accum Loss: 0.36869949102401733
Lr: 5.004679312808522e-06, Accum Loss: 0.36006027460098267
Lr: 5.004627908049456e-06, Accum Loss: 0.27589748799800873
Lr: 5.004576786944868e-06, Accum Loss: 0.309576079249382
Lr: 5.004525949500568e-06, Accum Loss: 0.28471440076828003
Lr: 5.004475395722335e-06, Accum Loss: 0.29322388768196106
Lr: 5.004425125615915e-06, Accum Loss: 0.27464982867240906
Lr: 5.004375139187024e-06, Accum Loss: 0.2857334613800049
Lr: 5.0043254364413415e-06, Accum Loss: 0.36608678102493286
Lr: 5.004276017384519e-06, Accum Loss: 0.3055185377597809
Lr: 5.004226882022175e-06, Accum Loss: 0.3454417884349823
Lr: 5.004178030359893e-06, Accum Loss: 0.32749059796333313
Lr: 5.004129462403225e-06, Accum Loss: 0.29599155485630035
Lr: 5.004081178157696e-06, Accum Loss: 0.31537342071533203
Lr: 5.004033177628791e-06, Accum Loss: 0.2856582999229431
Lr: 5.003985460821968e-06, Accum Loss: 0.3186045214533806
Lr: 5.003938027742649e-06, Accum Loss: 0.2785480469465256
Lr: 5.003890878396229e-06, Accum Loss: 0.3367566466331482
Lr: 5.003844012788065e-06, Accum Loss: 0.2627824991941452
Lr: 5.003797430923486e-06, Accum Loss: 0.2620382010936737
Lr: 5.003751132807785e-06, Accum Loss: 0.3467289060354233
Lr: 5.003705118446227e-06, Accum Loss: 0.2690042555332184
Lr: 5.0036593878440414e-06, Accum Loss: 0.26953521370887756
Lr: 5.003613941006427e-06, Accum Loss: 0.3231024593114853
Lr: 5.003568777938549e-06, Accum Loss: 0.2904318869113922
Lr: 5.003523898645543e-06, Accum Loss: 0.3166930228471756
Lr: 5.003479303132509e-06, Accum Loss: 0.2934458404779434
Lr: 5.003434991404516e-06, Accum Loss: 0.3407033532857895
Lr: 5.003390963466601e-06, Accum Loss: 0.34506475925445557
Lr: 5.00334721932377e-06, Accum Loss: 0.2538670301437378
Lr: 5.003303758980995e-06, Accum Loss: 0.39870479702949524
Lr: 5.003260582443216e-06, Accum Loss: 0.2554248422384262
Lr: 5.003217689715341e-06, Accum Loss: 0.29823026061058044
Lr: 5.003175080802245e-06, Accum Loss: 0.34584224224090576
Lr: 5.003132755708773e-06, Accum Loss: 0.34584663808345795
Lr: 5.003090714439736e-06, Accum Loss: 0.2444346398115158
Lr: 5.003048956999911e-06, Accum Loss: 0.3196999430656433
Lr: 5.003007483394047e-06, Accum Loss: 0.2692546844482422
Lr: 5.002966293626857e-06, Accum Loss: 0.2676337957382202
Lr: 5.002925387703023e-06, Accum Loss: 0.2835213989019394
Lr: 5.002884765627196e-06, Accum Loss: 0.29503555595874786
Lr: 5.0028444274039925e-06, Accum Loss: 0.28392936289310455
Lr: 5.002804373037999e-06, Accum Loss: 0.3021945357322693
Lr: 5.002764602533767e-06, Accum Loss: 0.29398708045482635
Lr: 5.002725115895819e-06, Accum Loss: 0.30152609944343567
Lr: 5.002685913128642e-06, Accum Loss: 0.29734615981578827
Lr: 5.002646994236693e-06, Accum Loss: 0.28648602962493896
Lr: 5.0026083592243965e-06, Accum Loss: 0.2924438565969467
Lr: 5.002570008096144e-06, Accum Loss: 0.3419174551963806
Lr: 5.002531940856294e-06, Accum Loss: 0.3085249215364456
Lr: 5.002494157509174e-06, Accum Loss: 0.324155330657959
Lr: 5.00245665805908e-06, Accum Loss: 0.273884117603302
Lr: 5.0024194425102736e-06, Accum Loss: 0.3149278908967972
Lr: 5.002382510866985e-06, Accum Loss: 0.2954813688993454
Lr: 5.002345863133413e-06, Accum Loss: 0.3114916682243347
Lr: 5.002309499313724e-06, Accum Loss: 0.30116426944732666
Lr: 5.00227341941205e-06, Accum Loss: 0.3461180031299591
Lr: 5.002237623432493e-06, Accum Loss: 0.28070956468582153
Lr: 5.0022021113791225e-06, Accum Loss: 0.24755388498306274
Lr: 5.002166883255975e-06, Accum Loss: 0.3245435953140259
Lr: 5.002131939067054e-06, Accum Loss: 0.3071550279855728
Lr: 5.002097278816333e-06, Accum Loss: 0.2810811698436737
Lr: 5.002062902507752e-06, Accum Loss: 0.3577384352684021
Lr: 5.002028810145216e-06, Accum Loss: 0.29554682970046997
Lr: 5.0019950017326036e-06, Accum Loss: 0.31315457820892334
Lr: 5.0019614772737564e-06, Accum Loss: 0.297420859336853
Lr: 5.0019282367724854e-06, Accum Loss: 0.3162866681814194
Lr: 5.001895280232569e-06, Accum Loss: 0.3064388334751129
Lr: 5.001862607657754e-06, Accum Loss: 0.25963638722896576
Lr: 5.001830219051754e-06, Accum Loss: 0.31274330615997314
Lr: 5.00179811441825e-06, Accum Loss: 0.28422811627388
Lr: 5.001766293760893e-06, Accum Loss: 0.33903762698173523
Lr: 5.001734757083298e-06, Accum Loss: 0.3549244701862335
Lr: 5.0017035043890515e-06, Accum Loss: 0.3103865385055542
Lr: 5.0016725356817056e-06, Accum Loss: 0.25767336785793304
Lr: 5.00164185096478e-06, Accum Loss: 0.2579764276742935
Lr: 5.001611450241764e-06, Accum Loss: 0.342553973197937
Lr: 5.001581333516112e-06, Accum Loss: 0.2971768081188202
Lr: 5.001551500791248e-06, Accum Loss: 0.34008002281188965
Lr: 5.001521952070563e-06, Accum Loss: 0.33347365260124207
Lr: 5.001492687357417e-06, Accum Loss: 0.3209145814180374
Lr: 5.001463706655135e-06, Accum Loss: 0.4040984958410263
Lr: 5.001435009967011e-06, Accum Loss: 0.40329211950302124
Lr: 5.001406597296309e-06, Accum Loss: 0.32573044300079346
Lr: 5.001378468646258e-06, Accum Loss: 0.3306926041841507
Lr: 5.001350624020054e-06, Accum Loss: 0.2862527519464493
Lr: 5.001323063420864e-06, Accum Loss: 0.33092470467090607
Lr: 5.001295786851819e-06, Accum Loss: 0.2682184875011444
Lr: 5.001268794316022e-06, Accum Loss: 0.3089648187160492
Lr: 5.0012420858165395e-06, Accum Loss: 0.31381499767303467
Lr: 5.001215661356408e-06, Accum Loss: 0.39478154480457306
Lr: 5.001189520938632e-06, Accum Loss: 0.3534243404865265
Lr: 5.0011636645661805e-06, Accum Loss: 0.3954492509365082
Lr: 5.001138092241996e-06, Accum Loss: 0.3302714079618454
Lr: 5.001112803968983e-06, Accum Loss: 0.32070861756801605
Lr: 5.001087799750017e-06, Accum Loss: 0.2927861660718918
Lr: 5.001063079587939e-06, Accum Loss: 0.32199278473854065
Lr: 5.001038643485561e-06, Accum Loss: 0.24431045353412628
Lr: 5.00101449144566e-06, Accum Loss: 0.3410567343235016
Lr: 5.00099062347098e-06, Accum Loss: 0.32269997894763947
Lr: 5.000967039564237e-06, Accum Loss: 0.35103389620780945
Lr: 5.000943739728109e-06, Accum Loss: 0.2813752293586731
Lr: 5.000920723965246e-06, Accum Loss: 0.323233962059021
Lr: 5.000897992278264e-06, Accum Loss: 0.32556240260601044
Lr: 5.0008755446697465e-06, Accum Loss: 0.28191839158535004
Lr: 5.0008533811422465e-06, Accum Loss: 0.30542637407779694
Lr: 5.0008315016982815e-06, Accum Loss: 0.3532600402832031
Lr: 5.00080990634034e-06, Accum Loss: 0.3439219743013382
Lr: 5.000788595070876e-06, Accum Loss: 0.29328450560569763
Lr: 5.000767567892313e-06, Accum Loss: 0.31257474422454834
Lr: 5.00074682480704e-06, Accum Loss: 0.31379686295986176
Lr: 5.000726365817415e-06, Accum Loss: 0.2790524512529373
Lr: 5.000706190925765e-06, Accum Loss: 0.3512417823076248
Lr: 5.000686300134382e-06, Accum Loss: 0.35434022545814514
Lr: 5.000666693445527e-06, Accum Loss: 0.28046636283397675
Lr: 5.00064737086143e-06, Accum Loss: 0.24393592774868011
Lr: 5.000628332384286e-06, Accum Loss: 0.3547942638397217
Lr: 5.0006095780162595e-06, Accum Loss: 0.3241264969110489
Lr: 5.000591107759483e-06, Accum Loss: 0.3183886557817459
Lr: 5.000572921616055e-06, Accum Loss: 0.2899150997400284
Lr: 5.000555019588045e-06, Accum Loss: 0.3068976402282715
Lr: 5.000537401677484e-06, Accum Loss: 0.2925413250923157
Lr: 5.000520067886379e-06, Accum Loss: 0.38120172917842865
Lr: 5.000503018216698e-06, Accum Loss: 0.27141188085079193
Lr: 5.000486252670379e-06, Accum Loss: 0.40106962621212006
Lr: 5.000469771249329e-06, Accum Loss: 0.3295819014310837
Lr: 5.00045357395542e-06, Accum Loss: 0.2772425413131714
Lr: 5.000437660790494e-06, Accum Loss: 0.3173685371875763
Lr: 5.00042203175636e-06, Accum Loss: 0.30684372782707214
Lr: 5.000406686854794e-06, Accum Loss: 0.27020369470119476
Lr: 5.000391626087541e-06, Accum Loss: 0.31080015003681183
Lr: 5.0003768494563125e-06, Accum Loss: 0.2962341755628586
Lr: 5.000362356962789e-06, Accum Loss: 0.31835784018039703
Lr: 5.000348148608616e-06, Accum Loss: 0.31544291973114014
Lr: 5.000334224395411e-06, Accum Loss: 0.3058667629957199
Lr: 5.000320584324755e-06, Accum Loss: 0.3349929302930832
Lr: 5.000307228398199e-06, Accum Loss: 0.3923577815294266
Lr: 5.000294156617262e-06, Accum Loss: 0.28162939846515656
Lr: 5.000281368983429e-06, Accum Loss: 0.2586468607187271
Lr: 5.000268865498154e-06, Accum Loss: 0.2550629824399948
Lr: 5.000256646162858e-06, Accum Loss: 0.31036289036273956
Lr: 5.00024471097893e-06, Accum Loss: 0.2314113974571228
Lr: 5.000233059947727e-06, Accum Loss: 0.31305456161499023
Lr: 5.000221693070573e-06, Accum Loss: 0.29691149294376373
Lr: 5.000210610348761e-06, Accum Loss: 0.32497479021549225
Lr: 5.000199811783549e-06, Accum Loss: 0.28693222999572754
Lr: 5.000189297376166e-06, Accum Loss: 0.2912403792142868
Lr: 5.0001790671278075e-06, Accum Loss: 0.39242056012153625
Lr: 5.000169121039635e-06, Accum Loss: 0.28751683235168457
Lr: 5.00015945911278e-06, Accum Loss: 0.27705827355384827
Lr: 5.000150081348341e-06, Accum Loss: 0.3082764744758606
Lr: 5.000140987747383e-06, Accum Loss: 0.3158859312534332
Lr: 5.00013217831094e-06, Accum Loss: 0.28758232295513153
Lr: 5.000123653040015e-06, Accum Loss: 0.30034327507019043
Lr: 5.000115411935575e-06, Accum Loss: 0.34257692098617554
Lr: 5.000107454998557e-06, Accum Loss: 0.26731808483600616
Lr: 5.000099782229867e-06, Accum Loss: 0.2845861315727234
Lr: 5.000092393630375e-06, Accum Loss: 0.2784019559621811
Lr: 5.000085289200923e-06, Accum Loss: 0.2793176770210266
Lr: 5.000078468942317e-06, Accum Loss: 0.3386054039001465
Lr: 5.000071932855334e-06, Accum Loss: 0.288762629032135
Lr: 5.0000656809407154e-06, Accum Loss: 0.3065551370382309
Lr: 5.000059713199172e-06, Accum Loss: 0.28470034897327423
Lr: 5.000054029631383e-06, Accum Loss: 0.3171684592962265
Lr: 5.000048630237994e-06, Accum Loss: 0.3225258141756058
Lr: 5.000043515019618e-06, Accum Loss: 0.36316564679145813
Lr: 5.0000386839768384e-06, Accum Loss: 0.3199574798345566
Lr: 5.000034137110202e-06, Accum Loss: 0.31035324931144714
Lr: 5.000029874420228e-06, Accum Loss: 0.2598390281200409
Lr: 5.0000258959073984e-06, Accum Loss: 0.26339851319789886
Lr: 5.000022201572168e-06, Accum Loss: 0.2468663901090622
Lr: 5.000018791414955e-06, Accum Loss: 0.34330444037914276
Lr: 5.000015665436148e-06, Accum Loss: 0.36258605122566223
Lr: 5.0000128236361014e-06, Accum Loss: 0.3795696049928665
Lr: 5.000010266015139e-06, Accum Loss: 0.2857729494571686
Lr: 5.000007992573552e-06, Accum Loss: 0.3106667995452881
Lr: 5.0000060033115974e-06, Accum Loss: 0.39196474850177765
Lr: 5.0000042982295024e-06, Accum Loss: 0.3465941995382309
Lr: 5.00000287732746e-06, Accum Loss: 0.32429860532283783
Lr: 5.000001740605632e-06, Accum Loss: 0.3407785892486572
Lr: 5.0000008880641494e-06, Accum Loss: 0.3209816962480545
Lr: 5.000000319703106e-06, Accum Loss: 0.2900720238685608
Lr: 5.000000035522568e-06, Accum Loss: 0.2691147178411484
Epoch: 2|3: Train Loss (Epoch Mean): 0.3067364008030965
Epoch: 2|3: Val Loss: 0.31272925093071535
Saving checkpoint at epoch 2 to output/nl27k_baseline_tc/model_name_pt_llm_llm_model_name_7b_chat_llm_frozen_True_max_txt_len_0_max_new_tokens_32_gnn_model_name_gt_patience_2_num_epochs_3_seed0_checkpoint_best.pth.
Epoch 2 Val Loss 0.31272925093071535 Best Val Loss 0.31272925093071535 Best Epoch 2
path: output/nl27k_baseline_tc/model_name_pt_llm_llm_model_name_7b_chat_llm_frozen_True_max_txt_len_0_max_new_tokens_32_gnn_model_name_gt_patience_2_num_epochs_3_seed0.csv
Loading checkpoint from output/nl27k_baseline_tc/model_name_pt_llm_llm_model_name_7b_chat_llm_frozen_True_max_txt_len_0_max_new_tokens_32_gnn_model_name_gt_patience_2_num_epochs_3_seed0_checkpoint_best.pth.
prompt tuning with random sampled 50 triples
start load args ...
end load args!
start seed everything...
end seed everything!
Namespace(model_name='pt_llm', project='project_g_retriever', seed=0, dataset='nl27k_baseline_tc', lr=1e-05, wd=0.05, patience=2, batch_size=2, grad_steps=2, num_epochs=3, warmup_epochs=1, eval_batch_size=16, llm_model_name='7b_chat', llm_model_path='', llm_frozen='True', llm_num_virtual_tokens=10, output_dir='output', max_txt_len=1600, max_new_tokens=32, max_memory=['80', '80'], gnn_model_name='gt', gnn_num_layers=4, gnn_in_dim=1024, gnn_hidden_dim=1024, gnn_num_heads=4, gnn_dropout=0.0)
start load dataset...
end load dataset!
start load model...
Loading LLAMA
Freezing LLAMA!
Finish loading LLAMA!
trainable params: 40960 || all params: 6738456576 || trainable%: 0.0006078543289257816
start training...
