W&B offline. Running your script from this directory will only write metadata locally. Use wandb disabled to completely turn off W&B.
nl27k, instruction tuning with random sampled 50 triples, llm_froze=False
[2025-11-16 21:19:22,931] [INFO] [real_accelerator.py:158:get_accelerator] Setting ds_accelerator to cuda (auto detect)
[2025-11-16 21:19:25,161] [WARNING] [runner.py:203:fetch_hostfile] Unable to find hostfile, will proceed with training with local resources only.
Detected CUDA_VISIBLE_DEVICES=0,1 but ignoring it because one or several of --include/--exclude/--num_gpus/--num_nodes cl args were used. If you want to use CUDA_VISIBLE_DEVICES don't pass any of these arguments to deepspeed.
[2025-11-16 21:19:25,175] [INFO] [runner.py:570:main] cmd = /seu_share/home/qiguilin/220236147/.conda/envs/g_retriever/bin/python3.9 -u -m deepspeed.launcher.launch --world_info=eyJsb2NhbGhvc3QiOiBbMCwgMV19 --master_addr=127.0.0.1 --master_port=29501 --enable_each_rank_log=None train_ds.py --dataset nl27k_baseline_cp --model_name llm_ds --num_epochs 3 --batch_size 64 --micro_batch_size 8 --max_txt_len 1800 --llm_frozen False --deepspeed ds_config_zero2_nocpu.json
[2025-11-16 21:19:26,683] [INFO] [real_accelerator.py:158:get_accelerator] Setting ds_accelerator to cuda (auto detect)
[2025-11-16 21:19:28,021] [INFO] [launch.py:145:main] WORLD INFO DICT: {'localhost': [0, 1]}
[2025-11-16 21:19:28,021] [INFO] [launch.py:151:main] nnodes=1, num_local_procs=2, node_rank=0
[2025-11-16 21:19:28,021] [INFO] [launch.py:162:main] global_rank_mapping=defaultdict(<class 'list'>, {'localhost': [0, 1]})
[2025-11-16 21:19:28,021] [INFO] [launch.py:163:main] dist_world_size=2
[2025-11-16 21:19:28,021] [INFO] [launch.py:165:main] Setting CUDA_VISIBLE_DEVICES=0,1
start import from src/ ...
start import from src/ ...
end import from src! cost 173.5s
start load args ...
end load args! cost 0.0s
Namespace(model_name='llm_ds', project='project_g_retriever', seed=0, dataset='nl27k_baseline_cp', lr=1e-05, wd=0.05, patience=2, batch_size=64, micro_batch_size=8, grad_steps=2, num_epochs=3, warmup_epochs=1, eval_batch_size=16, llm_model_name='7b_chat', llm_model_path='', llm_frozen='False', llm_num_virtual_tokens=10, output_dir='output', max_txt_len=1800, max_new_tokens=32, max_memory=[80, 80], gnn_model_name='gt', gnn_num_layers=4, gnn_in_dim=1024, gnn_hidden_dim=1024, gnn_num_heads=4, gnn_dropout=0.0, local_rank=0, deepspeed='ds_config_zero2_nocpu.json', fp16=False)
start load model...
world_size: 2, ddp: True
device_map: {'': 0}
end import from src! cost 174.4s
start load args ...
end load args! cost 0.0s
Namespace(model_name='llm_ds', project='project_g_retriever', seed=0, dataset='nl27k_baseline_cp', lr=1e-05, wd=0.05, patience=2, batch_size=64, micro_batch_size=8, grad_steps=2, num_epochs=3, warmup_epochs=1, eval_batch_size=16, llm_model_name='7b_chat', llm_model_path='', llm_frozen='False', llm_num_virtual_tokens=10, output_dir='output', max_txt_len=1800, max_new_tokens=32, max_memory=[80, 80], gnn_model_name='gt', gnn_num_layers=4, gnn_in_dim=1024, gnn_hidden_dim=1024, gnn_num_heads=4, gnn_dropout=0.0, local_rank=1, deepspeed='ds_config_zero2_nocpu.json', fp16=False)
start load model...
world_size: 2, ddp: True
device_map: {'': 1}
Training LLAMA with LORA!
Training LLAMA with LORA!
trainable params: 4,194,304 || all params: 6,742,609,920 || trainable%: 0.06220594176090199
trainable params: 4,194,304 || all params: 6,742,609,920 || trainable%: 0.06220594176090199
init cost 334.3 s
init cost 334.4 s
end load model! cost 406.8s
sp_model trainable params: 4194304 || all params: 6742609920 || trainable%: 0.06220594176090199
start load dataset...
end load model! cost 405.9s
sp_model trainable params: 4194304 || all params: 6742609920 || trainable%: 0.06220594176090199
start load dataset...
end load dataset! cost 761.7s
start training...
output_path: output/nl27k_baseline_cp/model_name_llm_ds_llm_model_name_7b_chat_llm_frozen_False_max_txt_len_1800_max_new_tokens_32_gnn_model_name_gt_patience_2_num_epochs_3_seed0_fp16_False/
batch_size: 64, micro_batch_size: 8, grad_steps: 4, world_size: 2
end load dataset! cost 769.1s
start training...
output_path: output/nl27k_baseline_cp/model_name_llm_ds_llm_model_name_7b_chat_llm_frozen_False_max_txt_len_1800_max_new_tokens_32_gnn_model_name_gt_patience_2_num_epochs_3_seed0_fp16_False/
batch_size: 64, micro_batch_size: 8, grad_steps: 4, world_size: 2
[2025-11-16 21:42:03,962] [INFO] [real_accelerator.py:158:get_accelerator] Setting ds_accelerator to cuda (auto detect)
[2025-11-16 21:42:06,463] [INFO] [comm.py:637:init_distributed] cdb=None
[2025-11-16 21:42:06,463] [INFO] [comm.py:668:init_distributed] Initializing TorchBackend in DeepSpeed with backend nccl
[2025-11-16 21:42:11,337] [INFO] [real_accelerator.py:158:get_accelerator] Setting ds_accelerator to cuda (auto detect)
[2025-11-16 21:42:13,763] [INFO] [comm.py:637:init_distributed] cdb=None
{'loss': 1.4855, 'learning_rate': 2.863278453829635e-08, 'epoch': 0.0}
{'loss': 1.3789, 'learning_rate': 5.72655690765927e-08, 'epoch': 0.0}
{'loss': 1.4349, 'learning_rate': 8.589835361488907e-08, 'epoch': 0.01}
{'loss': 1.4299, 'learning_rate': 1.145311381531854e-07, 'epoch': 0.01}
{'loss': 1.4255, 'learning_rate': 1.4316392269148176e-07, 'epoch': 0.01}
{'loss': 1.4131, 'learning_rate': 1.7179670722977813e-07, 'epoch': 0.01}
{'loss': 1.4479, 'learning_rate': 2.0042949176807445e-07, 'epoch': 0.01}
{'loss': 1.4436, 'learning_rate': 2.290622763063708e-07, 'epoch': 0.01}
{'loss': 1.4296, 'learning_rate': 2.576950608446672e-07, 'epoch': 0.02}
{'loss': 1.5444, 'learning_rate': 2.863278453829635e-07, 'epoch': 0.02}
{'loss': 1.4498, 'learning_rate': 3.149606299212599e-07, 'epoch': 0.02}
{'loss': 1.4022, 'learning_rate': 3.4359341445955626e-07, 'epoch': 0.02}
{'loss': 1.3581, 'learning_rate': 3.7222619899785253e-07, 'epoch': 0.02}
{'loss': 1.3702, 'learning_rate': 4.008589835361489e-07, 'epoch': 0.02}
{'loss': 1.3929, 'learning_rate': 4.294917680744453e-07, 'epoch': 0.03}
{'loss': 1.4295, 'learning_rate': 4.581245526127416e-07, 'epoch': 0.03}
{'loss': 1.3556, 'learning_rate': 4.86757337151038e-07, 'epoch': 0.03}
{'loss': 1.4597, 'learning_rate': 5.153901216893344e-07, 'epoch': 0.03}
{'loss': 1.3849, 'learning_rate': 5.440229062276307e-07, 'epoch': 0.03}
{'loss': 1.4593, 'learning_rate': 5.72655690765927e-07, 'epoch': 0.03}
{'loss': 1.4219, 'learning_rate': 6.012884753042234e-07, 'epoch': 0.04}
{'loss': 1.4451, 'learning_rate': 6.299212598425198e-07, 'epoch': 0.04}
{'loss': 1.3765, 'learning_rate': 6.585540443808161e-07, 'epoch': 0.04}
{'loss': 1.4996, 'learning_rate': 6.871868289191125e-07, 'epoch': 0.04}
{'loss': 1.5015, 'learning_rate': 7.158196134574089e-07, 'epoch': 0.04}
{'loss': 1.406, 'learning_rate': 7.444523979957051e-07, 'epoch': 0.04}
{'loss': 1.3152, 'learning_rate': 7.730851825340014e-07, 'epoch': 0.05}
{'loss': 1.3414, 'learning_rate': 8.017179670722978e-07, 'epoch': 0.05}
{'loss': 1.2487, 'learning_rate': 8.303507516105942e-07, 'epoch': 0.05}
{'loss': 1.2965, 'learning_rate': 8.589835361488907e-07, 'epoch': 0.05}
{'loss': 1.3483, 'learning_rate': 8.876163206871868e-07, 'epoch': 0.05}
{'loss': 1.362, 'learning_rate': 9.162491052254832e-07, 'epoch': 0.05}
{'loss': 1.3459, 'learning_rate': 9.448818897637796e-07, 'epoch': 0.06}
{'loss': 1.2955, 'learning_rate': 9.73514674302076e-07, 'epoch': 0.06}
{'loss': 1.302, 'learning_rate': 1.0021474588403724e-06, 'epoch': 0.06}
{'loss': 1.2658, 'learning_rate': 1.0307802433786688e-06, 'epoch': 0.06}
{'loss': 1.3053, 'learning_rate': 1.059413027916965e-06, 'epoch': 0.06}
{'loss': 1.2811, 'learning_rate': 1.0880458124552613e-06, 'epoch': 0.07}
{'loss': 1.1972, 'learning_rate': 1.1166785969935577e-06, 'epoch': 0.07}
{'loss': 1.1004, 'learning_rate': 1.145311381531854e-06, 'epoch': 0.07}
{'loss': 1.2432, 'learning_rate': 1.1739441660701504e-06, 'epoch': 0.07}
{'loss': 1.168, 'learning_rate': 1.2025769506084468e-06, 'epoch': 0.07}
{'loss': 1.0965, 'learning_rate': 1.2312097351467432e-06, 'epoch': 0.07}
{'loss': 1.0273, 'learning_rate': 1.2598425196850396e-06, 'epoch': 0.08}
{'loss': 1.0857, 'learning_rate': 1.288475304223336e-06, 'epoch': 0.08}
{'loss': 1.0313, 'learning_rate': 1.3171080887616323e-06, 'epoch': 0.08}
{'loss': 1.0109, 'learning_rate': 1.3457408732999287e-06, 'epoch': 0.08}
{'loss': 1.0167, 'learning_rate': 1.374373657838225e-06, 'epoch': 0.08}
{'loss': 0.9074, 'learning_rate': 1.4030064423765214e-06, 'epoch': 0.08}
{'loss': 0.9069, 'learning_rate': 1.4316392269148178e-06, 'epoch': 0.09}
{'loss': 0.7885, 'learning_rate': 1.4602720114531137e-06, 'epoch': 0.09}
{'loss': 0.8111, 'learning_rate': 1.4889047959914101e-06, 'epoch': 0.09}
{'loss': 0.8497, 'learning_rate': 1.5175375805297065e-06, 'epoch': 0.09}
{'loss': 0.7731, 'learning_rate': 1.5461703650680029e-06, 'epoch': 0.09}
{'loss': 0.7583, 'learning_rate': 1.5748031496062992e-06, 'epoch': 0.09}
{'loss': 0.7613, 'learning_rate': 1.6034359341445956e-06, 'epoch': 0.1}
{'loss': 0.6456, 'learning_rate': 1.632068718682892e-06, 'epoch': 0.1}
{'loss': 0.6781, 'learning_rate': 1.6607015032211883e-06, 'epoch': 0.1}
{'loss': 0.6078, 'learning_rate': 1.6893342877594847e-06, 'epoch': 0.1}
{'loss': 0.6278, 'learning_rate': 1.7179670722977813e-06, 'epoch': 0.1}
{'loss': 0.6743, 'learning_rate': 1.7465998568360777e-06, 'epoch': 0.1}
{'loss': 0.5546, 'learning_rate': 1.7752326413743736e-06, 'epoch': 0.11}
{'loss': 0.6592, 'learning_rate': 1.80386542591267e-06, 'epoch': 0.11}
{'loss': 0.5428, 'learning_rate': 1.8324982104509664e-06, 'epoch': 0.11}
{'loss': 0.5676, 'learning_rate': 1.8611309949892627e-06, 'epoch': 0.11}
{'loss': 0.5505, 'learning_rate': 1.8897637795275591e-06, 'epoch': 0.11}
{'loss': 0.5623, 'learning_rate': 1.9183965640658555e-06, 'epoch': 0.12}
{'loss': 0.4725, 'learning_rate': 1.947029348604152e-06, 'epoch': 0.12}
{'loss': 0.6111, 'learning_rate': 1.9756621331424482e-06, 'epoch': 0.12}
{'loss': 0.5693, 'learning_rate': 2.004294917680745e-06, 'epoch': 0.12}
{'loss': 0.5111, 'learning_rate': 2.032927702219041e-06, 'epoch': 0.12}
{'loss': 0.6215, 'learning_rate': 2.0615604867573376e-06, 'epoch': 0.12}
{'loss': 0.5815, 'learning_rate': 2.0901932712956337e-06, 'epoch': 0.13}
{'loss': 0.5583, 'learning_rate': 2.11882605583393e-06, 'epoch': 0.13}
{'loss': 0.5289, 'learning_rate': 2.1474588403722265e-06, 'epoch': 0.13}
{'loss': 0.5171, 'learning_rate': 2.1760916249105226e-06, 'epoch': 0.13}
{'loss': 0.5651, 'learning_rate': 2.2047244094488192e-06, 'epoch': 0.13}
{'loss': 0.4845, 'learning_rate': 2.2333571939871154e-06, 'epoch': 0.13}
{'loss': 0.5218, 'learning_rate': 2.261989978525412e-06, 'epoch': 0.14}
{'loss': 0.4793, 'learning_rate': 2.290622763063708e-06, 'epoch': 0.14}
{'loss': 0.5033, 'learning_rate': 2.3192555476020047e-06, 'epoch': 0.14}
{'loss': 0.4781, 'learning_rate': 2.347888332140301e-06, 'epoch': 0.14}
{'loss': 0.468, 'learning_rate': 2.3765211166785975e-06, 'epoch': 0.14}
{'loss': 0.4754, 'learning_rate': 2.4051539012168936e-06, 'epoch': 0.14}
{'loss': 0.4607, 'learning_rate': 2.4337866857551898e-06, 'epoch': 0.15}
{'loss': 0.4183, 'learning_rate': 2.4624194702934864e-06, 'epoch': 0.15}
{'loss': 0.3713, 'learning_rate': 2.4910522548317825e-06, 'epoch': 0.15}
{'loss': 0.5014, 'learning_rate': 2.519685039370079e-06, 'epoch': 0.15}
{'loss': 0.4542, 'learning_rate': 2.5483178239083757e-06, 'epoch': 0.15}
{'loss': 0.4389, 'learning_rate': 2.576950608446672e-06, 'epoch': 0.15}
{'loss': 0.4808, 'learning_rate': 2.6055833929849676e-06, 'epoch': 0.16}
{'loss': 0.5076, 'learning_rate': 2.6342161775232646e-06, 'epoch': 0.16}
{'loss': 0.4151, 'learning_rate': 2.6628489620615603e-06, 'epoch': 0.16}
{'loss': 0.4115, 'learning_rate': 2.6914817465998573e-06, 'epoch': 0.16}
{'loss': 0.4088, 'learning_rate': 2.720114531138153e-06, 'epoch': 0.16}
{'loss': 0.4736, 'learning_rate': 2.74874731567645e-06, 'epoch': 0.16}
{'loss': 0.3988, 'learning_rate': 2.777380100214746e-06, 'epoch': 0.17}
{'loss': 0.3771, 'learning_rate': 2.806012884753043e-06, 'epoch': 0.17}
{'loss': 0.405, 'learning_rate': 2.8346456692913386e-06, 'epoch': 0.17}
{'loss': 0.3785, 'learning_rate': 2.8632784538296356e-06, 'epoch': 0.17}
{'loss': 0.3918, 'learning_rate': 2.8919112383679313e-06, 'epoch': 0.17}
{'loss': 0.4089, 'learning_rate': 2.9205440229062275e-06, 'epoch': 0.18}
{'loss': 0.4147, 'learning_rate': 2.9491768074445245e-06, 'epoch': 0.18}
{'loss': 0.3747, 'learning_rate': 2.9778095919828202e-06, 'epoch': 0.18}
{'loss': 0.4081, 'learning_rate': 3.0064423765211172e-06, 'epoch': 0.18}
{'loss': 0.3338, 'learning_rate': 3.035075161059413e-06, 'epoch': 0.18}
{'loss': 0.3422, 'learning_rate': 3.06370794559771e-06, 'epoch': 0.18}
{'loss': 0.3448, 'learning_rate': 3.0923407301360057e-06, 'epoch': 0.19}
{'loss': 0.4266, 'learning_rate': 3.1209735146743027e-06, 'epoch': 0.19}
{'loss': 0.3938, 'learning_rate': 3.1496062992125985e-06, 'epoch': 0.19}
{'loss': 0.3599, 'learning_rate': 3.1782390837508955e-06, 'epoch': 0.19}
{'loss': 0.3677, 'learning_rate': 3.206871868289191e-06, 'epoch': 0.19}
{'loss': 0.3463, 'learning_rate': 3.2355046528274874e-06, 'epoch': 0.19}
{'loss': 0.3732, 'learning_rate': 3.264137437365784e-06, 'epoch': 0.2}
{'loss': 0.3018, 'learning_rate': 3.29277022190408e-06, 'epoch': 0.2}
{'loss': 0.3833, 'learning_rate': 3.3214030064423767e-06, 'epoch': 0.2}
{'loss': 0.3668, 'learning_rate': 3.350035790980673e-06, 'epoch': 0.2}
{'loss': 0.3608, 'learning_rate': 3.3786685755189694e-06, 'epoch': 0.2}
{'loss': 0.3279, 'learning_rate': 3.4073013600572656e-06, 'epoch': 0.2}
{'loss': 0.3591, 'learning_rate': 3.4359341445955626e-06, 'epoch': 0.21}
{'loss': 0.379, 'learning_rate': 3.4645669291338583e-06, 'epoch': 0.21}
{'loss': 0.3429, 'learning_rate': 3.4931997136721554e-06, 'epoch': 0.21}
{'loss': 0.3586, 'learning_rate': 3.521832498210451e-06, 'epoch': 0.21}
{'loss': 0.3533, 'learning_rate': 3.5504652827487473e-06, 'epoch': 0.21}
{'loss': 0.3156, 'learning_rate': 3.579098067287044e-06, 'epoch': 0.21}
{'loss': 0.3574, 'learning_rate': 3.60773085182534e-06, 'epoch': 0.22}
{'loss': 0.3187, 'learning_rate': 3.6363636363636366e-06, 'epoch': 0.22}
{'loss': 0.2959, 'learning_rate': 3.6649964209019327e-06, 'epoch': 0.22}
{'loss': 0.3503, 'learning_rate': 3.6936292054402293e-06, 'epoch': 0.22}
{'loss': 0.3013, 'learning_rate': 3.7222619899785255e-06, 'epoch': 0.22}
{'loss': 0.331, 'learning_rate': 3.750894774516822e-06, 'epoch': 0.23}
{'loss': 0.3476, 'learning_rate': 3.7795275590551182e-06, 'epoch': 0.23}
{'loss': 0.2986, 'learning_rate': 3.808160343593415e-06, 'epoch': 0.23}
{'loss': 0.3473, 'learning_rate': 3.836793128131711e-06, 'epoch': 0.23}
{'loss': 0.2996, 'learning_rate': 3.8654259126700076e-06, 'epoch': 0.23}
{'loss': 0.3235, 'learning_rate': 3.894058697208304e-06, 'epoch': 0.23}
{'loss': 0.3394, 'learning_rate': 3.9226914817466e-06, 'epoch': 0.24}
{'loss': 0.2977, 'learning_rate': 3.9513242662848965e-06, 'epoch': 0.24}
{'loss': 0.3233, 'learning_rate': 3.979957050823193e-06, 'epoch': 0.24}
{'loss': 0.2997, 'learning_rate': 4.00858983536149e-06, 'epoch': 0.24}
{'loss': 0.3074, 'learning_rate': 4.037222619899785e-06, 'epoch': 0.24}
{'loss': 0.3211, 'learning_rate': 4.065855404438082e-06, 'epoch': 0.24}
{'loss': 0.3097, 'learning_rate': 4.0944881889763785e-06, 'epoch': 0.25}
{'loss': 0.3311, 'learning_rate': 4.123120973514675e-06, 'epoch': 0.25}
{'loss': 0.252, 'learning_rate': 4.151753758052971e-06, 'epoch': 0.25}
{'loss': 0.2952, 'learning_rate': 4.1803865425912675e-06, 'epoch': 0.25}
{'loss': 0.3358, 'learning_rate': 4.209019327129564e-06, 'epoch': 0.25}
{'loss': 0.3234, 'learning_rate': 4.23765211166786e-06, 'epoch': 0.25}
{'loss': 0.2882, 'learning_rate': 4.266284896206156e-06, 'epoch': 0.26}
{'loss': 0.3163, 'learning_rate': 4.294917680744453e-06, 'epoch': 0.26}
{'loss': 0.3077, 'learning_rate': 4.3235504652827495e-06, 'epoch': 0.26}
{'loss': 0.295, 'learning_rate': 4.352183249821045e-06, 'epoch': 0.26}
{'loss': 0.3114, 'learning_rate': 4.380816034359342e-06, 'epoch': 0.26}
{'loss': 0.3074, 'learning_rate': 4.4094488188976384e-06, 'epoch': 0.26}
{'loss': 0.3011, 'learning_rate': 4.438081603435935e-06, 'epoch': 0.27}
{'loss': 0.2837, 'learning_rate': 4.466714387974231e-06, 'epoch': 0.27}
{'loss': 0.2732, 'learning_rate': 4.495347172512527e-06, 'epoch': 0.27}
{'loss': 0.3198, 'learning_rate': 4.523979957050824e-06, 'epoch': 0.27}
{'loss': 0.298, 'learning_rate': 4.55261274158912e-06, 'epoch': 0.27}
{'loss': 0.2777, 'learning_rate': 4.581245526127416e-06, 'epoch': 0.27}
{'loss': 0.3069, 'learning_rate': 4.609878310665713e-06, 'epoch': 0.28}
{'loss': 0.335, 'learning_rate': 4.638511095204009e-06, 'epoch': 0.28}
{'loss': 0.3041, 'learning_rate': 4.667143879742305e-06, 'epoch': 0.28}
{'loss': 0.2998, 'learning_rate': 4.695776664280602e-06, 'epoch': 0.28}
{'loss': 0.2813, 'learning_rate': 4.724409448818898e-06, 'epoch': 0.28}
{'loss': 0.3003, 'learning_rate': 4.753042233357195e-06, 'epoch': 0.29}
{'loss': 0.2841, 'learning_rate': 4.781675017895491e-06, 'epoch': 0.29}
{'loss': 0.3086, 'learning_rate': 4.810307802433787e-06, 'epoch': 0.29}
{'loss': 0.2643, 'learning_rate': 4.838940586972084e-06, 'epoch': 0.29}
{'loss': 0.2753, 'learning_rate': 4.8675733715103796e-06, 'epoch': 0.29}
{'loss': 0.2905, 'learning_rate': 4.896206156048676e-06, 'epoch': 0.29}
{'loss': 0.27, 'learning_rate': 4.924838940586973e-06, 'epoch': 0.3}
{'loss': 0.3088, 'learning_rate': 4.953471725125269e-06, 'epoch': 0.3}
{'loss': 0.3098, 'learning_rate': 4.982104509663565e-06, 'epoch': 0.3}
{'loss': 0.3056, 'learning_rate': 5.010737294201862e-06, 'epoch': 0.3}
{'loss': 0.2807, 'learning_rate': 5.039370078740158e-06, 'epoch': 0.3}
{'loss': 0.2942, 'learning_rate': 5.068002863278454e-06, 'epoch': 0.3}
{'loss': 0.3022, 'learning_rate': 5.096635647816751e-06, 'epoch': 0.31}
{'loss': 0.2859, 'learning_rate': 5.125268432355047e-06, 'epoch': 0.31}
{'loss': 0.2807, 'learning_rate': 5.153901216893344e-06, 'epoch': 0.31}
{'loss': 0.2646, 'learning_rate': 5.1825340014316394e-06, 'epoch': 0.31}
{'loss': 0.3194, 'learning_rate': 5.211166785969935e-06, 'epoch': 0.31}
{'loss': 0.3063, 'learning_rate': 5.239799570508233e-06, 'epoch': 0.31}
{'loss': 0.2792, 'learning_rate': 5.268432355046529e-06, 'epoch': 0.32}
{'loss': 0.2495, 'learning_rate': 5.297065139584825e-06, 'epoch': 0.32}
{'loss': 0.3109, 'learning_rate': 5.325697924123121e-06, 'epoch': 0.32}
{'loss': 0.2682, 'learning_rate': 5.354330708661418e-06, 'epoch': 0.32}
{'loss': 0.2757, 'learning_rate': 5.382963493199715e-06, 'epoch': 0.32}
{'loss': 0.2783, 'learning_rate': 5.41159627773801e-06, 'epoch': 0.32}
{'loss': 0.3076, 'learning_rate': 5.440229062276306e-06, 'epoch': 0.33}
{'loss': 0.2877, 'learning_rate': 5.468861846814603e-06, 'epoch': 0.33}
{'loss': 0.3134, 'learning_rate': 5.4974946313529e-06, 'epoch': 0.33}
{'loss': 0.3012, 'learning_rate': 5.526127415891196e-06, 'epoch': 0.33}
{'loss': 0.3227, 'learning_rate': 5.554760200429492e-06, 'epoch': 0.33}
{'loss': 0.2583, 'learning_rate': 5.583392984967788e-06, 'epoch': 0.34}
{'loss': 0.3081, 'learning_rate': 5.612025769506086e-06, 'epoch': 0.34}
{'loss': 0.2912, 'learning_rate': 5.640658554044381e-06, 'epoch': 0.34}
{'loss': 0.3032, 'learning_rate': 5.669291338582677e-06, 'epoch': 0.34}
{'loss': 0.2664, 'learning_rate': 5.697924123120974e-06, 'epoch': 0.34}
{'loss': 0.2847, 'learning_rate': 5.726556907659271e-06, 'epoch': 0.34}
{'loss': 0.2948, 'learning_rate': 5.755189692197567e-06, 'epoch': 0.35}
{'loss': 0.2724, 'learning_rate': 5.783822476735863e-06, 'epoch': 0.35}
{'loss': 0.3201, 'learning_rate': 5.812455261274159e-06, 'epoch': 0.35}
{'loss': 0.3176, 'learning_rate': 5.841088045812455e-06, 'epoch': 0.35}
{'loss': 0.2907, 'learning_rate': 5.869720830350752e-06, 'epoch': 0.35}
{'loss': 0.2702, 'learning_rate': 5.898353614889049e-06, 'epoch': 0.35}
{'loss': 0.2956, 'learning_rate': 5.926986399427345e-06, 'epoch': 0.36}
{'loss': 0.3098, 'learning_rate': 5.9556191839656404e-06, 'epoch': 0.36}
{'loss': 0.2533, 'learning_rate': 5.984251968503938e-06, 'epoch': 0.36}
{'loss': 0.2801, 'learning_rate': 6.0128847530422345e-06, 'epoch': 0.36}
{'loss': 0.2998, 'learning_rate': 6.04151753758053e-06, 'epoch': 0.36}
{'loss': 0.3004, 'learning_rate': 6.070150322118826e-06, 'epoch': 0.36}
{'loss': 0.3013, 'learning_rate': 6.0987831066571225e-06, 'epoch': 0.37}
{'loss': 0.2658, 'learning_rate': 6.12741589119542e-06, 'epoch': 0.37}
{'loss': 0.2709, 'learning_rate': 6.156048675733716e-06, 'epoch': 0.37}
{'loss': 0.2836, 'learning_rate': 6.1846814602720114e-06, 'epoch': 0.37}
{'loss': 0.305, 'learning_rate': 6.213314244810308e-06, 'epoch': 0.37}
{'loss': 0.2922, 'learning_rate': 6.2419470293486054e-06, 'epoch': 0.37}
{'loss': 0.2861, 'learning_rate': 6.270579813886901e-06, 'epoch': 0.38}
{'loss': 0.2923, 'learning_rate': 6.299212598425197e-06, 'epoch': 0.38}
{'loss': 0.2578, 'learning_rate': 6.3278453829634935e-06, 'epoch': 0.38}
{'loss': 0.2733, 'learning_rate': 6.356478167501791e-06, 'epoch': 0.38}
{'loss': 0.2742, 'learning_rate': 6.385110952040087e-06, 'epoch': 0.38}
{'loss': 0.2588, 'learning_rate': 6.413743736578382e-06, 'epoch': 0.38}
{'loss': 0.2643, 'learning_rate': 6.442376521116679e-06, 'epoch': 0.39}
{'loss': 0.2534, 'learning_rate': 6.471009305654975e-06, 'epoch': 0.39}
{'loss': 0.2922, 'learning_rate': 6.499642090193272e-06, 'epoch': 0.39}
{'loss': 0.2641, 'learning_rate': 6.528274874731568e-06, 'epoch': 0.39}
{'loss': 0.2926, 'learning_rate': 6.5569076592698645e-06, 'epoch': 0.39}
{'loss': 0.263, 'learning_rate': 6.58554044380816e-06, 'epoch': 0.4}
{'loss': 0.2745, 'learning_rate': 6.614173228346458e-06, 'epoch': 0.4}
{'loss': 0.2754, 'learning_rate': 6.642806012884753e-06, 'epoch': 0.4}
{'loss': 0.2958, 'learning_rate': 6.67143879742305e-06, 'epoch': 0.4}
{'loss': 0.2614, 'learning_rate': 6.700071581961346e-06, 'epoch': 0.4}
{'loss': 0.2442, 'learning_rate': 6.728704366499642e-06, 'epoch': 0.4}
{'loss': 0.2914, 'learning_rate': 6.757337151037939e-06, 'epoch': 0.41}
{'loss': 0.282, 'learning_rate': 6.7859699355762355e-06, 'epoch': 0.41}
{'loss': 0.2736, 'learning_rate': 6.814602720114531e-06, 'epoch': 0.41}
{'loss': 0.2946, 'learning_rate': 6.843235504652828e-06, 'epoch': 0.41}
{'loss': 0.2727, 'learning_rate': 6.871868289191125e-06, 'epoch': 0.41}
{'loss': 0.3192, 'learning_rate': 6.900501073729421e-06, 'epoch': 0.41}
{'loss': 0.3258, 'learning_rate': 6.929133858267717e-06, 'epoch': 0.42}
{'loss': 0.2666, 'learning_rate': 6.957766642806013e-06, 'epoch': 0.42}
{'loss': 0.2903, 'learning_rate': 6.986399427344311e-06, 'epoch': 0.42}
{'loss': 0.2959, 'learning_rate': 7.0150322118826064e-06, 'epoch': 0.42}
{'loss': 0.293, 'learning_rate': 7.043664996420902e-06, 'epoch': 0.42}
{'loss': 0.2904, 'learning_rate': 7.072297780959199e-06, 'epoch': 0.42}
{'loss': 0.3047, 'learning_rate': 7.1009305654974945e-06, 'epoch': 0.43}
{'loss': 0.2827, 'learning_rate': 7.129563350035792e-06, 'epoch': 0.43}
{'loss': 0.2705, 'learning_rate': 7.158196134574088e-06, 'epoch': 0.43}
{'loss': 0.2568, 'learning_rate': 7.186828919112384e-06, 'epoch': 0.43}
{'loss': 0.2757, 'learning_rate': 7.21546170365068e-06, 'epoch': 0.43}
{'loss': 0.2633, 'learning_rate': 7.2440944881889774e-06, 'epoch': 0.43}
{'loss': 0.2777, 'learning_rate': 7.272727272727273e-06, 'epoch': 0.44}
{'loss': 0.2956, 'learning_rate': 7.30136005726557e-06, 'epoch': 0.44}
{'loss': 0.2657, 'learning_rate': 7.3299928418038655e-06, 'epoch': 0.44}
{'loss': 0.2185, 'learning_rate': 7.358625626342163e-06, 'epoch': 0.44}
{'loss': 0.2867, 'learning_rate': 7.387258410880459e-06, 'epoch': 0.44}
{'loss': 0.3032, 'learning_rate': 7.415891195418755e-06, 'epoch': 0.45}
{'loss': 0.2918, 'learning_rate': 7.444523979957051e-06, 'epoch': 0.45}
{'loss': 0.239, 'learning_rate': 7.4731567644953476e-06, 'epoch': 0.45}
{'loss': 0.2953, 'learning_rate': 7.501789549033644e-06, 'epoch': 0.45}
{'loss': 0.2875, 'learning_rate': 7.530422333571941e-06, 'epoch': 0.45}
{'loss': 0.2658, 'learning_rate': 7.5590551181102365e-06, 'epoch': 0.45}
{'loss': 0.269, 'learning_rate': 7.587687902648533e-06, 'epoch': 0.46}
{'loss': 0.287, 'learning_rate': 7.61632068718683e-06, 'epoch': 0.46}
{'loss': 0.2685, 'learning_rate': 7.644953471725125e-06, 'epoch': 0.46}
{'loss': 0.2563, 'learning_rate': 7.673586256263422e-06, 'epoch': 0.46}
{'loss': 0.2716, 'learning_rate': 7.702219040801719e-06, 'epoch': 0.46}
{'loss': 0.2718, 'learning_rate': 7.730851825340015e-06, 'epoch': 0.46}
{'loss': 0.2273, 'learning_rate': 7.759484609878312e-06, 'epoch': 0.47}
{'loss': 0.2778, 'learning_rate': 7.788117394416608e-06, 'epoch': 0.47}
{'loss': 0.2684, 'learning_rate': 7.816750178954903e-06, 'epoch': 0.47}
{'loss': 0.2951, 'learning_rate': 7.8453829634932e-06, 'epoch': 0.47}
{'loss': 0.2627, 'learning_rate': 7.874015748031496e-06, 'epoch': 0.47}
{'loss': 0.2625, 'learning_rate': 7.902648532569793e-06, 'epoch': 0.47}
{'loss': 0.28, 'learning_rate': 7.93128131710809e-06, 'epoch': 0.48}
{'loss': 0.2948, 'learning_rate': 7.959914101646386e-06, 'epoch': 0.48}
{'loss': 0.2857, 'learning_rate': 7.988546886184683e-06, 'epoch': 0.48}
{'loss': 0.2759, 'learning_rate': 8.01717967072298e-06, 'epoch': 0.48}
{'loss': 0.2623, 'learning_rate': 8.045812455261274e-06, 'epoch': 0.48}
{'loss': 0.287, 'learning_rate': 8.07444523979957e-06, 'epoch': 0.48}
{'loss': 0.2875, 'learning_rate': 8.103078024337867e-06, 'epoch': 0.49}
{'loss': 0.2578, 'learning_rate': 8.131710808876164e-06, 'epoch': 0.49}
{'loss': 0.2659, 'learning_rate': 8.16034359341446e-06, 'epoch': 0.49}
{'loss': 0.2771, 'learning_rate': 8.188976377952757e-06, 'epoch': 0.49}
{'loss': 0.238, 'learning_rate': 8.217609162491052e-06, 'epoch': 0.49}
{'loss': 0.2793, 'learning_rate': 8.24624194702935e-06, 'epoch': 0.49}
{'loss': 0.2833, 'learning_rate': 8.274874731567645e-06, 'epoch': 0.5}
{'loss': 0.2418, 'learning_rate': 8.303507516105942e-06, 'epoch': 0.5}
{'loss': 0.3195, 'learning_rate': 8.332140300644238e-06, 'epoch': 0.5}
{'loss': 0.269, 'learning_rate': 8.360773085182535e-06, 'epoch': 0.5}
{'loss': 0.2913, 'learning_rate': 8.389405869720831e-06, 'epoch': 0.5}
{'loss': 0.2664, 'learning_rate': 8.418038654259128e-06, 'epoch': 0.51}
{'loss': 0.2701, 'learning_rate': 8.446671438797423e-06, 'epoch': 0.51}
{'loss': 0.3007, 'learning_rate': 8.47530422333572e-06, 'epoch': 0.51}
{'loss': 0.2545, 'learning_rate': 8.503937007874016e-06, 'epoch': 0.51}
{'loss': 0.2702, 'learning_rate': 8.532569792412313e-06, 'epoch': 0.51}
{'loss': 0.2761, 'learning_rate': 8.56120257695061e-06, 'epoch': 0.51}
{'loss': 0.2227, 'learning_rate': 8.589835361488906e-06, 'epoch': 0.52}
{'loss': 0.2671, 'learning_rate': 8.618468146027202e-06, 'epoch': 0.52}
{'loss': 0.2668, 'learning_rate': 8.647100930565499e-06, 'epoch': 0.52}
{'loss': 0.2385, 'learning_rate': 8.675733715103794e-06, 'epoch': 0.52}
{'loss': 0.2477, 'learning_rate': 8.70436649964209e-06, 'epoch': 0.52}
{'loss': 0.2762, 'learning_rate': 8.732999284180387e-06, 'epoch': 0.52}
{'loss': 0.2426, 'learning_rate': 8.761632068718684e-06, 'epoch': 0.53}
{'loss': 0.2693, 'learning_rate': 8.79026485325698e-06, 'epoch': 0.53}
{'loss': 0.2683, 'learning_rate': 8.818897637795277e-06, 'epoch': 0.53}
{'loss': 0.2906, 'learning_rate': 8.847530422333572e-06, 'epoch': 0.53}
{'loss': 0.2654, 'learning_rate': 8.87616320687187e-06, 'epoch': 0.53}
{'loss': 0.3025, 'learning_rate': 8.904795991410165e-06, 'epoch': 0.53}
{'loss': 0.2599, 'learning_rate': 8.933428775948462e-06, 'epoch': 0.54}
{'loss': 0.2622, 'learning_rate': 8.962061560486758e-06, 'epoch': 0.54}
{'loss': 0.2871, 'learning_rate': 8.990694345025055e-06, 'epoch': 0.54}
{'loss': 0.2824, 'learning_rate': 9.019327129563351e-06, 'epoch': 0.54}
{'loss': 0.2827, 'learning_rate': 9.047959914101648e-06, 'epoch': 0.54}
{'loss': 0.2912, 'learning_rate': 9.076592698639943e-06, 'epoch': 0.54}
{'loss': 0.2731, 'learning_rate': 9.10522548317824e-06, 'epoch': 0.55}
{'loss': 0.2759, 'learning_rate': 9.133858267716536e-06, 'epoch': 0.55}
{'loss': 0.2651, 'learning_rate': 9.162491052254832e-06, 'epoch': 0.55}
{'loss': 0.2426, 'learning_rate': 9.191123836793129e-06, 'epoch': 0.55}
{'loss': 0.2601, 'learning_rate': 9.219756621331426e-06, 'epoch': 0.55}
{'loss': 0.265, 'learning_rate': 9.248389405869722e-06, 'epoch': 0.56}
{'loss': 0.2633, 'learning_rate': 9.277022190408019e-06, 'epoch': 0.56}
{'loss': 0.2188, 'learning_rate': 9.305654974946314e-06, 'epoch': 0.56}
{'loss': 0.2547, 'learning_rate': 9.33428775948461e-06, 'epoch': 0.56}
{'loss': 0.2824, 'learning_rate': 9.362920544022907e-06, 'epoch': 0.56}
{'loss': 0.2504, 'learning_rate': 9.391553328561203e-06, 'epoch': 0.56}
{'loss': 0.3048, 'learning_rate': 9.4201861130995e-06, 'epoch': 0.57}
{'loss': 0.2681, 'learning_rate': 9.448818897637797e-06, 'epoch': 0.57}
{'loss': 0.2735, 'learning_rate': 9.477451682176092e-06, 'epoch': 0.57}
{'loss': 0.2882, 'learning_rate': 9.50608446671439e-06, 'epoch': 0.57}
{'loss': 0.2654, 'learning_rate': 9.534717251252685e-06, 'epoch': 0.57}
{'loss': 0.2934, 'learning_rate': 9.563350035790981e-06, 'epoch': 0.57}
{'loss': 0.2591, 'learning_rate': 9.591982820329278e-06, 'epoch': 0.58}
{'loss': 0.2728, 'learning_rate': 9.620615604867574e-06, 'epoch': 0.58}
{'loss': 0.2917, 'learning_rate': 9.649248389405871e-06, 'epoch': 0.58}
{'loss': 0.2435, 'learning_rate': 9.677881173944168e-06, 'epoch': 0.58}
{'loss': 0.2463, 'learning_rate': 9.706513958482463e-06, 'epoch': 0.58}
{'loss': 0.266, 'learning_rate': 9.735146743020759e-06, 'epoch': 0.58}
{'loss': 0.2858, 'learning_rate': 9.763779527559056e-06, 'epoch': 0.59}
{'loss': 0.2554, 'learning_rate': 9.792412312097352e-06, 'epoch': 0.59}
{'loss': 0.2748, 'learning_rate': 9.821045096635649e-06, 'epoch': 0.59}
{'loss': 0.2633, 'learning_rate': 9.849677881173945e-06, 'epoch': 0.59}
{'loss': 0.2476, 'learning_rate': 9.878310665712242e-06, 'epoch': 0.59}
{'loss': 0.2612, 'learning_rate': 9.906943450250539e-06, 'epoch': 0.59}
{'loss': 0.2453, 'learning_rate': 9.935576234788834e-06, 'epoch': 0.6}
{'loss': 0.2763, 'learning_rate': 9.96420901932713e-06, 'epoch': 0.6}
{'loss': 0.2827, 'learning_rate': 9.992841803865427e-06, 'epoch': 0.6}
{'loss': 0.2409, 'learning_rate': 9.999992878174289e-06, 'epoch': 0.6}
{'loss': 0.2531, 'learning_rate': 9.999961225656486e-06, 'epoch': 0.6}
{'loss': 0.2681, 'learning_rate': 9.999904251292756e-06, 'epoch': 0.6}
{'loss': 0.2644, 'learning_rate': 9.99982195537164e-06, 'epoch': 0.61}
{'loss': 0.2373, 'learning_rate': 9.999714338309918e-06, 'epoch': 0.61}
{'loss': 0.2823, 'learning_rate': 9.99958140065261e-06, 'epoch': 0.61}
{'loss': 0.2693, 'learning_rate': 9.999423143072961e-06, 'epoch': 0.61}
{'loss': 0.2329, 'learning_rate': 9.999239566372457e-06, 'epoch': 0.61}
{'loss': 0.2777, 'learning_rate': 9.999030671480804e-06, 'epoch': 0.62}
{'loss': 0.2694, 'learning_rate': 9.998796459455931e-06, 'epoch': 0.62}
{'loss': 0.2636, 'learning_rate': 9.998536931483981e-06, 'epoch': 0.62}
{'loss': 0.2723, 'learning_rate': 9.998252088879312e-06, 'epoch': 0.62}
{'loss': 0.2946, 'learning_rate': 9.997941933084485e-06, 'epoch': 0.62}
{'loss': 0.2617, 'learning_rate': 9.997606465670253e-06, 'epoch': 0.62}
{'loss': 0.2847, 'learning_rate': 9.99724568833556e-06, 'epoch': 0.63}
{'loss': 0.2441, 'learning_rate': 9.996859602907529e-06, 'epoch': 0.63}
{'loss': 0.2573, 'learning_rate': 9.996448211341459e-06, 'epoch': 0.63}
{'loss': 0.2383, 'learning_rate': 9.996011515720798e-06, 'epoch': 0.63}
{'loss': 0.26, 'learning_rate': 9.995549518257156e-06, 'epoch': 0.63}
{'loss': 0.2657, 'learning_rate': 9.995062221290278e-06, 'epoch': 0.63}
{'loss': 0.2455, 'learning_rate': 9.99454962728803e-06, 'epoch': 0.64}
{'loss': 0.2686, 'learning_rate': 9.994011738846399e-06, 'epoch': 0.64}
{'loss': 0.2396, 'learning_rate': 9.993448558689474e-06, 'epoch': 0.64}
{'loss': 0.237, 'learning_rate': 9.992860089669428e-06, 'epoch': 0.64}
{'loss': 0.2985, 'learning_rate': 9.992246334766508e-06, 'epoch': 0.64}
{'loss': 0.2481, 'learning_rate': 9.991607297089019e-06, 'epoch': 0.64}
{'loss': 0.2576, 'learning_rate': 9.99094297987331e-06, 'epoch': 0.65}
{'loss': 0.2578, 'learning_rate': 9.990253386483757e-06, 'epoch': 0.65}
{'loss': 0.2658, 'learning_rate': 9.989538520412739e-06, 'epoch': 0.65}
{'loss': 0.2785, 'learning_rate': 9.98879838528063e-06, 'epoch': 0.65}
{'loss': 0.2308, 'learning_rate': 9.988032984835776e-06, 'epoch': 0.65}
{'loss': 0.2564, 'learning_rate': 9.98724232295448e-06, 'epoch': 0.65}
{'loss': 0.2509, 'learning_rate': 9.986426403640977e-06, 'epoch': 0.66}
{'loss': 0.2678, 'learning_rate': 9.985585231027413e-06, 'epoch': 0.66}
{'loss': 0.2399, 'learning_rate': 9.98471880937383e-06, 'epoch': 0.66}
{'loss': 0.257, 'learning_rate': 9.983827143068144e-06, 'epoch': 0.66}
{'loss': 0.2423, 'learning_rate': 9.982910236626116e-06, 'epoch': 0.66}
{'loss': 0.2612, 'learning_rate': 9.981968094691334e-06, 'epoch': 0.67}
{'loss': 0.239, 'learning_rate': 9.981000722035187e-06, 'epoch': 0.67}
{'loss': 0.2739, 'learning_rate': 9.980008123556853e-06, 'epoch': 0.67}
{'loss': 0.2358, 'learning_rate': 9.978990304283249e-06, 'epoch': 0.67}
{'loss': 0.2743, 'learning_rate': 9.977947269369029e-06, 'epoch': 0.67}
{'loss': 0.241, 'learning_rate': 9.97687902409655e-06, 'epoch': 0.67}
{'loss': 0.2637, 'learning_rate': 9.975785573875841e-06, 'epoch': 0.68}
{'loss': 0.2639, 'learning_rate': 9.974666924244578e-06, 'epoch': 0.68}
{'loss': 0.2583, 'learning_rate': 9.973523080868063e-06, 'epoch': 0.68}
{'loss': 0.258, 'learning_rate': 9.972354049539188e-06, 'epoch': 0.68}
{'loss': 0.2498, 'learning_rate': 9.971159836178401e-06, 'epoch': 0.68}
{'loss': 0.2594, 'learning_rate': 9.969940446833688e-06, 'epoch': 0.68}
{'loss': 0.2599, 'learning_rate': 9.968695887680535e-06, 'epoch': 0.69}
{'loss': 0.2944, 'learning_rate': 9.967426165021896e-06, 'epoch': 0.69}
{'loss': 0.2779, 'learning_rate': 9.966131285288168e-06, 'epoch': 0.69}
{'loss': 0.2849, 'learning_rate': 9.964811255037148e-06, 'epoch': 0.69}
{'loss': 0.2621, 'learning_rate': 9.96346608095401e-06, 'epoch': 0.69}
{'loss': 0.2529, 'learning_rate': 9.962095769851265e-06, 'epoch': 0.69}
{'loss': 0.2499, 'learning_rate': 9.960700328668729e-06, 'epoch': 0.7}
{'loss': 0.2467, 'learning_rate': 9.959279764473483e-06, 'epoch': 0.7}
{'loss': 0.2581, 'learning_rate': 9.957834084459847e-06, 'epoch': 0.7}
{'loss': 0.2789, 'learning_rate': 9.956363295949336e-06, 'epoch': 0.7}
{'loss': 0.2226, 'learning_rate': 9.954867406390621e-06, 'epoch': 0.7}
{'loss': 0.2215, 'learning_rate': 9.9533464233595e-06, 'epoch': 0.7}
{'loss': 0.2641, 'learning_rate': 9.951800354558849e-06, 'epoch': 0.71}
{'loss': 0.2453, 'learning_rate': 9.950229207818596e-06, 'epoch': 0.71}
{'loss': 0.2734, 'learning_rate': 9.948632991095668e-06, 'epoch': 0.71}
{'loss': 0.2689, 'learning_rate': 9.947011712473959e-06, 'epoch': 0.71}
{'loss': 0.2762, 'learning_rate': 9.945365380164284e-06, 'epoch': 0.71}
{'loss': 0.3016, 'learning_rate': 9.943694002504346e-06, 'epoch': 0.71}
{'loss': 0.2486, 'learning_rate': 9.94199758795868e-06, 'epoch': 0.72}
{'loss': 0.2423, 'learning_rate': 9.940276145118626e-06, 'epoch': 0.72}
{'loss': 0.236, 'learning_rate': 9.938529682702271e-06, 'epoch': 0.72}
{'loss': 0.2473, 'learning_rate': 9.936758209554416e-06, 'epoch': 0.72}
{'loss': 0.2618, 'learning_rate': 9.934961734646523e-06, 'epoch': 0.72}
{'loss': 0.2781, 'learning_rate': 9.933140267076675e-06, 'epoch': 0.73}
{'loss': 0.2205, 'learning_rate': 9.931293816069528e-06, 'epoch': 0.73}
{'loss': 0.2704, 'learning_rate': 9.929422390976265e-06, 'epoch': 0.73}
{'loss': 0.2925, 'learning_rate': 9.927526001274546e-06, 'epoch': 0.73}
{'loss': 0.2409, 'learning_rate': 9.925604656568464e-06, 'epoch': 0.73}
{'loss': 0.2412, 'learning_rate': 9.923658366588492e-06, 'epoch': 0.73}
{'loss': 0.2235, 'learning_rate': 9.921687141191439e-06, 'epoch': 0.74}
{'loss': 0.269, 'learning_rate': 9.919690990360394e-06, 'epoch': 0.74}
{'loss': 0.2689, 'learning_rate': 9.91766992420468e-06, 'epoch': 0.74}
{'loss': 0.2511, 'learning_rate': 9.915623952959803e-06, 'epoch': 0.74}
{'loss': 0.2648, 'learning_rate': 9.913553086987396e-06, 'epoch': 0.74}
{'loss': 0.242, 'learning_rate': 9.911457336775172e-06, 'epoch': 0.74}
{'loss': 0.2336, 'learning_rate': 9.909336712936863e-06, 'epoch': 0.75}
{'loss': 0.2368, 'learning_rate': 9.907191226212179e-06, 'epoch': 0.75}
{'loss': 0.2457, 'learning_rate': 9.905020887466735e-06, 'epoch': 0.75}
{'loss': 0.2571, 'learning_rate': 9.902825707692017e-06, 'epoch': 0.75}
{'loss': 0.2402, 'learning_rate': 9.900605698005312e-06, 'epoch': 0.75}
{'loss': 0.2352, 'learning_rate': 9.898360869649654e-06, 'epoch': 0.75}
{'loss': 0.3147, 'learning_rate': 9.896091233993772e-06, 'epoch': 0.76}
{'loss': 0.2782, 'learning_rate': 9.893796802532027e-06, 'epoch': 0.76}
{'loss': 0.2679, 'learning_rate': 9.891477586884359e-06, 'epoch': 0.76}
{'loss': 0.2472, 'learning_rate': 9.889133598796222e-06, 'epoch': 0.76}
{'loss': 0.2343, 'learning_rate': 9.886764850138529e-06, 'epoch': 0.76}
{'loss': 0.2451, 'learning_rate': 9.88437135290759e-06, 'epoch': 0.76}
{'loss': 0.2548, 'learning_rate': 9.881953119225055e-06, 'epoch': 0.77}
{'loss': 0.2506, 'learning_rate': 9.879510161337845e-06, 'epoch': 0.77}
{'loss': 0.2642, 'learning_rate': 9.877042491618097e-06, 'epoch': 0.77}
{'loss': 0.2738, 'learning_rate': 9.8745501225631e-06, 'epoch': 0.77}
{'loss': 0.243, 'learning_rate': 9.872033066795226e-06, 'epoch': 0.77}
{'loss': 0.2331, 'learning_rate': 9.869491337061877e-06, 'epoch': 0.78}
{'loss': 0.2847, 'learning_rate': 9.866924946235406e-06, 'epoch': 0.78}
{'loss': 0.2617, 'learning_rate': 9.864333907313068e-06, 'epoch': 0.78}
{'loss': 0.2643, 'learning_rate': 9.861718233416942e-06, 'epoch': 0.78}
{'loss': 0.2621, 'learning_rate': 9.85907793779387e-06, 'epoch': 0.78}
{'loss': 0.2514, 'learning_rate': 9.856413033815385e-06, 'epoch': 0.78}
{'loss': 0.2122, 'learning_rate': 9.853723534977649e-06, 'epoch': 0.79}
{'loss': 0.2262, 'learning_rate': 9.851009454901384e-06, 'epoch': 0.79}
{'loss': 0.2763, 'learning_rate': 9.848270807331801e-06, 'epoch': 0.79}
{'loss': 0.2406, 'learning_rate': 9.845507606138529e-06, 'epoch': 0.79}
{'loss': 0.2684, 'learning_rate': 9.842719865315549e-06, 'epoch': 0.79}
{'loss': 0.2773, 'learning_rate': 9.839907598981115e-06, 'epoch': 0.79}
{'loss': 0.2665, 'learning_rate': 9.837070821377697e-06, 'epoch': 0.8}
{'loss': 0.2542, 'learning_rate': 9.834209546871892e-06, 'epoch': 0.8}
{'loss': 0.2701, 'learning_rate': 9.831323789954366e-06, 'epoch': 0.8}
{'loss': 0.2674, 'learning_rate': 9.828413565239768e-06, 'epoch': 0.8}
{'loss': 0.252, 'learning_rate': 9.825478887466666e-06, 'epoch': 0.8}
{'loss': 0.2473, 'learning_rate': 9.822519771497466e-06, 'epoch': 0.8}
{'loss': 0.2826, 'learning_rate': 9.819536232318342e-06, 'epoch': 0.81}
{'loss': 0.2655, 'learning_rate': 9.816528285039153e-06, 'epoch': 0.81}
{'loss': 0.2499, 'learning_rate': 9.813495944893372e-06, 'epoch': 0.81}
{'loss': 0.2252, 'learning_rate': 9.810439227238011e-06, 'epoch': 0.81}
{'loss': 0.2667, 'learning_rate': 9.807358147553536e-06, 'epoch': 0.81}
{'loss': 0.2358, 'learning_rate': 9.804252721443793e-06, 'epoch': 0.81}
{'loss': 0.2598, 'learning_rate': 9.801122964635925e-06, 'epoch': 0.82}
{'loss': 0.278, 'learning_rate': 9.797968892980303e-06, 'epoch': 0.82}
{'loss': 0.2359, 'learning_rate': 9.794790522450431e-06, 'epoch': 0.82}
{'loss': 0.2559, 'learning_rate': 9.791587869142878e-06, 'epoch': 0.82}
{'loss': 0.2661, 'learning_rate': 9.788360949277188e-06, 'epoch': 0.82}
{'loss': 0.2683, 'learning_rate': 9.7851097791958e-06, 'epoch': 0.82}
{'loss': 0.2214, 'learning_rate': 9.781834375363968e-06, 'epoch': 0.83}
{'loss': 0.2564, 'learning_rate': 9.778534754369677e-06, 'epoch': 0.83}
{'loss': 0.2513, 'learning_rate': 9.775210932923552e-06, 'epoch': 0.83}
{'loss': 0.2527, 'learning_rate': 9.771862927858784e-06, 'epoch': 0.83}
{'loss': 0.2703, 'learning_rate': 9.768490756131039e-06, 'epoch': 0.83}
{'loss': 0.2326, 'learning_rate': 9.76509443481837e-06, 'epoch': 0.84}
{'loss': 0.2429, 'learning_rate': 9.761673981121135e-06, 'epoch': 0.84}
{'loss': 0.2439, 'learning_rate': 9.758229412361914e-06, 'epoch': 0.84}
{'loss': 0.2327, 'learning_rate': 9.754760745985404e-06, 'epoch': 0.84}
{'loss': 0.227, 'learning_rate': 9.751267999558352e-06, 'epoch': 0.84}
{'loss': 0.2325, 'learning_rate': 9.74775119076945e-06, 'epoch': 0.84}
{'loss': 0.2741, 'learning_rate': 9.744210337429255e-06, 'epoch': 0.85}
{'loss': 0.2505, 'learning_rate': 9.740645457470095e-06, 'epoch': 0.85}
{'loss': 0.2818, 'learning_rate': 9.73705656894598e-06, 'epoch': 0.85}
{'loss': 0.2469, 'learning_rate': 9.733443690032505e-06, 'epoch': 0.85}
{'loss': 0.2884, 'learning_rate': 9.729806839026764e-06, 'epoch': 0.85}
{'loss': 0.2363, 'learning_rate': 9.726146034347258e-06, 'epoch': 0.85}
{'loss': 0.2304, 'learning_rate': 9.722461294533795e-06, 'epoch': 0.86}
{'loss': 0.2415, 'learning_rate': 9.718752638247406e-06, 'epoch': 0.86}
{'loss': 0.2577, 'learning_rate': 9.71502008427024e-06, 'epoch': 0.86}
{'loss': 0.2381, 'learning_rate': 9.71126365150547e-06, 'epoch': 0.86}
{'loss': 0.2707, 'learning_rate': 9.707483358977212e-06, 'epoch': 0.86}
{'loss': 0.2731, 'learning_rate': 9.703679225830411e-06, 'epoch': 0.86}
{'loss': 0.2271, 'learning_rate': 9.699851271330746e-06, 'epoch': 0.87}
{'loss': 0.2463, 'learning_rate': 9.69599951486455e-06, 'epoch': 0.87}
{'loss': 0.2199, 'learning_rate': 9.692123975938683e-06, 'epoch': 0.87}
{'loss': 0.2684, 'learning_rate': 9.688224674180462e-06, 'epoch': 0.87}
{'loss': 0.2616, 'learning_rate': 9.684301629337542e-06, 'epoch': 0.87}
{'loss': 0.2504, 'learning_rate': 9.680354861277826e-06, 'epoch': 0.87}
{'loss': 0.2536, 'learning_rate': 9.676384389989357e-06, 'epoch': 0.88}
{'loss': 0.2643, 'learning_rate': 9.672390235580227e-06, 'epoch': 0.88}
{'loss': 0.2684, 'learning_rate': 9.668372418278461e-06, 'epoch': 0.88}
{'loss': 0.2432, 'learning_rate': 9.66433095843193e-06, 'epoch': 0.88}
{'loss': 0.235, 'learning_rate': 9.66026587650824e-06, 'epoch': 0.88}
{'loss': 0.2075, 'learning_rate': 9.656177193094621e-06, 'epoch': 0.89}
{'loss': 0.227, 'learning_rate': 9.652064928897835e-06, 'epoch': 0.89}
{'loss': 0.2748, 'learning_rate': 9.647929104744075e-06, 'epoch': 0.89}
{'loss': 0.2798, 'learning_rate': 9.643769741578835e-06, 'epoch': 0.89}
{'loss': 0.2502, 'learning_rate': 9.639586860466836e-06, 'epoch': 0.89}
{'loss': 0.2461, 'learning_rate': 9.635380482591893e-06, 'epoch': 0.89}
{'loss': 0.2718, 'learning_rate': 9.631150629256823e-06, 'epoch': 0.9}
{'loss': 0.2651, 'learning_rate': 9.62689732188333e-06, 'epoch': 0.9}
{'loss': 0.2351, 'learning_rate': 9.6226205820119e-06, 'epoch': 0.9}
{'loss': 0.2309, 'learning_rate': 9.618320431301691e-06, 'epoch': 0.9}
{'loss': 0.2136, 'learning_rate': 9.613996891530421e-06, 'epoch': 0.9}
{'loss': 0.2238, 'learning_rate': 9.609649984594265e-06, 'epoch': 0.9}
{'loss': 0.2331, 'learning_rate': 9.605279732507733e-06, 'epoch': 0.91}
{'loss': 0.2358, 'learning_rate': 9.600886157403567e-06, 'epoch': 0.91}
{'loss': 0.2626, 'learning_rate': 9.596469281532626e-06, 'epoch': 0.91}
{'loss': 0.2524, 'learning_rate': 9.592029127263773e-06, 'epoch': 0.91}
{'loss': 0.3028, 'learning_rate': 9.587565717083762e-06, 'epoch': 0.91}
{'loss': 0.2525, 'learning_rate': 9.583079073597128e-06, 'epoch': 0.91}
{'loss': 0.232, 'learning_rate': 9.578569219526063e-06, 'epoch': 0.92}
{'loss': 0.2598, 'learning_rate': 9.574036177710313e-06, 'epoch': 0.92}
{'loss': 0.2427, 'learning_rate': 9.569479971107051e-06, 'epoch': 0.92}
{'loss': 0.2388, 'learning_rate': 9.56490062279077e-06, 'epoch': 0.92}
{'loss': 0.2538, 'learning_rate': 9.560298155953159e-06, 'epoch': 0.92}
{'loss': 0.2254, 'learning_rate': 9.555672593902991e-06, 'epoch': 0.92}
{'loss': 0.2382, 'learning_rate': 9.551023960066001e-06, 'epoch': 0.93}
{'loss': 0.2577, 'learning_rate': 9.54635227798477e-06, 'epoch': 0.93}
{'loss': 0.2775, 'learning_rate': 9.541657571318603e-06, 'epoch': 0.93}
{'loss': 0.2379, 'learning_rate': 9.536939863843416e-06, 'epoch': 0.93}
{'loss': 0.245, 'learning_rate': 9.5321991794516e-06, 'epoch': 0.93}
{'loss': 0.2377, 'learning_rate': 9.527435542151922e-06, 'epoch': 0.93}
{'loss': 0.2188, 'learning_rate': 9.522648976069388e-06, 'epoch': 0.94}
{'loss': 0.2737, 'learning_rate': 9.51783950544512e-06, 'epoch': 0.94}
{'loss': 0.2673, 'learning_rate': 9.513007154636243e-06, 'epoch': 0.94}
{'loss': 0.2347, 'learning_rate': 9.508151948115758e-06, 'epoch': 0.94}
{'loss': 0.2591, 'learning_rate': 9.503273910472409e-06, 'epoch': 0.94}
{'loss': 0.2369, 'learning_rate': 9.498373066410576e-06, 'epoch': 0.95}
{'loss': 0.2481, 'learning_rate': 9.493449440750132e-06, 'epoch': 0.95}
{'loss': 0.2653, 'learning_rate': 9.488503058426328e-06, 'epoch': 0.95}
{'loss': 0.2456, 'learning_rate': 9.483533944489667e-06, 'epoch': 0.95}
{'loss': 0.2193, 'learning_rate': 9.478542124105772e-06, 'epoch': 0.95}
{'loss': 0.2489, 'learning_rate': 9.473527622555256e-06, 'epoch': 0.95}
{'loss': 0.2547, 'learning_rate': 9.468490465233609e-06, 'epoch': 0.96}
{'loss': 0.2685, 'learning_rate': 9.463430677651049e-06, 'epoch': 0.96}
{'loss': 0.247, 'learning_rate': 9.458348285432406e-06, 'epoch': 0.96}
{'loss': 0.2214, 'learning_rate': 9.453243314316995e-06, 'epoch': 0.96}
{'loss': 0.2279, 'learning_rate': 9.448115790158472e-06, 'epoch': 0.96}
{'loss': 0.2393, 'learning_rate': 9.442965738924713e-06, 'epoch': 0.96}
{'loss': 0.2206, 'learning_rate': 9.437793186697682e-06, 'epoch': 0.97}
{'loss': 0.2421, 'learning_rate': 9.432598159673296e-06, 'epoch': 0.97}
{'loss': 0.2611, 'learning_rate': 9.427380684161294e-06, 'epoch': 0.97}
{'loss': 0.2595, 'learning_rate': 9.422140786585104e-06, 'epoch': 0.97}
{'loss': 0.2377, 'learning_rate': 9.416878493481708e-06, 'epoch': 0.97}
{'loss': 0.2383, 'learning_rate': 9.411593831501503e-06, 'epoch': 0.97}
{'loss': 0.2159, 'learning_rate': 9.406286827408182e-06, 'epoch': 0.98}
{'loss': 0.2669, 'learning_rate': 9.400957508078576e-06, 'epoch': 0.98}
{'loss': 0.214, 'learning_rate': 9.39560590050254e-06, 'epoch': 0.98}
{'loss': 0.2354, 'learning_rate': 9.390232031782798e-06, 'epoch': 0.98}
{'loss': 0.2282, 'learning_rate': 9.384835929134817e-06, 'epoch': 0.98}
{'loss': 0.2713, 'learning_rate': 9.379417619886663e-06, 'epoch': 0.98}
{'loss': 0.2413, 'learning_rate': 9.373977131478869e-06, 'epoch': 0.99}
{'loss': 0.2123, 'learning_rate': 9.36851449146429e-06, 'epoch': 0.99}
{'loss': 0.2245, 'learning_rate': 9.363029727507966e-06, 'epoch': 0.99}
{'loss': 0.2423, 'learning_rate': 9.357522867386983e-06, 'epoch': 0.99}
{'loss': 0.2143, 'learning_rate': 9.35199393899033e-06, 'epoch': 0.99}
{'loss': 0.2373, 'learning_rate': 9.346442970318758e-06, 'epoch': 1.0}
{'loss': 0.265, 'learning_rate': 9.340869989484638e-06, 'epoch': 1.0}
{'loss': 0.2268, 'learning_rate': 9.335275024711826e-06, 'epoch': 1.0}
{'eval_loss': 0.24930094182491302, 'eval_runtime': 636.4279, 'eval_samples_per_second': 19.292, 'eval_steps_per_second': 1.207, 'epoch': 1.0}
{'loss': 0.2526, 'learning_rate': 9.329658104335504e-06, 'epoch': 1.0}
{'loss': 0.2295, 'learning_rate': 9.324019256802053e-06, 'epoch': 1.0}
{'loss': 0.239, 'learning_rate': 9.3183585106689e-06, 'epoch': 1.0}
{'loss': 0.2425, 'learning_rate': 9.312675894604376e-06, 'epoch': 1.01}
{'loss': 0.2506, 'learning_rate': 9.306971437387571e-06, 'epoch': 1.01}
{'loss': 0.2253, 'learning_rate': 9.301245167908185e-06, 'epoch': 1.01}
{'loss': 0.2107, 'learning_rate': 9.295497115166384e-06, 'epoch': 1.01}
{'loss': 0.2238, 'learning_rate': 9.289727308272656e-06, 'epoch': 1.01}
{'loss': 0.2379, 'learning_rate': 9.283935776447662e-06, 'epoch': 1.01}
{'loss': 0.2514, 'learning_rate': 9.278122549022084e-06, 'epoch': 1.02}
{'loss': 0.2352, 'learning_rate': 9.272287655436479e-06, 'epoch': 1.02}
{'loss': 0.2209, 'learning_rate': 9.26643112524113e-06, 'epoch': 1.02}
{'loss': 0.2244, 'learning_rate': 9.260552988095901e-06, 'epoch': 1.02}
{'loss': 0.2376, 'learning_rate': 9.254653273770077e-06, 'epoch': 1.02}
{'loss': 0.2165, 'learning_rate': 9.248732012142223e-06, 'epoch': 1.02}
{'loss': 0.2551, 'learning_rate': 9.242789233200028e-06, 'epoch': 1.03}
{'loss': 0.2637, 'learning_rate': 9.236824967040148e-06, 'epoch': 1.03}
{'loss': 0.2575, 'learning_rate': 9.230839243868066e-06, 'epoch': 1.03}
{'loss': 0.2532, 'learning_rate': 9.224832093997926e-06, 'epoch': 1.03}
{'loss': 0.232, 'learning_rate': 9.218803547852393e-06, 'epoch': 1.03}
{'loss': 0.2553, 'learning_rate': 9.212753635962483e-06, 'epoch': 1.03}
{'loss': 0.2178, 'learning_rate': 9.206682388967423e-06, 'epoch': 1.04}
{'loss': 0.2293, 'learning_rate': 9.200589837614488e-06, 'epoch': 1.04}
{'loss': 0.2211, 'learning_rate': 9.194476012758845e-06, 'epoch': 1.04}
{'loss': 0.2286, 'learning_rate': 9.1883409453634e-06, 'epoch': 1.04}
{'loss': 0.2648, 'learning_rate': 9.182184666498643e-06, 'epoch': 1.04}
{'loss': 0.2397, 'learning_rate': 9.176007207342484e-06, 'epoch': 1.04}
{'loss': 0.2428, 'learning_rate': 9.169808599180097e-06, 'epoch': 1.05}
{'loss': 0.2615, 'learning_rate': 9.163588873403768e-06, 'epoch': 1.05}
{'loss': 0.2204, 'learning_rate': 9.157348061512728e-06, 'epoch': 1.05}
{'loss': 0.2306, 'learning_rate': 9.151086195112995e-06, 'epoch': 1.05}
{'loss': 0.2292, 'learning_rate': 9.144803305917224e-06, 'epoch': 1.05}
{'loss': 0.2187, 'learning_rate': 9.138499425744527e-06, 'epoch': 1.06}
{'loss': 0.2195, 'learning_rate': 9.132174586520332e-06, 'epoch': 1.06}
{'loss': 0.2116, 'learning_rate': 9.125828820276203e-06, 'epoch': 1.06}
{'loss': 0.2325, 'learning_rate': 9.119462159149699e-06, 'epoch': 1.06}
{'loss': 0.2457, 'learning_rate': 9.113074635384188e-06, 'epoch': 1.06}
{'loss': 0.2413, 'learning_rate': 9.106666281328697e-06, 'epoch': 1.06}
{'loss': 0.2587, 'learning_rate': 9.100237129437755e-06, 'epoch': 1.07}
{'loss': 0.2257, 'learning_rate': 9.09378721227121e-06, 'epoch': 1.07}
{'loss': 0.2444, 'learning_rate': 9.087316562494078e-06, 'epoch': 1.07}
{'loss': 0.2316, 'learning_rate': 9.080825212876369e-06, 'epoch': 1.07}
{'loss': 0.2227, 'learning_rate': 9.074313196292932e-06, 'epoch': 1.07}
{'loss': 0.2642, 'learning_rate': 9.067780545723279e-06, 'epoch': 1.07}
{'loss': 0.2279, 'learning_rate': 9.06122729425142e-06, 'epoch': 1.08}
{'loss': 0.1998, 'learning_rate': 9.054653475065697e-06, 'epoch': 1.08}
{'loss': 0.2348, 'learning_rate': 9.048059121458618e-06, 'epoch': 1.08}
{'loss': 0.2281, 'learning_rate': 9.04144426682668e-06, 'epoch': 1.08}
{'loss': 0.2286, 'learning_rate': 9.034808944670209e-06, 'epoch': 1.08}
{'loss': 0.2537, 'learning_rate': 9.028153188593188e-06, 'epoch': 1.08}
{'loss': 0.2652, 'learning_rate': 9.021477032303082e-06, 'epoch': 1.09}
{'loss': 0.231, 'learning_rate': 9.014780509610677e-06, 'epoch': 1.09}
{'loss': 0.2506, 'learning_rate': 9.008063654429898e-06, 'epoch': 1.09}
{'loss': 0.2295, 'learning_rate': 9.001326500777641e-06, 'epoch': 1.09}
{'loss': 0.2509, 'learning_rate': 8.994569082773607e-06, 'epoch': 1.09}
{'loss': 0.2097, 'learning_rate': 8.987791434640118e-06, 'epoch': 1.09}
{'loss': 0.2138, 'learning_rate': 8.980993590701955e-06, 'epoch': 1.1}
{'loss': 0.2257, 'learning_rate': 8.974175585386175e-06, 'epoch': 1.1}
{'loss': 0.2356, 'learning_rate': 8.967337453221942e-06, 'epoch': 1.1}
{'loss': 0.2361, 'learning_rate': 8.96047922884035e-06, 'epoch': 1.1}
{'loss': 0.243, 'learning_rate': 8.95360094697425e-06, 'epoch': 1.1}
{'loss': 0.236, 'learning_rate': 8.946702642458069e-06, 'epoch': 1.11}
{'loss': 0.2647, 'learning_rate': 8.93978435022764e-06, 'epoch': 1.11}
{'loss': 0.2009, 'learning_rate': 8.932846105320022e-06, 'epoch': 1.11}
{'loss': 0.2256, 'learning_rate': 8.925887942873317e-06, 'epoch': 1.11}
{'loss': 0.2312, 'learning_rate': 8.918909898126505e-06, 'epoch': 1.11}
{'loss': 0.1886, 'learning_rate': 8.911912006419256e-06, 'epoch': 1.11}
{'loss': 0.2396, 'learning_rate': 8.904894303191749e-06, 'epoch': 1.12}
{'loss': 0.2708, 'learning_rate': 8.8978568239845e-06, 'epoch': 1.12}
{'loss': 0.2756, 'learning_rate': 8.89079960443818e-06, 'epoch': 1.12}
{'loss': 0.2259, 'learning_rate': 8.88372268029343e-06, 'epoch': 1.12}
{'loss': 0.2172, 'learning_rate': 8.876626087390685e-06, 'epoch': 1.12}
{'loss': 0.2424, 'learning_rate': 8.86950986166999e-06, 'epoch': 1.12}
{'loss': 0.2434, 'learning_rate': 8.862374039170817e-06, 'epoch': 1.13}
{'loss': 0.2356, 'learning_rate': 8.855218656031889e-06, 'epoch': 1.13}
{'loss': 0.2263, 'learning_rate': 8.848043748490986e-06, 'epoch': 1.13}
{'loss': 0.2144, 'learning_rate': 8.840849352884774e-06, 'epoch': 1.13}
{'loss': 0.2357, 'learning_rate': 8.833635505648609e-06, 'epoch': 1.13}
{'loss': 0.2383, 'learning_rate': 8.826402243316358e-06, 'epoch': 1.13}
{'loss': 0.2329, 'learning_rate': 8.819149602520218e-06, 'epoch': 1.14}
{'loss': 0.2451, 'learning_rate': 8.811877619990524e-06, 'epoch': 1.14}
{'loss': 0.2018, 'learning_rate': 8.804586332555568e-06, 'epoch': 1.14}
{'loss': 0.2319, 'learning_rate': 8.797275777141404e-06, 'epoch': 1.14}
{'loss': 0.2495, 'learning_rate': 8.789945990771672e-06, 'epoch': 1.14}
{'loss': 0.2354, 'learning_rate': 8.782597010567405e-06, 'epoch': 1.14}
{'loss': 0.2136, 'learning_rate': 8.77522887374684e-06, 'epoch': 1.15}
{'loss': 0.2314, 'learning_rate': 8.767841617625232e-06, 'epoch': 1.15}
{'loss': 0.2087, 'learning_rate': 8.760435279614664e-06, 'epoch': 1.15}
{'loss': 0.2432, 'learning_rate': 8.753009897223853e-06, 'epoch': 1.15}
{'loss': 0.2344, 'learning_rate': 8.745565508057972e-06, 'epoch': 1.15}
{'loss': 0.2131, 'learning_rate': 8.738102149818448e-06, 'epoch': 1.15}
{'loss': 0.2447, 'learning_rate': 8.730619860302777e-06, 'epoch': 1.16}
{'loss': 0.2268, 'learning_rate': 8.723118677404324e-06, 'epoch': 1.16}
{'loss': 0.2388, 'learning_rate': 8.715598639112149e-06, 'epoch': 1.16}
{'loss': 0.2363, 'learning_rate': 8.708059783510794e-06, 'epoch': 1.16}
{'loss': 0.2448, 'learning_rate': 8.700502148780105e-06, 'epoch': 1.16}
{'loss': 0.2201, 'learning_rate': 8.692925773195031e-06, 'epoch': 1.17}
{'loss': 0.2257, 'learning_rate': 8.685330695125432e-06, 'epoch': 1.17}
{'loss': 0.2696, 'learning_rate': 8.677716953035884e-06, 'epoch': 1.17}
{'loss': 0.2292, 'learning_rate': 8.67008458548549e-06, 'epoch': 1.17}
{'loss': 0.2184, 'learning_rate': 8.662433631127675e-06, 'epoch': 1.17}
{'loss': 0.2249, 'learning_rate': 8.654764128709997e-06, 'epoch': 1.17}
{'loss': 0.2314, 'learning_rate': 8.64707611707395e-06, 'epoch': 1.18}
{'loss': 0.206, 'learning_rate': 8.639369635154765e-06, 'epoch': 1.18}
{'loss': 0.2412, 'learning_rate': 8.631644721981212e-06, 'epoch': 1.18}
{'loss': 0.2624, 'learning_rate': 8.623901416675409e-06, 'epoch': 1.18}
{'loss': 0.2168, 'learning_rate': 8.616139758452617e-06, 'epoch': 1.18}
{'loss': 0.1966, 'learning_rate': 8.608359786621041e-06, 'epoch': 1.18}
{'loss': 0.2438, 'learning_rate': 8.600561540581638e-06, 'epoch': 1.19}
{'loss': 0.2568, 'learning_rate': 8.592745059827912e-06, 'epoch': 1.19}
{'loss': 0.2606, 'learning_rate': 8.584910383945715e-06, 'epoch': 1.19}
{'loss': 0.2197, 'learning_rate': 8.577057552613042e-06, 'epoch': 1.19}
{'loss': 0.2554, 'learning_rate': 8.56918660559984e-06, 'epoch': 1.19}
{'loss': 0.2411, 'learning_rate': 8.561297582767803e-06, 'epoch': 1.19}
{'loss': 0.2415, 'learning_rate': 8.55339052407016e-06, 'epoch': 1.2}
{'loss': 0.2334, 'learning_rate': 8.545465469551488e-06, 'epoch': 1.2}
{'loss': 0.2417, 'learning_rate': 8.5375224593475e-06, 'epoch': 1.2}
{'loss': 0.2314, 'learning_rate': 8.529561533684847e-06, 'epoch': 1.2}
{'loss': 0.2311, 'learning_rate': 8.521582732880903e-06, 'epoch': 1.2}
{'loss': 0.2417, 'learning_rate': 8.513586097343579e-06, 'epoch': 1.2}
{'loss': 0.236, 'learning_rate': 8.505571667571099e-06, 'epoch': 1.21}
{'loss': 0.2462, 'learning_rate': 8.497539484151813e-06, 'epoch': 1.21}
{'loss': 0.2535, 'learning_rate': 8.489489587763977e-06, 'epoch': 1.21}
{'loss': 0.2358, 'learning_rate': 8.481422019175554e-06, 'epoch': 1.21}
{'loss': 0.2387, 'learning_rate': 8.473336819244008e-06, 'epoch': 1.21}
{'loss': 0.2399, 'learning_rate': 8.465234028916092e-06, 'epoch': 1.22}
{'loss': 0.2182, 'learning_rate': 8.457113689227648e-06, 'epoch': 1.22}
{'loss': 0.2363, 'learning_rate': 8.448975841303391e-06, 'epoch': 1.22}
{'loss': 0.2181, 'learning_rate': 8.440820526356707e-06, 'epoch': 1.22}
{'loss': 0.2232, 'learning_rate': 8.432647785689445e-06, 'epoch': 1.22}
{'loss': 0.2337, 'learning_rate': 8.424457660691699e-06, 'epoch': 1.22}
{'loss': 0.2206, 'learning_rate': 8.416250192841608e-06, 'epoch': 1.23}
{'loss': 0.2483, 'learning_rate': 8.408025423705142e-06, 'epoch': 1.23}
{'loss': 0.2306, 'learning_rate': 8.39978339493589e-06, 'epoch': 1.23}
{'loss': 0.2285, 'learning_rate': 8.391524148274854e-06, 'epoch': 1.23}
{'loss': 0.2247, 'learning_rate': 8.383247725550233e-06, 'epoch': 1.23}
{'loss': 0.2257, 'learning_rate': 8.37495416867721e-06, 'epoch': 1.23}
{'loss': 0.2257, 'learning_rate': 8.366643519657747e-06, 'epoch': 1.24}
{'loss': 0.2341, 'learning_rate': 8.358315820580363e-06, 'epoch': 1.24}
{'loss': 0.217, 'learning_rate': 8.34997111361993e-06, 'epoch': 1.24}
{'loss': 0.2413, 'learning_rate': 8.341609441037448e-06, 'epoch': 1.24}
{'loss': 0.2683, 'learning_rate': 8.333230845179848e-06, 'epoch': 1.24}
{'loss': 0.2246, 'learning_rate': 8.324835368479758e-06, 'epoch': 1.24}
{'loss': 0.2343, 'learning_rate': 8.316423053455304e-06, 'epoch': 1.25}
{'loss': 0.2263, 'learning_rate': 8.307993942709884e-06, 'epoch': 1.25}
{'loss': 0.2395, 'learning_rate': 8.299548078931957e-06, 'epoch': 1.25}
{'loss': 0.2302, 'learning_rate': 8.291085504894827e-06, 'epoch': 1.25}
{'loss': 0.2261, 'learning_rate': 8.282606263456426e-06, 'epoch': 1.25}
{'loss': 0.2583, 'learning_rate': 8.274110397559098e-06, 'epoch': 1.25}
{'loss': 0.2312, 'learning_rate': 8.265597950229374e-06, 'epoch': 1.26}
{'loss': 0.2049, 'learning_rate': 8.257068964577768e-06, 'epoch': 1.26}
{'loss': 0.2385, 'learning_rate': 8.248523483798545e-06, 'epoch': 1.26}
{'loss': 0.2215, 'learning_rate': 8.239961551169511e-06, 'epoch': 1.26}
{'loss': 0.2386, 'learning_rate': 8.231383210051791e-06, 'epoch': 1.26}
{'loss': 0.2689, 'learning_rate': 8.222788503889606e-06, 'epoch': 1.26}
{'loss': 0.246, 'learning_rate': 8.21417747621006e-06, 'epoch': 1.27}
{'loss': 0.2391, 'learning_rate': 8.205550170622913e-06, 'epoch': 1.27}
{'loss': 0.2586, 'learning_rate': 8.196906630820368e-06, 'epoch': 1.27}
{'loss': 0.2246, 'learning_rate': 8.188246900576837e-06, 'epoch': 1.27}
{'loss': 0.2175, 'learning_rate': 8.179571023748733e-06, 'epoch': 1.27}
{'loss': 0.2065, 'learning_rate': 8.17087904427424e-06, 'epoch': 1.28}
{'loss': 0.233, 'learning_rate': 8.162171006173092e-06, 'epoch': 1.28}
{'loss': 0.2062, 'learning_rate': 8.15344695354635e-06, 'epoch': 1.28}
{'loss': 0.2045, 'learning_rate': 8.144706930576184e-06, 'epoch': 1.28}
{'loss': 0.2576, 'learning_rate': 8.135950981525636e-06, 'epoch': 1.28}
{'loss': 0.2269, 'learning_rate': 8.127179150738407e-06, 'epoch': 1.28}
{'loss': 0.2306, 'learning_rate': 8.118391482638635e-06, 'epoch': 1.29}
{'loss': 0.202, 'learning_rate': 8.10958802173066e-06, 'epoch': 1.29}
{'loss': 0.2172, 'learning_rate': 8.100768812598803e-06, 'epoch': 1.29}
{'loss': 0.2372, 'learning_rate': 8.09193389990714e-06, 'epoch': 1.29}
{'loss': 0.2584, 'learning_rate': 8.083083328399282e-06, 'epoch': 1.29}
{'loss': 0.2304, 'learning_rate': 8.074217142898134e-06, 'epoch': 1.29}
{'loss': 0.2588, 'learning_rate': 8.065335388305681e-06, 'epoch': 1.3}
{'loss': 0.2292, 'learning_rate': 8.056438109602759e-06, 'epoch': 1.3}
{'loss': 0.2047, 'learning_rate': 8.04752535184882e-06, 'epoch': 1.3}
{'loss': 0.2311, 'learning_rate': 8.038597160181707e-06, 'epoch': 1.3}
{'loss': 0.2438, 'learning_rate': 8.029653579817434e-06, 'epoch': 1.3}
{'loss': 0.2322, 'learning_rate': 8.020694656049941e-06, 'epoch': 1.3}
{'loss': 0.2432, 'learning_rate': 8.011720434250883e-06, 'epoch': 1.31}
{'loss': 0.1886, 'learning_rate': 8.002730959869378e-06, 'epoch': 1.31}
{'loss': 0.2494, 'learning_rate': 7.993726278431799e-06, 'epoch': 1.31}
{'loss': 0.2525, 'learning_rate': 7.984706435541534e-06, 'epoch': 1.31}
{'loss': 0.2231, 'learning_rate': 7.975671476878746e-06, 'epoch': 1.31}
{'loss': 0.2147, 'learning_rate': 7.966621448200159e-06, 'epoch': 1.31}
{'loss': 0.2409, 'learning_rate': 7.957556395338816e-06, 'epoch': 1.32}
{'loss': 0.2457, 'learning_rate': 7.948476364203845e-06, 'epoch': 1.32}
{'loss': 0.2572, 'learning_rate': 7.939381400780233e-06, 'epoch': 1.32}
{'loss': 0.2109, 'learning_rate': 7.93027155112859e-06, 'epoch': 1.32}
{'loss': 0.2207, 'learning_rate': 7.921146861384918e-06, 'epoch': 1.32}
{'loss': 0.2057, 'learning_rate': 7.91200737776037e-06, 'epoch': 1.33}
{'loss': 0.2215, 'learning_rate': 7.902853146541023e-06, 'epoch': 1.33}
{'loss': 0.2048, 'learning_rate': 7.893684214087645e-06, 'epoch': 1.33}
{'loss': 0.2305, 'learning_rate': 7.884500626835456e-06, 'epoch': 1.33}
{'loss': 0.2199, 'learning_rate': 7.875302431293892e-06, 'epoch': 1.33}
{'loss': 0.2071, 'learning_rate': 7.866089674046374e-06, 'epoch': 1.33}
{'loss': 0.2243, 'learning_rate': 7.856862401750063e-06, 'epoch': 1.34}
{'loss': 0.1904, 'learning_rate': 7.847620661135638e-06, 'epoch': 1.34}
{'loss': 0.2182, 'learning_rate': 7.83836449900705e-06, 'epoch': 1.34}
{'loss': 0.2205, 'learning_rate': 7.829093962241283e-06, 'epoch': 1.34}
{'loss': 0.2123, 'learning_rate': 7.81980909778812e-06, 'epoch': 1.34}
{'loss': 0.1824, 'learning_rate': 7.81050995266991e-06, 'epoch': 1.34}
{'loss': 0.2089, 'learning_rate': 7.80119657398132e-06, 'epoch': 1.35}
{'loss': 0.2297, 'learning_rate': 7.791869008889109e-06, 'epoch': 1.35}
{'loss': 0.2074, 'learning_rate': 7.782527304631868e-06, 'epoch': 1.35}
{'loss': 0.2191, 'learning_rate': 7.773171508519807e-06, 'epoch': 1.35}
{'loss': 0.2374, 'learning_rate': 7.763801667934503e-06, 'epoch': 1.35}
{'loss': 0.2068, 'learning_rate': 7.75441783032865e-06, 'epoch': 1.35}
{'loss': 0.233, 'learning_rate': 7.745020043225839e-06, 'epoch': 1.36}
{'loss': 0.2086, 'learning_rate': 7.7356083542203e-06, 'epoch': 1.36}
{'loss': 0.2216, 'learning_rate': 7.726182810976669e-06, 'epoch': 1.36}
{'loss': 0.2555, 'learning_rate': 7.71674346122975e-06, 'epoch': 1.36}
{'loss': 0.228, 'learning_rate': 7.707290352784265e-06, 'epoch': 1.36}
{'loss': 0.2314, 'learning_rate': 7.697823533514614e-06, 'epoch': 1.36}
{'loss': 0.2055, 'learning_rate': 7.68834305136464e-06, 'epoch': 1.37}
{'loss': 0.2232, 'learning_rate': 7.678848954347376e-06, 'epoch': 1.37}
{'loss': 0.2087, 'learning_rate': 7.669341290544807e-06, 'epoch': 1.37}
{'loss': 0.2381, 'learning_rate': 7.659820108107625e-06, 'epoch': 1.37}
{'loss': 0.2294, 'learning_rate': 7.650285455254987e-06, 'epoch': 1.37}
{'loss': 0.2505, 'learning_rate': 7.640737380274272e-06, 'epoch': 1.37}
{'loss': 0.245, 'learning_rate': 7.631175931520829e-06, 'epoch': 1.38}
{'loss': 0.2186, 'learning_rate': 7.6216011574177396e-06, 'epoch': 1.38}
{'loss': 0.2215, 'learning_rate': 7.612013106455573e-06, 'epoch': 1.38}
{'loss': 0.23, 'learning_rate': 7.602411827192134e-06, 'epoch': 1.38}
{'loss': 0.2249, 'learning_rate': 7.592797368252224e-06, 'epoch': 1.38}
{'loss': 0.2173, 'learning_rate': 7.583169778327388e-06, 'epoch': 1.39}
{'loss': 0.2558, 'learning_rate': 7.573529106175676e-06, 'epoch': 1.39}
{'loss': 0.2504, 'learning_rate': 7.563875400621389e-06, 'epoch': 1.39}
{'loss': 0.2279, 'learning_rate': 7.5542087105548354e-06, 'epoch': 1.39}
{'loss': 0.2216, 'learning_rate': 7.5445290849320805e-06, 'epoch': 1.39}
{'loss': 0.2057, 'learning_rate': 7.534836572774704e-06, 'epoch': 1.39}
{'loss': 0.2504, 'learning_rate': 7.525131223169545e-06, 'epoch': 1.4}
{'loss': 0.1923, 'learning_rate': 7.5154130852684595e-06, 'epoch': 1.4}
{'loss': 0.2011, 'learning_rate': 7.5056822082880656e-06, 'epoch': 1.4}
{'loss': 0.2432, 'learning_rate': 7.4959386415095e-06, 'epoch': 1.4}
{'loss': 0.2329, 'learning_rate': 7.486182434278166e-06, 'epoch': 1.4}
{'loss': 0.2225, 'learning_rate': 7.47641363600348e-06, 'epoch': 1.4}
{'loss': 0.232, 'learning_rate': 7.4666322961586265e-06, 'epoch': 1.41}
{'loss': 0.251, 'learning_rate': 7.456838464280308e-06, 'epoch': 1.41}
{'loss': 0.249, 'learning_rate': 7.447032189968488e-06, 'epoch': 1.41}
{'loss': 0.2221, 'learning_rate': 7.437213522886147e-06, 'epoch': 1.41}
{'loss': 0.1973, 'learning_rate': 7.427382512759021e-06, 'epoch': 1.41}
{'loss': 0.2159, 'learning_rate': 7.417539209375365e-06, 'epoch': 1.41}
{'loss': 0.217, 'learning_rate': 7.4076836625856865e-06, 'epoch': 1.42}
{'loss': 0.2416, 'learning_rate': 7.397815922302498e-06, 'epoch': 1.42}
{'loss': 0.2238, 'learning_rate': 7.387936038500072e-06, 'epoch': 1.42}
{'loss': 0.2357, 'learning_rate': 7.378044061214171e-06, 'epoch': 1.42}
{'loss': 0.2315, 'learning_rate': 7.368140040541812e-06, 'epoch': 1.42}
{'loss': 0.2205, 'learning_rate': 7.358224026640996e-06, 'epoch': 1.42}
{'loss': 0.1944, 'learning_rate': 7.348296069730474e-06, 'epoch': 1.43}
{'loss': 0.2094, 'learning_rate': 7.338356220089471e-06, 'epoch': 1.43}
{'loss': 0.2331, 'learning_rate': 7.328404528057447e-06, 'epoch': 1.43}
{'loss': 0.2036, 'learning_rate': 7.3184410440338325e-06, 'epoch': 1.43}
{'loss': 0.2426, 'learning_rate': 7.308465818477783e-06, 'epoch': 1.43}
{'loss': 0.2047, 'learning_rate': 7.298478901907916e-06, 'epoch': 1.44}
{'loss': 0.241, 'learning_rate': 7.288480344902055e-06, 'epoch': 1.44}
{'loss': 0.2154, 'learning_rate': 7.278470198096976e-06, 'epoch': 1.44}
{'loss': 0.2334, 'learning_rate': 7.268448512188151e-06, 'epoch': 1.44}
{'loss': 0.2252, 'learning_rate': 7.258415337929493e-06, 'epoch': 1.44}
{'loss': 0.1858, 'learning_rate': 7.248370726133092e-06, 'epoch': 1.44}
{'loss': 0.2169, 'learning_rate': 7.238314727668967e-06, 'epoch': 1.45}
{'loss': 0.2235, 'learning_rate': 7.2282473934648025e-06, 'epoch': 1.45}
{'loss': 0.2185, 'learning_rate': 7.218168774505687e-06, 'epoch': 1.45}
{'loss': 0.2317, 'learning_rate': 7.208078921833866e-06, 'epoch': 1.45}
{'loss': 0.213, 'learning_rate': 7.197977886548476e-06, 'epoch': 1.45}
{'loss': 0.2291, 'learning_rate': 7.187865719805284e-06, 'epoch': 1.45}
{'loss': 0.2318, 'learning_rate': 7.177742472816433e-06, 'epoch': 1.46}
{'loss': 0.2179, 'learning_rate': 7.16760819685018e-06, 'epoch': 1.46}
{'loss': 0.2456, 'learning_rate': 7.157462943230638e-06, 'epoch': 1.46}
{'loss': 0.2528, 'learning_rate': 7.147306763337518e-06, 'epoch': 1.46}
{'loss': 0.1883, 'learning_rate': 7.13713970860586e-06, 'epoch': 1.46}
{'loss': 0.2478, 'learning_rate': 7.126961830525785e-06, 'epoch': 1.46}
{'loss': 0.2399, 'learning_rate': 7.116773180642221e-06, 'epoch': 1.47}
{'loss': 0.1787, 'learning_rate': 7.106573810554657e-06, 'epoch': 1.47}
{'loss': 0.2134, 'learning_rate': 7.096363771916865e-06, 'epoch': 1.47}
{'loss': 0.2689, 'learning_rate': 7.086143116436655e-06, 'epoch': 1.47}
{'loss': 0.2059, 'learning_rate': 7.0759118958755965e-06, 'epoch': 1.47}
{'loss': 0.2561, 'learning_rate': 7.065670162048773e-06, 'epoch': 1.47}
{'loss': 0.2179, 'learning_rate': 7.055417966824507e-06, 'epoch': 1.48}
{'loss': 0.2356, 'learning_rate': 7.0451553621241034e-06, 'epoch': 1.48}
{'loss': 0.2097, 'learning_rate': 7.034882399921583e-06, 'epoch': 1.48}
{'loss': 0.2142, 'learning_rate': 7.024599132243422e-06, 'epoch': 1.48}
{'loss': 0.227, 'learning_rate': 7.01430561116829e-06, 'epoch': 1.48}
{'loss': 0.201, 'learning_rate': 7.004001888826782e-06, 'epoch': 1.48}
{'loss': 0.251, 'learning_rate': 6.993688017401155e-06, 'epoch': 1.49}
{'loss': 0.2227, 'learning_rate': 6.98336404912507e-06, 'epoch': 1.49}
{'loss': 0.2107, 'learning_rate': 6.973030036283315e-06, 'epoch': 1.49}
{'loss': 0.2357, 'learning_rate': 6.962686031211554e-06, 'epoch': 1.49}
{'loss': 0.216, 'learning_rate': 6.952332086296054e-06, 'epoch': 1.49}
{'loss': 0.2529, 'learning_rate': 6.941968253973421e-06, 'epoch': 1.5}
{'loss': 0.2343, 'learning_rate': 6.931594586730336e-06, 'epoch': 1.5}
{'loss': 0.2217, 'learning_rate': 6.9212111371032855e-06, 'epoch': 1.5}
{'loss': 0.1974, 'learning_rate': 6.9108179576782995e-06, 'epoch': 1.5}
{'loss': 0.2135, 'learning_rate': 6.900415101090686e-06, 'epoch': 1.5}
{'loss': 0.2013, 'learning_rate': 6.890002620024759e-06, 'epoch': 1.5}
{'loss': 0.2165, 'learning_rate': 6.879580567213575e-06, 'epoch': 1.51}
{'loss': 0.2351, 'learning_rate': 6.869148995438666e-06, 'epoch': 1.51}
{'loss': 0.1896, 'learning_rate': 6.858707957529773e-06, 'epoch': 1.51}
{'loss': 0.2134, 'learning_rate': 6.848257506364577e-06, 'epoch': 1.51}
{'loss': 0.2019, 'learning_rate': 6.837797694868431e-06, 'epoch': 1.51}
{'loss': 0.2005, 'learning_rate': 6.827328576014094e-06, 'epoch': 1.51}
{'loss': 0.2321, 'learning_rate': 6.816850202821458e-06, 'epoch': 1.52}
{'loss': 0.245, 'learning_rate': 6.8063626283572846e-06, 'epoch': 1.52}
{'loss': 0.2449, 'learning_rate': 6.795865905734937e-06, 'epoch': 1.52}
{'loss': 0.2057, 'learning_rate': 6.785360088114105e-06, 'epoch': 1.52}
{'loss': 0.2072, 'learning_rate': 6.7748452287005395e-06, 'epoch': 1.52}
{'loss': 0.217, 'learning_rate': 6.764321380745784e-06, 'epoch': 1.52}
{'loss': 0.2024, 'learning_rate': 6.753788597546905e-06, 'epoch': 1.53}
{'loss': 0.2049, 'learning_rate': 6.743246932446215e-06, 'epoch': 1.53}
{'loss': 0.2088, 'learning_rate': 6.732696438831015e-06, 'epoch': 1.53}
{'loss': 0.2049, 'learning_rate': 6.7221371701333115e-06, 'epoch': 1.53}
{'loss': 0.1903, 'learning_rate': 6.7115691798295565e-06, 'epoch': 1.53}
{'loss': 0.2421, 'learning_rate': 6.700992521440369e-06, 'epoch': 1.53}
{'loss': 0.1935, 'learning_rate': 6.690407248530266e-06, 'epoch': 1.54}
{'loss': 0.2275, 'learning_rate': 6.679813414707396e-06, 'epoch': 1.54}
{'loss': 0.1709, 'learning_rate': 6.6692110736232564e-06, 'epoch': 1.54}
{'loss': 0.21, 'learning_rate': 6.658600278972437e-06, 'epoch': 1.54}
{'loss': 0.2004, 'learning_rate': 6.647981084492335e-06, 'epoch': 1.54}
{'loss': 0.1926, 'learning_rate': 6.637353543962886e-06, 'epoch': 1.55}
{'loss': 0.2196, 'learning_rate': 6.6267177112063e-06, 'epoch': 1.55}
{'loss': 0.2106, 'learning_rate': 6.616073640086775e-06, 'epoch': 1.55}
{'loss': 0.2538, 'learning_rate': 6.605421384510237e-06, 'epoch': 1.55}
{'loss': 0.2273, 'learning_rate': 6.594760998424059e-06, 'epoch': 1.55}
{'loss': 0.2073, 'learning_rate': 6.58409253581679e-06, 'epoch': 1.55}
{'loss': 0.2028, 'learning_rate': 6.573416050717883e-06, 'epoch': 1.56}
{'loss': 0.2166, 'learning_rate': 6.562731597197419e-06, 'epoch': 1.56}
{'loss': 0.2154, 'learning_rate': 6.552039229365834e-06, 'epoch': 1.56}
{'loss': 0.2284, 'learning_rate': 6.541339001373648e-06, 'epoch': 1.56}
{'loss': 0.207, 'learning_rate': 6.530630967411185e-06, 'epoch': 1.56}
{'loss': 0.2023, 'learning_rate': 6.5199151817083024e-06, 'epoch': 1.56}
{'loss': 0.2352, 'learning_rate': 6.5091916985341166e-06, 'epoch': 1.57}
{'loss': 0.2642, 'learning_rate': 6.498460572196725e-06, 'epoch': 1.57}
{'loss': 0.2015, 'learning_rate': 6.487721857042937e-06, 'epoch': 1.57}
{'loss': 0.2241, 'learning_rate': 6.47697560745799e-06, 'epoch': 1.57}
{'loss': 0.2277, 'learning_rate': 6.4662218778652845e-06, 'epoch': 1.57}
{'loss': 0.2147, 'learning_rate': 6.455460722726096e-06, 'epoch': 1.57}
{'loss': 0.2432, 'learning_rate': 6.444692196539311e-06, 'epoch': 1.58}
{'loss': 0.2162, 'learning_rate': 6.433916353841147e-06, 'epoch': 1.58}
{'loss': 0.2071, 'learning_rate': 6.4231332492048695e-06, 'epoch': 1.58}
{'loss': 0.2268, 'learning_rate': 6.412342937240526e-06, 'epoch': 1.58}
{'loss': 0.2307, 'learning_rate': 6.401545472594666e-06, 'epoch': 1.58}
{'loss': 0.2283, 'learning_rate': 6.3907409099500564e-06, 'epoch': 1.58}
{'loss': 0.2165, 'learning_rate': 6.379929304025419e-06, 'epoch': 1.59}
{'loss': 0.2047, 'learning_rate': 6.369110709575139e-06, 'epoch': 1.59}
{'loss': 0.2357, 'learning_rate': 6.3582851813890025e-06, 'epoch': 1.59}
{'loss': 0.2073, 'learning_rate': 6.347452774291903e-06, 'epoch': 1.59}
{'loss': 0.2201, 'learning_rate': 6.336613543143574e-06, 'epoch': 1.59}
{'loss': 0.1873, 'learning_rate': 6.32576754283831e-06, 'epoch': 1.59}
{'loss': 0.179, 'learning_rate': 6.314914828304689e-06, 'epoch': 1.6}
{'loss': 0.2172, 'learning_rate': 6.304055454505286e-06, 'epoch': 1.6}
{'loss': 0.2109, 'learning_rate': 6.293189476436411e-06, 'epoch': 1.6}
{'loss': 0.2166, 'learning_rate': 6.28231694912781e-06, 'epoch': 1.6}
{'loss': 0.192, 'learning_rate': 6.2714379276424066e-06, 'epoch': 1.6}
{'loss': 0.2045, 'learning_rate': 6.260552467076006e-06, 'epoch': 1.61}
{'loss': 0.2143, 'learning_rate': 6.249660622557028e-06, 'epoch': 1.61}
{'loss': 0.2054, 'learning_rate': 6.2387624492462206e-06, 'epoch': 1.61}
{'loss': 0.1967, 'learning_rate': 6.227858002336387e-06, 'epoch': 1.61}
{'loss': 0.2201, 'learning_rate': 6.216947337052101e-06, 'epoch': 1.61}
{'loss': 0.2142, 'learning_rate': 6.206030508649426e-06, 'epoch': 1.61}
{'loss': 0.2151, 'learning_rate': 6.195107572415641e-06, 'epoch': 1.62}
{'loss': 0.2266, 'learning_rate': 6.184178583668955e-06, 'epoch': 1.62}
{'loss': 0.211, 'learning_rate': 6.173243597758236e-06, 'epoch': 1.62}
{'loss': 0.1914, 'learning_rate': 6.162302670062714e-06, 'epoch': 1.62}
{'loss': 0.1956, 'learning_rate': 6.151355855991718e-06, 'epoch': 1.62}
{'loss': 0.1976, 'learning_rate': 6.1404032109843845e-06, 'epoch': 1.62}
{'loss': 0.2044, 'learning_rate': 6.129444790509382e-06, 'epoch': 1.63}
{'loss': 0.2316, 'learning_rate': 6.11848065006463e-06, 'epoch': 1.63}
{'loss': 0.2296, 'learning_rate': 6.107510845177012e-06, 'epoch': 1.63}
{'loss': 0.2097, 'learning_rate': 6.0965354314021e-06, 'epoch': 1.63}
{'loss': 0.2109, 'learning_rate': 6.085554464323875e-06, 'epoch': 1.63}
{'loss': 0.1991, 'learning_rate': 6.074567999554437e-06, 'epoch': 1.63}
{'loss': 0.2276, 'learning_rate': 6.063576092733732e-06, 'epoch': 1.64}
{'loss': 0.2225, 'learning_rate': 6.052578799529266e-06, 'epoch': 1.64}
{'loss': 0.205, 'learning_rate': 6.041576175635825e-06, 'epoch': 1.64}
{'loss': 0.2375, 'learning_rate': 6.0305682767751885e-06, 'epoch': 1.64}
{'loss': 0.1967, 'learning_rate': 6.019555158695852e-06, 'epoch': 1.64}
{'loss': 0.2379, 'learning_rate': 6.008536877172747e-06, 'epoch': 1.64}
{'loss': 0.2097, 'learning_rate': 5.997513488006949e-06, 'epoch': 1.65}
{'loss': 0.2086, 'learning_rate': 5.986485047025404e-06, 'epoch': 1.65}
{'loss': 0.2134, 'learning_rate': 5.975451610080643e-06, 'epoch': 1.65}
{'loss': 0.2322, 'learning_rate': 5.964413233050494e-06, 'epoch': 1.65}
{'loss': 0.2079, 'learning_rate': 5.953369971837811e-06, 'epoch': 1.65}
{'loss': 0.2407, 'learning_rate': 5.942321882370179e-06, 'epoch': 1.65}
{'loss': 0.2223, 'learning_rate': 5.9312690205996325e-06, 'epoch': 1.66}
{'loss': 0.1986, 'learning_rate': 5.9202114425023815e-06, 'epoch': 1.66}
{'loss': 0.2171, 'learning_rate': 5.909149204078517e-06, 'epoch': 1.66}
{'loss': 0.206, 'learning_rate': 5.898082361351733e-06, 'epoch': 1.66}
{'loss': 0.2428, 'learning_rate': 5.8870109703690416e-06, 'epoch': 1.66}
{'loss': 0.2352, 'learning_rate': 5.8759350872004875e-06, 'epoch': 1.67}
{'loss': 0.1987, 'learning_rate': 5.864854767938868e-06, 'epoch': 1.67}
{'loss': 0.2272, 'learning_rate': 5.853770068699446e-06, 'epoch': 1.67}
{'loss': 0.2032, 'learning_rate': 5.8426810456196645e-06, 'epoch': 1.67}
{'loss': 0.2179, 'learning_rate': 5.83158775485887e-06, 'epoch': 1.67}
{'loss': 0.1808, 'learning_rate': 5.820490252598012e-06, 'epoch': 1.67}
{'loss': 0.2058, 'learning_rate': 5.80938859503938e-06, 'epoch': 1.68}
{'loss': 0.2015, 'learning_rate': 5.7982828384063e-06, 'epoch': 1.68}
{'loss': 0.2139, 'learning_rate': 5.787173038942861e-06, 'epoch': 1.68}
{'loss': 0.2479, 'learning_rate': 5.776059252913624e-06, 'epoch': 1.68}
{'loss': 0.2108, 'learning_rate': 5.764941536603344e-06, 'epoch': 1.68}
{'loss': 0.1956, 'learning_rate': 5.753819946316673e-06, 'epoch': 1.68}
{'loss': 0.2241, 'learning_rate': 5.742694538377889e-06, 'epoch': 1.69}
{'loss': 0.2187, 'learning_rate': 5.731565369130602e-06, 'epoch': 1.69}
{'loss': 0.2188, 'learning_rate': 5.720432494937471e-06, 'epoch': 1.69}
{'loss': 0.1972, 'learning_rate': 5.70929597217992e-06, 'epoch': 1.69}
{'loss': 0.2567, 'learning_rate': 5.698155857257846e-06, 'epoch': 1.69}
{'loss': 0.2067, 'learning_rate': 5.687012206589344e-06, 'epoch': 1.69}
{'loss': 0.2098, 'learning_rate': 5.675865076610411e-06, 'epoch': 1.7}
{'loss': 0.2211, 'learning_rate': 5.664714523774667e-06, 'epoch': 1.7}
{'loss': 0.2131, 'learning_rate': 5.653560604553065e-06, 'epoch': 1.7}
{'loss': 0.24, 'learning_rate': 5.642403375433609e-06, 'epoch': 1.7}
{'loss': 0.2092, 'learning_rate': 5.631242892921065e-06, 'epoch': 1.7}
{'loss': 0.211, 'learning_rate': 5.620079213536673e-06, 'epoch': 1.7}
{'loss': 0.2214, 'learning_rate': 5.608912393817868e-06, 'epoch': 1.71}
{'loss': 0.1962, 'learning_rate': 5.597742490317983e-06, 'epoch': 1.71}
{'loss': 0.2154, 'learning_rate': 5.586569559605975e-06, 'epoch': 1.71}
{'loss': 0.2278, 'learning_rate': 5.575393658266127e-06, 'epoch': 1.71}
{'loss': 0.2059, 'learning_rate': 5.56421484289777e-06, 'epoch': 1.71}
{'loss': 0.1974, 'learning_rate': 5.553033170114989e-06, 'epoch': 1.72}
{'loss': 0.2054, 'learning_rate': 5.541848696546341e-06, 'epoch': 1.72}
{'loss': 0.229, 'learning_rate': 5.5306614788345744e-06, 'epoch': 1.72}
{'loss': 0.2049, 'learning_rate': 5.519471573636324e-06, 'epoch': 1.72}
{'loss': 0.2016, 'learning_rate': 5.508279037621841e-06, 'epoch': 1.72}
{'loss': 0.2345, 'learning_rate': 5.4970839274747e-06, 'epoch': 1.72}
{'loss': 0.1943, 'learning_rate': 5.485886299891512e-06, 'epoch': 1.73}
{'loss': 0.2245, 'learning_rate': 5.474686211581637e-06, 'epoch': 1.73}
{'loss': 0.2479, 'learning_rate': 5.463483719266897e-06, 'epoch': 1.73}
{'loss': 0.2214, 'learning_rate': 5.452278879681288e-06, 'epoch': 1.73}
{'loss': 0.2105, 'learning_rate': 5.441071749570695e-06, 'epoch': 1.73}
{'loss': 0.2295, 'learning_rate': 5.429862385692602e-06, 'epoch': 1.73}
{'loss': 0.2083, 'learning_rate': 5.418650844815806e-06, 'epoch': 1.74}
{'loss': 0.2028, 'learning_rate': 5.4074371837201305e-06, 'epoch': 1.74}
{'loss': 0.2082, 'learning_rate': 5.396221459196137e-06, 'epoch': 1.74}
{'loss': 0.2005, 'learning_rate': 5.385003728044832e-06, 'epoch': 1.74}
{'loss': 0.22, 'learning_rate': 5.37378404707739e-06, 'epoch': 1.74}
{'loss': 0.2102, 'learning_rate': 5.362562473114858e-06, 'epoch': 1.74}
{'loss': 0.1969, 'learning_rate': 5.35133906298787e-06, 'epoch': 1.75}
{'loss': 0.2022, 'learning_rate': 5.34011387353636e-06, 'epoch': 1.75}
{'loss': 0.1978, 'learning_rate': 5.328886961609272e-06, 'epoch': 1.75}
{'loss': 0.23, 'learning_rate': 5.317658384064273e-06, 'epoch': 1.75}
{'loss': 0.1943, 'learning_rate': 5.3064281977674655e-06, 'epoch': 1.75}
{'loss': 0.2133, 'learning_rate': 5.295196459593104e-06, 'epoch': 1.75}
{'loss': 0.1961, 'learning_rate': 5.283963226423293e-06, 'epoch': 1.76}
{'loss': 0.224, 'learning_rate': 5.272728555147717e-06, 'epoch': 1.76}
{'loss': 0.1855, 'learning_rate': 5.261492502663339e-06, 'epoch': 1.76}
{'loss': 0.2227, 'learning_rate': 5.250255125874119e-06, 'epoch': 1.76}
{'loss': 0.2094, 'learning_rate': 5.239016481690722e-06, 'epoch': 1.76}
{'loss': 0.2004, 'learning_rate': 5.227776627030233e-06, 'epoch': 1.76}
{'loss': 0.2297, 'learning_rate': 5.216535618815867e-06, 'epoch': 1.77}
{'loss': 0.224, 'learning_rate': 5.205293513976683e-06, 'epoch': 1.77}
{'loss': 0.233, 'learning_rate': 5.194050369447289e-06, 'epoch': 1.77}
{'loss': 0.1968, 'learning_rate': 5.182806242167562e-06, 'epoch': 1.77}
{'loss': 0.2377, 'learning_rate': 5.171561189082356e-06, 'epoch': 1.77}
{'loss': 0.2298, 'learning_rate': 5.160315267141215e-06, 'epoch': 1.78}
{'loss': 0.202, 'learning_rate': 5.1490685332980765e-06, 'epoch': 1.78}
{'loss': 0.1977, 'learning_rate': 5.137821044510998e-06, 'epoch': 1.78}
{'loss': 0.2025, 'learning_rate': 5.126572857741855e-06, 'epoch': 1.78}
{'loss': 0.1907, 'learning_rate': 5.115324029956061e-06, 'epoch': 1.78}
{'loss': 0.2057, 'learning_rate': 5.1040746181222735e-06, 'epoch': 1.78}
{'loss': 0.2154, 'learning_rate': 5.092824679212111e-06, 'epoch': 1.79}
{'loss': 0.2021, 'learning_rate': 5.081574270199856e-06, 'epoch': 1.79}
{'loss': 0.2423, 'learning_rate': 5.070323448062179e-06, 'epoch': 1.79}
{'loss': 0.2016, 'learning_rate': 5.059072269777835e-06, 'epoch': 1.79}
{'loss': 0.2339, 'learning_rate': 5.0478207923273895e-06, 'epoch': 1.79}
{'loss': 0.2103, 'learning_rate': 5.0365690726929185e-06, 'epoch': 1.79}
{'loss': 0.2109, 'learning_rate': 5.025317167857726e-06, 'epoch': 1.8}
{'loss': 0.225, 'learning_rate': 5.014065134806055e-06, 'epoch': 1.8}
{'loss': 0.2073, 'learning_rate': 5.002813030522796e-06, 'epoch': 1.8}
{'loss': 0.2366, 'learning_rate': 4.991560911993202e-06, 'epoch': 1.8}
{'loss': 0.208, 'learning_rate': 4.980308836202594e-06, 'epoch': 1.8}
{'loss': 0.1906, 'learning_rate': 4.969056860136086e-06, 'epoch': 1.8}
{'loss': 0.2025, 'learning_rate': 4.957805040778275e-06, 'epoch': 1.81}
{'loss': 0.2209, 'learning_rate': 4.946553435112974e-06, 'epoch': 1.81}
{'loss': 0.1873, 'learning_rate': 4.935302100122907e-06, 'epoch': 1.81}
{'loss': 0.2173, 'learning_rate': 4.924051092789432e-06, 'epoch': 1.81}
{'loss': 0.2451, 'learning_rate': 4.912800470092246e-06, 'epoch': 1.81}
{'loss': 0.2333, 'learning_rate': 4.901550289009096e-06, 'epoch': 1.81}
{'loss': 0.2209, 'learning_rate': 4.890300606515495e-06, 'epoch': 1.82}
{'loss': 0.1933, 'learning_rate': 4.879051479584432e-06, 'epoch': 1.82}
{'loss': 0.2179, 'learning_rate': 4.867802965186076e-06, 'epoch': 1.82}
{'loss': 0.2214, 'learning_rate': 4.856555120287504e-06, 'epoch': 1.82}
{'loss': 0.2082, 'learning_rate': 4.845308001852392e-06, 'epoch': 1.82}
{'loss': 0.208, 'learning_rate': 4.834061666840746e-06, 'epoch': 1.83}
{'loss': 0.1735, 'learning_rate': 4.822816172208596e-06, 'epoch': 1.83}
{'loss': 0.1952, 'learning_rate': 4.811571574907725e-06, 'epoch': 1.83}
{'loss': 0.2177, 'learning_rate': 4.800327931885361e-06, 'epoch': 1.83}
{'loss': 0.1963, 'learning_rate': 4.7890853000839105e-06, 'epoch': 1.83}
{'loss': 0.2132, 'learning_rate': 4.777843736440649e-06, 'epoch': 1.83}
{'loss': 0.2339, 'learning_rate': 4.766603297887448e-06, 'epoch': 1.84}
{'loss': 0.2057, 'learning_rate': 4.75536404135048e-06, 'epoch': 1.84}
{'loss': 0.2009, 'learning_rate': 4.744126023749932e-06, 'epoch': 1.84}
{'loss': 0.2172, 'learning_rate': 4.73288930199971e-06, 'epoch': 1.84}
{'loss': 0.2203, 'learning_rate': 4.72165393300717e-06, 'epoch': 1.84}
{'loss': 0.2157, 'learning_rate': 4.710419973672803e-06, 'epoch': 1.84}
{'loss': 0.2201, 'learning_rate': 4.6991874808899734e-06, 'epoch': 1.85}
{'loss': 0.2205, 'learning_rate': 4.6879565115446085e-06, 'epoch': 1.85}
{'loss': 0.2113, 'learning_rate': 4.676727122514928e-06, 'epoch': 1.85}
{'loss': 0.2284, 'learning_rate': 4.665499370671141e-06, 'epoch': 1.85}
{'loss': 0.2123, 'learning_rate': 4.654273312875172e-06, 'epoch': 1.85}
{'loss': 0.1907, 'learning_rate': 4.643049005980363e-06, 'epoch': 1.85}
{'loss': 0.2051, 'learning_rate': 4.631826506831184e-06, 'epoch': 1.86}
{'loss': 0.2005, 'learning_rate': 4.620605872262962e-06, 'epoch': 1.86}
{'loss': 0.2353, 'learning_rate': 4.609387159101567e-06, 'epoch': 1.86}
{'loss': 0.1761, 'learning_rate': 4.59817042416315e-06, 'epoch': 1.86}
{'loss': 0.2017, 'learning_rate': 4.586955724253834e-06, 'epoch': 1.86}
{'loss': 0.2212, 'learning_rate': 4.575743116169444e-06, 'epoch': 1.86}
{'loss': 0.2529, 'learning_rate': 4.564532656695204e-06, 'epoch': 1.87}
{'loss': 0.2104, 'learning_rate': 4.553324402605462e-06, 'epoch': 1.87}
{'loss': 0.2058, 'learning_rate': 4.542118410663393e-06, 'epoch': 1.87}
{'loss': 0.1832, 'learning_rate': 4.53091473762072e-06, 'epoch': 1.87}
{'loss': 0.2106, 'learning_rate': 4.519713440217416e-06, 'epoch': 1.87}
{'loss': 0.1864, 'learning_rate': 4.50851457518143e-06, 'epoch': 1.87}
{'loss': 0.2139, 'learning_rate': 4.497318199228385e-06, 'epoch': 1.88}
{'loss': 0.2205, 'learning_rate': 4.486124369061306e-06, 'epoch': 1.88}
{'loss': 0.2078, 'learning_rate': 4.474933141370318e-06, 'epoch': 1.88}
{'loss': 0.2077, 'learning_rate': 4.463744572832371e-06, 'epoch': 1.88}
{'loss': 0.2365, 'learning_rate': 4.452558720110944e-06, 'epoch': 1.88}
{'loss': 0.1685, 'learning_rate': 4.441375639855769e-06, 'epoch': 1.89}
{'loss': 0.1886, 'learning_rate': 4.430195388702526e-06, 'epoch': 1.89}
{'loss': 0.2105, 'learning_rate': 4.419018023272579e-06, 'epoch': 1.89}
{'loss': 0.1822, 'learning_rate': 4.407843600172668e-06, 'epoch': 1.89}
{'loss': 0.204, 'learning_rate': 4.396672175994638e-06, 'epoch': 1.89}
{'loss': 0.2047, 'learning_rate': 4.3855038073151426e-06, 'epoch': 1.89}
{'loss': 0.1907, 'learning_rate': 4.374338550695366e-06, 'epoch': 1.9}
{'loss': 0.2154, 'learning_rate': 4.363176462680723e-06, 'epoch': 1.9}
{'loss': 0.1947, 'learning_rate': 4.352017599800592e-06, 'epoch': 1.9}
{'loss': 0.2075, 'learning_rate': 4.340862018568007e-06, 'epoch': 1.9}
{'loss': 0.2123, 'learning_rate': 4.329709775479393e-06, 'epoch': 1.9}
{'loss': 0.2004, 'learning_rate': 4.3185609270142605e-06, 'epoch': 1.9}
{'loss': 0.2194, 'learning_rate': 4.307415529634936e-06, 'epoch': 1.91}
{'loss': 0.2442, 'learning_rate': 4.296273639786259e-06, 'epoch': 1.91}
{'loss': 0.1781, 'learning_rate': 4.285135313895317e-06, 'epoch': 1.91}
{'loss': 0.2106, 'learning_rate': 4.2740006083711365e-06, 'epoch': 1.91}
{'loss': 0.2101, 'learning_rate': 4.262869579604417e-06, 'epoch': 1.91}
{'loss': 0.2067, 'learning_rate': 4.2517422839672325e-06, 'epoch': 1.91}
{'loss': 0.2268, 'learning_rate': 4.240618777812758e-06, 'epoch': 1.92}
{'loss': 0.221, 'learning_rate': 4.229499117474965e-06, 'epoch': 1.92}
{'loss': 0.2026, 'learning_rate': 4.21838335926836e-06, 'epoch': 1.92}
{'loss': 0.207, 'learning_rate': 4.2072715594876845e-06, 'epoch': 1.92}
{'loss': 0.2282, 'learning_rate': 4.196163774407626e-06, 'epoch': 1.92}
{'loss': 0.2156, 'learning_rate': 4.185060060282551e-06, 'epoch': 1.92}
{'loss': 0.1944, 'learning_rate': 4.173960473346198e-06, 'epoch': 1.93}
{'loss': 0.2245, 'learning_rate': 4.162865069811413e-06, 'epoch': 1.93}
{'loss': 0.1968, 'learning_rate': 4.151773905869851e-06, 'epoch': 1.93}
{'loss': 0.2151, 'learning_rate': 4.140687037691694e-06, 'epoch': 1.93}
{'loss': 0.2096, 'learning_rate': 4.1296045214253715e-06, 'epoch': 1.93}
{'loss': 0.2349, 'learning_rate': 4.118526413197276e-06, 'epoch': 1.94}
{'loss': 0.195, 'learning_rate': 4.107452769111467e-06, 'epoch': 1.94}
{'loss': 0.2246, 'learning_rate': 4.0963836452494065e-06, 'epoch': 1.94}
{'loss': 0.2178, 'learning_rate': 4.085319097669655e-06, 'epoch': 1.94}
{'loss': 0.255, 'learning_rate': 4.074259182407605e-06, 'epoch': 1.94}
{'loss': 0.2112, 'learning_rate': 4.06320395547518e-06, 'epoch': 1.94}
{'loss': 0.2062, 'learning_rate': 4.05215347286057e-06, 'epoch': 1.95}
{'loss': 0.2119, 'learning_rate': 4.0411077905279275e-06, 'epoch': 1.95}
{'loss': 0.2058, 'learning_rate': 4.030066964417105e-06, 'epoch': 1.95}
{'loss': 0.232, 'learning_rate': 4.019031050443351e-06, 'epoch': 1.95}
{'loss': 0.2196, 'learning_rate': 4.008000104497045e-06, 'epoch': 1.95}
{'loss': 0.2184, 'learning_rate': 3.996974182443399e-06, 'epoch': 1.95}
{'loss': 0.2167, 'learning_rate': 3.98595334012219e-06, 'epoch': 1.96}
{'loss': 0.2229, 'learning_rate': 3.974937633347461e-06, 'epoch': 1.96}
{'loss': 0.208, 'learning_rate': 3.963927117907255e-06, 'epoch': 1.96}
{'loss': 0.2242, 'learning_rate': 3.952921849563316e-06, 'epoch': 1.96}
{'loss': 0.2142, 'learning_rate': 3.941921884050821e-06, 'epoch': 1.96}
{'loss': 0.2222, 'learning_rate': 3.930927277078084e-06, 'epoch': 1.96}
{'loss': 0.2323, 'learning_rate': 3.9199380843262915e-06, 'epoch': 1.97}
{'loss': 0.2059, 'learning_rate': 3.9089543614491995e-06, 'epoch': 1.97}
{'loss': 0.1864, 'learning_rate': 3.8979761640728695e-06, 'epoch': 1.97}
{'loss': 0.1938, 'learning_rate': 3.887003547795376e-06, 'epoch': 1.97}
{'loss': 0.1616, 'learning_rate': 3.876036568186532e-06, 'epoch': 1.97}
{'loss': 0.2102, 'learning_rate': 3.865075280787597e-06, 'epoch': 1.97}
{'loss': 0.2151, 'learning_rate': 3.8541197411110126e-06, 'epoch': 1.98}
{'loss': 0.2151, 'learning_rate': 3.843170004640102e-06, 'epoch': 1.98}
{'loss': 0.2194, 'learning_rate': 3.832226126828809e-06, 'epoch': 1.98}
{'loss': 0.2151, 'learning_rate': 3.821288163101395e-06, 'epoch': 1.98}
{'loss': 0.1975, 'learning_rate': 3.8103561688521785e-06, 'epoch': 1.98}
{'loss': 0.1905, 'learning_rate': 3.799430199445246e-06, 'epoch': 1.98}
{'loss': 0.2178, 'learning_rate': 3.788510310214166e-06, 'epoch': 1.99}
{'loss': 0.1952, 'learning_rate': 3.7775965564617196e-06, 'epoch': 1.99}
{'loss': 0.2309, 'learning_rate': 3.766688993459613e-06, 'epoch': 1.99}
{'loss': 0.2249, 'learning_rate': 3.7557876764482014e-06, 'epoch': 1.99}
{'loss': 0.2282, 'learning_rate': 3.7448926606362047e-06, 'epoch': 1.99}
{'loss': 0.2066, 'learning_rate': 3.7340040012004365e-06, 'epoch': 2.0}
{'loss': 0.174, 'learning_rate': 3.7231217532855124e-06, 'epoch': 2.0}
{'loss': 0.2097, 'learning_rate': 3.7122459720035835e-06, 'epoch': 2.0}
{'eval_loss': 0.21464470028877258, 'eval_runtime': 637.4118, 'eval_samples_per_second': 19.262, 'eval_steps_per_second': 1.205, 'epoch': 2.0}
{'loss': 0.1949, 'learning_rate': 3.701376712434046e-06, 'epoch': 2.0}
{'loss': 0.2269, 'learning_rate': 3.6905140296232727e-06, 'epoch': 2.0}
{'loss': 0.2283, 'learning_rate': 3.6796579785843235e-06, 'epoch': 2.0}
{'loss': 0.2112, 'learning_rate': 3.6688086142966784e-06, 'epoch': 2.01}
{'loss': 0.2071, 'learning_rate': 3.6579659917059464e-06, 'epoch': 2.01}
{'loss': 0.1964, 'learning_rate': 3.6471301657235993e-06, 'epoch': 2.01}
{'loss': 0.2214, 'learning_rate': 3.6363011912266842e-06, 'epoch': 2.01}
{'loss': 0.2052, 'learning_rate': 3.625479123057554e-06, 'epoch': 2.01}
{'loss': 0.2138, 'learning_rate': 3.614664016023577e-06, 'epoch': 2.01}
{'loss': 0.1991, 'learning_rate': 3.6038559248968793e-06, 'epoch': 2.02}
{'loss': 0.2091, 'learning_rate': 3.5930549044140427e-06, 'epoch': 2.02}
{'loss': 0.1949, 'learning_rate': 3.5822610092758527e-06, 'epoch': 2.02}
{'loss': 0.1822, 'learning_rate': 3.5714742941469976e-06, 'epoch': 2.02}
{'loss': 0.2382, 'learning_rate': 3.5606948136558138e-06, 'epoch': 2.02}
{'loss': 0.1906, 'learning_rate': 3.5499226223939887e-06, 'epoch': 2.02}
{'loss': 0.2144, 'learning_rate': 3.5391577749163036e-06, 'epoch': 2.03}
{'loss': 0.2366, 'learning_rate': 3.52840032574034e-06, 'epoch': 2.03}
{'loss': 0.2201, 'learning_rate': 3.5176503293462145e-06, 'epoch': 2.03}
{'loss': 0.2148, 'learning_rate': 3.506907840176301e-06, 'epoch': 2.03}
{'loss': 0.1901, 'learning_rate': 3.496172912634953e-06, 'epoch': 2.03}
{'loss': 0.1863, 'learning_rate': 3.4854456010882247e-06, 'epoch': 2.03}
{'loss': 0.19, 'learning_rate': 3.4747259598636083e-06, 'epoch': 2.04}
{'loss': 0.2089, 'learning_rate': 3.4640140432497426e-06, 'epoch': 2.04}
{'loss': 0.1987, 'learning_rate': 3.4533099054961507e-06, 'epoch': 2.04}
{'loss': 0.1976, 'learning_rate': 3.4426136008129548e-06, 'epoch': 2.04}
{'loss': 0.1962, 'learning_rate': 3.431925183370615e-06, 'epoch': 2.04}
{'loss': 0.192, 'learning_rate': 3.4212447072996396e-06, 'epoch': 2.05}
{'loss': 0.2141, 'learning_rate': 3.4105722266903253e-06, 'epoch': 2.05}
{'loss': 0.2047, 'learning_rate': 3.399907795592471e-06, 'epoch': 2.05}
{'loss': 0.1876, 'learning_rate': 3.3892514680151102e-06, 'epoch': 2.05}
{'loss': 0.2254, 'learning_rate': 3.378603297926243e-06, 'epoch': 2.05}
{'loss': 0.2006, 'learning_rate': 3.3679633392525474e-06, 'epoch': 2.05}
{'loss': 0.2146, 'learning_rate': 3.357331645879124e-06, 'epoch': 2.06}
{'loss': 0.2317, 'learning_rate': 3.3467082716492072e-06, 'epoch': 2.06}
{'loss': 0.2193, 'learning_rate': 3.3360932703639066e-06, 'epoch': 2.06}
{'loss': 0.2053, 'learning_rate': 3.325486695781921e-06, 'epoch': 2.06}
{'loss': 0.1995, 'learning_rate': 3.31488860161928e-06, 'epoch': 2.06}
{'loss': 0.2233, 'learning_rate': 3.3042990415490587e-06, 'epoch': 2.06}
{'loss': 0.1813, 'learning_rate': 3.2937180692011162e-06, 'epoch': 2.07}
{'loss': 0.2122, 'learning_rate': 3.2831457381618172e-06, 'epoch': 2.07}
{'loss': 0.193, 'learning_rate': 3.272582101973766e-06, 'epoch': 2.07}
{'loss': 0.2235, 'learning_rate': 3.262027214135528e-06, 'epoch': 2.07}
{'loss': 0.2138, 'learning_rate': 3.2514811281013715e-06, 'epoch': 2.07}
{'loss': 0.1804, 'learning_rate': 3.2409438972809783e-06, 'epoch': 2.07}
{'loss': 0.1991, 'learning_rate': 3.230415575039193e-06, 'epoch': 2.08}
{'loss': 0.221, 'learning_rate': 3.219896214695738e-06, 'epoch': 2.08}
{'loss': 0.2167, 'learning_rate': 3.2093858695249525e-06, 'epoch': 2.08}
{'loss': 0.1931, 'learning_rate': 3.1988845927555153e-06, 'epoch': 2.08}
{'loss': 0.2049, 'learning_rate': 3.1883924375701843e-06, 'epoch': 2.08}
{'loss': 0.1897, 'learning_rate': 3.1779094571055157e-06, 'epoch': 2.08}
{'loss': 0.2016, 'learning_rate': 3.167435704451607e-06, 'epoch': 2.09}
{'loss': 0.1974, 'learning_rate': 3.1569712326518175e-06, 'epoch': 2.09}
{'loss': 0.2092, 'learning_rate': 3.1465160947025092e-06, 'epoch': 2.09}
{'loss': 0.2329, 'learning_rate': 3.136070343552768e-06, 'epoch': 2.09}
{'loss': 0.193, 'learning_rate': 3.1256340321041478e-06, 'epoch': 2.09}
{'loss': 0.2428, 'learning_rate': 3.1152072132103895e-06, 'epoch': 2.09}
{'loss': 0.2155, 'learning_rate': 3.1047899396771664e-06, 'epoch': 2.1}
{'loss': 0.2045, 'learning_rate': 3.0943822642618026e-06, 'epoch': 2.1}
{'loss': 0.2045, 'learning_rate': 3.083984239673021e-06, 'epoch': 2.1}
{'loss': 0.2143, 'learning_rate': 3.0735959185706634e-06, 'epoch': 2.1}
{'loss': 0.2085, 'learning_rate': 3.0632173535654325e-06, 'epoch': 2.1}
{'loss': 0.1723, 'learning_rate': 3.0528485972186194e-06, 'epoch': 2.11}
{'loss': 0.1921, 'learning_rate': 3.042489702041841e-06, 'epoch': 2.11}
{'loss': 0.2194, 'learning_rate': 3.032140720496775e-06, 'epoch': 2.11}
{'loss': 0.2153, 'learning_rate': 3.0218017049948917e-06, 'epoch': 2.11}
{'loss': 0.1881, 'learning_rate': 3.011472707897185e-06, 'epoch': 2.11}
{'loss': 0.1894, 'learning_rate': 3.0011537815139204e-06, 'epoch': 2.11}
{'loss': 0.1838, 'learning_rate': 2.990844978104351e-06, 'epoch': 2.12}
{'loss': 0.2057, 'learning_rate': 2.9805463498764703e-06, 'epoch': 2.12}
{'loss': 0.2092, 'learning_rate': 2.97025794898674e-06, 'epoch': 2.12}
{'loss': 0.1905, 'learning_rate': 2.9599798275398224e-06, 'epoch': 2.12}
{'loss': 0.2331, 'learning_rate': 2.9497120375883227e-06, 'epoch': 2.12}
{'loss': 0.1766, 'learning_rate': 2.9394546311325232e-06, 'epoch': 2.12}
{'loss': 0.1931, 'learning_rate': 2.9292076601201225e-06, 'epoch': 2.13}
{'loss': 0.2097, 'learning_rate': 2.9189711764459615e-06, 'epoch': 2.13}
{'loss': 0.1871, 'learning_rate': 2.9087452319517805e-06, 'epoch': 2.13}
{'loss': 0.1593, 'learning_rate': 2.8985298784259365e-06, 'epoch': 2.13}
{'loss': 0.1601, 'learning_rate': 2.8883251676031534e-06, 'epoch': 2.13}
{'loss': 0.197, 'learning_rate': 2.878131151164254e-06, 'epoch': 2.13}
{'loss': 0.2107, 'learning_rate': 2.867947880735904e-06, 'epoch': 2.14}
{'loss': 0.2378, 'learning_rate': 2.8577754078903386e-06, 'epoch': 2.14}
{'loss': 0.1873, 'learning_rate': 2.8476137841451222e-06, 'epoch': 2.14}
{'loss': 0.1798, 'learning_rate': 2.837463060962862e-06, 'epoch': 2.14}
{'loss': 0.2237, 'learning_rate': 2.827323289750972e-06, 'epoch': 2.14}
{'loss': 0.208, 'learning_rate': 2.8171945218613887e-06, 'epoch': 2.14}
{'loss': 0.1996, 'learning_rate': 2.807076808590338e-06, 'epoch': 2.15}
{'loss': 0.211, 'learning_rate': 2.796970201178044e-06, 'epoch': 2.15}
{'loss': 0.2068, 'learning_rate': 2.7868747508085027e-06, 'epoch': 2.15}
{'loss': 0.2162, 'learning_rate': 2.776790508609193e-06, 'epoch': 2.15}
{'loss': 0.1779, 'learning_rate': 2.766717525650838e-06, 'epoch': 2.15}
{'loss': 0.2172, 'learning_rate': 2.7566558529471376e-06, 'epoch': 2.16}
{'loss': 0.2119, 'learning_rate': 2.746605541454512e-06, 'epoch': 2.16}
{'loss': 0.1837, 'learning_rate': 2.736566642071845e-06, 'epoch': 2.16}
{'loss': 0.1961, 'learning_rate': 2.726539205640223e-06, 'epoch': 2.16}
{'loss': 0.2206, 'learning_rate': 2.716523282942678e-06, 'epoch': 2.16}
{'loss': 0.2101, 'learning_rate': 2.7065189247039363e-06, 'epoch': 2.16}
{'loss': 0.1862, 'learning_rate': 2.696526181590153e-06, 'epoch': 2.17}
{'loss': 0.2074, 'learning_rate': 2.686545104208661e-06, 'epoch': 2.17}
{'loss': 0.2003, 'learning_rate': 2.676575743107714e-06, 'epoch': 2.17}
{'loss': 0.237, 'learning_rate': 2.6666181487762267e-06, 'epoch': 2.17}
{'loss': 0.2025, 'learning_rate': 2.6566723716435262e-06, 'epoch': 2.17}
{'loss': 0.1812, 'learning_rate': 2.6467384620790887e-06, 'epoch': 2.17}
{'loss': 0.2213, 'learning_rate': 2.6368164703922903e-06, 'epoch': 2.18}
{'loss': 0.2004, 'learning_rate': 2.6269064468321524e-06, 'epoch': 2.18}
{'loss': 0.2205, 'learning_rate': 2.6170084415870757e-06, 'epoch': 2.18}
{'loss': 0.1947, 'learning_rate': 2.6071225047846095e-06, 'epoch': 2.18}
{'loss': 0.2062, 'learning_rate': 2.5972486864911674e-06, 'epoch': 2.18}
{'loss': 0.2016, 'learning_rate': 2.587387036711805e-06, 'epoch': 2.18}
{'loss': 0.2053, 'learning_rate': 2.5775376053899424e-06, 'epoch': 2.19}
{'loss': 0.2037, 'learning_rate': 2.567700442407124e-06, 'epoch': 2.19}
{'loss': 0.2074, 'learning_rate': 2.557875597582759e-06, 'epoch': 2.19}
{'loss': 0.1938, 'learning_rate': 2.5480631206738772e-06, 'epoch': 2.19}
{'loss': 0.1998, 'learning_rate': 2.5382630613748693e-06, 'epoch': 2.19}
{'loss': 0.2328, 'learning_rate': 2.528475469317234e-06, 'epoch': 2.19}
{'loss': 0.202, 'learning_rate': 2.5187003940693433e-06, 'epoch': 2.2}
{'loss': 0.1692, 'learning_rate': 2.508937885136162e-06, 'epoch': 2.2}
{'loss': 0.2667, 'learning_rate': 2.499187991959032e-06, 'epoch': 2.2}
{'loss': 0.215, 'learning_rate': 2.489450763915387e-06, 'epoch': 2.2}
{'loss': 0.1952, 'learning_rate': 2.4797262503185334e-06, 'epoch': 2.2}
{'loss': 0.2001, 'learning_rate': 2.4700145004173735e-06, 'epoch': 2.2}
{'loss': 0.2082, 'learning_rate': 2.4603155633961834e-06, 'epoch': 2.21}
{'loss': 0.1922, 'learning_rate': 2.4506294883743353e-06, 'epoch': 2.21}
{'loss': 0.1968, 'learning_rate': 2.440956324406072e-06, 'epoch': 2.21}
{'loss': 0.1923, 'learning_rate': 2.4312961204802467e-06, 'epoch': 2.21}
{'loss': 0.2248, 'learning_rate': 2.421648925520078e-06, 'epoch': 2.21}
{'loss': 0.2126, 'learning_rate': 2.412014788382902e-06, 'epoch': 2.22}
{'loss': 0.2014, 'learning_rate': 2.4023937578599237e-06, 'epoch': 2.22}
{'loss': 0.2074, 'learning_rate': 2.3927858826759713e-06, 'epoch': 2.22}
{'loss': 0.2153, 'learning_rate': 2.3831912114892504e-06, 'epoch': 2.22}
{'loss': 0.1846, 'learning_rate': 2.3736097928910935e-06, 'epoch': 2.22}
{'loss': 0.2053, 'learning_rate': 2.364041675405719e-06, 'epoch': 2.22}
{'loss': 0.1884, 'learning_rate': 2.3544869074899807e-06, 'epoch': 2.23}
{'loss': 0.2132, 'learning_rate': 2.3449455375331277e-06, 'epoch': 2.23}
{'loss': 0.2035, 'learning_rate': 2.3354176138565536e-06, 'epoch': 2.23}
{'loss': 0.2106, 'learning_rate': 2.3259031847135564e-06, 'epoch': 2.23}
{'loss': 0.1849, 'learning_rate': 2.3164022982890915e-06, 'epoch': 2.23}
{'loss': 0.1929, 'learning_rate': 2.3069150026995297e-06, 'epoch': 2.23}
{'loss': 0.2231, 'learning_rate': 2.2974413459924056e-06, 'epoch': 2.24}
{'loss': 0.201, 'learning_rate': 2.2879813761461942e-06, 'epoch': 2.24}
{'loss': 0.2124, 'learning_rate': 2.2785351410700392e-06, 'epoch': 2.24}
{'loss': 0.2, 'learning_rate': 2.2691026886035406e-06, 'epoch': 2.24}
{'loss': 0.1791, 'learning_rate': 2.259684066516483e-06, 'epoch': 2.24}
{'loss': 0.2189, 'learning_rate': 2.2502793225086243e-06, 'epoch': 2.24}
{'loss': 0.2214, 'learning_rate': 2.2408885042094207e-06, 'epoch': 2.25}
{'loss': 0.2292, 'learning_rate': 2.2315116591778204e-06, 'epoch': 2.25}
{'loss': 0.2091, 'learning_rate': 2.2221488349019903e-06, 'epoch': 2.25}
{'loss': 0.197, 'learning_rate': 2.212800078799097e-06, 'epoch': 2.25}
{'loss': 0.1855, 'learning_rate': 2.2034654382150663e-06, 'epoch': 2.25}
{'loss': 0.2007, 'learning_rate': 2.1941449604243228e-06, 'epoch': 2.25}
{'loss': 0.2274, 'learning_rate': 2.1848386926295805e-06, 'epoch': 2.26}
{'loss': 0.2202, 'learning_rate': 2.1755466819615734e-06, 'epoch': 2.26}
{'loss': 0.211, 'learning_rate': 2.166268975478847e-06, 'epoch': 2.26}
{'loss': 0.2139, 'learning_rate': 2.1570056201674875e-06, 'epoch': 2.26}
{'loss': 0.243, 'learning_rate': 2.147756662940919e-06, 'epoch': 2.26}
{'loss': 0.1707, 'learning_rate': 2.138522150639631e-06, 'epoch': 2.27}
{'loss': 0.2076, 'learning_rate': 2.1293021300309717e-06, 'epoch': 2.27}
{'loss': 0.2057, 'learning_rate': 2.120096647808888e-06, 'epoch': 2.27}
{'loss': 0.2102, 'learning_rate': 2.1109057505937026e-06, 'epoch': 2.27}
{'loss': 0.2254, 'learning_rate': 2.1017294849318726e-06, 'epoch': 2.27}
{'loss': 0.1916, 'learning_rate': 2.0925678972957564e-06, 'epoch': 2.27}
{'loss': 0.1882, 'learning_rate': 2.0834210340833757e-06, 'epoch': 2.28}
{'loss': 0.2132, 'learning_rate': 2.074288941618182e-06, 'epoch': 2.28}
{'loss': 0.1967, 'learning_rate': 2.0651716661488212e-06, 'epoch': 2.28}
{'loss': 0.213, 'learning_rate': 2.056069253848901e-06, 'epoch': 2.28}
{'loss': 0.2023, 'learning_rate': 2.0469817508167538e-06, 'epoch': 2.28}
{'loss': 0.2083, 'learning_rate': 2.037909203075209e-06, 'epoch': 2.28}
{'loss': 0.1856, 'learning_rate': 2.0288516565713522e-06, 'epoch': 2.29}
{'loss': 0.2229, 'learning_rate': 2.0198091571763e-06, 'epoch': 2.29}
{'loss': 0.2185, 'learning_rate': 2.010781750684962e-06, 'epoch': 2.29}
{'loss': 0.2208, 'learning_rate': 2.001769482815812e-06, 'epoch': 2.29}
{'loss': 0.2252, 'learning_rate': 1.9927723992106555e-06, 'epoch': 2.29}
{'loss': 0.2216, 'learning_rate': 1.9837905454344016e-06, 'epoch': 2.29}
{'loss': 0.1833, 'learning_rate': 1.9748239669748198e-06, 'epoch': 2.3}
{'loss': 0.2019, 'learning_rate': 1.965872709242334e-06, 'epoch': 2.3}
{'loss': 0.229, 'learning_rate': 1.956936817569762e-06, 'epoch': 2.3}
{'loss': 0.2079, 'learning_rate': 1.948016337212117e-06, 'epoch': 2.3}
{'loss': 0.1951, 'learning_rate': 1.9391113133463476e-06, 'epoch': 2.3}
{'loss': 0.1869, 'learning_rate': 1.9302217910711378e-06, 'epoch': 2.3}
{'loss': 0.2264, 'learning_rate': 1.9213478154066546e-06, 'epoch': 2.31}
{'loss': 0.1991, 'learning_rate': 1.9124894312943416e-06, 'epoch': 2.31}
{'loss': 0.2389, 'learning_rate': 1.9036466835966683e-06, 'epoch': 2.31}
{'loss': 0.2323, 'learning_rate': 1.894819617096923e-06, 'epoch': 2.31}
{'loss': 0.2196, 'learning_rate': 1.8860082764989767e-06, 'epoch': 2.31}
{'loss': 0.2123, 'learning_rate': 1.8772127064270562e-06, 'epoch': 2.31}
{'loss': 0.169, 'learning_rate': 1.8684329514255218e-06, 'epoch': 2.32}
{'loss': 0.1982, 'learning_rate': 1.8596690559586372e-06, 'epoch': 2.32}
{'loss': 0.201, 'learning_rate': 1.850921064410353e-06, 'epoch': 2.32}
{'loss': 0.2241, 'learning_rate': 1.842189021084066e-06, 'epoch': 2.32}
{'loss': 0.181, 'learning_rate': 1.8334729702024162e-06, 'epoch': 2.32}
{'loss': 0.1728, 'learning_rate': 1.824772955907041e-06, 'epoch': 2.33}
{'loss': 0.1905, 'learning_rate': 1.8160890222583671e-06, 'epoch': 2.33}
{'loss': 0.242, 'learning_rate': 1.8074212132353824e-06, 'epoch': 2.33}
{'loss': 0.224, 'learning_rate': 1.798769572735412e-06, 'epoch': 2.33}
{'loss': 0.2197, 'learning_rate': 1.7901341445738974e-06, 'epoch': 2.33}
{'loss': 0.2035, 'learning_rate': 1.7815149724841735e-06, 'epoch': 2.33}
{'loss': 0.2097, 'learning_rate': 1.772912100117249e-06, 'epoch': 2.34}
{'loss': 0.1676, 'learning_rate': 1.764325571041583e-06, 'epoch': 2.34}
{'loss': 0.1951, 'learning_rate': 1.7557554287428664e-06, 'epoch': 2.34}
{'loss': 0.181, 'learning_rate': 1.7472017166237998e-06, 'epoch': 2.34}
{'loss': 0.1818, 'learning_rate': 1.7386644780038753e-06, 'epoch': 2.34}
{'loss': 0.1707, 'learning_rate': 1.730143756119157e-06, 'epoch': 2.34}
{'loss': 0.1831, 'learning_rate': 1.7216395941220604e-06, 'epoch': 2.35}
{'loss': 0.2154, 'learning_rate': 1.713152035081136e-06, 'epoch': 2.35}
{'loss': 0.1914, 'learning_rate': 1.7046811219808485e-06, 'epoch': 2.35}
{'loss': 0.1895, 'learning_rate': 1.6962268977213642e-06, 'epoch': 2.35}
{'loss': 0.1788, 'learning_rate': 1.6877894051183235e-06, 'epoch': 2.35}
{'loss': 0.1929, 'learning_rate': 1.679368686902641e-06, 'epoch': 2.35}
{'loss': 0.1897, 'learning_rate': 1.670964785720267e-06, 'epoch': 2.36}
{'loss': 0.1992, 'learning_rate': 1.6625777441319969e-06, 'epoch': 2.36}
{'loss': 0.1754, 'learning_rate': 1.6542076046132277e-06, 'epoch': 2.36}
{'loss': 0.2095, 'learning_rate': 1.6458544095537716e-06, 'epoch': 2.36}
{'loss': 0.1787, 'learning_rate': 1.6375182012576135e-06, 'epoch': 2.36}
{'loss': 0.2105, 'learning_rate': 1.6291990219427245e-06, 'epoch': 2.36}
{'loss': 0.2014, 'learning_rate': 1.6208969137408209e-06, 'epoch': 2.37}
{'loss': 0.2222, 'learning_rate': 1.6126119186971723e-06, 'epoch': 2.37}
{'loss': 0.22, 'learning_rate': 1.6043440787703767e-06, 'epoch': 2.37}
{'loss': 0.2061, 'learning_rate': 1.5960934358321534e-06, 'epoch': 2.37}
{'loss': 0.2159, 'learning_rate': 1.5878600316671278e-06, 'epoch': 2.37}
{'loss': 0.2224, 'learning_rate': 1.5796439079726217e-06, 'epoch': 2.38}
{'loss': 0.2008, 'learning_rate': 1.5714451063584413e-06, 'epoch': 2.38}
{'loss': 0.196, 'learning_rate': 1.5632636683466667e-06, 'epoch': 2.38}
{'loss': 0.2213, 'learning_rate': 1.5550996353714426e-06, 'epoch': 2.38}
{'loss': 0.2204, 'learning_rate': 1.5469530487787664e-06, 'epoch': 2.38}
{'loss': 0.1856, 'learning_rate': 1.5388239498262797e-06, 'epoch': 2.38}
{'loss': 0.1859, 'learning_rate': 1.5307123796830598e-06, 'epoch': 2.39}
{'loss': 0.2132, 'learning_rate': 1.522618379429412e-06, 'epoch': 2.39}
{'loss': 0.2332, 'learning_rate': 1.5145419900566588e-06, 'epoch': 2.39}
{'loss': 0.1737, 'learning_rate': 1.5064832524669353e-06, 'epoch': 2.39}
{'loss': 0.1928, 'learning_rate': 1.498442207472981e-06, 'epoch': 2.39}
{'loss': 0.1924, 'learning_rate': 1.490418895797931e-06, 'epoch': 2.39}
{'loss': 0.1957, 'learning_rate': 1.4824133580751131e-06, 'epoch': 2.4}
{'loss': 0.2027, 'learning_rate': 1.4744256348478402e-06, 'epoch': 2.4}
{'loss': 0.2163, 'learning_rate': 1.4664557665692065e-06, 'epoch': 2.4}
{'loss': 0.1794, 'learning_rate': 1.4585037936018787e-06, 'epoch': 2.4}
{'loss': 0.1794, 'learning_rate': 1.4505697562178972e-06, 'epoch': 2.4}
{'loss': 0.1675, 'learning_rate': 1.442653694598467e-06, 'epoch': 2.4}
{'loss': 0.1997, 'learning_rate': 1.434755648833759e-06, 'epoch': 2.41}
{'loss': 0.185, 'learning_rate': 1.426875658922703e-06, 'epoch': 2.41}
{'loss': 0.2034, 'learning_rate': 1.4190137647727825e-06, 'epoch': 2.41}
{'loss': 0.2428, 'learning_rate': 1.4111700061998468e-06, 'epoch': 2.41}
{'loss': 0.1912, 'learning_rate': 1.4033444229278875e-06, 'epoch': 2.41}
{'loss': 0.1823, 'learning_rate': 1.3955370545888609e-06, 'epoch': 2.41}
{'loss': 0.2079, 'learning_rate': 1.387747940722462e-06, 'epoch': 2.42}
{'loss': 0.2078, 'learning_rate': 1.3799771207759526e-06, 'epoch': 2.42}
{'loss': 0.206, 'learning_rate': 1.3722246341039313e-06, 'epoch': 2.42}
{'loss': 0.2014, 'learning_rate': 1.3644905199681646e-06, 'epoch': 2.42}
{'loss': 0.2239, 'learning_rate': 1.3567748175373608e-06, 'epoch': 2.42}
{'loss': 0.2115, 'learning_rate': 1.3490775658869891e-06, 'epoch': 2.42}
{'loss': 0.1822, 'learning_rate': 1.3413988039990766e-06, 'epoch': 2.43}
{'loss': 0.2246, 'learning_rate': 1.3337385707620105e-06, 'epoch': 2.43}
{'loss': 0.2106, 'learning_rate': 1.3260969049703392e-06, 'epoch': 2.43}
{'loss': 0.2178, 'learning_rate': 1.3184738453245816e-06, 'epoch': 2.43}
{'loss': 0.2049, 'learning_rate': 1.3108694304310238e-06, 'epoch': 2.43}
{'loss': 0.21, 'learning_rate': 1.3032836988015295e-06, 'epoch': 2.44}
{'loss': 0.2104, 'learning_rate': 1.2957166888533424e-06, 'epoch': 2.44}
{'loss': 0.1706, 'learning_rate': 1.2881684389088916e-06, 'epoch': 2.44}
{'loss': 0.2014, 'learning_rate': 1.2806389871955976e-06, 'epoch': 2.44}
{'loss': 0.193, 'learning_rate': 1.2731283718456794e-06, 'epoch': 2.44}
{'loss': 0.1912, 'learning_rate': 1.265636630895961e-06, 'epoch': 2.44}
{'loss': 0.2013, 'learning_rate': 1.2581638022876791e-06, 'epoch': 2.45}
{'loss': 0.1923, 'learning_rate': 1.25070992386629e-06, 'epoch': 2.45}
{'loss': 0.2104, 'learning_rate': 1.2432750333812794e-06, 'epoch': 2.45}
{'loss': 0.2129, 'learning_rate': 1.2358591684859655e-06, 'epoch': 2.45}
{'loss': 0.2066, 'learning_rate': 1.2284623667373219e-06, 'epoch': 2.45}
{'loss': 0.2216, 'learning_rate': 1.2210846655957725e-06, 'epoch': 2.45}
{'loss': 0.2148, 'learning_rate': 1.213726102425009e-06, 'epoch': 2.46}
{'loss': 0.2195, 'learning_rate': 1.2063867144918012e-06, 'epoch': 2.46}
{'loss': 0.1754, 'learning_rate': 1.1990665389658073e-06, 'epoch': 2.46}
{'loss': 0.2286, 'learning_rate': 1.191765612919386e-06, 'epoch': 2.46}
{'loss': 0.2125, 'learning_rate': 1.18448397332741e-06, 'epoch': 2.46}
{'loss': 0.2083, 'learning_rate': 1.1772216570670764e-06, 'epoch': 2.46}
{'loss': 0.2013, 'learning_rate': 1.169978700917717e-06, 'epoch': 2.47}
{'loss': 0.2059, 'learning_rate': 1.1627551415606269e-06, 'epoch': 2.47}
{'loss': 0.174, 'learning_rate': 1.1555510155788552e-06, 'epoch': 2.47}
{'loss': 0.2054, 'learning_rate': 1.1483663594570432e-06, 'epoch': 2.47}
{'loss': 0.2016, 'learning_rate': 1.1412012095812196e-06, 'epoch': 2.47}
{'loss': 0.2086, 'learning_rate': 1.1340556022386356e-06, 'epoch': 2.47}
{'loss': 0.1876, 'learning_rate': 1.126929573617559e-06, 'epoch': 2.48}
{'loss': 0.2169, 'learning_rate': 1.1198231598071158e-06, 'epoch': 2.48}
{'loss': 0.2122, 'learning_rate': 1.1127363967970839e-06, 'epoch': 2.48}
{'loss': 0.2027, 'learning_rate': 1.105669320477727e-06, 'epoch': 2.48}
{'loss': 0.1961, 'learning_rate': 1.0986219666396064e-06, 'epoch': 2.48}
{'loss': 0.2214, 'learning_rate': 1.0915943709734e-06, 'epoch': 2.49}
{'loss': 0.1892, 'learning_rate': 1.0845865690697238e-06, 'epoch': 2.49}
{'loss': 0.2037, 'learning_rate': 1.0775985964189478e-06, 'epoch': 2.49}
{'loss': 0.1974, 'learning_rate': 1.0706304884110202e-06, 'epoch': 2.49}
{'loss': 0.212, 'learning_rate': 1.063682280335287e-06, 'epoch': 2.49}
{'loss': 0.2012, 'learning_rate': 1.0567540073803111e-06, 'epoch': 2.49}
{'loss': 0.1878, 'learning_rate': 1.0498457046336963e-06, 'epoch': 2.5}
{'loss': 0.2465, 'learning_rate': 1.0429574070819104e-06, 'epoch': 2.5}
{'loss': 0.1837, 'learning_rate': 1.0360891496101056e-06, 'epoch': 2.5}
{'loss': 0.1952, 'learning_rate': 1.0292409670019425e-06, 'epoch': 2.5}
{'loss': 0.2166, 'learning_rate': 1.0224128939394163e-06, 'epoch': 2.5}
{'loss': 0.2244, 'learning_rate': 1.0156049650026762e-06, 'epoch': 2.5}
{'loss': 0.2102, 'learning_rate': 1.0088172146698578e-06, 'epoch': 2.51}
{'loss': 0.1843, 'learning_rate': 1.002049677316897e-06, 'epoch': 2.51}
{'loss': 0.1736, 'learning_rate': 9.953023872173723e-07, 'epoch': 2.51}
{'loss': 0.2217, 'learning_rate': 9.885753785423114e-07, 'epoch': 2.51}
{'loss': 0.2108, 'learning_rate': 9.818686853600395e-07, 'epoch': 2.51}
{'loss': 0.1984, 'learning_rate': 9.751823416359852e-07, 'epoch': 2.51}
{'loss': 0.1964, 'learning_rate': 9.685163812325287e-07, 'epoch': 2.52}
{'loss': 0.2088, 'learning_rate': 9.618708379088115e-07, 'epoch': 2.52}
{'loss': 0.2014, 'learning_rate': 9.552457453205838e-07, 'epoch': 2.52}
{'loss': 0.2107, 'learning_rate': 9.486411370200199e-07, 'epoch': 2.52}
{'loss': 0.2199, 'learning_rate': 9.420570464555501e-07, 'epoch': 2.52}
{'loss': 0.2061, 'learning_rate': 9.354935069717036e-07, 'epoch': 2.52}
{'loss': 0.2134, 'learning_rate': 9.289505518089204e-07, 'epoch': 2.53}
{'loss': 0.1774, 'learning_rate': 9.22428214103403e-07, 'epoch': 2.53}
{'loss': 0.1918, 'learning_rate': 9.159265268869283e-07, 'epoch': 2.53}
{'loss': 0.1889, 'learning_rate': 9.094455230867011e-07, 'epoch': 2.53}
{'loss': 0.2149, 'learning_rate': 9.029852355251673e-07, 'epoch': 2.53}
{'loss': 0.2015, 'learning_rate': 8.965456969198666e-07, 'epoch': 2.53}
{'loss': 0.1911, 'learning_rate': 8.901269398832474e-07, 'epoch': 2.54}
{'loss': 0.189, 'learning_rate': 8.837289969225232e-07, 'epoch': 2.54}
{'loss': 0.2087, 'learning_rate': 8.773519004394853e-07, 'epoch': 2.54}
{'loss': 0.193, 'learning_rate': 8.709956827303572e-07, 'epoch': 2.54}
{'loss': 0.1862, 'learning_rate': 8.646603759856215e-07, 'epoch': 2.54}
{'loss': 0.1762, 'learning_rate': 8.583460122898596e-07, 'epoch': 2.55}
{'loss': 0.2081, 'learning_rate': 8.520526236215876e-07, 'epoch': 2.55}
{'loss': 0.2428, 'learning_rate': 8.457802418530969e-07, 'epoch': 2.55}
{'loss': 0.2247, 'learning_rate': 8.395288987502903e-07, 'epoch': 2.55}
{'loss': 0.1955, 'learning_rate': 8.332986259725234e-07, 'epoch': 2.55}
{'loss': 0.221, 'learning_rate': 8.270894550724417e-07, 'epoch': 2.55}
{'loss': 0.2113, 'learning_rate': 8.209014174958236e-07, 'epoch': 2.56}
{'loss': 0.2176, 'learning_rate': 8.147345445814181e-07, 'epoch': 2.56}
{'loss': 0.1951, 'learning_rate': 8.085888675607889e-07, 'epoch': 2.56}
{'loss': 0.17, 'learning_rate': 8.024644175581547e-07, 'epoch': 2.56}
{'loss': 0.2207, 'learning_rate': 7.963612255902337e-07, 'epoch': 2.56}
{'loss': 0.2094, 'learning_rate': 7.902793225660782e-07, 'epoch': 2.56}
{'loss': 0.2055, 'learning_rate': 7.842187392869344e-07, 'epoch': 2.57}
{'loss': 0.2034, 'learning_rate': 7.781795064460674e-07, 'epoch': 2.57}
{'loss': 0.2236, 'learning_rate': 7.721616546286237e-07, 'epoch': 2.57}
{'loss': 0.1913, 'learning_rate': 7.661652143114573e-07, 'epoch': 2.57}
{'loss': 0.1997, 'learning_rate': 7.60190215862997e-07, 'epoch': 2.57}
{'loss': 0.1854, 'learning_rate': 7.542366895430708e-07, 'epoch': 2.57}
{'loss': 0.2075, 'learning_rate': 7.483046655027715e-07, 'epoch': 2.58}
{'loss': 0.2076, 'learning_rate': 7.423941737842883e-07, 'epoch': 2.58}
{'loss': 0.1831, 'learning_rate': 7.365052443207693e-07, 'epoch': 2.58}
{'loss': 0.1807, 'learning_rate': 7.306379069361552e-07, 'epoch': 2.58}
{'loss': 0.191, 'learning_rate': 7.247921913450395e-07, 'epoch': 2.58}
{'loss': 0.1969, 'learning_rate': 7.189681271525173e-07, 'epoch': 2.58}
{'loss': 0.2214, 'learning_rate': 7.131657438540229e-07, 'epoch': 2.59}
{'loss': 0.1845, 'learning_rate': 7.073850708352014e-07, 'epoch': 2.59}
{'loss': 0.2238, 'learning_rate': 7.016261373717371e-07, 'epoch': 2.59}
{'loss': 0.1922, 'learning_rate': 6.958889726292251e-07, 'epoch': 2.59}
{'loss': 0.2014, 'learning_rate': 6.90173605663007e-07, 'epoch': 2.59}
{'loss': 0.2294, 'learning_rate': 6.844800654180406e-07, 'epoch': 2.6}
{'loss': 0.1782, 'learning_rate': 6.788083807287355e-07, 'epoch': 2.6}
{'loss': 0.2134, 'learning_rate': 6.731585803188206e-07, 'epoch': 2.6}
{'loss': 0.2152, 'learning_rate': 6.675306928011926e-07, 'epoch': 2.6}
{'loss': 0.1973, 'learning_rate': 6.61924746677774e-07, 'epoch': 2.6}
{'loss': 0.2071, 'learning_rate': 6.563407703393642e-07, 'epoch': 2.6}
{'loss': 0.2058, 'learning_rate': 6.507787920655012e-07, 'epoch': 2.61}
{'loss': 0.2136, 'learning_rate': 6.452388400243148e-07, 'epoch': 2.61}
{'loss': 0.2076, 'learning_rate': 6.397209422723838e-07, 'epoch': 2.61}
{'loss': 0.2111, 'learning_rate': 6.342251267545979e-07, 'epoch': 2.61}
{'loss': 0.1968, 'learning_rate': 6.287514213040108e-07, 'epoch': 2.61}
{'loss': 0.2009, 'learning_rate': 6.232998536417023e-07, 'epoch': 2.61}
{'loss': 0.1857, 'learning_rate': 6.178704513766387e-07, 'epoch': 2.62}
{'loss': 0.2036, 'learning_rate': 6.124632420055304e-07, 'epoch': 2.62}
{'loss': 0.2385, 'learning_rate': 6.070782529126945e-07, 'epoch': 2.62}
{'loss': 0.1945, 'learning_rate': 6.017155113699147e-07, 'epoch': 2.62}
{'loss': 0.2207, 'learning_rate': 5.963750445363059e-07, 'epoch': 2.62}
{'loss': 0.1915, 'learning_rate': 5.910568794581706e-07, 'epoch': 2.62}
{'loss': 0.2185, 'learning_rate': 5.857610430688732e-07, 'epoch': 2.63}
{'loss': 0.19, 'learning_rate': 5.80487562188688e-07, 'epoch': 2.63}
{'loss': 0.2276, 'learning_rate': 5.752364635246804e-07, 'epoch': 2.63}
{'loss': 0.2393, 'learning_rate': 5.700077736705545e-07, 'epoch': 2.63}
{'loss': 0.1825, 'learning_rate': 5.648015191065359e-07, 'epoch': 2.63}
{'loss': 0.2274, 'learning_rate': 5.596177261992203e-07, 'epoch': 2.63}
{'loss': 0.1945, 'learning_rate': 5.544564212014558e-07, 'epoch': 2.64}
{'loss': 0.191, 'learning_rate': 5.493176302521963e-07, 'epoch': 2.64}
{'loss': 0.2175, 'learning_rate': 5.442013793763796e-07, 'epoch': 2.64}
{'loss': 0.2541, 'learning_rate': 5.391076944847895e-07, 'epoch': 2.64}
{'loss': 0.1965, 'learning_rate': 5.340366013739268e-07, 'epoch': 2.64}
{'loss': 0.1991, 'learning_rate': 5.289881257258783e-07, 'epoch': 2.64}
{'loss': 0.1818, 'learning_rate': 5.239622931081873e-07, 'epoch': 2.65}
{'loss': 0.234, 'learning_rate': 5.189591289737223e-07, 'epoch': 2.65}
{'loss': 0.1759, 'learning_rate': 5.1397865866055e-07, 'epoch': 2.65}
{'loss': 0.2028, 'learning_rate': 5.090209073918085e-07, 'epoch': 2.65}
{'loss': 0.2261, 'learning_rate': 5.040859002755727e-07, 'epoch': 2.65}
{'loss': 0.2097, 'learning_rate': 4.991736623047349e-07, 'epoch': 2.66}
{'loss': 0.1925, 'learning_rate': 4.942842183568752e-07, 'epoch': 2.66}
{'loss': 0.193, 'learning_rate': 4.894175931941353e-07, 'epoch': 2.66}
{'loss': 0.2191, 'learning_rate': 4.845738114630916e-07, 'epoch': 2.66}
{'loss': 0.2107, 'learning_rate': 4.797528976946342e-07, 'epoch': 2.66}
{'loss': 0.2332, 'learning_rate': 4.749548763038386e-07, 'epoch': 2.66}
{'loss': 0.1843, 'learning_rate': 4.701797715898465e-07, 'epoch': 2.67}
{'loss': 0.2119, 'learning_rate': 4.6542760773573727e-07, 'epoch': 2.67}
{'loss': 0.2094, 'learning_rate': 4.6069840880841045e-07, 'epoch': 2.67}
{'loss': 0.1967, 'learning_rate': 4.5599219875846033e-07, 'epoch': 2.67}
{'loss': 0.2116, 'learning_rate': 4.5130900142005773e-07, 'epoch': 2.67}
{'loss': 0.2364, 'learning_rate': 4.466488405108266e-07, 'epoch': 2.67}
{'loss': 0.1908, 'learning_rate': 4.4201173963172525e-07, 'epoch': 2.68}
{'loss': 0.2028, 'learning_rate': 4.373977222669262e-07, 'epoch': 2.68}
{'loss': 0.1857, 'learning_rate': 4.3280681178369923e-07, 'epoch': 2.68}
{'loss': 0.2004, 'learning_rate': 4.282390314322882e-07, 'epoch': 2.68}
{'loss': 0.2352, 'learning_rate': 4.2369440434580077e-07, 'epoch': 2.68}
{'loss': 0.2251, 'learning_rate': 4.191729535400824e-07, 'epoch': 2.68}
{'loss': 0.19, 'learning_rate': 4.1467470191360937e-07, 'epoch': 2.69}
{'loss': 0.1867, 'learning_rate': 4.1019967224736277e-07, 'epoch': 2.69}
{'loss': 0.1691, 'learning_rate': 4.057478872047238e-07, 'epoch': 2.69}
{'loss': 0.2099, 'learning_rate': 4.013193693313466e-07, 'epoch': 2.69}
{'loss': 0.1947, 'learning_rate': 3.969141410550581e-07, 'epoch': 2.69}
{'loss': 0.1977, 'learning_rate': 3.9253222468573104e-07, 'epoch': 2.69}
{'loss': 0.2265, 'learning_rate': 3.881736424151805e-07, 'epoch': 2.7}
{'loss': 0.1957, 'learning_rate': 3.8383841631704835e-07, 'epoch': 2.7}
{'loss': 0.1903, 'learning_rate': 3.795265683466887e-07, 'epoch': 2.7}
{'loss': 0.2086, 'learning_rate': 3.7523812034106213e-07, 'epoch': 2.7}
{'loss': 0.2033, 'learning_rate': 3.7097309401862016e-07, 'epoch': 2.7}
{'loss': 0.2297, 'learning_rate': 3.667315109791991e-07, 'epoch': 2.71}
{'loss': 0.2168, 'learning_rate': 3.6251339270390704e-07, 'epoch': 2.71}
{'loss': 0.1985, 'learning_rate': 3.583187605550187e-07, 'epoch': 2.71}
{'loss': 0.2189, 'learning_rate': 3.5414763577586384e-07, 'epoch': 2.71}
{'loss': 0.2228, 'learning_rate': 3.500000394907227e-07, 'epoch': 2.71}
{'loss': 0.1876, 'learning_rate': 3.4587599270471674e-07, 'epoch': 2.71}
{'loss': 0.22, 'learning_rate': 3.417755163037034e-07, 'epoch': 2.72}
{'loss': 0.1766, 'learning_rate': 3.376986310541697e-07, 'epoch': 2.72}
{'loss': 0.209, 'learning_rate': 3.3364535760312845e-07, 'epoch': 2.72}
{'loss': 0.2013, 'learning_rate': 3.296157164780117e-07, 'epoch': 2.72}
{'loss': 0.1996, 'learning_rate': 3.2560972808656775e-07, 'epoch': 2.72}
{'loss': 0.198, 'learning_rate': 3.2162741271675847e-07, 'epoch': 2.72}
{'loss': 0.2246, 'learning_rate': 3.176687905366554e-07, 'epoch': 2.73}
{'loss': 0.2096, 'learning_rate': 3.137338815943386e-07, 'epoch': 2.73}
{'loss': 0.1825, 'learning_rate': 3.098227058177933e-07, 'epoch': 2.73}
{'loss': 0.226, 'learning_rate': 3.059352830148121e-07, 'epoch': 2.73}
{'loss': 0.1923, 'learning_rate': 3.020716328728912e-07, 'epoch': 2.73}
{'loss': 0.1843, 'learning_rate': 2.982317749591335e-07, 'epoch': 2.73}
{'loss': 0.2015, 'learning_rate': 2.9441572872014876e-07, 'epoch': 2.74}
{'loss': 0.1853, 'learning_rate': 2.906235134819507e-07, 'epoch': 2.74}
{'loss': 0.1982, 'learning_rate': 2.868551484498705e-07, 'epoch': 2.74}
{'loss': 0.1756, 'learning_rate': 2.831106527084443e-07, 'epoch': 2.74}
{'loss': 0.2101, 'learning_rate': 2.7939004522133105e-07, 'epoch': 2.74}
{'loss': 0.1999, 'learning_rate': 2.7569334483120323e-07, 'epoch': 2.74}
{'loss': 0.2034, 'learning_rate': 2.7202057025966565e-07, 'epoch': 2.75}
{'loss': 0.1911, 'learning_rate': 2.683717401071451e-07, 'epoch': 2.75}
{'loss': 0.1985, 'learning_rate': 2.647468728528113e-07, 'epoch': 2.75}
{'loss': 0.2124, 'learning_rate': 2.6114598685447024e-07, 'epoch': 2.75}
{'loss': 0.2033, 'learning_rate': 2.575691003484798e-07, 'epoch': 2.75}
{'loss': 0.1723, 'learning_rate': 2.540162314496547e-07, 'epoch': 2.75}
{'loss': 0.1825, 'learning_rate': 2.5048739815117463e-07, 'epoch': 2.76}
{'loss': 0.2354, 'learning_rate': 2.469826183244917e-07, 'epoch': 2.76}
{'loss': 0.2402, 'learning_rate': 2.435019097192437e-07, 'epoch': 2.76}
{'loss': 0.2125, 'learning_rate': 2.4004528996316e-07, 'epoch': 2.76}
{'loss': 0.2182, 'learning_rate': 2.3661277656197469e-07, 'epoch': 2.76}
{'loss': 0.1746, 'learning_rate': 2.332043868993389e-07, 'epoch': 2.77}
{'loss': 0.2302, 'learning_rate': 2.2982013823672877e-07, 'epoch': 2.77}
{'loss': 0.2152, 'learning_rate': 2.2646004771336216e-07, 'epoch': 2.77}
{'loss': 0.2193, 'learning_rate': 2.231241323461103e-07, 'epoch': 2.77}
{'loss': 0.2019, 'learning_rate': 2.1981240902941124e-07, 'epoch': 2.77}
{'loss': 0.2329, 'learning_rate': 2.1652489453518387e-07, 'epoch': 2.77}
{'loss': 0.2027, 'learning_rate': 2.1326160551274567e-07, 'epoch': 2.78}
{'loss': 0.1951, 'learning_rate': 2.1002255848872444e-07, 'epoch': 2.78}
{'loss': 0.2174, 'learning_rate': 2.068077698669757e-07, 'epoch': 2.78}
{'loss': 0.1906, 'learning_rate': 2.0361725592850546e-07, 'epoch': 2.78}
{'loss': 0.2164, 'learning_rate': 2.0045103283137635e-07, 'epoch': 2.78}
{'loss': 0.2079, 'learning_rate': 1.9730911661063779e-07, 'epoch': 2.78}
{'loss': 0.2192, 'learning_rate': 1.941915231782354e-07, 'epoch': 2.79}
{'loss': 0.1809, 'learning_rate': 1.910982683229362e-07, 'epoch': 2.79}
{'loss': 0.181, 'learning_rate': 1.8802936771024682e-07, 'epoch': 2.79}
{'loss': 0.2117, 'learning_rate': 1.849848368823326e-07, 'epoch': 2.79}
{'loss': 0.1958, 'learning_rate': 1.8196469125794204e-07, 'epoch': 2.79}
{'loss': 0.2379, 'learning_rate': 1.7896894613232463e-07, 'epoch': 2.79}
{'loss': 0.1916, 'learning_rate': 1.7599761667715932e-07, 'epoch': 2.8}
{'loss': 0.2279, 'learning_rate': 1.7305071794047e-07, 'epoch': 2.8}
{'loss': 0.1954, 'learning_rate': 1.7012826484655798e-07, 'epoch': 2.8}
{'loss': 0.2211, 'learning_rate': 1.6723027219591737e-07, 'epoch': 2.8}
{'loss': 0.2002, 'learning_rate': 1.6435675466516865e-07, 'epoch': 2.8}
{'loss': 0.2243, 'learning_rate': 1.6150772680697536e-07, 'epoch': 2.8}
{'loss': 0.2024, 'learning_rate': 1.5868320304998187e-07, 'epoch': 2.81}
{'loss': 0.1785, 'learning_rate': 1.5588319769872795e-07, 'epoch': 2.81}
{'loss': 0.1794, 'learning_rate': 1.531077249335844e-07, 'epoch': 2.81}
{'loss': 0.2247, 'learning_rate': 1.5035679881067965e-07, 'epoch': 2.81}
{'loss': 0.1673, 'learning_rate': 1.4763043326182669e-07, 'epoch': 2.81}
{'loss': 0.1905, 'learning_rate': 1.4492864209445456e-07, 'epoch': 2.82}
{'loss': 0.2392, 'learning_rate': 1.4225143899153803e-07, 'epoch': 2.82}
{'loss': 0.222, 'learning_rate': 1.3959883751152592e-07, 'epoch': 2.82}
{'loss': 0.2647, 'learning_rate': 1.3697085108827614e-07, 'epoch': 2.82}
{'loss': 0.2243, 'learning_rate': 1.3436749303098517e-07, 'epoch': 2.82}
{'loss': 0.2144, 'learning_rate': 1.3178877652412215e-07, 'epoch': 2.82}
{'loss': 0.1976, 'learning_rate': 1.2923471462735982e-07, 'epoch': 2.83}
{'loss': 0.2471, 'learning_rate': 1.2670532027551196e-07, 'epoch': 2.83}
{'loss': 0.2124, 'learning_rate': 1.2420060627846342e-07, 'epoch': 2.83}
{'loss': 0.193, 'learning_rate': 1.2172058532111065e-07, 'epoch': 2.83}
{'loss': 0.2023, 'learning_rate': 1.1926526996329124e-07, 'epoch': 2.83}
{'loss': 0.2078, 'learning_rate': 1.1683467263972625e-07, 'epoch': 2.83}
{'loss': 0.1977, 'learning_rate': 1.1442880565995129e-07, 'epoch': 2.84}
{'loss': 0.2257, 'learning_rate': 1.1204768120826215e-07, 'epoch': 2.84}
{'loss': 0.1781, 'learning_rate': 1.0969131134364374e-07, 'epoch': 2.84}
{'loss': 0.1865, 'learning_rate': 1.0735970799971684e-07, 'epoch': 2.84}
{'loss': 0.1633, 'learning_rate': 1.0505288298467142e-07, 'epoch': 2.84}
{'loss': 0.1819, 'learning_rate': 1.027708479812134e-07, 'epoch': 2.84}
{'loss': 0.1901, 'learning_rate': 1.005136145464991e-07, 'epoch': 2.85}
{'loss': 0.2018, 'learning_rate': 9.828119411208093e-08, 'epoch': 2.85}
{'loss': 0.1811, 'learning_rate': 9.607359798384785e-08, 'epoch': 2.85}
{'loss': 0.2122, 'learning_rate': 9.389083734196836e-08, 'epoch': 2.85}
{'loss': 0.2263, 'learning_rate': 9.173292324083427e-08, 'epoch': 2.85}
{'loss': 0.1838, 'learning_rate': 8.959986660900255e-08, 'epoch': 2.85}
{'loss': 0.1943, 'learning_rate': 8.749167824914529e-08, 'epoch': 2.86}
{'loss': 0.2017, 'learning_rate': 8.540836883798808e-08, 'epoch': 2.86}
{'loss': 0.2119, 'learning_rate': 8.334994892626124e-08, 'epoch': 2.86}
{'loss': 0.1898, 'learning_rate': 8.131642893864367e-08, 'epoch': 2.86}
{'loss': 0.2157, 'learning_rate': 7.930781917371177e-08, 'epoch': 2.86}
{'loss': 0.1579, 'learning_rate': 7.732412980388514e-08, 'epoch': 2.86}
{'loss': 0.2148, 'learning_rate': 7.536537087537765e-08, 'epoch': 2.87}
{'loss': 0.2092, 'learning_rate': 7.343155230814414e-08, 'epoch': 2.87}
{'loss': 0.2002, 'learning_rate': 7.152268389583161e-08, 'epoch': 2.87}
{'loss': 0.2241, 'learning_rate': 6.963877530572982e-08, 'epoch': 2.87}
{'loss': 0.1901, 'learning_rate': 6.777983607872074e-08, 'epoch': 2.87}
{'loss': 0.1921, 'learning_rate': 6.594587562923305e-08, 'epoch': 2.88}
{'loss': 0.2319, 'learning_rate': 6.41369032451905e-08, 'epoch': 2.88}
{'loss': 0.2174, 'learning_rate': 6.235292808796811e-08, 'epoch': 2.88}
{'loss': 0.218, 'learning_rate': 6.059395919234545e-08, 'epoch': 2.88}
{'loss': 0.186, 'learning_rate': 5.886000546645953e-08, 'epoch': 2.88}
{'loss': 0.2312, 'learning_rate': 5.715107569175926e-08, 'epoch': 2.88}
{'loss': 0.2203, 'learning_rate': 5.546717852296435e-08, 'epoch': 2.89}
{'loss': 0.2015, 'learning_rate': 5.380832248801704e-08, 'epoch': 2.89}
{'loss': 0.2093, 'learning_rate': 5.2174515988041576e-08, 'epoch': 2.89}
{'loss': 0.2204, 'learning_rate': 5.0565767297302006e-08, 'epoch': 2.89}
{'loss': 0.2055, 'learning_rate': 4.8982084563158896e-08, 'epoch': 2.89}
{'loss': 0.1899, 'learning_rate': 4.7423475806028793e-08, 'epoch': 2.89}
{'loss': 0.2249, 'learning_rate': 4.588994891934151e-08, 'epoch': 2.9}
{'loss': 0.2037, 'learning_rate': 4.438151166950566e-08, 'epoch': 2.9}
{'loss': 0.2119, 'learning_rate': 4.2898171695861524e-08, 'epoch': 2.9}
{'loss': 0.2062, 'learning_rate': 4.143993651065048e-08, 'epoch': 2.9}
{'loss': 0.2112, 'learning_rate': 4.000681349896951e-08, 'epoch': 2.9}
{'loss': 0.2098, 'learning_rate': 3.8598809918740655e-08, 'epoch': 2.9}
{'loss': 0.1908, 'learning_rate': 3.7215932900667165e-08, 'epoch': 2.91}
{'loss': 0.2148, 'learning_rate': 3.585818944820518e-08, 'epoch': 2.91}
{'loss': 0.1754, 'learning_rate': 3.4525586437520464e-08, 'epoch': 2.91}
{'loss': 0.23, 'learning_rate': 3.3218130617459485e-08, 'epoch': 2.91}
{'loss': 0.2038, 'learning_rate': 3.193582860951339e-08, 'epoch': 2.91}
{'loss': 0.1695, 'learning_rate': 3.0678686907781864e-08, 'epoch': 2.91}
{'loss': 0.1885, 'learning_rate': 2.9446711878945432e-08, 'epoch': 2.92}
{'loss': 0.196, 'learning_rate': 2.8239909762227126e-08, 'epoch': 2.92}
{'loss': 0.1576, 'learning_rate': 2.705828666936805e-08, 'epoch': 2.92}
{'loss': 0.1988, 'learning_rate': 2.5901848584587998e-08, 'epoch': 2.92}
{'loss': 0.2147, 'learning_rate': 2.4770601364563218e-08, 'epoch': 2.92}
{'loss': 0.2152, 'learning_rate': 2.366455073839147e-08, 'epoch': 2.93}
{'loss': 0.1936, 'learning_rate': 2.2583702307564237e-08, 'epoch': 2.93}
{'loss': 0.2041, 'learning_rate': 2.1528061545940116e-08, 'epoch': 2.93}
{'loss': 0.2036, 'learning_rate': 2.049763379971481e-08, 'epoch': 2.93}
{'loss': 0.2085, 'learning_rate': 1.9492424287395063e-08, 'epoch': 2.93}
{'loss': 0.2263, 'learning_rate': 1.85124380997731e-08, 'epoch': 2.93}
{'loss': 0.1737, 'learning_rate': 1.7557680199898897e-08, 'epoch': 2.94}
{'loss': 0.2033, 'learning_rate': 1.662815542305629e-08, 'epoch': 2.94}
{'loss': 0.1951, 'learning_rate': 1.5723868476739124e-08, 'epoch': 2.94}
{'loss': 0.1881, 'learning_rate': 1.4844823940624587e-08, 'epoch': 2.94}
{'loss': 0.217, 'learning_rate': 1.3991026266554353e-08, 'epoch': 2.94}
{'loss': 0.1834, 'learning_rate': 1.316247977850793e-08, 'epoch': 2.94}
{'loss': 0.2249, 'learning_rate': 1.2359188672583789e-08, 'epoch': 2.95}
{'loss': 0.2075, 'learning_rate': 1.158115701697604e-08, 'epoch': 2.95}
{'loss': 0.2011, 'learning_rate': 1.0828388751953912e-08, 'epoch': 2.95}
{'loss': 0.198, 'learning_rate': 1.0100887689845074e-08, 'epoch': 2.95}
{'loss': 0.2058, 'learning_rate': 9.398657515010124e-09, 'epoch': 2.95}
{'loss': 0.2035, 'learning_rate': 8.721701783830916e-09, 'epoch': 2.95}
{'loss': 0.2187, 'learning_rate': 8.070023924687253e-09, 'epoch': 2.96}
{'loss': 0.2034, 'learning_rate': 7.443627237941897e-09, 'epoch': 2.96}
{'loss': 0.1917, 'learning_rate': 6.8425148959239125e-09, 'epoch': 2.96}
{'loss': 0.1866, 'learning_rate': 6.266689942911464e-09, 'epoch': 2.96}
{'loss': 0.2186, 'learning_rate': 5.716155295116821e-09, 'epoch': 2.96}
{'loss': 0.1959, 'learning_rate': 5.190913740673598e-09, 'epoch': 2.96}
{'loss': 0.1802, 'learning_rate': 4.690967939618429e-09, 'epoch': 2.97}
{'loss': 0.2132, 'learning_rate': 4.216320423880982e-09, 'epoch': 2.97}
{'loss': 0.2044, 'learning_rate': 3.766973597271184e-09, 'epoch': 2.97}
{'loss': 0.2025, 'learning_rate': 3.3429297354642397e-09, 'epoch': 2.97}
{'loss': 0.1959, 'learning_rate': 2.944190985991191e-09, 'epoch': 2.97}
{'loss': 0.1917, 'learning_rate': 2.5707593682289255e-09, 'epoch': 2.97}
{'loss': 0.206, 'learning_rate': 2.2226367733868546e-09, 'epoch': 2.98}
{'loss': 0.1956, 'learning_rate': 1.899824964499697e-09, 'epoch': 2.98}
{'loss': 0.2155, 'learning_rate': 1.6023255764191504e-09, 'epoch': 2.98}
{'loss': 0.2002, 'learning_rate': 1.3301401158033468e-09, 'epoch': 2.98}
{'loss': 0.2184, 'learning_rate': 1.0832699611107445e-09, 'epoch': 2.98}
{'loss': 0.2057, 'learning_rate': 8.617163625918023e-10, 'epoch': 2.99}
{'loss': 0.2359, 'learning_rate': 6.654804422856487e-10, 'epoch': 2.99}
{'loss': 0.2271, 'learning_rate': 4.945631940106444e-10, 'epoch': 2.99}
{'loss': 0.1997, 'learning_rate': 3.4896548336160743e-10, 'epoch': 2.99}
{'loss': 0.196, 'learning_rate': 2.286880477042619e-10, 'epoch': 2.99}
{'loss': 0.2012, 'learning_rate': 1.337314961735725e-10, 'epoch': 2.99}
{'loss': 0.1925, 'learning_rate': 6.409630966708324e-11, 'epoch': 3.0}
{'loss': 0.1868, 'learning_rate': 1.9782840847137886e-11, 'epoch': 3.0}
{'loss': 0.1572, 'learning_rate': 7.913141347737352e-13, 'epoch': 3.0}
{'eval_loss': 0.21041424572467804, 'eval_runtime': 634.5732, 'eval_samples_per_second': 19.348, 'eval_steps_per_second': 1.21, 'epoch': 3.0}
