W&B offline. Running your script from this directory will only write metadata locally. Use wandb disabled to completely turn off W&B.
cn15k_cp, llm_froze=False
[2025-11-16 21:06:09,511] [INFO] [real_accelerator.py:158:get_accelerator] Setting ds_accelerator to cuda (auto detect)
[2025-11-16 21:06:11,726] [WARNING] [runner.py:203:fetch_hostfile] Unable to find hostfile, will proceed with training with local resources only.
Detected CUDA_VISIBLE_DEVICES=0,1 but ignoring it because one or several of --include/--exclude/--num_gpus/--num_nodes cl args were used. If you want to use CUDA_VISIBLE_DEVICES don't pass any of these arguments to deepspeed.
[2025-11-16 21:06:11,741] [INFO] [runner.py:570:main] cmd = /seu_share/home/qiguilin/220236147/.conda/envs/g_retriever/bin/python3.9 -u -m deepspeed.launcher.launch --world_info=eyJsb2NhbGhvc3QiOiBbMCwgMV19 --master_addr=127.0.0.1 --master_port=29502 --enable_each_rank_log=None train_ds.py --dataset cn15k_cp --model_name llm_ds --num_epochs 3 --batch_size 64 --micro_batch_size 16 --max_txt_len 1200 --llm_frozen False --deepspeed ds_config_zero2_nocpu.json
[2025-11-16 21:06:13,313] [INFO] [real_accelerator.py:158:get_accelerator] Setting ds_accelerator to cuda (auto detect)
[2025-11-16 21:06:14,653] [INFO] [launch.py:145:main] WORLD INFO DICT: {'localhost': [0, 1]}
[2025-11-16 21:06:14,653] [INFO] [launch.py:151:main] nnodes=1, num_local_procs=2, node_rank=0
[2025-11-16 21:06:14,653] [INFO] [launch.py:162:main] global_rank_mapping=defaultdict(<class 'list'>, {'localhost': [0, 1]})
[2025-11-16 21:06:14,653] [INFO] [launch.py:163:main] dist_world_size=2
[2025-11-16 21:06:14,653] [INFO] [launch.py:165:main] Setting CUDA_VISIBLE_DEVICES=0,1
start import from src/ ...start import from src/ ...

end import from src! cost 174.4s
start load args ...
end load args! cost 0.0s
Namespace(model_name='llm_ds', project='project_g_retriever', seed=0, dataset='cn15k_cp', lr=1e-05, wd=0.05, patience=2, batch_size=64, micro_batch_size=16, grad_steps=2, num_epochs=3, warmup_epochs=1, eval_batch_size=16, llm_model_name='7b_chat', llm_model_path='', llm_frozen='False', llm_num_virtual_tokens=10, output_dir='output', max_txt_len=1200, max_new_tokens=32, max_memory=[80, 80], gnn_model_name='gt', gnn_num_layers=4, gnn_in_dim=1024, gnn_hidden_dim=1024, gnn_num_heads=4, gnn_dropout=0.0, local_rank=0, deepspeed='ds_config_zero2_nocpu.json', fp16=False)
start load model...
world_size: 2, ddp: True
device_map: {'': 0}
end import from src! cost 175.0s
start load args ...
end load args! cost 0.0s
Namespace(model_name='llm_ds', project='project_g_retriever', seed=0, dataset='cn15k_cp', lr=1e-05, wd=0.05, patience=2, batch_size=64, micro_batch_size=16, grad_steps=2, num_epochs=3, warmup_epochs=1, eval_batch_size=16, llm_model_name='7b_chat', llm_model_path='', llm_frozen='False', llm_num_virtual_tokens=10, output_dir='output', max_txt_len=1200, max_new_tokens=32, max_memory=[80, 80], gnn_model_name='gt', gnn_num_layers=4, gnn_in_dim=1024, gnn_hidden_dim=1024, gnn_num_heads=4, gnn_dropout=0.0, local_rank=1, deepspeed='ds_config_zero2_nocpu.json', fp16=False)
start load model...
world_size: 2, ddp: True
device_map: {'': 1}
Training LLAMA with LORA!
Training LLAMA with LORA!
trainable params: 4,194,304 || all params: 6,742,609,920 || trainable%: 0.06220594176090199
trainable params: 4,194,304 || all params: 6,742,609,920 || trainable%: 0.06220594176090199
end load model! cost 72.7s
end load model! cost 72.0s
sp_model trainable params: 4194304 || all params: 6742609920 || trainable%: 0.06220594176090199
sp_model trainable params: 4194304 || all params: 6742609920 || trainable%: 0.06220594176090199start load dataset...

start load dataset...
end load dataset! cost 291.3s
start training...
output_path: output/cn15k_cp/model_name_llm_ds_llm_model_name_7b_chat_llm_frozen_False_max_txt_len_1200_max_new_tokens_32_gnn_model_name_gt_patience_2_num_epochs_3_seed0_fp16_False/
batch_size: 64, micro_batch_size: 16, grad_steps: 2, world_size: 2
end load dataset! cost 292.5s
start training...
output_path: output/cn15k_cp/model_name_llm_ds_llm_model_name_7b_chat_llm_frozen_False_max_txt_len_1200_max_new_tokens_32_gnn_model_name_gt_patience_2_num_epochs_3_seed0_fp16_False/
batch_size: 64, micro_batch_size: 16, grad_steps: 2, world_size: 2
[2025-11-16 21:15:26,169] [INFO] [real_accelerator.py:158:get_accelerator] Setting ds_accelerator to cuda (auto detect)
[2025-11-16 21:15:27,254] [INFO] [real_accelerator.py:158:get_accelerator] Setting ds_accelerator to cuda (auto detect)
[2025-11-16 21:15:28,621] [INFO] [comm.py:637:init_distributed] cdb=None
[2025-11-16 21:15:29,647] [INFO] [comm.py:637:init_distributed] cdb=None
[2025-11-16 21:15:29,647] [INFO] [comm.py:668:init_distributed] Initializing TorchBackend in DeepSpeed with backend nccl
{'loss': 1.9417, 'learning_rate': 1.0405827263267432e-08, 'epoch': 0.0}
{'loss': 2.2257, 'learning_rate': 2.0811654526534864e-08, 'epoch': 0.0}
{'loss': 1.9907, 'learning_rate': 3.121748178980229e-08, 'epoch': 0.0}
{'loss': 1.932, 'learning_rate': 4.162330905306973e-08, 'epoch': 0.0}
{'loss': 1.9736, 'learning_rate': 5.202913631633715e-08, 'epoch': 0.0}
{'loss': 2.2139, 'learning_rate': 6.243496357960458e-08, 'epoch': 0.0}
{'loss': 1.9942, 'learning_rate': 7.284079084287202e-08, 'epoch': 0.0}
{'loss': 2.041, 'learning_rate': 8.324661810613946e-08, 'epoch': 0.0}
{'loss': 1.8545, 'learning_rate': 9.365244536940687e-08, 'epoch': 0.01}
{'loss': 1.8473, 'learning_rate': 1.040582726326743e-07, 'epoch': 0.01}
{'loss': 2.0794, 'learning_rate': 1.1446409989594174e-07, 'epoch': 0.01}
{'loss': 2.0481, 'learning_rate': 1.2486992715920917e-07, 'epoch': 0.01}
{'loss': 1.8501, 'learning_rate': 1.352757544224766e-07, 'epoch': 0.01}
{'loss': 1.9593, 'learning_rate': 1.4568158168574404e-07, 'epoch': 0.01}
{'loss': 1.8392, 'learning_rate': 1.5608740894901146e-07, 'epoch': 0.01}
{'loss': 2.1343, 'learning_rate': 1.6649323621227891e-07, 'epoch': 0.01}
{'loss': 2.0583, 'learning_rate': 1.768990634755463e-07, 'epoch': 0.01}
{'loss': 2.1386, 'learning_rate': 1.8730489073881373e-07, 'epoch': 0.01}
{'loss': 2.0318, 'learning_rate': 1.9771071800208119e-07, 'epoch': 0.01}
{'loss': 2.2841, 'learning_rate': 2.081165452653486e-07, 'epoch': 0.01}
{'loss': 1.8269, 'learning_rate': 2.1852237252861606e-07, 'epoch': 0.01}
{'loss': 2.0681, 'learning_rate': 2.2892819979188348e-07, 'epoch': 0.01}
{'loss': 2.1017, 'learning_rate': 2.393340270551509e-07, 'epoch': 0.01}
{'loss': 2.1158, 'learning_rate': 2.4973985431841833e-07, 'epoch': 0.01}
{'loss': 2.0702, 'learning_rate': 2.6014568158168575e-07, 'epoch': 0.02}
{'loss': 2.1653, 'learning_rate': 2.705515088449532e-07, 'epoch': 0.02}
{'loss': 1.781, 'learning_rate': 2.8095733610822066e-07, 'epoch': 0.02}
{'loss': 1.9797, 'learning_rate': 2.913631633714881e-07, 'epoch': 0.02}
{'loss': 2.0527, 'learning_rate': 3.017689906347555e-07, 'epoch': 0.02}
{'loss': 1.9756, 'learning_rate': 3.1217481789802293e-07, 'epoch': 0.02}
{'loss': 1.8699, 'learning_rate': 3.2258064516129035e-07, 'epoch': 0.02}
{'loss': 1.9835, 'learning_rate': 3.3298647242455783e-07, 'epoch': 0.02}
{'loss': 1.9785, 'learning_rate': 3.433922996878252e-07, 'epoch': 0.02}
{'loss': 2.1226, 'learning_rate': 3.537981269510926e-07, 'epoch': 0.02}
{'loss': 2.195, 'learning_rate': 3.642039542143601e-07, 'epoch': 0.02}
{'loss': 1.8445, 'learning_rate': 3.7460978147762747e-07, 'epoch': 0.02}
{'loss': 1.9745, 'learning_rate': 3.8501560874089495e-07, 'epoch': 0.02}
{'loss': 2.0178, 'learning_rate': 3.9542143600416237e-07, 'epoch': 0.02}
{'loss': 1.7407, 'learning_rate': 4.0582726326742985e-07, 'epoch': 0.02}
{'loss': 2.0411, 'learning_rate': 4.162330905306972e-07, 'epoch': 0.02}
{'loss': 1.8333, 'learning_rate': 4.2663891779396464e-07, 'epoch': 0.03}
{'loss': 2.0578, 'learning_rate': 4.370447450572321e-07, 'epoch': 0.03}
{'loss': 1.9755, 'learning_rate': 4.474505723204995e-07, 'epoch': 0.03}
{'loss': 1.929, 'learning_rate': 4.5785639958376697e-07, 'epoch': 0.03}
{'loss': 2.0837, 'learning_rate': 4.682622268470344e-07, 'epoch': 0.03}
{'loss': 2.0849, 'learning_rate': 4.786680541103018e-07, 'epoch': 0.03}
{'loss': 2.0565, 'learning_rate': 4.890738813735693e-07, 'epoch': 0.03}
{'loss': 1.8476, 'learning_rate': 4.994797086368367e-07, 'epoch': 0.03}
{'loss': 1.8811, 'learning_rate': 5.098855359001041e-07, 'epoch': 0.03}
{'loss': 2.106, 'learning_rate': 5.202913631633715e-07, 'epoch': 0.03}
{'loss': 1.8883, 'learning_rate': 5.30697190426639e-07, 'epoch': 0.03}
{'loss': 2.003, 'learning_rate': 5.411030176899064e-07, 'epoch': 0.03}
{'loss': 1.8437, 'learning_rate': 5.515088449531738e-07, 'epoch': 0.03}
{'loss': 1.9219, 'learning_rate': 5.619146722164413e-07, 'epoch': 0.03}
{'loss': 1.9175, 'learning_rate': 5.723204994797087e-07, 'epoch': 0.03}
{'loss': 2.1362, 'learning_rate': 5.827263267429762e-07, 'epoch': 0.03}
{'loss': 2.0389, 'learning_rate': 5.931321540062435e-07, 'epoch': 0.04}
{'loss': 2.0387, 'learning_rate': 6.03537981269511e-07, 'epoch': 0.04}
{'loss': 2.1303, 'learning_rate': 6.139438085327784e-07, 'epoch': 0.04}
{'loss': 2.0003, 'learning_rate': 6.243496357960459e-07, 'epoch': 0.04}
{'loss': 2.0544, 'learning_rate': 6.347554630593132e-07, 'epoch': 0.04}
{'loss': 2.0038, 'learning_rate': 6.451612903225807e-07, 'epoch': 0.04}
{'loss': 2.0784, 'learning_rate': 6.555671175858482e-07, 'epoch': 0.04}
{'loss': 1.9539, 'learning_rate': 6.659729448491157e-07, 'epoch': 0.04}
{'loss': 1.9986, 'learning_rate': 6.763787721123829e-07, 'epoch': 0.04}
{'loss': 1.969, 'learning_rate': 6.867845993756504e-07, 'epoch': 0.04}
{'loss': 1.8152, 'learning_rate': 6.971904266389179e-07, 'epoch': 0.04}
{'loss': 2.1244, 'learning_rate': 7.075962539021852e-07, 'epoch': 0.04}
{'loss': 2.0644, 'learning_rate': 7.180020811654527e-07, 'epoch': 0.04}
{'loss': 2.0433, 'learning_rate': 7.284079084287202e-07, 'epoch': 0.04}
{'loss': 1.8667, 'learning_rate': 7.388137356919877e-07, 'epoch': 0.04}
{'loss': 1.8633, 'learning_rate': 7.492195629552549e-07, 'epoch': 0.04}
{'loss': 1.844, 'learning_rate': 7.596253902185224e-07, 'epoch': 0.05}
{'loss': 1.8961, 'learning_rate': 7.700312174817899e-07, 'epoch': 0.05}
{'loss': 1.6934, 'learning_rate': 7.804370447450573e-07, 'epoch': 0.05}
{'loss': 1.9796, 'learning_rate': 7.908428720083247e-07, 'epoch': 0.05}
{'loss': 1.9712, 'learning_rate': 8.012486992715922e-07, 'epoch': 0.05}
{'loss': 1.9382, 'learning_rate': 8.116545265348597e-07, 'epoch': 0.05}
{'loss': 1.7906, 'learning_rate': 8.22060353798127e-07, 'epoch': 0.05}
{'loss': 2.0638, 'learning_rate': 8.324661810613944e-07, 'epoch': 0.05}
{'loss': 1.837, 'learning_rate': 8.428720083246619e-07, 'epoch': 0.05}
{'loss': 1.8902, 'learning_rate': 8.532778355879293e-07, 'epoch': 0.05}
{'loss': 2.0142, 'learning_rate': 8.636836628511968e-07, 'epoch': 0.05}
{'loss': 1.8239, 'learning_rate': 8.740894901144642e-07, 'epoch': 0.05}
{'loss': 1.8202, 'learning_rate': 8.844953173777315e-07, 'epoch': 0.05}
{'loss': 1.8848, 'learning_rate': 8.94901144640999e-07, 'epoch': 0.05}
{'loss': 1.7629, 'learning_rate': 9.053069719042665e-07, 'epoch': 0.05}
{'loss': 1.8055, 'learning_rate': 9.157127991675339e-07, 'epoch': 0.05}
{'loss': 1.868, 'learning_rate': 9.261186264308013e-07, 'epoch': 0.06}
{'loss': 1.7883, 'learning_rate': 9.365244536940688e-07, 'epoch': 0.06}
{'loss': 1.8054, 'learning_rate': 9.469302809573363e-07, 'epoch': 0.06}
{'loss': 1.6656, 'learning_rate': 9.573361082206036e-07, 'epoch': 0.06}
{'loss': 1.6502, 'learning_rate': 9.67741935483871e-07, 'epoch': 0.06}
{'loss': 1.8438, 'learning_rate': 9.781477627471386e-07, 'epoch': 0.06}
{'loss': 1.7414, 'learning_rate': 9.88553590010406e-07, 'epoch': 0.06}
{'loss': 1.8624, 'learning_rate': 9.989594172736733e-07, 'epoch': 0.06}
{'loss': 1.5176, 'learning_rate': 1.0093652445369407e-06, 'epoch': 0.06}
{'loss': 1.6739, 'learning_rate': 1.0197710718002083e-06, 'epoch': 0.06}
{'loss': 1.6784, 'learning_rate': 1.0301768990634756e-06, 'epoch': 0.06}
{'loss': 1.7225, 'learning_rate': 1.040582726326743e-06, 'epoch': 0.06}
{'loss': 1.8142, 'learning_rate': 1.0509885535900106e-06, 'epoch': 0.06}
{'loss': 1.544, 'learning_rate': 1.061394380853278e-06, 'epoch': 0.06}
{'loss': 1.7222, 'learning_rate': 1.0718002081165453e-06, 'epoch': 0.06}
{'loss': 1.7483, 'learning_rate': 1.0822060353798127e-06, 'epoch': 0.06}
{'loss': 1.8788, 'learning_rate': 1.0926118626430803e-06, 'epoch': 0.07}
{'loss': 1.6001, 'learning_rate': 1.1030176899063477e-06, 'epoch': 0.07}
{'loss': 1.6498, 'learning_rate': 1.113423517169615e-06, 'epoch': 0.07}
{'loss': 1.8645, 'learning_rate': 1.1238293444328826e-06, 'epoch': 0.07}
{'loss': 1.5685, 'learning_rate': 1.13423517169615e-06, 'epoch': 0.07}
{'loss': 1.6992, 'learning_rate': 1.1446409989594174e-06, 'epoch': 0.07}
{'loss': 1.7671, 'learning_rate': 1.1550468262226847e-06, 'epoch': 0.07}
{'loss': 1.5025, 'learning_rate': 1.1654526534859523e-06, 'epoch': 0.07}
{'loss': 1.6157, 'learning_rate': 1.1758584807492197e-06, 'epoch': 0.07}
{'loss': 1.4213, 'learning_rate': 1.186264308012487e-06, 'epoch': 0.07}
{'loss': 1.553, 'learning_rate': 1.1966701352757546e-06, 'epoch': 0.07}
{'loss': 1.5403, 'learning_rate': 1.207075962539022e-06, 'epoch': 0.07}
{'loss': 1.3204, 'learning_rate': 1.2174817898022894e-06, 'epoch': 0.07}
{'loss': 1.5575, 'learning_rate': 1.2278876170655568e-06, 'epoch': 0.07}
{'loss': 1.547, 'learning_rate': 1.2382934443288243e-06, 'epoch': 0.07}
{'loss': 1.5446, 'learning_rate': 1.2486992715920917e-06, 'epoch': 0.07}
{'loss': 1.3958, 'learning_rate': 1.259105098855359e-06, 'epoch': 0.08}
{'loss': 1.4341, 'learning_rate': 1.2695109261186264e-06, 'epoch': 0.08}
{'loss': 1.4217, 'learning_rate': 1.279916753381894e-06, 'epoch': 0.08}
{'loss': 1.415, 'learning_rate': 1.2903225806451614e-06, 'epoch': 0.08}
{'loss': 1.4266, 'learning_rate': 1.3007284079084288e-06, 'epoch': 0.08}
{'loss': 1.3861, 'learning_rate': 1.3111342351716964e-06, 'epoch': 0.08}
{'loss': 1.3599, 'learning_rate': 1.3215400624349637e-06, 'epoch': 0.08}
{'loss': 1.5744, 'learning_rate': 1.3319458896982313e-06, 'epoch': 0.08}
{'loss': 1.2013, 'learning_rate': 1.3423517169614985e-06, 'epoch': 0.08}
{'loss': 1.3273, 'learning_rate': 1.3527575442247658e-06, 'epoch': 0.08}
{'loss': 1.1558, 'learning_rate': 1.3631633714880334e-06, 'epoch': 0.08}
{'loss': 1.1675, 'learning_rate': 1.3735691987513008e-06, 'epoch': 0.08}
{'loss': 1.4479, 'learning_rate': 1.3839750260145682e-06, 'epoch': 0.08}
{'loss': 1.3668, 'learning_rate': 1.3943808532778357e-06, 'epoch': 0.08}
{'loss': 1.2187, 'learning_rate': 1.4047866805411031e-06, 'epoch': 0.08}
{'loss': 1.1924, 'learning_rate': 1.4151925078043705e-06, 'epoch': 0.08}
{'loss': 1.1726, 'learning_rate': 1.425598335067638e-06, 'epoch': 0.09}
{'loss': 1.1846, 'learning_rate': 1.4360041623309054e-06, 'epoch': 0.09}
{'loss': 1.1773, 'learning_rate': 1.4464099895941728e-06, 'epoch': 0.09}
{'loss': 1.0606, 'learning_rate': 1.4568158168574404e-06, 'epoch': 0.09}
{'loss': 1.1041, 'learning_rate': 1.4672216441207078e-06, 'epoch': 0.09}
{'loss': 1.2574, 'learning_rate': 1.4776274713839753e-06, 'epoch': 0.09}
{'loss': 1.0561, 'learning_rate': 1.4880332986472425e-06, 'epoch': 0.09}
{'loss': 1.3518, 'learning_rate': 1.4984391259105099e-06, 'epoch': 0.09}
{'loss': 1.2772, 'learning_rate': 1.5088449531737775e-06, 'epoch': 0.09}
{'loss': 1.1362, 'learning_rate': 1.5192507804370448e-06, 'epoch': 0.09}
{'loss': 1.0371, 'learning_rate': 1.5296566077003122e-06, 'epoch': 0.09}
{'loss': 1.4054, 'learning_rate': 1.5400624349635798e-06, 'epoch': 0.09}
{'loss': 1.0099, 'learning_rate': 1.5504682622268472e-06, 'epoch': 0.09}
{'loss': 1.1944, 'learning_rate': 1.5608740894901145e-06, 'epoch': 0.09}
{'loss': 1.1235, 'learning_rate': 1.5712799167533821e-06, 'epoch': 0.09}
{'loss': 1.0388, 'learning_rate': 1.5816857440166495e-06, 'epoch': 0.09}
{'loss': 1.1185, 'learning_rate': 1.5920915712799169e-06, 'epoch': 0.1}
{'loss': 1.0431, 'learning_rate': 1.6024973985431844e-06, 'epoch': 0.1}
{'loss': 1.1142, 'learning_rate': 1.6129032258064516e-06, 'epoch': 0.1}
{'loss': 0.9229, 'learning_rate': 1.6233090530697194e-06, 'epoch': 0.1}
{'loss': 1.2002, 'learning_rate': 1.6337148803329865e-06, 'epoch': 0.1}
{'loss': 0.9867, 'learning_rate': 1.644120707596254e-06, 'epoch': 0.1}
{'loss': 0.9344, 'learning_rate': 1.6545265348595215e-06, 'epoch': 0.1}
{'loss': 1.0484, 'learning_rate': 1.6649323621227889e-06, 'epoch': 0.1}
{'loss': 1.1912, 'learning_rate': 1.6753381893860562e-06, 'epoch': 0.1}
{'loss': 0.8322, 'learning_rate': 1.6857440166493238e-06, 'epoch': 0.1}
{'loss': 0.994, 'learning_rate': 1.6961498439125912e-06, 'epoch': 0.1}
{'loss': 0.9004, 'learning_rate': 1.7065556711758586e-06, 'epoch': 0.1}
{'loss': 1.0082, 'learning_rate': 1.7169614984391262e-06, 'epoch': 0.1}
{'loss': 0.9747, 'learning_rate': 1.7273673257023935e-06, 'epoch': 0.1}
{'loss': 0.8516, 'learning_rate': 1.7377731529656609e-06, 'epoch': 0.1}
{'loss': 1.0566, 'learning_rate': 1.7481789802289285e-06, 'epoch': 0.1}
{'loss': 1.0625, 'learning_rate': 1.7585848074921956e-06, 'epoch': 0.11}
{'loss': 0.9348, 'learning_rate': 1.768990634755463e-06, 'epoch': 0.11}
{'loss': 0.8353, 'learning_rate': 1.7793964620187306e-06, 'epoch': 0.11}
{'loss': 0.8866, 'learning_rate': 1.789802289281998e-06, 'epoch': 0.11}
{'loss': 0.804, 'learning_rate': 1.8002081165452655e-06, 'epoch': 0.11}
{'loss': 0.9139, 'learning_rate': 1.810613943808533e-06, 'epoch': 0.11}
{'loss': 0.781, 'learning_rate': 1.8210197710718003e-06, 'epoch': 0.11}
{'loss': 0.7615, 'learning_rate': 1.8314255983350679e-06, 'epoch': 0.11}
{'loss': 0.8623, 'learning_rate': 1.8418314255983352e-06, 'epoch': 0.11}
{'loss': 0.9607, 'learning_rate': 1.8522372528616026e-06, 'epoch': 0.11}
{'loss': 0.7264, 'learning_rate': 1.8626430801248702e-06, 'epoch': 0.11}
{'loss': 0.842, 'learning_rate': 1.8730489073881376e-06, 'epoch': 0.11}
{'loss': 0.9711, 'learning_rate': 1.8834547346514047e-06, 'epoch': 0.11}
{'loss': 0.8681, 'learning_rate': 1.8938605619146725e-06, 'epoch': 0.11}
{'loss': 0.8604, 'learning_rate': 1.9042663891779397e-06, 'epoch': 0.11}
{'loss': 0.9311, 'learning_rate': 1.9146722164412073e-06, 'epoch': 0.11}
{'loss': 0.9774, 'learning_rate': 1.925078043704475e-06, 'epoch': 0.12}
{'loss': 0.8285, 'learning_rate': 1.935483870967742e-06, 'epoch': 0.12}
{'loss': 0.7895, 'learning_rate': 1.9458896982310096e-06, 'epoch': 0.12}
{'loss': 0.8406, 'learning_rate': 1.956295525494277e-06, 'epoch': 0.12}
{'loss': 1.0352, 'learning_rate': 1.9667013527575443e-06, 'epoch': 0.12}
{'loss': 0.9078, 'learning_rate': 1.977107180020812e-06, 'epoch': 0.12}
{'loss': 0.8822, 'learning_rate': 1.987513007284079e-06, 'epoch': 0.12}
{'loss': 0.991, 'learning_rate': 1.9979188345473466e-06, 'epoch': 0.12}
{'loss': 0.7934, 'learning_rate': 2.0083246618106142e-06, 'epoch': 0.12}
{'loss': 0.9494, 'learning_rate': 2.0187304890738814e-06, 'epoch': 0.12}
{'loss': 0.9804, 'learning_rate': 2.029136316337149e-06, 'epoch': 0.12}
{'loss': 0.8295, 'learning_rate': 2.0395421436004166e-06, 'epoch': 0.12}
{'loss': 0.8573, 'learning_rate': 2.0499479708636837e-06, 'epoch': 0.12}
{'loss': 0.8104, 'learning_rate': 2.0603537981269513e-06, 'epoch': 0.12}
{'loss': 0.7022, 'learning_rate': 2.070759625390219e-06, 'epoch': 0.12}
{'loss': 1.007, 'learning_rate': 2.081165452653486e-06, 'epoch': 0.12}
{'loss': 0.7909, 'learning_rate': 2.0915712799167536e-06, 'epoch': 0.13}
{'loss': 0.7853, 'learning_rate': 2.101977107180021e-06, 'epoch': 0.13}
{'loss': 0.7048, 'learning_rate': 2.1123829344432884e-06, 'epoch': 0.13}
{'loss': 0.7755, 'learning_rate': 2.122788761706556e-06, 'epoch': 0.13}
{'loss': 0.847, 'learning_rate': 2.133194588969823e-06, 'epoch': 0.13}
{'loss': 0.9092, 'learning_rate': 2.1436004162330907e-06, 'epoch': 0.13}
{'loss': 0.7312, 'learning_rate': 2.1540062434963583e-06, 'epoch': 0.13}
{'loss': 0.7023, 'learning_rate': 2.1644120707596254e-06, 'epoch': 0.13}
{'loss': 0.7872, 'learning_rate': 2.174817898022893e-06, 'epoch': 0.13}
{'loss': 0.8272, 'learning_rate': 2.1852237252861606e-06, 'epoch': 0.13}
{'loss': 0.8002, 'learning_rate': 2.1956295525494278e-06, 'epoch': 0.13}
{'loss': 0.8047, 'learning_rate': 2.2060353798126953e-06, 'epoch': 0.13}
{'loss': 0.7872, 'learning_rate': 2.216441207075963e-06, 'epoch': 0.13}
{'loss': 0.7889, 'learning_rate': 2.22684703433923e-06, 'epoch': 0.13}
{'loss': 0.7307, 'learning_rate': 2.2372528616024977e-06, 'epoch': 0.13}
{'loss': 0.6737, 'learning_rate': 2.2476586888657652e-06, 'epoch': 0.13}
{'loss': 0.8019, 'learning_rate': 2.2580645161290324e-06, 'epoch': 0.14}
{'loss': 0.851, 'learning_rate': 2.2684703433923e-06, 'epoch': 0.14}
{'loss': 0.8396, 'learning_rate': 2.278876170655567e-06, 'epoch': 0.14}
{'loss': 0.8045, 'learning_rate': 2.2892819979188347e-06, 'epoch': 0.14}
{'loss': 0.8615, 'learning_rate': 2.2996878251821023e-06, 'epoch': 0.14}
{'loss': 0.7723, 'learning_rate': 2.3100936524453695e-06, 'epoch': 0.14}
{'loss': 0.8466, 'learning_rate': 2.320499479708637e-06, 'epoch': 0.14}
{'loss': 0.6929, 'learning_rate': 2.3309053069719046e-06, 'epoch': 0.14}
{'loss': 0.7355, 'learning_rate': 2.341311134235172e-06, 'epoch': 0.14}
{'loss': 0.7751, 'learning_rate': 2.3517169614984394e-06, 'epoch': 0.14}
{'loss': 0.7371, 'learning_rate': 2.362122788761707e-06, 'epoch': 0.14}
{'loss': 0.659, 'learning_rate': 2.372528616024974e-06, 'epoch': 0.14}
{'loss': 0.7546, 'learning_rate': 2.3829344432882413e-06, 'epoch': 0.14}
{'loss': 0.6941, 'learning_rate': 2.3933402705515093e-06, 'epoch': 0.14}
{'loss': 0.7303, 'learning_rate': 2.4037460978147764e-06, 'epoch': 0.14}
{'loss': 0.6824, 'learning_rate': 2.414151925078044e-06, 'epoch': 0.14}
{'loss': 0.5985, 'learning_rate': 2.424557752341311e-06, 'epoch': 0.15}
{'loss': 0.7455, 'learning_rate': 2.4349635796045788e-06, 'epoch': 0.15}
{'loss': 0.7474, 'learning_rate': 2.4453694068678463e-06, 'epoch': 0.15}
{'loss': 0.7763, 'learning_rate': 2.4557752341311135e-06, 'epoch': 0.15}
{'loss': 0.6797, 'learning_rate': 2.466181061394381e-06, 'epoch': 0.15}
{'loss': 0.7372, 'learning_rate': 2.4765868886576487e-06, 'epoch': 0.15}
{'loss': 0.7118, 'learning_rate': 2.486992715920916e-06, 'epoch': 0.15}
{'loss': 0.7688, 'learning_rate': 2.4973985431841834e-06, 'epoch': 0.15}
{'loss': 0.7481, 'learning_rate': 2.507804370447451e-06, 'epoch': 0.15}
{'loss': 0.6557, 'learning_rate': 2.518210197710718e-06, 'epoch': 0.15}
{'loss': 0.7198, 'learning_rate': 2.5286160249739853e-06, 'epoch': 0.15}
{'loss': 0.7136, 'learning_rate': 2.539021852237253e-06, 'epoch': 0.15}
{'loss': 0.7344, 'learning_rate': 2.549427679500521e-06, 'epoch': 0.15}
{'loss': 0.6964, 'learning_rate': 2.559833506763788e-06, 'epoch': 0.15}
{'loss': 0.6559, 'learning_rate': 2.5702393340270552e-06, 'epoch': 0.15}
{'loss': 0.7061, 'learning_rate': 2.580645161290323e-06, 'epoch': 0.15}
{'loss': 0.6436, 'learning_rate': 2.59105098855359e-06, 'epoch': 0.16}
{'loss': 0.7661, 'learning_rate': 2.6014568158168575e-06, 'epoch': 0.16}
{'loss': 0.6309, 'learning_rate': 2.611862643080125e-06, 'epoch': 0.16}
{'loss': 0.7404, 'learning_rate': 2.6222684703433927e-06, 'epoch': 0.16}
{'loss': 0.7017, 'learning_rate': 2.63267429760666e-06, 'epoch': 0.16}
{'loss': 0.7624, 'learning_rate': 2.6430801248699275e-06, 'epoch': 0.16}
{'loss': 0.7068, 'learning_rate': 2.6534859521331946e-06, 'epoch': 0.16}
{'loss': 0.6741, 'learning_rate': 2.6638917793964626e-06, 'epoch': 0.16}
{'loss': 0.7759, 'learning_rate': 2.6742976066597298e-06, 'epoch': 0.16}
{'loss': 0.7566, 'learning_rate': 2.684703433922997e-06, 'epoch': 0.16}
{'loss': 0.6946, 'learning_rate': 2.6951092611862645e-06, 'epoch': 0.16}
{'loss': 0.6966, 'learning_rate': 2.7055150884495317e-06, 'epoch': 0.16}
{'loss': 0.6019, 'learning_rate': 2.7159209157127993e-06, 'epoch': 0.16}
{'loss': 0.7379, 'learning_rate': 2.726326742976067e-06, 'epoch': 0.16}
{'loss': 0.6308, 'learning_rate': 2.7367325702393344e-06, 'epoch': 0.16}
{'loss': 0.775, 'learning_rate': 2.7471383975026016e-06, 'epoch': 0.16}
{'loss': 0.6667, 'learning_rate': 2.757544224765869e-06, 'epoch': 0.17}
{'loss': 0.6556, 'learning_rate': 2.7679500520291363e-06, 'epoch': 0.17}
{'loss': 0.721, 'learning_rate': 2.7783558792924043e-06, 'epoch': 0.17}
{'loss': 0.6808, 'learning_rate': 2.7887617065556715e-06, 'epoch': 0.17}
{'loss': 0.6303, 'learning_rate': 2.799167533818939e-06, 'epoch': 0.17}
{'loss': 0.6446, 'learning_rate': 2.8095733610822062e-06, 'epoch': 0.17}
{'loss': 0.6927, 'learning_rate': 2.8199791883454734e-06, 'epoch': 0.17}
{'loss': 0.5548, 'learning_rate': 2.830385015608741e-06, 'epoch': 0.17}
{'loss': 0.7047, 'learning_rate': 2.840790842872009e-06, 'epoch': 0.17}
{'loss': 0.6876, 'learning_rate': 2.851196670135276e-06, 'epoch': 0.17}
{'loss': 0.752, 'learning_rate': 2.8616024973985433e-06, 'epoch': 0.17}
{'loss': 0.6493, 'learning_rate': 2.872008324661811e-06, 'epoch': 0.17}
{'loss': 0.687, 'learning_rate': 2.882414151925078e-06, 'epoch': 0.17}
{'loss': 0.6505, 'learning_rate': 2.8928199791883456e-06, 'epoch': 0.17}
{'loss': 0.6744, 'learning_rate': 2.903225806451613e-06, 'epoch': 0.17}
{'loss': 0.6046, 'learning_rate': 2.913631633714881e-06, 'epoch': 0.17}
{'loss': 0.6369, 'learning_rate': 2.924037460978148e-06, 'epoch': 0.18}
{'loss': 0.6565, 'learning_rate': 2.9344432882414155e-06, 'epoch': 0.18}
{'loss': 0.6582, 'learning_rate': 2.9448491155046827e-06, 'epoch': 0.18}
{'loss': 0.6392, 'learning_rate': 2.9552549427679507e-06, 'epoch': 0.18}
{'loss': 0.6786, 'learning_rate': 2.965660770031218e-06, 'epoch': 0.18}
{'loss': 0.6968, 'learning_rate': 2.976066597294485e-06, 'epoch': 0.18}
{'loss': 0.6404, 'learning_rate': 2.9864724245577526e-06, 'epoch': 0.18}
{'loss': 0.6946, 'learning_rate': 2.9968782518210198e-06, 'epoch': 0.18}
{'loss': 0.6572, 'learning_rate': 3.0072840790842873e-06, 'epoch': 0.18}
{'loss': 0.6304, 'learning_rate': 3.017689906347555e-06, 'epoch': 0.18}
{'loss': 0.6695, 'learning_rate': 3.0280957336108225e-06, 'epoch': 0.18}
{'loss': 0.6888, 'learning_rate': 3.0385015608740897e-06, 'epoch': 0.18}
{'loss': 0.66, 'learning_rate': 3.0489073881373572e-06, 'epoch': 0.18}
{'loss': 0.6671, 'learning_rate': 3.0593132154006244e-06, 'epoch': 0.18}
{'loss': 0.6337, 'learning_rate': 3.0697190426638916e-06, 'epoch': 0.18}
{'loss': 0.6928, 'learning_rate': 3.0801248699271596e-06, 'epoch': 0.18}
{'loss': 0.6856, 'learning_rate': 3.090530697190427e-06, 'epoch': 0.19}
{'loss': 0.5469, 'learning_rate': 3.1009365244536943e-06, 'epoch': 0.19}
{'loss': 0.6096, 'learning_rate': 3.1113423517169615e-06, 'epoch': 0.19}
{'loss': 0.577, 'learning_rate': 3.121748178980229e-06, 'epoch': 0.19}
{'loss': 0.6382, 'learning_rate': 3.132154006243497e-06, 'epoch': 0.19}
{'loss': 0.6156, 'learning_rate': 3.1425598335067642e-06, 'epoch': 0.19}
{'loss': 0.616, 'learning_rate': 3.1529656607700314e-06, 'epoch': 0.19}
{'loss': 0.7177, 'learning_rate': 3.163371488033299e-06, 'epoch': 0.19}
{'loss': 0.6823, 'learning_rate': 3.173777315296566e-06, 'epoch': 0.19}
{'loss': 0.6706, 'learning_rate': 3.1841831425598337e-06, 'epoch': 0.19}
{'loss': 0.6947, 'learning_rate': 3.1945889698231013e-06, 'epoch': 0.19}
{'loss': 0.6254, 'learning_rate': 3.204994797086369e-06, 'epoch': 0.19}
{'loss': 0.56, 'learning_rate': 3.215400624349636e-06, 'epoch': 0.19}
{'loss': 0.6501, 'learning_rate': 3.225806451612903e-06, 'epoch': 0.19}
{'loss': 0.6865, 'learning_rate': 3.2362122788761708e-06, 'epoch': 0.19}
{'loss': 0.5697, 'learning_rate': 3.2466181061394388e-06, 'epoch': 0.19}
{'loss': 0.5869, 'learning_rate': 3.257023933402706e-06, 'epoch': 0.2}
{'loss': 0.6104, 'learning_rate': 3.267429760665973e-06, 'epoch': 0.2}
{'loss': 0.6473, 'learning_rate': 3.2778355879292407e-06, 'epoch': 0.2}
{'loss': 0.6559, 'learning_rate': 3.288241415192508e-06, 'epoch': 0.2}
{'loss': 0.5866, 'learning_rate': 3.2986472424557754e-06, 'epoch': 0.2}
{'loss': 0.638, 'learning_rate': 3.309053069719043e-06, 'epoch': 0.2}
{'loss': 0.5784, 'learning_rate': 3.3194588969823106e-06, 'epoch': 0.2}
{'loss': 0.5946, 'learning_rate': 3.3298647242455777e-06, 'epoch': 0.2}
{'loss': 0.5778, 'learning_rate': 3.3402705515088453e-06, 'epoch': 0.2}
{'loss': 0.5931, 'learning_rate': 3.3506763787721125e-06, 'epoch': 0.2}
{'loss': 0.6411, 'learning_rate': 3.3610822060353796e-06, 'epoch': 0.2}
{'loss': 0.6095, 'learning_rate': 3.3714880332986477e-06, 'epoch': 0.2}
{'loss': 0.6442, 'learning_rate': 3.3818938605619152e-06, 'epoch': 0.2}
{'loss': 0.6476, 'learning_rate': 3.3922996878251824e-06, 'epoch': 0.2}
{'loss': 0.6055, 'learning_rate': 3.4027055150884496e-06, 'epoch': 0.2}
{'loss': 0.5727, 'learning_rate': 3.413111342351717e-06, 'epoch': 0.2}
{'loss': 0.6, 'learning_rate': 3.4235171696149847e-06, 'epoch': 0.21}
{'loss': 0.5548, 'learning_rate': 3.4339229968782523e-06, 'epoch': 0.21}
{'loss': 0.5372, 'learning_rate': 3.4443288241415195e-06, 'epoch': 0.21}
{'loss': 0.6207, 'learning_rate': 3.454734651404787e-06, 'epoch': 0.21}
{'loss': 0.6525, 'learning_rate': 3.465140478668054e-06, 'epoch': 0.21}
{'loss': 0.5596, 'learning_rate': 3.4755463059313218e-06, 'epoch': 0.21}
{'loss': 0.6367, 'learning_rate': 3.4859521331945894e-06, 'epoch': 0.21}
{'loss': 0.579, 'learning_rate': 3.496357960457857e-06, 'epoch': 0.21}
{'loss': 0.7197, 'learning_rate': 3.506763787721124e-06, 'epoch': 0.21}
{'loss': 0.5841, 'learning_rate': 3.5171696149843913e-06, 'epoch': 0.21}
{'loss': 0.5619, 'learning_rate': 3.527575442247659e-06, 'epoch': 0.21}
{'loss': 0.5874, 'learning_rate': 3.537981269510926e-06, 'epoch': 0.21}
{'loss': 0.6395, 'learning_rate': 3.548387096774194e-06, 'epoch': 0.21}
{'loss': 0.6219, 'learning_rate': 3.558792924037461e-06, 'epoch': 0.21}
{'loss': 0.6097, 'learning_rate': 3.5691987513007288e-06, 'epoch': 0.21}
{'loss': 0.657, 'learning_rate': 3.579604578563996e-06, 'epoch': 0.21}
{'loss': 0.6231, 'learning_rate': 3.5900104058272635e-06, 'epoch': 0.22}
{'loss': 0.5998, 'learning_rate': 3.600416233090531e-06, 'epoch': 0.22}
{'loss': 0.6368, 'learning_rate': 3.6108220603537987e-06, 'epoch': 0.22}
{'loss': 0.5871, 'learning_rate': 3.621227887617066e-06, 'epoch': 0.22}
{'loss': 0.5699, 'learning_rate': 3.6316337148803334e-06, 'epoch': 0.22}
{'loss': 0.6366, 'learning_rate': 3.6420395421436006e-06, 'epoch': 0.22}
{'loss': 0.6763, 'learning_rate': 3.6524453694068677e-06, 'epoch': 0.22}
{'loss': 0.4926, 'learning_rate': 3.6628511966701357e-06, 'epoch': 0.22}
{'loss': 0.6136, 'learning_rate': 3.6732570239334033e-06, 'epoch': 0.22}
{'loss': 0.6312, 'learning_rate': 3.6836628511966705e-06, 'epoch': 0.22}
{'loss': 0.6152, 'learning_rate': 3.6940686784599376e-06, 'epoch': 0.22}
{'loss': 0.5862, 'learning_rate': 3.7044745057232052e-06, 'epoch': 0.22}
{'loss': 0.6016, 'learning_rate': 3.714880332986473e-06, 'epoch': 0.22}
{'loss': 0.6678, 'learning_rate': 3.7252861602497404e-06, 'epoch': 0.22}
{'loss': 0.6853, 'learning_rate': 3.7356919875130075e-06, 'epoch': 0.22}
{'loss': 0.6637, 'learning_rate': 3.746097814776275e-06, 'epoch': 0.22}
{'loss': 0.6748, 'learning_rate': 3.7565036420395423e-06, 'epoch': 0.23}
{'loss': 0.5726, 'learning_rate': 3.7669094693028094e-06, 'epoch': 0.23}
{'loss': 0.5435, 'learning_rate': 3.7773152965660774e-06, 'epoch': 0.23}
{'loss': 0.5421, 'learning_rate': 3.787721123829345e-06, 'epoch': 0.23}
{'loss': 0.5609, 'learning_rate': 3.798126951092612e-06, 'epoch': 0.23}
{'loss': 0.6654, 'learning_rate': 3.8085327783558793e-06, 'epoch': 0.23}
{'loss': 0.5719, 'learning_rate': 3.8189386056191465e-06, 'epoch': 0.23}
{'loss': 0.5298, 'learning_rate': 3.8293444328824145e-06, 'epoch': 0.23}
{'loss': 0.5573, 'learning_rate': 3.839750260145682e-06, 'epoch': 0.23}
{'loss': 0.6538, 'learning_rate': 3.85015608740895e-06, 'epoch': 0.23}
{'loss': 0.6428, 'learning_rate': 3.860561914672217e-06, 'epoch': 0.23}
{'loss': 0.5624, 'learning_rate': 3.870967741935484e-06, 'epoch': 0.23}
{'loss': 0.5827, 'learning_rate': 3.881373569198751e-06, 'epoch': 0.23}
{'loss': 0.5496, 'learning_rate': 3.891779396462019e-06, 'epoch': 0.23}
{'loss': 0.5532, 'learning_rate': 3.902185223725286e-06, 'epoch': 0.23}
{'loss': 0.5274, 'learning_rate': 3.912591050988554e-06, 'epoch': 0.23}
{'loss': 0.5523, 'learning_rate': 3.9229968782518215e-06, 'epoch': 0.24}
{'loss': 0.532, 'learning_rate': 3.933402705515089e-06, 'epoch': 0.24}
{'loss': 0.6262, 'learning_rate': 3.943808532778356e-06, 'epoch': 0.24}
{'loss': 0.5326, 'learning_rate': 3.954214360041624e-06, 'epoch': 0.24}
{'loss': 0.5356, 'learning_rate': 3.964620187304891e-06, 'epoch': 0.24}
{'loss': 0.4968, 'learning_rate': 3.975026014568158e-06, 'epoch': 0.24}
{'loss': 0.6022, 'learning_rate': 3.985431841831426e-06, 'epoch': 0.24}
{'loss': 0.5538, 'learning_rate': 3.995837669094693e-06, 'epoch': 0.24}
{'loss': 0.5795, 'learning_rate': 4.006243496357961e-06, 'epoch': 0.24}
{'loss': 0.5061, 'learning_rate': 4.0166493236212285e-06, 'epoch': 0.24}
{'loss': 0.6425, 'learning_rate': 4.027055150884496e-06, 'epoch': 0.24}
{'loss': 0.6141, 'learning_rate': 4.037460978147763e-06, 'epoch': 0.24}
{'loss': 0.6656, 'learning_rate': 4.047866805411031e-06, 'epoch': 0.24}
{'loss': 0.5752, 'learning_rate': 4.058272632674298e-06, 'epoch': 0.24}
{'loss': 0.5559, 'learning_rate': 4.068678459937566e-06, 'epoch': 0.24}
{'loss': 0.5484, 'learning_rate': 4.079084287200833e-06, 'epoch': 0.24}
{'loss': 0.5242, 'learning_rate': 4.0894901144641e-06, 'epoch': 0.25}
{'loss': 0.625, 'learning_rate': 4.0998959417273674e-06, 'epoch': 0.25}
{'loss': 0.5292, 'learning_rate': 4.110301768990635e-06, 'epoch': 0.25}
{'loss': 0.567, 'learning_rate': 4.120707596253903e-06, 'epoch': 0.25}
{'loss': 0.601, 'learning_rate': 4.13111342351717e-06, 'epoch': 0.25}
{'loss': 0.5202, 'learning_rate': 4.141519250780438e-06, 'epoch': 0.25}
{'loss': 0.5912, 'learning_rate': 4.151925078043705e-06, 'epoch': 0.25}
{'loss': 0.5645, 'learning_rate': 4.162330905306972e-06, 'epoch': 0.25}
{'loss': 0.6236, 'learning_rate': 4.172736732570239e-06, 'epoch': 0.25}
{'loss': 0.5381, 'learning_rate': 4.183142559833507e-06, 'epoch': 0.25}
{'loss': 0.4927, 'learning_rate': 4.193548387096774e-06, 'epoch': 0.25}
{'loss': 0.5608, 'learning_rate': 4.203954214360042e-06, 'epoch': 0.25}
{'loss': 0.6317, 'learning_rate': 4.2143600416233096e-06, 'epoch': 0.25}
{'loss': 0.6006, 'learning_rate': 4.224765868886577e-06, 'epoch': 0.25}
{'loss': 0.5519, 'learning_rate': 4.235171696149844e-06, 'epoch': 0.25}
{'loss': 0.5456, 'learning_rate': 4.245577523413112e-06, 'epoch': 0.25}
{'loss': 0.5557, 'learning_rate': 4.255983350676379e-06, 'epoch': 0.26}
{'loss': 0.5097, 'learning_rate': 4.266389177939646e-06, 'epoch': 0.26}
{'loss': 0.5668, 'learning_rate': 4.276795005202914e-06, 'epoch': 0.26}
{'loss': 0.5938, 'learning_rate': 4.287200832466181e-06, 'epoch': 0.26}
{'loss': 0.5295, 'learning_rate': 4.2976066597294485e-06, 'epoch': 0.26}
{'loss': 0.5778, 'learning_rate': 4.3080124869927165e-06, 'epoch': 0.26}
{'loss': 0.4991, 'learning_rate': 4.318418314255984e-06, 'epoch': 0.26}
{'loss': 0.5289, 'learning_rate': 4.328824141519251e-06, 'epoch': 0.26}
{'loss': 0.5124, 'learning_rate': 4.339229968782519e-06, 'epoch': 0.26}
{'loss': 0.5705, 'learning_rate': 4.349635796045786e-06, 'epoch': 0.26}
{'loss': 0.6001, 'learning_rate': 4.360041623309054e-06, 'epoch': 0.26}
{'loss': 0.4718, 'learning_rate': 4.370447450572321e-06, 'epoch': 0.26}
{'loss': 0.5864, 'learning_rate': 4.380853277835588e-06, 'epoch': 0.26}
{'loss': 0.5684, 'learning_rate': 4.3912591050988555e-06, 'epoch': 0.26}
{'loss': 0.6133, 'learning_rate': 4.401664932362123e-06, 'epoch': 0.26}
{'loss': 0.5274, 'learning_rate': 4.412070759625391e-06, 'epoch': 0.26}
{'loss': 0.4837, 'learning_rate': 4.422476586888658e-06, 'epoch': 0.27}
{'loss': 0.5122, 'learning_rate': 4.432882414151926e-06, 'epoch': 0.27}
{'loss': 0.5685, 'learning_rate': 4.443288241415193e-06, 'epoch': 0.27}
{'loss': 0.6367, 'learning_rate': 4.45369406867846e-06, 'epoch': 0.27}
{'loss': 0.5374, 'learning_rate': 4.464099895941727e-06, 'epoch': 0.27}
{'loss': 0.4976, 'learning_rate': 4.474505723204995e-06, 'epoch': 0.27}
{'loss': 0.5984, 'learning_rate': 4.4849115504682625e-06, 'epoch': 0.27}
{'loss': 0.5712, 'learning_rate': 4.4953173777315305e-06, 'epoch': 0.27}
{'loss': 0.5033, 'learning_rate': 4.505723204994798e-06, 'epoch': 0.27}
{'loss': 0.5077, 'learning_rate': 4.516129032258065e-06, 'epoch': 0.27}
{'loss': 0.5212, 'learning_rate': 4.526534859521332e-06, 'epoch': 0.27}
{'loss': 0.5457, 'learning_rate': 4.5369406867846e-06, 'epoch': 0.27}
{'loss': 0.5687, 'learning_rate': 4.547346514047867e-06, 'epoch': 0.27}
{'loss': 0.6049, 'learning_rate': 4.557752341311134e-06, 'epoch': 0.27}
{'loss': 0.5038, 'learning_rate': 4.568158168574402e-06, 'epoch': 0.27}
{'loss': 0.5194, 'learning_rate': 4.5785639958376695e-06, 'epoch': 0.27}
{'loss': 0.6012, 'learning_rate': 4.588969823100937e-06, 'epoch': 0.28}
{'loss': 0.5469, 'learning_rate': 4.599375650364205e-06, 'epoch': 0.28}
{'loss': 0.4868, 'learning_rate': 4.609781477627472e-06, 'epoch': 0.28}
{'loss': 0.5691, 'learning_rate': 4.620187304890739e-06, 'epoch': 0.28}
{'loss': 0.5203, 'learning_rate': 4.630593132154007e-06, 'epoch': 0.28}
{'loss': 0.5133, 'learning_rate': 4.640998959417274e-06, 'epoch': 0.28}
{'loss': 0.5301, 'learning_rate': 4.651404786680542e-06, 'epoch': 0.28}
{'loss': 0.5636, 'learning_rate': 4.661810613943809e-06, 'epoch': 0.28}
{'loss': 0.4866, 'learning_rate': 4.6722164412070764e-06, 'epoch': 0.28}
{'loss': 0.5437, 'learning_rate': 4.682622268470344e-06, 'epoch': 0.28}
{'loss': 0.4995, 'learning_rate': 4.693028095733611e-06, 'epoch': 0.28}
{'loss': 0.5189, 'learning_rate': 4.703433922996879e-06, 'epoch': 0.28}
{'loss': 0.5539, 'learning_rate': 4.713839750260146e-06, 'epoch': 0.28}
{'loss': 0.57, 'learning_rate': 4.724245577523414e-06, 'epoch': 0.28}
{'loss': 0.514, 'learning_rate': 4.734651404786681e-06, 'epoch': 0.28}
{'loss': 0.5852, 'learning_rate': 4.745057232049948e-06, 'epoch': 0.28}
{'loss': 0.5707, 'learning_rate': 4.755463059313215e-06, 'epoch': 0.29}
{'loss': 0.5528, 'learning_rate': 4.7658688865764826e-06, 'epoch': 0.29}
{'loss': 0.5218, 'learning_rate': 4.7762747138397506e-06, 'epoch': 0.29}
{'loss': 0.4986, 'learning_rate': 4.7866805411030186e-06, 'epoch': 0.29}
{'loss': 0.5599, 'learning_rate': 4.797086368366286e-06, 'epoch': 0.29}
{'loss': 0.5839, 'learning_rate': 4.807492195629553e-06, 'epoch': 0.29}
{'loss': 0.5335, 'learning_rate': 4.81789802289282e-06, 'epoch': 0.29}
{'loss': 0.5552, 'learning_rate': 4.828303850156088e-06, 'epoch': 0.29}
{'loss': 0.5263, 'learning_rate': 4.838709677419355e-06, 'epoch': 0.29}
{'loss': 0.5503, 'learning_rate': 4.849115504682622e-06, 'epoch': 0.29}
{'loss': 0.5242, 'learning_rate': 4.85952133194589e-06, 'epoch': 0.29}
{'loss': 0.5521, 'learning_rate': 4.8699271592091575e-06, 'epoch': 0.29}
{'loss': 0.4994, 'learning_rate': 4.880332986472425e-06, 'epoch': 0.29}
{'loss': 0.5765, 'learning_rate': 4.890738813735693e-06, 'epoch': 0.29}
{'loss': 0.5581, 'learning_rate': 4.90114464099896e-06, 'epoch': 0.29}
{'loss': 0.5486, 'learning_rate': 4.911550468262227e-06, 'epoch': 0.29}
{'loss': 0.4875, 'learning_rate': 4.921956295525494e-06, 'epoch': 0.3}
{'loss': 0.5762, 'learning_rate': 4.932362122788762e-06, 'epoch': 0.3}
{'loss': 0.5247, 'learning_rate': 4.94276795005203e-06, 'epoch': 0.3}
{'loss': 0.4571, 'learning_rate': 4.953173777315297e-06, 'epoch': 0.3}
{'loss': 0.5104, 'learning_rate': 4.9635796045785645e-06, 'epoch': 0.3}
{'loss': 0.4945, 'learning_rate': 4.973985431841832e-06, 'epoch': 0.3}
{'loss': 0.5849, 'learning_rate': 4.984391259105099e-06, 'epoch': 0.3}
{'loss': 0.4736, 'learning_rate': 4.994797086368367e-06, 'epoch': 0.3}
{'loss': 0.4934, 'learning_rate': 5.005202913631634e-06, 'epoch': 0.3}
{'loss': 0.5351, 'learning_rate': 5.015608740894902e-06, 'epoch': 0.3}
{'loss': 0.5144, 'learning_rate': 5.026014568158168e-06, 'epoch': 0.3}
{'loss': 0.5881, 'learning_rate': 5.036420395421436e-06, 'epoch': 0.3}
{'loss': 0.5125, 'learning_rate': 5.046826222684704e-06, 'epoch': 0.3}
{'loss': 0.516, 'learning_rate': 5.057232049947971e-06, 'epoch': 0.3}
{'loss': 0.466, 'learning_rate': 5.067637877211239e-06, 'epoch': 0.3}
{'loss': 0.4802, 'learning_rate': 5.078043704474506e-06, 'epoch': 0.3}
{'loss': 0.5301, 'learning_rate': 5.088449531737774e-06, 'epoch': 0.31}
{'loss': 0.4733, 'learning_rate': 5.098855359001042e-06, 'epoch': 0.31}
{'loss': 0.5852, 'learning_rate': 5.109261186264308e-06, 'epoch': 0.31}
{'loss': 0.5237, 'learning_rate': 5.119667013527576e-06, 'epoch': 0.31}
{'loss': 0.5599, 'learning_rate': 5.130072840790843e-06, 'epoch': 0.31}
{'loss': 0.4575, 'learning_rate': 5.1404786680541104e-06, 'epoch': 0.31}
{'loss': 0.5503, 'learning_rate': 5.1508844953173785e-06, 'epoch': 0.31}
{'loss': 0.4936, 'learning_rate': 5.161290322580646e-06, 'epoch': 0.31}
{'loss': 0.5586, 'learning_rate': 5.171696149843914e-06, 'epoch': 0.31}
{'loss': 0.4825, 'learning_rate': 5.18210197710718e-06, 'epoch': 0.31}
{'loss': 0.5514, 'learning_rate': 5.192507804370448e-06, 'epoch': 0.31}
{'loss': 0.5633, 'learning_rate': 5.202913631633715e-06, 'epoch': 0.31}
{'loss': 0.4965, 'learning_rate': 5.213319458896982e-06, 'epoch': 0.31}
{'loss': 0.4865, 'learning_rate': 5.22372528616025e-06, 'epoch': 0.31}
{'loss': 0.5817, 'learning_rate': 5.234131113423517e-06, 'epoch': 0.31}
{'loss': 0.5326, 'learning_rate': 5.2445369406867854e-06, 'epoch': 0.31}
{'loss': 0.5534, 'learning_rate': 5.254942767950052e-06, 'epoch': 0.32}
{'loss': 0.5281, 'learning_rate': 5.26534859521332e-06, 'epoch': 0.32}
{'loss': 0.4846, 'learning_rate': 5.275754422476588e-06, 'epoch': 0.32}
{'loss': 0.609, 'learning_rate': 5.286160249739855e-06, 'epoch': 0.32}
{'loss': 0.5076, 'learning_rate': 5.296566077003122e-06, 'epoch': 0.32}
{'loss': 0.4896, 'learning_rate': 5.306971904266389e-06, 'epoch': 0.32}
{'loss': 0.5094, 'learning_rate': 5.317377731529657e-06, 'epoch': 0.32}
{'loss': 0.5314, 'learning_rate': 5.327783558792925e-06, 'epoch': 0.32}
{'loss': 0.4677, 'learning_rate': 5.3381893860561916e-06, 'epoch': 0.32}
{'loss': 0.5744, 'learning_rate': 5.3485952133194596e-06, 'epoch': 0.32}
{'loss': 0.481, 'learning_rate': 5.359001040582727e-06, 'epoch': 0.32}
{'loss': 0.5391, 'learning_rate': 5.369406867845994e-06, 'epoch': 0.32}
{'loss': 0.5098, 'learning_rate': 5.379812695109261e-06, 'epoch': 0.32}
{'loss': 0.5108, 'learning_rate': 5.390218522372529e-06, 'epoch': 0.32}
{'loss': 0.4955, 'learning_rate': 5.400624349635797e-06, 'epoch': 0.32}
{'loss': 0.4808, 'learning_rate': 5.411030176899063e-06, 'epoch': 0.32}
{'loss': 0.4941, 'learning_rate': 5.421436004162331e-06, 'epoch': 0.33}
{'loss': 0.5104, 'learning_rate': 5.4318418314255985e-06, 'epoch': 0.33}
{'loss': 0.5255, 'learning_rate': 5.4422476586888665e-06, 'epoch': 0.33}
{'loss': 0.4397, 'learning_rate': 5.452653485952134e-06, 'epoch': 0.33}
{'loss': 0.5739, 'learning_rate': 5.463059313215401e-06, 'epoch': 0.33}
{'loss': 0.4973, 'learning_rate': 5.473465140478669e-06, 'epoch': 0.33}
{'loss': 0.5005, 'learning_rate': 5.483870967741935e-06, 'epoch': 0.33}
{'loss': 0.5939, 'learning_rate': 5.494276795005203e-06, 'epoch': 0.33}
{'loss': 0.4645, 'learning_rate': 5.504682622268471e-06, 'epoch': 0.33}
{'loss': 0.5367, 'learning_rate': 5.515088449531738e-06, 'epoch': 0.33}
{'loss': 0.5075, 'learning_rate': 5.525494276795006e-06, 'epoch': 0.33}
{'loss': 0.5237, 'learning_rate': 5.535900104058273e-06, 'epoch': 0.33}
{'loss': 0.4474, 'learning_rate': 5.546305931321541e-06, 'epoch': 0.33}
{'loss': 0.5293, 'learning_rate': 5.556711758584809e-06, 'epoch': 0.33}
{'loss': 0.5214, 'learning_rate': 5.567117585848075e-06, 'epoch': 0.33}
{'loss': 0.5552, 'learning_rate': 5.577523413111343e-06, 'epoch': 0.33}
{'loss': 0.5313, 'learning_rate': 5.58792924037461e-06, 'epoch': 0.34}
{'loss': 0.5001, 'learning_rate': 5.598335067637878e-06, 'epoch': 0.34}
{'loss': 0.4526, 'learning_rate': 5.6087408949011445e-06, 'epoch': 0.34}
{'loss': 0.5418, 'learning_rate': 5.6191467221644125e-06, 'epoch': 0.34}
{'loss': 0.5053, 'learning_rate': 5.6295525494276805e-06, 'epoch': 0.34}
{'loss': 0.4117, 'learning_rate': 5.639958376690947e-06, 'epoch': 0.34}
{'loss': 0.4999, 'learning_rate': 5.650364203954215e-06, 'epoch': 0.34}
{'loss': 0.4974, 'learning_rate': 5.660770031217482e-06, 'epoch': 0.34}
{'loss': 0.5144, 'learning_rate': 5.67117585848075e-06, 'epoch': 0.34}
{'loss': 0.5749, 'learning_rate': 5.681581685744018e-06, 'epoch': 0.34}
{'loss': 0.4509, 'learning_rate': 5.691987513007284e-06, 'epoch': 0.34}
{'loss': 0.512, 'learning_rate': 5.702393340270552e-06, 'epoch': 0.34}
{'loss': 0.5452, 'learning_rate': 5.7127991675338194e-06, 'epoch': 0.34}
{'loss': 0.505, 'learning_rate': 5.723204994797087e-06, 'epoch': 0.34}
{'loss': 0.5856, 'learning_rate': 5.733610822060355e-06, 'epoch': 0.34}
{'loss': 0.5558, 'learning_rate': 5.744016649323622e-06, 'epoch': 0.34}
{'loss': 0.5052, 'learning_rate': 5.75442247658689e-06, 'epoch': 0.35}
{'loss': 0.4798, 'learning_rate': 5.764828303850156e-06, 'epoch': 0.35}
{'loss': 0.5625, 'learning_rate': 5.775234131113424e-06, 'epoch': 0.35}
{'loss': 0.5783, 'learning_rate': 5.785639958376691e-06, 'epoch': 0.35}
{'loss': 0.5464, 'learning_rate': 5.796045785639958e-06, 'epoch': 0.35}
{'loss': 0.5017, 'learning_rate': 5.806451612903226e-06, 'epoch': 0.35}
{'loss': 0.4416, 'learning_rate': 5.816857440166494e-06, 'epoch': 0.35}
{'loss': 0.5746, 'learning_rate': 5.827263267429762e-06, 'epoch': 0.35}
{'loss': 0.4781, 'learning_rate': 5.837669094693028e-06, 'epoch': 0.35}
{'loss': 0.4304, 'learning_rate': 5.848074921956296e-06, 'epoch': 0.35}
{'loss': 0.4802, 'learning_rate': 5.858480749219564e-06, 'epoch': 0.35}
{'loss': 0.5537, 'learning_rate': 5.868886576482831e-06, 'epoch': 0.35}
{'loss': 0.5416, 'learning_rate': 5.879292403746098e-06, 'epoch': 0.35}
{'loss': 0.5304, 'learning_rate': 5.889698231009365e-06, 'epoch': 0.35}
{'loss': 0.493, 'learning_rate': 5.900104058272633e-06, 'epoch': 0.35}
{'loss': 0.4324, 'learning_rate': 5.910509885535901e-06, 'epoch': 0.35}
{'loss': 0.4725, 'learning_rate': 5.920915712799168e-06, 'epoch': 0.36}
{'loss': 0.5814, 'learning_rate': 5.931321540062436e-06, 'epoch': 0.36}
{'loss': 0.5052, 'learning_rate': 5.941727367325703e-06, 'epoch': 0.36}
{'loss': 0.5017, 'learning_rate': 5.95213319458897e-06, 'epoch': 0.36}
{'loss': 0.4701, 'learning_rate': 5.962539021852237e-06, 'epoch': 0.36}
{'loss': 0.5424, 'learning_rate': 5.972944849115505e-06, 'epoch': 0.36}
{'loss': 0.4415, 'learning_rate': 5.983350676378773e-06, 'epoch': 0.36}
{'loss': 0.4932, 'learning_rate': 5.9937565036420395e-06, 'epoch': 0.36}
{'loss': 0.5142, 'learning_rate': 6.0041623309053075e-06, 'epoch': 0.36}
{'loss': 0.4464, 'learning_rate': 6.014568158168575e-06, 'epoch': 0.36}
{'loss': 0.5368, 'learning_rate': 6.024973985431843e-06, 'epoch': 0.36}
{'loss': 0.5036, 'learning_rate': 6.03537981269511e-06, 'epoch': 0.36}
{'loss': 0.5406, 'learning_rate': 6.045785639958377e-06, 'epoch': 0.36}
{'loss': 0.5404, 'learning_rate': 6.056191467221645e-06, 'epoch': 0.36}
{'loss': 0.5076, 'learning_rate': 6.066597294484911e-06, 'epoch': 0.36}
{'loss': 0.5204, 'learning_rate': 6.077003121748179e-06, 'epoch': 0.36}
{'loss': 0.5236, 'learning_rate': 6.087408949011447e-06, 'epoch': 0.37}
{'loss': 0.5114, 'learning_rate': 6.0978147762747145e-06, 'epoch': 0.37}
{'loss': 0.4895, 'learning_rate': 6.108220603537982e-06, 'epoch': 0.37}
{'loss': 0.5176, 'learning_rate': 6.118626430801249e-06, 'epoch': 0.37}
{'loss': 0.4744, 'learning_rate': 6.129032258064517e-06, 'epoch': 0.37}
{'loss': 0.4344, 'learning_rate': 6.139438085327783e-06, 'epoch': 0.37}
{'loss': 0.4413, 'learning_rate': 6.149843912591051e-06, 'epoch': 0.37}
{'loss': 0.4697, 'learning_rate': 6.160249739854319e-06, 'epoch': 0.37}
{'loss': 0.4275, 'learning_rate': 6.170655567117586e-06, 'epoch': 0.37}
{'loss': 0.496, 'learning_rate': 6.181061394380854e-06, 'epoch': 0.37}
{'loss': 0.5089, 'learning_rate': 6.191467221644121e-06, 'epoch': 0.37}
{'loss': 0.4101, 'learning_rate': 6.201873048907389e-06, 'epoch': 0.37}
{'loss': 0.5454, 'learning_rate': 6.212278876170657e-06, 'epoch': 0.37}
{'loss': 0.4223, 'learning_rate': 6.222684703433923e-06, 'epoch': 0.37}
{'loss': 0.5346, 'learning_rate': 6.233090530697191e-06, 'epoch': 0.37}
{'loss': 0.5482, 'learning_rate': 6.243496357960458e-06, 'epoch': 0.37}
{'loss': 0.4953, 'learning_rate': 6.253902185223726e-06, 'epoch': 0.38}
{'loss': 0.4686, 'learning_rate': 6.264308012486994e-06, 'epoch': 0.38}
{'loss': 0.474, 'learning_rate': 6.2747138397502604e-06, 'epoch': 0.38}
{'loss': 0.4689, 'learning_rate': 6.2851196670135284e-06, 'epoch': 0.38}
{'loss': 0.4719, 'learning_rate': 6.295525494276795e-06, 'epoch': 0.38}
{'loss': 0.4269, 'learning_rate': 6.305931321540063e-06, 'epoch': 0.38}
{'loss': 0.4704, 'learning_rate': 6.316337148803331e-06, 'epoch': 0.38}
{'loss': 0.4537, 'learning_rate': 6.326742976066598e-06, 'epoch': 0.38}
{'loss': 0.501, 'learning_rate': 6.337148803329866e-06, 'epoch': 0.38}
{'loss': 0.473, 'learning_rate': 6.347554630593132e-06, 'epoch': 0.38}
{'loss': 0.4747, 'learning_rate': 6.3579604578564e-06, 'epoch': 0.38}
{'loss': 0.5269, 'learning_rate': 6.368366285119667e-06, 'epoch': 0.38}
{'loss': 0.5021, 'learning_rate': 6.3787721123829346e-06, 'epoch': 0.38}
{'loss': 0.4528, 'learning_rate': 6.3891779396462026e-06, 'epoch': 0.38}
{'loss': 0.5275, 'learning_rate': 6.39958376690947e-06, 'epoch': 0.38}
{'loss': 0.3905, 'learning_rate': 6.409989594172738e-06, 'epoch': 0.38}
{'loss': 0.3995, 'learning_rate': 6.420395421436004e-06, 'epoch': 0.39}
{'loss': 0.4689, 'learning_rate': 6.430801248699272e-06, 'epoch': 0.39}
{'loss': 0.4383, 'learning_rate': 6.44120707596254e-06, 'epoch': 0.39}
{'loss': 0.4893, 'learning_rate': 6.451612903225806e-06, 'epoch': 0.39}
{'loss': 0.5393, 'learning_rate': 6.462018730489074e-06, 'epoch': 0.39}
{'loss': 0.4018, 'learning_rate': 6.4724245577523415e-06, 'epoch': 0.39}
{'loss': 0.4591, 'learning_rate': 6.4828303850156095e-06, 'epoch': 0.39}
{'loss': 0.5089, 'learning_rate': 6.4932362122788776e-06, 'epoch': 0.39}
{'loss': 0.4807, 'learning_rate': 6.503642039542144e-06, 'epoch': 0.39}
{'loss': 0.4136, 'learning_rate': 6.514047866805412e-06, 'epoch': 0.39}
{'loss': 0.5065, 'learning_rate': 6.524453694068679e-06, 'epoch': 0.39}
{'loss': 0.4626, 'learning_rate': 6.534859521331946e-06, 'epoch': 0.39}
{'loss': 0.4386, 'learning_rate': 6.545265348595213e-06, 'epoch': 0.39}
{'loss': 0.4598, 'learning_rate': 6.555671175858481e-06, 'epoch': 0.39}
{'loss': 0.4196, 'learning_rate': 6.566077003121749e-06, 'epoch': 0.39}
{'loss': 0.4467, 'learning_rate': 6.576482830385016e-06, 'epoch': 0.39}
{'loss': 0.5342, 'learning_rate': 6.586888657648284e-06, 'epoch': 0.4}
{'loss': 0.4301, 'learning_rate': 6.597294484911551e-06, 'epoch': 0.4}
{'loss': 0.432, 'learning_rate': 6.607700312174819e-06, 'epoch': 0.4}
{'loss': 0.4835, 'learning_rate': 6.618106139438086e-06, 'epoch': 0.4}
{'loss': 0.4569, 'learning_rate': 6.628511966701353e-06, 'epoch': 0.4}
{'loss': 0.4702, 'learning_rate': 6.638917793964621e-06, 'epoch': 0.4}
{'loss': 0.4828, 'learning_rate': 6.6493236212278875e-06, 'epoch': 0.4}
{'loss': 0.5003, 'learning_rate': 6.6597294484911555e-06, 'epoch': 0.4}
{'loss': 0.4076, 'learning_rate': 6.6701352757544235e-06, 'epoch': 0.4}
{'loss': 0.5551, 'learning_rate': 6.680541103017691e-06, 'epoch': 0.4}
{'loss': 0.4555, 'learning_rate': 6.690946930280958e-06, 'epoch': 0.4}
{'loss': 0.4965, 'learning_rate': 6.701352757544225e-06, 'epoch': 0.4}
{'loss': 0.4834, 'learning_rate': 6.711758584807493e-06, 'epoch': 0.4}
{'loss': 0.4638, 'learning_rate': 6.722164412070759e-06, 'epoch': 0.4}
{'loss': 0.4581, 'learning_rate': 6.732570239334027e-06, 'epoch': 0.4}
{'loss': 0.5115, 'learning_rate': 6.742976066597295e-06, 'epoch': 0.4}
{'loss': 0.4147, 'learning_rate': 6.7533818938605625e-06, 'epoch': 0.41}
{'loss': 0.4544, 'learning_rate': 6.7637877211238305e-06, 'epoch': 0.41}
{'loss': 0.49, 'learning_rate': 6.774193548387097e-06, 'epoch': 0.41}
{'loss': 0.5069, 'learning_rate': 6.784599375650365e-06, 'epoch': 0.41}
{'loss': 0.4882, 'learning_rate': 6.795005202913633e-06, 'epoch': 0.41}
{'loss': 0.4537, 'learning_rate': 6.805411030176899e-06, 'epoch': 0.41}
{'loss': 0.4834, 'learning_rate': 6.815816857440167e-06, 'epoch': 0.41}
{'loss': 0.4715, 'learning_rate': 6.826222684703434e-06, 'epoch': 0.41}
{'loss': 0.4387, 'learning_rate': 6.836628511966702e-06, 'epoch': 0.41}
{'loss': 0.5, 'learning_rate': 6.8470343392299694e-06, 'epoch': 0.41}
{'loss': 0.4918, 'learning_rate': 6.857440166493237e-06, 'epoch': 0.41}
{'loss': 0.503, 'learning_rate': 6.867845993756505e-06, 'epoch': 0.41}
{'loss': 0.4548, 'learning_rate': 6.878251821019771e-06, 'epoch': 0.41}
{'loss': 0.4741, 'learning_rate': 6.888657648283039e-06, 'epoch': 0.41}
{'loss': 0.4083, 'learning_rate': 6.899063475546306e-06, 'epoch': 0.41}
{'loss': 0.4429, 'learning_rate': 6.909469302809574e-06, 'epoch': 0.41}
{'loss': 0.4321, 'learning_rate': 6.919875130072842e-06, 'epoch': 0.42}
{'loss': 0.5449, 'learning_rate': 6.930280957336108e-06, 'epoch': 0.42}
{'loss': 0.4556, 'learning_rate': 6.940686784599376e-06, 'epoch': 0.42}
{'loss': 0.3912, 'learning_rate': 6.9510926118626436e-06, 'epoch': 0.42}
{'loss': 0.3699, 'learning_rate': 6.961498439125911e-06, 'epoch': 0.42}
{'loss': 0.4596, 'learning_rate': 6.971904266389179e-06, 'epoch': 0.42}
{'loss': 0.4431, 'learning_rate': 6.982310093652446e-06, 'epoch': 0.42}
{'loss': 0.4548, 'learning_rate': 6.992715920915714e-06, 'epoch': 0.42}
{'loss': 0.4638, 'learning_rate': 7.00312174817898e-06, 'epoch': 0.42}
{'loss': 0.4619, 'learning_rate': 7.013527575442248e-06, 'epoch': 0.42}
{'loss': 0.4022, 'learning_rate': 7.023933402705516e-06, 'epoch': 0.42}
{'loss': 0.4612, 'learning_rate': 7.0343392299687825e-06, 'epoch': 0.42}
{'loss': 0.3743, 'learning_rate': 7.0447450572320505e-06, 'epoch': 0.42}
{'loss': 0.3952, 'learning_rate': 7.055150884495318e-06, 'epoch': 0.42}
{'loss': 0.4152, 'learning_rate': 7.065556711758586e-06, 'epoch': 0.42}
{'loss': 0.4191, 'learning_rate': 7.075962539021852e-06, 'epoch': 0.42}
{'loss': 0.4672, 'learning_rate': 7.08636836628512e-06, 'epoch': 0.43}
{'loss': 0.4978, 'learning_rate': 7.096774193548388e-06, 'epoch': 0.43}
{'loss': 0.431, 'learning_rate': 7.107180020811655e-06, 'epoch': 0.43}
{'loss': 0.4317, 'learning_rate': 7.117585848074922e-06, 'epoch': 0.43}
{'loss': 0.4766, 'learning_rate': 7.1279916753381895e-06, 'epoch': 0.43}
{'loss': 0.4136, 'learning_rate': 7.1383975026014575e-06, 'epoch': 0.43}
{'loss': 0.3888, 'learning_rate': 7.1488033298647255e-06, 'epoch': 0.43}
{'loss': 0.5498, 'learning_rate': 7.159209157127992e-06, 'epoch': 0.43}
{'loss': 0.4618, 'learning_rate': 7.16961498439126e-06, 'epoch': 0.43}
{'loss': 0.3959, 'learning_rate': 7.180020811654527e-06, 'epoch': 0.43}
{'loss': 0.4443, 'learning_rate': 7.190426638917794e-06, 'epoch': 0.43}
{'loss': 0.4698, 'learning_rate': 7.200832466181062e-06, 'epoch': 0.43}
{'loss': 0.4181, 'learning_rate': 7.211238293444329e-06, 'epoch': 0.43}
{'loss': 0.4145, 'learning_rate': 7.221644120707597e-06, 'epoch': 0.43}
{'loss': 0.4179, 'learning_rate': 7.232049947970864e-06, 'epoch': 0.43}
{'loss': 0.4091, 'learning_rate': 7.242455775234132e-06, 'epoch': 0.43}
{'loss': 0.4274, 'learning_rate': 7.2528616024974e-06, 'epoch': 0.44}
{'loss': 0.4185, 'learning_rate': 7.263267429760667e-06, 'epoch': 0.44}
{'loss': 0.4555, 'learning_rate': 7.273673257023934e-06, 'epoch': 0.44}
{'loss': 0.3985, 'learning_rate': 7.284079084287201e-06, 'epoch': 0.44}
{'loss': 0.4388, 'learning_rate': 7.294484911550469e-06, 'epoch': 0.44}
{'loss': 0.4474, 'learning_rate': 7.3048907388137355e-06, 'epoch': 0.44}
{'loss': 0.4567, 'learning_rate': 7.3152965660770035e-06, 'epoch': 0.44}
{'loss': 0.45, 'learning_rate': 7.3257023933402715e-06, 'epoch': 0.44}
{'loss': 0.3984, 'learning_rate': 7.336108220603539e-06, 'epoch': 0.44}
{'loss': 0.4248, 'learning_rate': 7.346514047866807e-06, 'epoch': 0.44}
{'loss': 0.5009, 'learning_rate': 7.356919875130073e-06, 'epoch': 0.44}
{'loss': 0.4447, 'learning_rate': 7.367325702393341e-06, 'epoch': 0.44}
{'loss': 0.4339, 'learning_rate': 7.377731529656609e-06, 'epoch': 0.44}
{'loss': 0.3823, 'learning_rate': 7.388137356919875e-06, 'epoch': 0.44}
{'loss': 0.4093, 'learning_rate': 7.398543184183143e-06, 'epoch': 0.44}
{'loss': 0.4296, 'learning_rate': 7.4089490114464104e-06, 'epoch': 0.44}
{'loss': 0.408, 'learning_rate': 7.4193548387096784e-06, 'epoch': 0.45}
{'loss': 0.4887, 'learning_rate': 7.429760665972946e-06, 'epoch': 0.45}
{'loss': 0.3841, 'learning_rate': 7.440166493236213e-06, 'epoch': 0.45}
{'loss': 0.3867, 'learning_rate': 7.450572320499481e-06, 'epoch': 0.45}
{'loss': 0.4495, 'learning_rate': 7.460978147762747e-06, 'epoch': 0.45}
{'loss': 0.3709, 'learning_rate': 7.471383975026015e-06, 'epoch': 0.45}
{'loss': 0.3115, 'learning_rate': 7.481789802289282e-06, 'epoch': 0.45}
{'loss': 0.4712, 'learning_rate': 7.49219562955255e-06, 'epoch': 0.45}
{'loss': 0.4715, 'learning_rate': 7.502601456815818e-06, 'epoch': 0.45}
{'loss': 0.4409, 'learning_rate': 7.5130072840790846e-06, 'epoch': 0.45}
{'loss': 0.446, 'learning_rate': 7.5234131113423526e-06, 'epoch': 0.45}
{'loss': 0.448, 'learning_rate': 7.533818938605619e-06, 'epoch': 0.45}
{'loss': 0.3975, 'learning_rate': 7.544224765868887e-06, 'epoch': 0.45}
{'loss': 0.4732, 'learning_rate': 7.554630593132155e-06, 'epoch': 0.45}
{'loss': 0.5483, 'learning_rate': 7.565036420395422e-06, 'epoch': 0.45}
{'loss': 0.4713, 'learning_rate': 7.57544224765869e-06, 'epoch': 0.45}
{'loss': 0.4309, 'learning_rate': 7.585848074921956e-06, 'epoch': 0.46}
{'loss': 0.431, 'learning_rate': 7.596253902185224e-06, 'epoch': 0.46}
{'loss': 0.4203, 'learning_rate': 7.606659729448492e-06, 'epoch': 0.46}
{'loss': 0.3558, 'learning_rate': 7.617065556711759e-06, 'epoch': 0.46}
{'loss': 0.4104, 'learning_rate': 7.627471383975027e-06, 'epoch': 0.46}
{'loss': 0.4059, 'learning_rate': 7.637877211238293e-06, 'epoch': 0.46}
{'loss': 0.4387, 'learning_rate': 7.648283038501562e-06, 'epoch': 0.46}
{'loss': 0.4709, 'learning_rate': 7.658688865764829e-06, 'epoch': 0.46}
{'loss': 0.4205, 'learning_rate': 7.669094693028096e-06, 'epoch': 0.46}
{'loss': 0.379, 'learning_rate': 7.679500520291363e-06, 'epoch': 0.46}
{'loss': 0.3998, 'learning_rate': 7.68990634755463e-06, 'epoch': 0.46}
{'loss': 0.4596, 'learning_rate': 7.7003121748179e-06, 'epoch': 0.46}
{'loss': 0.4062, 'learning_rate': 7.710718002081165e-06, 'epoch': 0.46}
{'loss': 0.2835, 'learning_rate': 7.721123829344434e-06, 'epoch': 0.46}
{'loss': 0.4505, 'learning_rate': 7.7315296566077e-06, 'epoch': 0.46}
{'loss': 0.4764, 'learning_rate': 7.741935483870968e-06, 'epoch': 0.46}
{'loss': 0.447, 'learning_rate': 7.752341311134237e-06, 'epoch': 0.47}
{'loss': 0.4759, 'learning_rate': 7.762747138397502e-06, 'epoch': 0.47}
{'loss': 0.4148, 'learning_rate': 7.773152965660771e-06, 'epoch': 0.47}
{'loss': 0.4149, 'learning_rate': 7.783558792924038e-06, 'epoch': 0.47}
{'loss': 0.4212, 'learning_rate': 7.793964620187305e-06, 'epoch': 0.47}
{'loss': 0.4817, 'learning_rate': 7.804370447450573e-06, 'epoch': 0.47}
{'loss': 0.4309, 'learning_rate': 7.81477627471384e-06, 'epoch': 0.47}
{'loss': 0.4477, 'learning_rate': 7.825182101977109e-06, 'epoch': 0.47}
{'loss': 0.4512, 'learning_rate': 7.835587929240374e-06, 'epoch': 0.47}
{'loss': 0.4174, 'learning_rate': 7.845993756503643e-06, 'epoch': 0.47}
{'loss': 0.4188, 'learning_rate': 7.85639958376691e-06, 'epoch': 0.47}
{'loss': 0.4528, 'learning_rate': 7.866805411030177e-06, 'epoch': 0.47}
{'loss': 0.4333, 'learning_rate': 7.877211238293444e-06, 'epoch': 0.47}
{'loss': 0.4722, 'learning_rate': 7.887617065556712e-06, 'epoch': 0.47}
{'loss': 0.5351, 'learning_rate': 7.89802289281998e-06, 'epoch': 0.47}
{'loss': 0.4018, 'learning_rate': 7.908428720083248e-06, 'epoch': 0.47}
{'loss': 0.4758, 'learning_rate': 7.918834547346515e-06, 'epoch': 0.48}
{'loss': 0.5057, 'learning_rate': 7.929240374609782e-06, 'epoch': 0.48}
{'loss': 0.5044, 'learning_rate': 7.939646201873049e-06, 'epoch': 0.48}
{'loss': 0.4447, 'learning_rate': 7.950052029136316e-06, 'epoch': 0.48}
{'loss': 0.3832, 'learning_rate': 7.960457856399585e-06, 'epoch': 0.48}
{'loss': 0.4015, 'learning_rate': 7.970863683662852e-06, 'epoch': 0.48}
{'loss': 0.4631, 'learning_rate': 7.98126951092612e-06, 'epoch': 0.48}
{'loss': 0.4396, 'learning_rate': 7.991675338189387e-06, 'epoch': 0.48}
{'loss': 0.4037, 'learning_rate': 8.002081165452654e-06, 'epoch': 0.48}
{'loss': 0.4142, 'learning_rate': 8.012486992715923e-06, 'epoch': 0.48}
{'loss': 0.3915, 'learning_rate': 8.022892819979188e-06, 'epoch': 0.48}
{'loss': 0.4528, 'learning_rate': 8.033298647242457e-06, 'epoch': 0.48}
{'loss': 0.4435, 'learning_rate': 8.043704474505724e-06, 'epoch': 0.48}
{'loss': 0.4319, 'learning_rate': 8.054110301768991e-06, 'epoch': 0.48}
{'loss': 0.4881, 'learning_rate': 8.064516129032258e-06, 'epoch': 0.48}
{'loss': 0.4014, 'learning_rate': 8.074921956295526e-06, 'epoch': 0.48}
{'loss': 0.5547, 'learning_rate': 8.085327783558794e-06, 'epoch': 0.49}
{'loss': 0.4474, 'learning_rate': 8.095733610822062e-06, 'epoch': 0.49}
{'loss': 0.4757, 'learning_rate': 8.106139438085329e-06, 'epoch': 0.49}
{'loss': 0.3632, 'learning_rate': 8.116545265348596e-06, 'epoch': 0.49}
{'loss': 0.3921, 'learning_rate': 8.126951092611863e-06, 'epoch': 0.49}
{'loss': 0.4394, 'learning_rate': 8.137356919875132e-06, 'epoch': 0.49}
{'loss': 0.4153, 'learning_rate': 8.147762747138397e-06, 'epoch': 0.49}
{'loss': 0.441, 'learning_rate': 8.158168574401666e-06, 'epoch': 0.49}
{'loss': 0.3862, 'learning_rate': 8.168574401664933e-06, 'epoch': 0.49}
{'loss': 0.4277, 'learning_rate': 8.1789802289282e-06, 'epoch': 0.49}
{'loss': 0.3457, 'learning_rate': 8.189386056191468e-06, 'epoch': 0.49}
{'loss': 0.4466, 'learning_rate': 8.199791883454735e-06, 'epoch': 0.49}
{'loss': 0.4092, 'learning_rate': 8.210197710718004e-06, 'epoch': 0.49}
{'loss': 0.4336, 'learning_rate': 8.22060353798127e-06, 'epoch': 0.49}
{'loss': 0.4084, 'learning_rate': 8.231009365244538e-06, 'epoch': 0.49}
{'loss': 0.4607, 'learning_rate': 8.241415192507805e-06, 'epoch': 0.49}
{'loss': 0.3807, 'learning_rate': 8.251821019771072e-06, 'epoch': 0.5}
{'loss': 0.4117, 'learning_rate': 8.26222684703434e-06, 'epoch': 0.5}
{'loss': 0.3907, 'learning_rate': 8.272632674297607e-06, 'epoch': 0.5}
{'loss': 0.4113, 'learning_rate': 8.283038501560876e-06, 'epoch': 0.5}
{'loss': 0.5021, 'learning_rate': 8.293444328824141e-06, 'epoch': 0.5}
{'loss': 0.4076, 'learning_rate': 8.30385015608741e-06, 'epoch': 0.5}
{'loss': 0.3565, 'learning_rate': 8.314255983350677e-06, 'epoch': 0.5}
{'loss': 0.3597, 'learning_rate': 8.324661810613944e-06, 'epoch': 0.5}
{'loss': 0.4449, 'learning_rate': 8.335067637877213e-06, 'epoch': 0.5}
{'loss': 0.4177, 'learning_rate': 8.345473465140478e-06, 'epoch': 0.5}
{'loss': 0.4574, 'learning_rate': 8.355879292403747e-06, 'epoch': 0.5}
{'loss': 0.4078, 'learning_rate': 8.366285119667014e-06, 'epoch': 0.5}
{'loss': 0.4445, 'learning_rate': 8.376690946930282e-06, 'epoch': 0.5}
{'loss': 0.436, 'learning_rate': 8.387096774193549e-06, 'epoch': 0.5}
{'loss': 0.418, 'learning_rate': 8.397502601456816e-06, 'epoch': 0.5}
{'loss': 0.3305, 'learning_rate': 8.407908428720085e-06, 'epoch': 0.5}
{'loss': 0.3652, 'learning_rate': 8.41831425598335e-06, 'epoch': 0.51}
{'loss': 0.3874, 'learning_rate': 8.428720083246619e-06, 'epoch': 0.51}
{'loss': 0.4146, 'learning_rate': 8.439125910509886e-06, 'epoch': 0.51}
{'loss': 0.4039, 'learning_rate': 8.449531737773153e-06, 'epoch': 0.51}
{'loss': 0.4121, 'learning_rate': 8.45993756503642e-06, 'epoch': 0.51}
{'loss': 0.4117, 'learning_rate': 8.470343392299688e-06, 'epoch': 0.51}
{'loss': 0.4549, 'learning_rate': 8.480749219562957e-06, 'epoch': 0.51}
{'loss': 0.4535, 'learning_rate': 8.491155046826224e-06, 'epoch': 0.51}
{'loss': 0.4, 'learning_rate': 8.501560874089491e-06, 'epoch': 0.51}
{'loss': 0.4001, 'learning_rate': 8.511966701352758e-06, 'epoch': 0.51}
{'loss': 0.4139, 'learning_rate': 8.522372528616025e-06, 'epoch': 0.51}
{'loss': 0.5064, 'learning_rate': 8.532778355879292e-06, 'epoch': 0.51}
{'loss': 0.3127, 'learning_rate': 8.543184183142561e-06, 'epoch': 0.51}
{'loss': 0.466, 'learning_rate': 8.553590010405828e-06, 'epoch': 0.51}
{'loss': 0.483, 'learning_rate': 8.563995837669096e-06, 'epoch': 0.51}
{'loss': 0.4491, 'learning_rate': 8.574401664932363e-06, 'epoch': 0.51}
{'loss': 0.4056, 'learning_rate': 8.58480749219563e-06, 'epoch': 0.52}
{'loss': 0.3837, 'learning_rate': 8.595213319458897e-06, 'epoch': 0.52}
{'loss': 0.4694, 'learning_rate': 8.605619146722164e-06, 'epoch': 0.52}
{'loss': 0.3883, 'learning_rate': 8.616024973985433e-06, 'epoch': 0.52}
{'loss': 0.4794, 'learning_rate': 8.6264308012487e-06, 'epoch': 0.52}
{'loss': 0.4399, 'learning_rate': 8.636836628511967e-06, 'epoch': 0.52}
{'loss': 0.4079, 'learning_rate': 8.647242455775235e-06, 'epoch': 0.52}
{'loss': 0.4227, 'learning_rate': 8.657648283038502e-06, 'epoch': 0.52}
{'loss': 0.3476, 'learning_rate': 8.66805411030177e-06, 'epoch': 0.52}
{'loss': 0.4612, 'learning_rate': 8.678459937565038e-06, 'epoch': 0.52}
{'loss': 0.3904, 'learning_rate': 8.688865764828305e-06, 'epoch': 0.52}
{'loss': 0.3903, 'learning_rate': 8.699271592091572e-06, 'epoch': 0.52}
{'loss': 0.4653, 'learning_rate': 8.70967741935484e-06, 'epoch': 0.52}
{'loss': 0.4005, 'learning_rate': 8.720083246618108e-06, 'epoch': 0.52}
{'loss': 0.3852, 'learning_rate': 8.730489073881374e-06, 'epoch': 0.52}
{'loss': 0.4591, 'learning_rate': 8.740894901144642e-06, 'epoch': 0.52}
{'loss': 0.4106, 'learning_rate': 8.75130072840791e-06, 'epoch': 0.53}
{'loss': 0.4234, 'learning_rate': 8.761706555671177e-06, 'epoch': 0.53}
{'loss': 0.3957, 'learning_rate': 8.772112382934444e-06, 'epoch': 0.53}
{'loss': 0.4024, 'learning_rate': 8.782518210197711e-06, 'epoch': 0.53}
{'loss': 0.3988, 'learning_rate': 8.79292403746098e-06, 'epoch': 0.53}
{'loss': 0.4099, 'learning_rate': 8.803329864724245e-06, 'epoch': 0.53}
{'loss': 0.3444, 'learning_rate': 8.813735691987514e-06, 'epoch': 0.53}
{'loss': 0.4141, 'learning_rate': 8.824141519250781e-06, 'epoch': 0.53}
{'loss': 0.434, 'learning_rate': 8.834547346514049e-06, 'epoch': 0.53}
{'loss': 0.451, 'learning_rate': 8.844953173777316e-06, 'epoch': 0.53}
{'loss': 0.3783, 'learning_rate': 8.855359001040583e-06, 'epoch': 0.53}
{'loss': 0.4044, 'learning_rate': 8.865764828303852e-06, 'epoch': 0.53}
{'loss': 0.4278, 'learning_rate': 8.876170655567117e-06, 'epoch': 0.53}
{'loss': 0.4342, 'learning_rate': 8.886576482830386e-06, 'epoch': 0.53}
{'loss': 0.423, 'learning_rate': 8.896982310093653e-06, 'epoch': 0.53}
{'loss': 0.4116, 'learning_rate': 8.90738813735692e-06, 'epoch': 0.53}
{'loss': 0.3635, 'learning_rate': 8.917793964620187e-06, 'epoch': 0.54}
{'loss': 0.3851, 'learning_rate': 8.928199791883455e-06, 'epoch': 0.54}
{'loss': 0.4839, 'learning_rate': 8.938605619146723e-06, 'epoch': 0.54}
{'loss': 0.3931, 'learning_rate': 8.94901144640999e-06, 'epoch': 0.54}
{'loss': 0.4131, 'learning_rate': 8.959417273673258e-06, 'epoch': 0.54}
{'loss': 0.4006, 'learning_rate': 8.969823100936525e-06, 'epoch': 0.54}
{'loss': 0.4523, 'learning_rate': 8.980228928199792e-06, 'epoch': 0.54}
{'loss': 0.4628, 'learning_rate': 8.990634755463061e-06, 'epoch': 0.54}
{'loss': 0.4547, 'learning_rate': 9.001040582726326e-06, 'epoch': 0.54}
{'loss': 0.4015, 'learning_rate': 9.011446409989595e-06, 'epoch': 0.54}
{'loss': 0.4647, 'learning_rate': 9.021852237252862e-06, 'epoch': 0.54}
{'loss': 0.4148, 'learning_rate': 9.03225806451613e-06, 'epoch': 0.54}
{'loss': 0.4459, 'learning_rate': 9.042663891779397e-06, 'epoch': 0.54}
{'loss': 0.3987, 'learning_rate': 9.053069719042664e-06, 'epoch': 0.54}
{'loss': 0.4315, 'learning_rate': 9.063475546305933e-06, 'epoch': 0.54}
{'loss': 0.443, 'learning_rate': 9.0738813735692e-06, 'epoch': 0.54}
{'loss': 0.3675, 'learning_rate': 9.084287200832467e-06, 'epoch': 0.55}
{'loss': 0.4377, 'learning_rate': 9.094693028095734e-06, 'epoch': 0.55}
{'loss': 0.5165, 'learning_rate': 9.105098855359001e-06, 'epoch': 0.55}
{'loss': 0.3907, 'learning_rate': 9.115504682622269e-06, 'epoch': 0.55}
{'loss': 0.3824, 'learning_rate': 9.125910509885537e-06, 'epoch': 0.55}
{'loss': 0.4178, 'learning_rate': 9.136316337148805e-06, 'epoch': 0.55}
{'loss': 0.4889, 'learning_rate': 9.146722164412072e-06, 'epoch': 0.55}
{'loss': 0.402, 'learning_rate': 9.157127991675339e-06, 'epoch': 0.55}
{'loss': 0.3603, 'learning_rate': 9.167533818938606e-06, 'epoch': 0.55}
{'loss': 0.4206, 'learning_rate': 9.177939646201873e-06, 'epoch': 0.55}
{'loss': 0.4636, 'learning_rate': 9.18834547346514e-06, 'epoch': 0.55}
{'loss': 0.4678, 'learning_rate': 9.19875130072841e-06, 'epoch': 0.55}
{'loss': 0.5083, 'learning_rate': 9.209157127991676e-06, 'epoch': 0.55}
{'loss': 0.461, 'learning_rate': 9.219562955254944e-06, 'epoch': 0.55}
{'loss': 0.4301, 'learning_rate': 9.22996878251821e-06, 'epoch': 0.55}
{'loss': 0.4012, 'learning_rate': 9.240374609781478e-06, 'epoch': 0.55}
{'loss': 0.4385, 'learning_rate': 9.250780437044747e-06, 'epoch': 0.56}
{'loss': 0.355, 'learning_rate': 9.261186264308014e-06, 'epoch': 0.56}
{'loss': 0.3617, 'learning_rate': 9.271592091571281e-06, 'epoch': 0.56}
{'loss': 0.4408, 'learning_rate': 9.281997918834548e-06, 'epoch': 0.56}
{'loss': 0.4665, 'learning_rate': 9.292403746097815e-06, 'epoch': 0.56}
{'loss': 0.337, 'learning_rate': 9.302809573361084e-06, 'epoch': 0.56}
{'loss': 0.4574, 'learning_rate': 9.31321540062435e-06, 'epoch': 0.56}
{'loss': 0.3579, 'learning_rate': 9.323621227887619e-06, 'epoch': 0.56}
{'loss': 0.3994, 'learning_rate': 9.334027055150886e-06, 'epoch': 0.56}
{'loss': 0.4799, 'learning_rate': 9.344432882414153e-06, 'epoch': 0.56}
{'loss': 0.341, 'learning_rate': 9.35483870967742e-06, 'epoch': 0.56}
{'loss': 0.4148, 'learning_rate': 9.365244536940687e-06, 'epoch': 0.56}
{'loss': 0.3927, 'learning_rate': 9.375650364203956e-06, 'epoch': 0.56}
{'loss': 0.4574, 'learning_rate': 9.386056191467221e-06, 'epoch': 0.56}
{'loss': 0.4022, 'learning_rate': 9.39646201873049e-06, 'epoch': 0.56}
{'loss': 0.3886, 'learning_rate': 9.406867845993758e-06, 'epoch': 0.56}
{'loss': 0.4224, 'learning_rate': 9.417273673257025e-06, 'epoch': 0.57}
{'loss': 0.3855, 'learning_rate': 9.427679500520292e-06, 'epoch': 0.57}
{'loss': 0.4176, 'learning_rate': 9.438085327783559e-06, 'epoch': 0.57}
{'loss': 0.4502, 'learning_rate': 9.448491155046828e-06, 'epoch': 0.57}
{'loss': 0.39, 'learning_rate': 9.458896982310093e-06, 'epoch': 0.57}
{'loss': 0.3881, 'learning_rate': 9.469302809573362e-06, 'epoch': 0.57}
{'loss': 0.4004, 'learning_rate': 9.47970863683663e-06, 'epoch': 0.57}
{'loss': 0.4804, 'learning_rate': 9.490114464099896e-06, 'epoch': 0.57}
{'loss': 0.3833, 'learning_rate': 9.500520291363164e-06, 'epoch': 0.57}
{'loss': 0.4097, 'learning_rate': 9.51092611862643e-06, 'epoch': 0.57}
{'loss': 0.3847, 'learning_rate': 9.5213319458897e-06, 'epoch': 0.57}
{'loss': 0.4421, 'learning_rate': 9.531737773152965e-06, 'epoch': 0.57}
{'loss': 0.3632, 'learning_rate': 9.542143600416234e-06, 'epoch': 0.57}
{'loss': 0.3802, 'learning_rate': 9.552549427679501e-06, 'epoch': 0.57}
{'loss': 0.3902, 'learning_rate': 9.562955254942768e-06, 'epoch': 0.57}
{'loss': 0.4123, 'learning_rate': 9.573361082206037e-06, 'epoch': 0.57}
{'loss': 0.3715, 'learning_rate': 9.583766909469303e-06, 'epoch': 0.58}
{'loss': 0.3817, 'learning_rate': 9.594172736732571e-06, 'epoch': 0.58}
{'loss': 0.391, 'learning_rate': 9.604578563995839e-06, 'epoch': 0.58}
{'loss': 0.4582, 'learning_rate': 9.614984391259106e-06, 'epoch': 0.58}
{'loss': 0.3606, 'learning_rate': 9.625390218522373e-06, 'epoch': 0.58}
{'loss': 0.4199, 'learning_rate': 9.63579604578564e-06, 'epoch': 0.58}
{'loss': 0.3833, 'learning_rate': 9.646201873048909e-06, 'epoch': 0.58}
{'loss': 0.3764, 'learning_rate': 9.656607700312176e-06, 'epoch': 0.58}
{'loss': 0.3549, 'learning_rate': 9.667013527575443e-06, 'epoch': 0.58}
{'loss': 0.3676, 'learning_rate': 9.67741935483871e-06, 'epoch': 0.58}
{'loss': 0.4227, 'learning_rate': 9.687825182101978e-06, 'epoch': 0.58}
{'loss': 0.4599, 'learning_rate': 9.698231009365245e-06, 'epoch': 0.58}
{'loss': 0.3981, 'learning_rate': 9.708636836628514e-06, 'epoch': 0.58}
{'loss': 0.457, 'learning_rate': 9.71904266389178e-06, 'epoch': 0.58}
{'loss': 0.3505, 'learning_rate': 9.729448491155048e-06, 'epoch': 0.58}
{'loss': 0.3946, 'learning_rate': 9.739854318418315e-06, 'epoch': 0.58}
{'loss': 0.3592, 'learning_rate': 9.750260145681582e-06, 'epoch': 0.59}
{'loss': 0.3917, 'learning_rate': 9.76066597294485e-06, 'epoch': 0.59}
{'loss': 0.3429, 'learning_rate': 9.771071800208117e-06, 'epoch': 0.59}
{'loss': 0.4597, 'learning_rate': 9.781477627471385e-06, 'epoch': 0.59}
{'loss': 0.3896, 'learning_rate': 9.791883454734653e-06, 'epoch': 0.59}
{'loss': 0.3954, 'learning_rate': 9.80228928199792e-06, 'epoch': 0.59}
{'loss': 0.4187, 'learning_rate': 9.812695109261187e-06, 'epoch': 0.59}
{'loss': 0.3025, 'learning_rate': 9.823100936524454e-06, 'epoch': 0.59}
{'loss': 0.4027, 'learning_rate': 9.833506763787723e-06, 'epoch': 0.59}
{'loss': 0.4497, 'learning_rate': 9.843912591050988e-06, 'epoch': 0.59}
{'loss': 0.3724, 'learning_rate': 9.854318418314257e-06, 'epoch': 0.59}
{'loss': 0.3924, 'learning_rate': 9.864724245577524e-06, 'epoch': 0.59}
{'loss': 0.3901, 'learning_rate': 9.875130072840792e-06, 'epoch': 0.59}
{'loss': 0.4801, 'learning_rate': 9.88553590010406e-06, 'epoch': 0.59}
{'loss': 0.43, 'learning_rate': 9.895941727367326e-06, 'epoch': 0.59}
{'loss': 0.4241, 'learning_rate': 9.906347554630595e-06, 'epoch': 0.59}
{'loss': 0.4117, 'learning_rate': 9.916753381893862e-06, 'epoch': 0.6}
{'loss': 0.384, 'learning_rate': 9.927159209157129e-06, 'epoch': 0.6}
{'loss': 0.4149, 'learning_rate': 9.937565036420396e-06, 'epoch': 0.6}
{'loss': 0.4607, 'learning_rate': 9.947970863683663e-06, 'epoch': 0.6}
{'loss': 0.4056, 'learning_rate': 9.958376690946932e-06, 'epoch': 0.6}
{'loss': 0.3458, 'learning_rate': 9.968782518210198e-06, 'epoch': 0.6}
{'loss': 0.3766, 'learning_rate': 9.979188345473466e-06, 'epoch': 0.6}
{'loss': 0.411, 'learning_rate': 9.989594172736734e-06, 'epoch': 0.6}
{'loss': 0.3809, 'learning_rate': 1e-05, 'epoch': 0.6}
{'loss': 0.4604, 'learning_rate': 9.999998329732776e-06, 'epoch': 0.6}
{'loss': 0.4981, 'learning_rate': 9.99999331893222e-06, 'epoch': 0.6}
{'loss': 0.3683, 'learning_rate': 9.999984967601676e-06, 'epoch': 0.6}
{'loss': 0.4489, 'learning_rate': 9.999973275746728e-06, 'epoch': 0.6}
{'loss': 0.3785, 'learning_rate': 9.999958243375186e-06, 'epoch': 0.6}
{'loss': 0.3852, 'learning_rate': 9.99993987049709e-06, 'epoch': 0.6}
{'loss': 0.3708, 'learning_rate': 9.999918157124722e-06, 'epoch': 0.6}
{'loss': 0.3882, 'learning_rate': 9.999893103272583e-06, 'epoch': 0.61}
{'loss': 0.3819, 'learning_rate': 9.999864708957412e-06, 'epoch': 0.61}
{'loss': 0.4419, 'learning_rate': 9.999832974198183e-06, 'epoch': 0.61}
{'loss': 0.4508, 'learning_rate': 9.999797899016095e-06, 'epoch': 0.61}
{'loss': 0.4022, 'learning_rate': 9.999759483434583e-06, 'epoch': 0.61}
{'loss': 0.4139, 'learning_rate': 9.999717727479314e-06, 'epoch': 0.61}
{'loss': 0.4039, 'learning_rate': 9.999672631178185e-06, 'epoch': 0.61}
{'loss': 0.3457, 'learning_rate': 9.999624194561322e-06, 'epoch': 0.61}
{'loss': 0.4071, 'learning_rate': 9.999572417661089e-06, 'epoch': 0.61}
{'loss': 0.451, 'learning_rate': 9.999517300512078e-06, 'epoch': 0.61}
{'loss': 0.4422, 'learning_rate': 9.999458843151114e-06, 'epoch': 0.61}
{'loss': 0.4323, 'learning_rate': 9.99939704561725e-06, 'epoch': 0.61}
{'loss': 0.4146, 'learning_rate': 9.999331907951778e-06, 'epoch': 0.61}
{'loss': 0.4029, 'learning_rate': 9.99926343019821e-06, 'epoch': 0.61}
{'loss': 0.3413, 'learning_rate': 9.999191612402303e-06, 'epoch': 0.61}
{'loss': 0.4362, 'learning_rate': 9.999116454612035e-06, 'epoch': 0.61}
{'loss': 0.4011, 'learning_rate': 9.999037956877621e-06, 'epoch': 0.62}
{'loss': 0.4227, 'learning_rate': 9.998956119251505e-06, 'epoch': 0.62}
{'loss': 0.4223, 'learning_rate': 9.998870941788366e-06, 'epoch': 0.62}
{'loss': 0.4181, 'learning_rate': 9.998782424545108e-06, 'epoch': 0.62}
{'loss': 0.4251, 'learning_rate': 9.998690567580873e-06, 'epoch': 0.62}
{'loss': 0.3887, 'learning_rate': 9.99859537095703e-06, 'epoch': 0.62}
{'loss': 0.3745, 'learning_rate': 9.99849683473718e-06, 'epoch': 0.62}
{'loss': 0.3758, 'learning_rate': 9.998394958987155e-06, 'epoch': 0.62}
{'loss': 0.3748, 'learning_rate': 9.99828974377502e-06, 'epoch': 0.62}
{'loss': 0.3913, 'learning_rate': 9.99818118917107e-06, 'epoch': 0.62}
{'loss': 0.4831, 'learning_rate': 9.998069295247832e-06, 'epoch': 0.62}
{'loss': 0.4141, 'learning_rate': 9.997954062080062e-06, 'epoch': 0.62}
{'loss': 0.4518, 'learning_rate': 9.997835489744748e-06, 'epoch': 0.62}
{'loss': 0.3903, 'learning_rate': 9.99771357832111e-06, 'epoch': 0.62}
{'loss': 0.4273, 'learning_rate': 9.997588327890595e-06, 'epoch': 0.62}
{'loss': 0.425, 'learning_rate': 9.997459738536888e-06, 'epoch': 0.62}
{'loss': 0.3094, 'learning_rate': 9.997327810345898e-06, 'epoch': 0.63}
{'loss': 0.397, 'learning_rate': 9.997192543405767e-06, 'epoch': 0.63}
{'loss': 0.3859, 'learning_rate': 9.997053937806869e-06, 'epoch': 0.63}
{'loss': 0.4144, 'learning_rate': 9.996911993641805e-06, 'epoch': 0.63}
{'loss': 0.4259, 'learning_rate': 9.99676671100541e-06, 'epoch': 0.63}
{'loss': 0.468, 'learning_rate': 9.99661808999475e-06, 'epoch': 0.63}
{'loss': 0.4094, 'learning_rate': 9.996466130709119e-06, 'epoch': 0.63}
{'loss': 0.4027, 'learning_rate': 9.996310833250041e-06, 'epoch': 0.63}
{'loss': 0.3994, 'learning_rate': 9.99615219772127e-06, 'epoch': 0.63}
{'loss': 0.3495, 'learning_rate': 9.995990224228796e-06, 'epoch': 0.63}
{'loss': 0.4006, 'learning_rate': 9.995824912880829e-06, 'epoch': 0.63}
{'loss': 0.3458, 'learning_rate': 9.99565626378782e-06, 'epoch': 0.63}
{'loss': 0.3113, 'learning_rate': 9.99548427706244e-06, 'epoch': 0.63}
{'loss': 0.3184, 'learning_rate': 9.995308952819598e-06, 'epoch': 0.63}
{'loss': 0.388, 'learning_rate': 9.995130291176428e-06, 'epoch': 0.63}
{'loss': 0.4539, 'learning_rate': 9.994948292252296e-06, 'epoch': 0.63}
{'loss': 0.4243, 'learning_rate': 9.994762956168793e-06, 'epoch': 0.64}
{'loss': 0.3647, 'learning_rate': 9.994574283049749e-06, 'epoch': 0.64}
{'loss': 0.412, 'learning_rate': 9.994382273021212e-06, 'epoch': 0.64}
{'loss': 0.3853, 'learning_rate': 9.994186926211471e-06, 'epoch': 0.64}
{'loss': 0.3521, 'learning_rate': 9.993988242751035e-06, 'epoch': 0.64}
{'loss': 0.3983, 'learning_rate': 9.993786222772646e-06, 'epoch': 0.64}
{'loss': 0.4195, 'learning_rate': 9.993580866411276e-06, 'epoch': 0.64}
{'loss': 0.3706, 'learning_rate': 9.993372173804124e-06, 'epoch': 0.64}
{'loss': 0.3709, 'learning_rate': 9.99316014509062e-06, 'epoch': 0.64}
{'loss': 0.4461, 'learning_rate': 9.99294478041242e-06, 'epoch': 0.64}
{'loss': 0.3468, 'learning_rate': 9.992726079913411e-06, 'epoch': 0.64}
{'loss': 0.3827, 'learning_rate': 9.99250404373971e-06, 'epoch': 0.64}
{'loss': 0.4125, 'learning_rate': 9.992278672039661e-06, 'epoch': 0.64}
{'loss': 0.3415, 'learning_rate': 9.992049964963836e-06, 'epoch': 0.64}
{'loss': 0.4208, 'learning_rate': 9.991817922665035e-06, 'epoch': 0.64}
{'loss': 0.3931, 'learning_rate': 9.991582545298287e-06, 'epoch': 0.64}
{'loss': 0.3911, 'learning_rate': 9.991343833020848e-06, 'epoch': 0.65}
{'loss': 0.4155, 'learning_rate': 9.991101785992205e-06, 'epoch': 0.65}
{'loss': 0.3995, 'learning_rate': 9.990856404374074e-06, 'epoch': 0.65}
{'loss': 0.3857, 'learning_rate': 9.99060768833039e-06, 'epoch': 0.65}
{'loss': 0.4121, 'learning_rate': 9.990355638027327e-06, 'epoch': 0.65}
{'loss': 0.356, 'learning_rate': 9.990100253633279e-06, 'epoch': 0.65}
{'loss': 0.3154, 'learning_rate': 9.989841535318872e-06, 'epoch': 0.65}
{'loss': 0.3932, 'learning_rate': 9.989579483256954e-06, 'epoch': 0.65}
{'loss': 0.42, 'learning_rate': 9.989314097622608e-06, 'epoch': 0.65}
{'loss': 0.3474, 'learning_rate': 9.989045378593138e-06, 'epoch': 0.65}
{'loss': 0.3686, 'learning_rate': 9.988773326348077e-06, 'epoch': 0.65}
{'loss': 0.4442, 'learning_rate': 9.988497941069184e-06, 'epoch': 0.65}
{'loss': 0.3192, 'learning_rate': 9.988219222940448e-06, 'epoch': 0.65}
{'loss': 0.4215, 'learning_rate': 9.98793717214808e-06, 'epoch': 0.65}
{'loss': 0.3992, 'learning_rate': 9.987651788880524e-06, 'epoch': 0.65}
{'loss': 0.36, 'learning_rate': 9.987363073328443e-06, 'epoch': 0.65}
{'loss': 0.3857, 'learning_rate': 9.98707102568473e-06, 'epoch': 0.66}
{'loss': 0.3719, 'learning_rate': 9.986775646144504e-06, 'epoch': 0.66}
{'loss': 0.406, 'learning_rate': 9.986476934905114e-06, 'epoch': 0.66}
{'loss': 0.405, 'learning_rate': 9.986174892166125e-06, 'epoch': 0.66}
{'loss': 0.4571, 'learning_rate': 9.985869518129338e-06, 'epoch': 0.66}
{'loss': 0.3922, 'learning_rate': 9.985560812998774e-06, 'epoch': 0.66}
{'loss': 0.3868, 'learning_rate': 9.985248776980682e-06, 'epoch': 0.66}
{'loss': 0.3647, 'learning_rate': 9.984933410283534e-06, 'epoch': 0.66}
{'loss': 0.4108, 'learning_rate': 9.98461471311803e-06, 'epoch': 0.66}
{'loss': 0.3427, 'learning_rate': 9.984292685697093e-06, 'epoch': 0.66}
{'loss': 0.2798, 'learning_rate': 9.983967328235871e-06, 'epoch': 0.66}
{'loss': 0.3532, 'learning_rate': 9.98363864095174e-06, 'epoch': 0.66}
{'loss': 0.361, 'learning_rate': 9.983306624064297e-06, 'epoch': 0.66}
{'loss': 0.3389, 'learning_rate': 9.982971277795363e-06, 'epoch': 0.66}
{'loss': 0.3489, 'learning_rate': 9.982632602368987e-06, 'epoch': 0.66}
{'loss': 0.4011, 'learning_rate': 9.982290598011441e-06, 'epoch': 0.66}
{'loss': 0.409, 'learning_rate': 9.981945264951221e-06, 'epoch': 0.67}
{'loss': 0.4212, 'learning_rate': 9.981596603419042e-06, 'epoch': 0.67}
{'loss': 0.4153, 'learning_rate': 9.98124461364785e-06, 'epoch': 0.67}
{'loss': 0.3883, 'learning_rate': 9.980889295872814e-06, 'epoch': 0.67}
{'loss': 0.3948, 'learning_rate': 9.980530650331322e-06, 'epoch': 0.67}
{'loss': 0.4533, 'learning_rate': 9.980168677262986e-06, 'epoch': 0.67}
{'loss': 0.4102, 'learning_rate': 9.979803376909645e-06, 'epoch': 0.67}
{'loss': 0.4874, 'learning_rate': 9.979434749515358e-06, 'epoch': 0.67}
{'loss': 0.3776, 'learning_rate': 9.979062795326409e-06, 'epoch': 0.67}
{'loss': 0.5145, 'learning_rate': 9.9786875145913e-06, 'epoch': 0.67}
{'loss': 0.4176, 'learning_rate': 9.978308907560762e-06, 'epoch': 0.67}
{'loss': 0.4222, 'learning_rate': 9.977926974487742e-06, 'epoch': 0.67}
{'loss': 0.428, 'learning_rate': 9.977541715627415e-06, 'epoch': 0.67}
{'loss': 0.3907, 'learning_rate': 9.977153131237172e-06, 'epoch': 0.67}
{'loss': 0.4246, 'learning_rate': 9.97676122157663e-06, 'epoch': 0.67}
{'loss': 0.3838, 'learning_rate': 9.976365986907627e-06, 'epoch': 0.67}
{'loss': 0.397, 'learning_rate': 9.975967427494224e-06, 'epoch': 0.67}
{'loss': 0.4449, 'learning_rate': 9.975565543602699e-06, 'epoch': 0.68}
{'loss': 0.4131, 'learning_rate': 9.975160335501552e-06, 'epoch': 0.68}
{'loss': 0.4019, 'learning_rate': 9.974751803461509e-06, 'epoch': 0.68}
{'loss': 0.4077, 'learning_rate': 9.97433994775551e-06, 'epoch': 0.68}
{'loss': 0.4298, 'learning_rate': 9.97392476865872e-06, 'epoch': 0.68}
{'loss': 0.3911, 'learning_rate': 9.973506266448523e-06, 'epoch': 0.68}
{'loss': 0.449, 'learning_rate': 9.973084441404524e-06, 'epoch': 0.68}
{'loss': 0.3835, 'learning_rate': 9.972659293808544e-06, 'epoch': 0.68}
{'loss': 0.3873, 'learning_rate': 9.972230823944631e-06, 'epoch': 0.68}
{'loss': 0.386, 'learning_rate': 9.971799032099046e-06, 'epoch': 0.68}
{'loss': 0.3616, 'learning_rate': 9.971363918560273e-06, 'epoch': 0.68}
{'loss': 0.3777, 'learning_rate': 9.970925483619014e-06, 'epoch': 0.68}
{'loss': 0.3539, 'learning_rate': 9.97048372756819e-06, 'epoch': 0.68}
{'loss': 0.3837, 'learning_rate': 9.970038650702945e-06, 'epoch': 0.68}
{'loss': 0.352, 'learning_rate': 9.969590253320632e-06, 'epoch': 0.68}
{'loss': 0.3748, 'learning_rate': 9.969138535720832e-06, 'epoch': 0.68}
{'loss': 0.3845, 'learning_rate': 9.96868349820534e-06, 'epoch': 0.69}
{'loss': 0.3949, 'learning_rate': 9.968225141078171e-06, 'epoch': 0.69}
{'loss': 0.4214, 'learning_rate': 9.967763464645554e-06, 'epoch': 0.69}
{'loss': 0.3019, 'learning_rate': 9.96729846921594e-06, 'epoch': 0.69}
{'loss': 0.3887, 'learning_rate': 9.966830155099996e-06, 'epoch': 0.69}
{'loss': 0.3976, 'learning_rate': 9.966358522610602e-06, 'epoch': 0.69}
{'loss': 0.3797, 'learning_rate': 9.965883572062865e-06, 'epoch': 0.69}
{'loss': 0.4184, 'learning_rate': 9.965405303774099e-06, 'epoch': 0.69}
{'loss': 0.4179, 'learning_rate': 9.964923718063837e-06, 'epoch': 0.69}
{'loss': 0.4149, 'learning_rate': 9.964438815253833e-06, 'epoch': 0.69}
{'loss': 0.3837, 'learning_rate': 9.963950595668053e-06, 'epoch': 0.69}
{'loss': 0.3921, 'learning_rate': 9.963459059632678e-06, 'epoch': 0.69}
{'loss': 0.4212, 'learning_rate': 9.962964207476108e-06, 'epoch': 0.69}
{'loss': 0.4162, 'learning_rate': 9.96246603952896e-06, 'epoch': 0.69}
{'loss': 0.3694, 'learning_rate': 9.961964556124058e-06, 'epoch': 0.69}
{'loss': 0.3856, 'learning_rate': 9.96145975759645e-06, 'epoch': 0.69}
{'loss': 0.4161, 'learning_rate': 9.960951644283395e-06, 'epoch': 0.7}
{'loss': 0.3968, 'learning_rate': 9.960440216524366e-06, 'epoch': 0.7}
{'loss': 0.3643, 'learning_rate': 9.959925474661052e-06, 'epoch': 0.7}
{'loss': 0.4052, 'learning_rate': 9.959407419037354e-06, 'epoch': 0.7}
{'loss': 0.3991, 'learning_rate': 9.958886049999391e-06, 'epoch': 0.7}
{'loss': 0.4346, 'learning_rate': 9.958361367895495e-06, 'epoch': 0.7}
{'loss': 0.3982, 'learning_rate': 9.957833373076204e-06, 'epoch': 0.7}
{'loss': 0.403, 'learning_rate': 9.95730206589428e-06, 'epoch': 0.7}
{'loss': 0.3443, 'learning_rate': 9.956767446704689e-06, 'epoch': 0.7}
{'loss': 0.425, 'learning_rate': 9.956229515864617e-06, 'epoch': 0.7}
{'loss': 0.3704, 'learning_rate': 9.95568827373346e-06, 'epoch': 0.7}
{'loss': 0.3582, 'learning_rate': 9.95514372067282e-06, 'epoch': 0.7}
{'loss': 0.3309, 'learning_rate': 9.954595857046522e-06, 'epoch': 0.7}
{'loss': 0.3835, 'learning_rate': 9.954044683220596e-06, 'epoch': 0.7}
{'loss': 0.3258, 'learning_rate': 9.953490199563283e-06, 'epoch': 0.7}
{'loss': 0.3632, 'learning_rate': 9.952932406445041e-06, 'epoch': 0.7}
{'loss': 0.4171, 'learning_rate': 9.952371304238533e-06, 'epoch': 0.71}
{'loss': 0.3889, 'learning_rate': 9.951806893318636e-06, 'epoch': 0.71}
{'loss': 0.4121, 'learning_rate': 9.951239174062437e-06, 'epoch': 0.71}
{'loss': 0.315, 'learning_rate': 9.950668146849233e-06, 'epoch': 0.71}
{'loss': 0.3837, 'learning_rate': 9.950093812060531e-06, 'epoch': 0.71}
{'loss': 0.3571, 'learning_rate': 9.949516170080047e-06, 'epoch': 0.71}
{'loss': 0.4896, 'learning_rate': 9.94893522129371e-06, 'epoch': 0.71}
{'loss': 0.3187, 'learning_rate': 9.948350966089653e-06, 'epoch': 0.71}
{'loss': 0.3826, 'learning_rate': 9.947763404858224e-06, 'epoch': 0.71}
{'loss': 0.3809, 'learning_rate': 9.947172537991974e-06, 'epoch': 0.71}
{'loss': 0.4173, 'learning_rate': 9.946578365885667e-06, 'epoch': 0.71}
{'loss': 0.3868, 'learning_rate': 9.945980888936272e-06, 'epoch': 0.71}
{'loss': 0.3535, 'learning_rate': 9.945380107542969e-06, 'epoch': 0.71}
{'loss': 0.3687, 'learning_rate': 9.944776022107143e-06, 'epoch': 0.71}
{'loss': 0.3178, 'learning_rate': 9.94416863303239e-06, 'epoch': 0.71}
{'loss': 0.4224, 'learning_rate': 9.943557940724507e-06, 'epoch': 0.71}
{'loss': 0.3592, 'learning_rate': 9.942943945591504e-06, 'epoch': 0.72}
{'loss': 0.3749, 'learning_rate': 9.942326648043596e-06, 'epoch': 0.72}
{'loss': 0.3898, 'learning_rate': 9.941706048493202e-06, 'epoch': 0.72}
{'loss': 0.4091, 'learning_rate': 9.94108214735495e-06, 'epoch': 0.72}
{'loss': 0.4241, 'learning_rate': 9.940454945045672e-06, 'epoch': 0.72}
{'loss': 0.4244, 'learning_rate': 9.939824441984407e-06, 'epoch': 0.72}
{'loss': 0.4342, 'learning_rate': 9.939190638592397e-06, 'epoch': 0.72}
{'loss': 0.3364, 'learning_rate': 9.938553535293093e-06, 'epoch': 0.72}
{'loss': 0.3426, 'learning_rate': 9.937913132512144e-06, 'epoch': 0.72}
{'loss': 0.3449, 'learning_rate': 9.937269430677413e-06, 'epoch': 0.72}
{'loss': 0.3143, 'learning_rate': 9.936622430218958e-06, 'epoch': 0.72}
{'loss': 0.3986, 'learning_rate': 9.935972131569044e-06, 'epoch': 0.72}
{'loss': 0.3404, 'learning_rate': 9.935318535162142e-06, 'epoch': 0.72}
{'loss': 0.4034, 'learning_rate': 9.934661641434922e-06, 'epoch': 0.72}
{'loss': 0.4289, 'learning_rate': 9.93400145082626e-06, 'epoch': 0.72}
{'loss': 0.3893, 'learning_rate': 9.933337963777237e-06, 'epoch': 0.72}
{'loss': 0.377, 'learning_rate': 9.93267118073113e-06, 'epoch': 0.73}
{'loss': 0.422, 'learning_rate': 9.932001102133422e-06, 'epoch': 0.73}
{'loss': 0.3414, 'learning_rate': 9.931327728431797e-06, 'epoch': 0.73}
{'loss': 0.4107, 'learning_rate': 9.93065106007614e-06, 'epoch': 0.73}
{'loss': 0.418, 'learning_rate': 9.929971097518538e-06, 'epoch': 0.73}
{'loss': 0.3871, 'learning_rate': 9.929287841213281e-06, 'epoch': 0.73}
{'loss': 0.4271, 'learning_rate': 9.928601291616855e-06, 'epoch': 0.73}
{'loss': 0.359, 'learning_rate': 9.92791144918795e-06, 'epoch': 0.73}
{'loss': 0.3645, 'learning_rate': 9.927218314387452e-06, 'epoch': 0.73}
{'loss': 0.4248, 'learning_rate': 9.926521887678451e-06, 'epoch': 0.73}
{'loss': 0.3565, 'learning_rate': 9.925822169526235e-06, 'epoch': 0.73}
{'loss': 0.3769, 'learning_rate': 9.925119160398289e-06, 'epoch': 0.73}
{'loss': 0.3617, 'learning_rate': 9.924412860764299e-06, 'epoch': 0.73}
{'loss': 0.4291, 'learning_rate': 9.923703271096148e-06, 'epoch': 0.73}
{'loss': 0.4069, 'learning_rate': 9.92299039186792e-06, 'epoch': 0.73}
{'loss': 0.403, 'learning_rate': 9.922274223555892e-06, 'epoch': 0.73}
{'loss': 0.3719, 'learning_rate': 9.921554766638542e-06, 'epoch': 0.74}
{'loss': 0.3625, 'learning_rate': 9.920832021596542e-06, 'epoch': 0.74}
{'loss': 0.3525, 'learning_rate': 9.920105988912767e-06, 'epoch': 0.74}
{'loss': 0.3766, 'learning_rate': 9.91937666907228e-06, 'epoch': 0.74}
{'loss': 0.3298, 'learning_rate': 9.91864406256235e-06, 'epoch': 0.74}
{'loss': 0.4022, 'learning_rate': 9.917908169872433e-06, 'epoch': 0.74}
{'loss': 0.3123, 'learning_rate': 9.917168991494182e-06, 'epoch': 0.74}
{'loss': 0.3439, 'learning_rate': 9.91642652792145e-06, 'epoch': 0.74}
{'loss': 0.3895, 'learning_rate': 9.915680779650283e-06, 'epoch': 0.74}
{'loss': 0.3354, 'learning_rate': 9.914931747178919e-06, 'epoch': 0.74}
{'loss': 0.3904, 'learning_rate': 9.91417943100779e-06, 'epoch': 0.74}
{'loss': 0.3651, 'learning_rate': 9.913423831639528e-06, 'epoch': 0.74}
{'loss': 0.3722, 'learning_rate': 9.91266494957895e-06, 'epoch': 0.74}
{'loss': 0.3689, 'learning_rate': 9.911902785333071e-06, 'epoch': 0.74}
{'loss': 0.4049, 'learning_rate': 9.911137339411101e-06, 'epoch': 0.74}
{'loss': 0.3734, 'learning_rate': 9.910368612324437e-06, 'epoch': 0.74}
{'loss': 0.3311, 'learning_rate': 9.909596604586673e-06, 'epoch': 0.75}
{'loss': 0.3753, 'learning_rate': 9.908821316713591e-06, 'epoch': 0.75}
{'loss': 0.367, 'learning_rate': 9.908042749223165e-06, 'epoch': 0.75}
{'loss': 0.3754, 'learning_rate': 9.907260902635564e-06, 'epoch': 0.75}
{'loss': 0.3982, 'learning_rate': 9.906475777473144e-06, 'epoch': 0.75}
{'loss': 0.3255, 'learning_rate': 9.905687374260452e-06, 'epoch': 0.75}
{'loss': 0.4003, 'learning_rate': 9.904895693524226e-06, 'epoch': 0.75}
{'loss': 0.4193, 'learning_rate': 9.904100735793395e-06, 'epoch': 0.75}
{'loss': 0.4079, 'learning_rate': 9.903302501599072e-06, 'epoch': 0.75}
{'loss': 0.3828, 'learning_rate': 9.902500991474566e-06, 'epoch': 0.75}
{'loss': 0.4216, 'learning_rate': 9.901696205955371e-06, 'epoch': 0.75}
{'loss': 0.3907, 'learning_rate': 9.900888145579169e-06, 'epoch': 0.75}
{'loss': 0.4121, 'learning_rate': 9.900076810885831e-06, 'epoch': 0.75}
{'loss': 0.3839, 'learning_rate': 9.899262202417413e-06, 'epoch': 0.75}
{'loss': 0.4258, 'learning_rate': 9.898444320718165e-06, 'epoch': 0.75}
{'loss': 0.4358, 'learning_rate': 9.897623166334516e-06, 'epoch': 0.75}
{'loss': 0.4158, 'learning_rate': 9.896798739815086e-06, 'epoch': 0.76}
{'loss': 0.3555, 'learning_rate': 9.895971041710681e-06, 'epoch': 0.76}
{'loss': 0.4007, 'learning_rate': 9.89514007257429e-06, 'epoch': 0.76}
{'loss': 0.404, 'learning_rate': 9.89430583296109e-06, 'epoch': 0.76}
{'loss': 0.3472, 'learning_rate': 9.893468323428442e-06, 'epoch': 0.76}
{'loss': 0.348, 'learning_rate': 9.892627544535894e-06, 'epoch': 0.76}
{'loss': 0.3494, 'learning_rate': 9.89178349684517e-06, 'epoch': 0.76}
{'loss': 0.3613, 'learning_rate': 9.890936180920192e-06, 'epoch': 0.76}
{'loss': 0.366, 'learning_rate': 9.890085597327054e-06, 'epoch': 0.76}
{'loss': 0.3855, 'learning_rate': 9.889231746634035e-06, 'epoch': 0.76}
{'loss': 0.325, 'learning_rate': 9.888374629411602e-06, 'epoch': 0.76}
{'loss': 0.3856, 'learning_rate': 9.8875142462324e-06, 'epoch': 0.76}
{'loss': 0.3868, 'learning_rate': 9.886650597671253e-06, 'epoch': 0.76}
{'loss': 0.3615, 'learning_rate': 9.885783684305175e-06, 'epoch': 0.76}
{'loss': 0.4462, 'learning_rate': 9.884913506713356e-06, 'epoch': 0.76}
{'loss': 0.3736, 'learning_rate': 9.884040065477168e-06, 'epoch': 0.76}
{'loss': 0.4568, 'learning_rate': 9.88316336118016e-06, 'epoch': 0.77}
{'loss': 0.4639, 'learning_rate': 9.882283394408068e-06, 'epoch': 0.77}
{'loss': 0.3902, 'learning_rate': 9.881400165748803e-06, 'epoch': 0.77}
{'loss': 0.3485, 'learning_rate': 9.880513675792454e-06, 'epoch': 0.77}
{'loss': 0.3415, 'learning_rate': 9.879623925131291e-06, 'epoch': 0.77}
{'loss': 0.3747, 'learning_rate': 9.878730914359767e-06, 'epoch': 0.77}
{'loss': 0.334, 'learning_rate': 9.877834644074505e-06, 'epoch': 0.77}
{'loss': 0.3631, 'learning_rate': 9.87693511487431e-06, 'epoch': 0.77}
{'loss': 0.3901, 'learning_rate': 9.876032327360163e-06, 'epoch': 0.77}
{'loss': 0.3431, 'learning_rate': 9.875126282135224e-06, 'epoch': 0.77}
{'loss': 0.3531, 'learning_rate': 9.874216979804826e-06, 'epoch': 0.77}
{'loss': 0.3783, 'learning_rate': 9.873304420976483e-06, 'epoch': 0.77}
{'loss': 0.3545, 'learning_rate': 9.872388606259879e-06, 'epoch': 0.77}
{'loss': 0.3315, 'learning_rate': 9.87146953626688e-06, 'epoch': 0.77}
{'loss': 0.3795, 'learning_rate': 9.870547211611517e-06, 'epoch': 0.77}
{'loss': 0.3162, 'learning_rate': 9.869621632910006e-06, 'epoch': 0.77}
{'loss': 0.3643, 'learning_rate': 9.868692800780732e-06, 'epoch': 0.78}
{'loss': 0.3361, 'learning_rate': 9.867760715844254e-06, 'epoch': 0.78}
{'loss': 0.3804, 'learning_rate': 9.866825378723303e-06, 'epoch': 0.78}
{'loss': 0.4099, 'learning_rate': 9.865886790042785e-06, 'epoch': 0.78}
{'loss': 0.4454, 'learning_rate': 9.864944950429778e-06, 'epoch': 0.78}
{'loss': 0.3869, 'learning_rate': 9.86399986051353e-06, 'epoch': 0.78}
{'loss': 0.3114, 'learning_rate': 9.863051520925466e-06, 'epoch': 0.78}
{'loss': 0.3244, 'learning_rate': 9.862099932299172e-06, 'epoch': 0.78}
{'loss': 0.3616, 'learning_rate': 9.861145095270416e-06, 'epoch': 0.78}
{'loss': 0.3806, 'learning_rate': 9.860187010477132e-06, 'epoch': 0.78}
{'loss': 0.3816, 'learning_rate': 9.859225678559418e-06, 'epoch': 0.78}
{'loss': 0.4302, 'learning_rate': 9.858261100159549e-06, 'epoch': 0.78}
{'loss': 0.3313, 'learning_rate': 9.857293275921966e-06, 'epoch': 0.78}
{'loss': 0.4649, 'learning_rate': 9.856322206493281e-06, 'epoch': 0.78}
{'loss': 0.3109, 'learning_rate': 9.855347892522271e-06, 'epoch': 0.78}
{'loss': 0.3929, 'learning_rate': 9.854370334659881e-06, 'epoch': 0.78}
{'loss': 0.3597, 'learning_rate': 9.853389533559226e-06, 'epoch': 0.79}
{'loss': 0.3915, 'learning_rate': 9.852405489875582e-06, 'epoch': 0.79}
{'loss': 0.4615, 'learning_rate': 9.851418204266401e-06, 'epoch': 0.79}
{'loss': 0.3951, 'learning_rate': 9.850427677391293e-06, 'epoch': 0.79}
{'loss': 0.4734, 'learning_rate': 9.849433909912031e-06, 'epoch': 0.79}
{'loss': 0.4233, 'learning_rate': 9.848436902492566e-06, 'epoch': 0.79}
{'loss': 0.4176, 'learning_rate': 9.847436655799002e-06, 'epoch': 0.79}
{'loss': 0.3581, 'learning_rate': 9.846433170499607e-06, 'epoch': 0.79}
{'loss': 0.3063, 'learning_rate': 9.845426447264823e-06, 'epoch': 0.79}
{'loss': 0.3173, 'learning_rate': 9.844416486767245e-06, 'epoch': 0.79}
{'loss': 0.381, 'learning_rate': 9.843403289681634e-06, 'epoch': 0.79}
{'loss': 0.3577, 'learning_rate': 9.842386856684916e-06, 'epoch': 0.79}
{'loss': 0.3379, 'learning_rate': 9.841367188456178e-06, 'epoch': 0.79}
{'loss': 0.3847, 'learning_rate': 9.840344285676663e-06, 'epoch': 0.79}
{'loss': 0.3761, 'learning_rate': 9.83931814902978e-06, 'epoch': 0.79}
{'loss': 0.4005, 'learning_rate': 9.838288779201101e-06, 'epoch': 0.79}
{'loss': 0.3362, 'learning_rate': 9.837256176878356e-06, 'epoch': 0.8}
{'loss': 0.3438, 'learning_rate': 9.83622034275143e-06, 'epoch': 0.8}
{'loss': 0.3795, 'learning_rate': 9.835181277512373e-06, 'epoch': 0.8}
{'loss': 0.4009, 'learning_rate': 9.83413898185539e-06, 'epoch': 0.8}
{'loss': 0.3759, 'learning_rate': 9.833093456476848e-06, 'epoch': 0.8}
{'loss': 0.357, 'learning_rate': 9.83204470207527e-06, 'epoch': 0.8}
{'loss': 0.36, 'learning_rate': 9.830992719351334e-06, 'epoch': 0.8}
{'loss': 0.4147, 'learning_rate': 9.829937509007877e-06, 'epoch': 0.8}
{'loss': 0.3621, 'learning_rate': 9.828879071749892e-06, 'epoch': 0.8}
{'loss': 0.3361, 'learning_rate': 9.82781740828453e-06, 'epoch': 0.8}
{'loss': 0.4443, 'learning_rate': 9.826752519321095e-06, 'epoch': 0.8}
{'loss': 0.3626, 'learning_rate': 9.825684405571047e-06, 'epoch': 0.8}
{'loss': 0.3691, 'learning_rate': 9.824613067747999e-06, 'epoch': 0.8}
{'loss': 0.3257, 'learning_rate': 9.823538506567721e-06, 'epoch': 0.8}
{'loss': 0.4305, 'learning_rate': 9.822460722748132e-06, 'epoch': 0.8}
{'loss': 0.3281, 'learning_rate': 9.821379717009309e-06, 'epoch': 0.8}
{'loss': 0.3948, 'learning_rate': 9.82029549007348e-06, 'epoch': 0.81}
{'loss': 0.427, 'learning_rate': 9.81920804266502e-06, 'epoch': 0.81}
{'loss': 0.3518, 'learning_rate': 9.818117375510466e-06, 'epoch': 0.81}
{'loss': 0.356, 'learning_rate': 9.817023489338498e-06, 'epoch': 0.81}
{'loss': 0.3518, 'learning_rate': 9.815926384879946e-06, 'epoch': 0.81}
{'loss': 0.2963, 'learning_rate': 9.814826062867797e-06, 'epoch': 0.81}
{'loss': 0.3401, 'learning_rate': 9.813722524037184e-06, 'epoch': 0.81}
{'loss': 0.411, 'learning_rate': 9.812615769125385e-06, 'epoch': 0.81}
{'loss': 0.3257, 'learning_rate': 9.811505798871832e-06, 'epoch': 0.81}
{'loss': 0.3426, 'learning_rate': 9.810392614018107e-06, 'epoch': 0.81}
{'loss': 0.3147, 'learning_rate': 9.809276215307932e-06, 'epoch': 0.81}
{'loss': 0.3375, 'learning_rate': 9.808156603487185e-06, 'epoch': 0.81}
{'loss': 0.4064, 'learning_rate': 9.807033779303883e-06, 'epoch': 0.81}
{'loss': 0.3851, 'learning_rate': 9.805907743508192e-06, 'epoch': 0.81}
{'loss': 0.3364, 'learning_rate': 9.804778496852428e-06, 'epoch': 0.81}
{'loss': 0.279, 'learning_rate': 9.803646040091043e-06, 'epoch': 0.81}
{'loss': 0.3636, 'learning_rate': 9.802510373980646e-06, 'epoch': 0.82}
{'loss': 0.3641, 'learning_rate': 9.801371499279979e-06, 'epoch': 0.82}
{'loss': 0.4525, 'learning_rate': 9.800229416749933e-06, 'epoch': 0.82}
{'loss': 0.3503, 'learning_rate': 9.79908412715354e-06, 'epoch': 0.82}
{'loss': 0.4184, 'learning_rate': 9.797935631255977e-06, 'epoch': 0.82}
{'loss': 0.4009, 'learning_rate': 9.796783929824562e-06, 'epoch': 0.82}
{'loss': 0.332, 'learning_rate': 9.795629023628756e-06, 'epoch': 0.82}
{'loss': 0.3778, 'learning_rate': 9.794470913440158e-06, 'epoch': 0.82}
{'loss': 0.3803, 'learning_rate': 9.79330960003251e-06, 'epoch': 0.82}
{'loss': 0.3594, 'learning_rate': 9.792145084181692e-06, 'epoch': 0.82}
{'loss': 0.3342, 'learning_rate': 9.790977366665728e-06, 'epoch': 0.82}
{'loss': 0.3285, 'learning_rate': 9.789806448264776e-06, 'epoch': 0.82}
{'loss': 0.3377, 'learning_rate': 9.788632329761133e-06, 'epoch': 0.82}
{'loss': 0.322, 'learning_rate': 9.78745501193924e-06, 'epoch': 0.82}
{'loss': 0.4339, 'learning_rate': 9.78627449558567e-06, 'epoch': 0.82}
{'loss': 0.3781, 'learning_rate': 9.785090781489131e-06, 'epoch': 0.82}
{'loss': 0.4096, 'learning_rate': 9.783903870440474e-06, 'epoch': 0.83}
{'loss': 0.3587, 'learning_rate': 9.78271376323268e-06, 'epoch': 0.83}
{'loss': 0.3967, 'learning_rate': 9.78152046066087e-06, 'epoch': 0.83}
{'loss': 0.3263, 'learning_rate': 9.780323963522295e-06, 'epoch': 0.83}
{'loss': 0.3512, 'learning_rate': 9.779124272616344e-06, 'epoch': 0.83}
{'loss': 0.3446, 'learning_rate': 9.777921388744542e-06, 'epoch': 0.83}
{'loss': 0.3857, 'learning_rate': 9.776715312710539e-06, 'epoch': 0.83}
{'loss': 0.4034, 'learning_rate': 9.775506045320126e-06, 'epoch': 0.83}
{'loss': 0.3899, 'learning_rate': 9.774293587381223e-06, 'epoch': 0.83}
{'loss': 0.3841, 'learning_rate': 9.77307793970388e-06, 'epoch': 0.83}
{'loss': 0.3597, 'learning_rate': 9.77185910310028e-06, 'epoch': 0.83}
{'loss': 0.366, 'learning_rate': 9.770637078384734e-06, 'epoch': 0.83}
{'loss': 0.4009, 'learning_rate': 9.769411866373688e-06, 'epoch': 0.83}
{'loss': 0.3485, 'learning_rate': 9.768183467885714e-06, 'epoch': 0.83}
{'loss': 0.361, 'learning_rate': 9.766951883741515e-06, 'epoch': 0.83}
{'loss': 0.3606, 'learning_rate': 9.765717114763917e-06, 'epoch': 0.83}
{'loss': 0.3834, 'learning_rate': 9.76447916177788e-06, 'epoch': 0.84}
{'loss': 0.366, 'learning_rate': 9.76323802561049e-06, 'epoch': 0.84}
{'loss': 0.3995, 'learning_rate': 9.761993707090958e-06, 'epoch': 0.84}
{'loss': 0.4641, 'learning_rate': 9.76074620705062e-06, 'epoch': 0.84}
{'loss': 0.2712, 'learning_rate': 9.75949552632294e-06, 'epoch': 0.84}
{'loss': 0.3677, 'learning_rate': 9.758241665743508e-06, 'epoch': 0.84}
{'loss': 0.4159, 'learning_rate': 9.756984626150034e-06, 'epoch': 0.84}
{'loss': 0.3719, 'learning_rate': 9.75572440838236e-06, 'epoch': 0.84}
{'loss': 0.3434, 'learning_rate': 9.75446101328244e-06, 'epoch': 0.84}
{'loss': 0.3867, 'learning_rate': 9.75319444169436e-06, 'epoch': 0.84}
{'loss': 0.366, 'learning_rate': 9.751924694464327e-06, 'epoch': 0.84}
{'loss': 0.3599, 'learning_rate': 9.750651772440665e-06, 'epoch': 0.84}
{'loss': 0.3616, 'learning_rate': 9.74937567647382e-06, 'epoch': 0.84}
{'loss': 0.3475, 'learning_rate': 9.748096407416368e-06, 'epoch': 0.84}
{'loss': 0.3405, 'learning_rate': 9.74681396612299e-06, 'epoch': 0.84}
{'loss': 0.3957, 'learning_rate': 9.745528353450498e-06, 'epoch': 0.84}
{'loss': 0.3461, 'learning_rate': 9.744239570257816e-06, 'epoch': 0.85}
{'loss': 0.3283, 'learning_rate': 9.74294761740599e-06, 'epoch': 0.85}
{'loss': 0.3652, 'learning_rate': 9.741652495758183e-06, 'epoch': 0.85}
{'loss': 0.3784, 'learning_rate': 9.740354206179676e-06, 'epoch': 0.85}
{'loss': 0.3473, 'learning_rate': 9.739052749537863e-06, 'epoch': 0.85}
{'loss': 0.3379, 'learning_rate': 9.737748126702257e-06, 'epoch': 0.85}
{'loss': 0.4164, 'learning_rate': 9.736440338544486e-06, 'epoch': 0.85}
{'loss': 0.3412, 'learning_rate': 9.735129385938291e-06, 'epoch': 0.85}
{'loss': 0.3497, 'learning_rate': 9.73381526975953e-06, 'epoch': 0.85}
{'loss': 0.361, 'learning_rate': 9.732497990886171e-06, 'epoch': 0.85}
{'loss': 0.3593, 'learning_rate': 9.731177550198299e-06, 'epoch': 0.85}
{'loss': 0.3578, 'learning_rate': 9.72985394857811e-06, 'epoch': 0.85}
{'loss': 0.3848, 'learning_rate': 9.72852718690991e-06, 'epoch': 0.85}
{'loss': 0.3438, 'learning_rate': 9.727197266080116e-06, 'epoch': 0.85}
{'loss': 0.4004, 'learning_rate': 9.72586418697726e-06, 'epoch': 0.85}
{'loss': 0.3359, 'learning_rate': 9.724527950491981e-06, 'epoch': 0.85}
{'loss': 0.3656, 'learning_rate': 9.723188557517027e-06, 'epoch': 0.86}
{'loss': 0.3613, 'learning_rate': 9.721846008947256e-06, 'epoch': 0.86}
{'loss': 0.4103, 'learning_rate': 9.720500305679635e-06, 'epoch': 0.86}
{'loss': 0.3004, 'learning_rate': 9.719151448613234e-06, 'epoch': 0.86}
{'loss': 0.378, 'learning_rate': 9.717799438649238e-06, 'epoch': 0.86}
{'loss': 0.3256, 'learning_rate': 9.716444276690933e-06, 'epoch': 0.86}
{'loss': 0.4198, 'learning_rate': 9.715085963643709e-06, 'epoch': 0.86}
{'loss': 0.3422, 'learning_rate': 9.71372450041507e-06, 'epoch': 0.86}
{'loss': 0.4253, 'learning_rate': 9.712359887914613e-06, 'epoch': 0.86}
{'loss': 0.3747, 'learning_rate': 9.710992127054048e-06, 'epoch': 0.86}
{'loss': 0.3064, 'learning_rate': 9.709621218747185e-06, 'epoch': 0.86}
{'loss': 0.3797, 'learning_rate': 9.708247163909938e-06, 'epoch': 0.86}
{'loss': 0.345, 'learning_rate': 9.706869963460323e-06, 'epoch': 0.86}
{'loss': 0.3886, 'learning_rate': 9.705489618318455e-06, 'epoch': 0.86}
{'loss': 0.3837, 'learning_rate': 9.704106129406553e-06, 'epoch': 0.86}
{'loss': 0.361, 'learning_rate': 9.702719497648938e-06, 'epoch': 0.86}
{'loss': 0.3729, 'learning_rate': 9.701329723972024e-06, 'epoch': 0.87}
{'loss': 0.426, 'learning_rate': 9.69993680930433e-06, 'epoch': 0.87}
{'loss': 0.4183, 'learning_rate': 9.69854075457647e-06, 'epoch': 0.87}
{'loss': 0.3665, 'learning_rate': 9.697141560721164e-06, 'epoch': 0.87}
{'loss': 0.3011, 'learning_rate': 9.695739228673218e-06, 'epoch': 0.87}
{'loss': 0.3083, 'learning_rate': 9.694333759369538e-06, 'epoch': 0.87}
{'loss': 0.4045, 'learning_rate': 9.692925153749133e-06, 'epoch': 0.87}
{'loss': 0.3411, 'learning_rate': 9.691513412753098e-06, 'epoch': 0.87}
{'loss': 0.3548, 'learning_rate': 9.69009853732463e-06, 'epoch': 0.87}
{'loss': 0.3209, 'learning_rate': 9.688680528409015e-06, 'epoch': 0.87}
{'loss': 0.4589, 'learning_rate': 9.687259386953633e-06, 'epoch': 0.87}
{'loss': 0.3904, 'learning_rate': 9.685835113907963e-06, 'epoch': 0.87}
{'loss': 0.3824, 'learning_rate': 9.684407710223568e-06, 'epoch': 0.87}
{'loss': 0.3394, 'learning_rate': 9.682977176854107e-06, 'epoch': 0.87}
{'loss': 0.462, 'learning_rate': 9.681543514755329e-06, 'epoch': 0.87}
{'loss': 0.4353, 'learning_rate': 9.680106724885074e-06, 'epoch': 0.87}
{'loss': 0.3512, 'learning_rate': 9.678666808203273e-06, 'epoch': 0.88}
{'loss': 0.3589, 'learning_rate': 9.677223765671939e-06, 'epoch': 0.88}
{'loss': 0.3214, 'learning_rate': 9.675777598255185e-06, 'epoch': 0.88}
{'loss': 0.2833, 'learning_rate': 9.6743283069192e-06, 'epoch': 0.88}
{'loss': 0.3573, 'learning_rate': 9.672875892632272e-06, 'epoch': 0.88}
{'loss': 0.3433, 'learning_rate': 9.671420356364762e-06, 'epoch': 0.88}
{'loss': 0.3647, 'learning_rate': 9.669961699089128e-06, 'epoch': 0.88}
{'loss': 0.3789, 'learning_rate': 9.668499921779906e-06, 'epoch': 0.88}
{'loss': 0.3154, 'learning_rate': 9.667035025413722e-06, 'epoch': 0.88}
{'loss': 0.4424, 'learning_rate': 9.665567010969284e-06, 'epoch': 0.88}
{'loss': 0.3535, 'learning_rate': 9.66409587942738e-06, 'epoch': 0.88}
{'loss': 0.3729, 'learning_rate': 9.662621631770883e-06, 'epoch': 0.88}
{'loss': 0.3601, 'learning_rate': 9.661144268984752e-06, 'epoch': 0.88}
{'loss': 0.3407, 'learning_rate': 9.65966379205602e-06, 'epoch': 0.88}
{'loss': 0.3441, 'learning_rate': 9.658180201973804e-06, 'epoch': 0.88}
{'loss': 0.3693, 'learning_rate': 9.6566934997293e-06, 'epoch': 0.88}
{'loss': 0.3414, 'learning_rate': 9.655203686315786e-06, 'epoch': 0.89}
{'loss': 0.3655, 'learning_rate': 9.653710762728616e-06, 'epoch': 0.89}
{'loss': 0.401, 'learning_rate': 9.652214729965222e-06, 'epoch': 0.89}
{'loss': 0.38, 'learning_rate': 9.650715589025114e-06, 'epoch': 0.89}
{'loss': 0.3639, 'learning_rate': 9.64921334090988e-06, 'epoch': 0.89}
{'loss': 0.3489, 'learning_rate': 9.64770798662318e-06, 'epoch': 0.89}
{'loss': 0.3974, 'learning_rate': 9.646199527170751e-06, 'epoch': 0.89}
{'loss': 0.3626, 'learning_rate': 9.644687963560409e-06, 'epoch': 0.89}
{'loss': 0.4003, 'learning_rate': 9.643173296802036e-06, 'epoch': 0.89}
{'loss': 0.3069, 'learning_rate': 9.641655527907594e-06, 'epoch': 0.89}
{'loss': 0.3498, 'learning_rate': 9.640134657891113e-06, 'epoch': 0.89}
{'loss': 0.3613, 'learning_rate': 9.638610687768697e-06, 'epoch': 0.89}
{'loss': 0.3733, 'learning_rate': 9.637083618558522e-06, 'epoch': 0.89}
{'loss': 0.3263, 'learning_rate': 9.635553451280834e-06, 'epoch': 0.89}
{'loss': 0.3857, 'learning_rate': 9.634020186957947e-06, 'epoch': 0.89}
{'loss': 0.2976, 'learning_rate': 9.632483826614242e-06, 'epoch': 0.89}
{'loss': 0.4085, 'learning_rate': 9.63094437127618e-06, 'epoch': 0.9}
{'loss': 0.4098, 'learning_rate': 9.629401821972275e-06, 'epoch': 0.9}
{'loss': 0.3477, 'learning_rate': 9.62785617973312e-06, 'epoch': 0.9}
{'loss': 0.3275, 'learning_rate': 9.626307445591362e-06, 'epoch': 0.9}
{'loss': 0.3717, 'learning_rate': 9.624755620581728e-06, 'epoch': 0.9}
{'loss': 0.4319, 'learning_rate': 9.623200705741e-06, 'epoch': 0.9}
{'loss': 0.4011, 'learning_rate': 9.621642702108027e-06, 'epoch': 0.9}
{'loss': 0.3523, 'learning_rate': 9.620081610723724e-06, 'epoch': 0.9}
{'loss': 0.441, 'learning_rate': 9.618517432631064e-06, 'epoch': 0.9}
{'loss': 0.3534, 'learning_rate': 9.616950168875088e-06, 'epoch': 0.9}
{'loss': 0.3899, 'learning_rate': 9.615379820502893e-06, 'epoch': 0.9}
{'loss': 0.3465, 'learning_rate': 9.613806388563643e-06, 'epoch': 0.9}
{'loss': 0.3127, 'learning_rate': 9.612229874108554e-06, 'epoch': 0.9}
{'loss': 0.4365, 'learning_rate': 9.61065027819091e-06, 'epoch': 0.9}
{'loss': 0.3681, 'learning_rate': 9.60906760186605e-06, 'epoch': 0.9}
{'loss': 0.4142, 'learning_rate': 9.607481846191366e-06, 'epoch': 0.9}
{'loss': 0.3831, 'learning_rate': 9.605893012226319e-06, 'epoch': 0.91}
{'loss': 0.3622, 'learning_rate': 9.604301101032416e-06, 'epoch': 0.91}
{'loss': 0.4339, 'learning_rate': 9.602706113673226e-06, 'epoch': 0.91}
{'loss': 0.3625, 'learning_rate': 9.601108051214367e-06, 'epoch': 0.91}
{'loss': 0.3717, 'learning_rate': 9.59950691472352e-06, 'epoch': 0.91}
{'loss': 0.417, 'learning_rate': 9.597902705270414e-06, 'epoch': 0.91}
{'loss': 0.4162, 'learning_rate': 9.596295423926832e-06, 'epoch': 0.91}
{'loss': 0.3157, 'learning_rate': 9.59468507176661e-06, 'epoch': 0.91}
{'loss': 0.4247, 'learning_rate': 9.593071649865634e-06, 'epoch': 0.91}
{'loss': 0.3771, 'learning_rate': 9.591455159301845e-06, 'epoch': 0.91}
{'loss': 0.395, 'learning_rate': 9.589835601155229e-06, 'epoch': 0.91}
{'loss': 0.3357, 'learning_rate': 9.588212976507825e-06, 'epoch': 0.91}
{'loss': 0.3607, 'learning_rate': 9.586587286443719e-06, 'epoch': 0.91}
{'loss': 0.3518, 'learning_rate': 9.584958532049047e-06, 'epoch': 0.91}
{'loss': 0.3453, 'learning_rate': 9.583326714411989e-06, 'epoch': 0.91}
{'loss': 0.4039, 'learning_rate': 9.581691834622777e-06, 'epoch': 0.91}
{'loss': 0.4106, 'learning_rate': 9.580053893773682e-06, 'epoch': 0.92}
{'loss': 0.3663, 'learning_rate': 9.578412892959025e-06, 'epoch': 0.92}
{'loss': 0.3046, 'learning_rate': 9.576768833275169e-06, 'epoch': 0.92}
{'loss': 0.3282, 'learning_rate': 9.575121715820525e-06, 'epoch': 0.92}
{'loss': 0.3105, 'learning_rate': 9.573471541695538e-06, 'epoch': 0.92}
{'loss': 0.3909, 'learning_rate': 9.571818312002707e-06, 'epoch': 0.92}
{'loss': 0.3416, 'learning_rate': 9.570162027846562e-06, 'epoch': 0.92}
{'loss': 0.3553, 'learning_rate': 9.568502690333677e-06, 'epoch': 0.92}
{'loss': 0.3337, 'learning_rate': 9.566840300572671e-06, 'epoch': 0.92}
{'loss': 0.3105, 'learning_rate': 9.565174859674194e-06, 'epoch': 0.92}
{'loss': 0.3844, 'learning_rate': 9.56350636875094e-06, 'epoch': 0.92}
{'loss': 0.3556, 'learning_rate': 9.56183482891764e-06, 'epoch': 0.92}
{'loss': 0.3862, 'learning_rate': 9.560160241291061e-06, 'epoch': 0.92}
{'loss': 0.2972, 'learning_rate': 9.558482606990004e-06, 'epoch': 0.92}
{'loss': 0.3877, 'learning_rate': 9.556801927135312e-06, 'epoch': 0.92}
{'loss': 0.3696, 'learning_rate': 9.555118202849858e-06, 'epoch': 0.92}
{'loss': 0.3303, 'learning_rate': 9.55343143525855e-06, 'epoch': 0.93}
{'loss': 0.3912, 'learning_rate': 9.551741625488325e-06, 'epoch': 0.93}
{'loss': 0.3401, 'learning_rate': 9.550048774668161e-06, 'epoch': 0.93}
{'loss': 0.4027, 'learning_rate': 9.54835288392906e-06, 'epoch': 0.93}
{'loss': 0.3587, 'learning_rate': 9.546653954404061e-06, 'epoch': 0.93}
{'loss': 0.3532, 'learning_rate': 9.54495198722823e-06, 'epoch': 0.93}
{'loss': 0.3401, 'learning_rate': 9.543246983538662e-06, 'epoch': 0.93}
{'loss': 0.391, 'learning_rate': 9.541538944474485e-06, 'epoch': 0.93}
{'loss': 0.3727, 'learning_rate': 9.539827871176846e-06, 'epoch': 0.93}
{'loss': 0.4378, 'learning_rate': 9.538113764788928e-06, 'epoch': 0.93}
{'loss': 0.3589, 'learning_rate': 9.536396626455937e-06, 'epoch': 0.93}
{'loss': 0.3367, 'learning_rate': 9.534676457325106e-06, 'epoch': 0.93}
{'loss': 0.3418, 'learning_rate': 9.53295325854569e-06, 'epoch': 0.93}
{'loss': 0.3277, 'learning_rate': 9.531227031268972e-06, 'epoch': 0.93}
{'loss': 0.3597, 'learning_rate': 9.529497776648254e-06, 'epoch': 0.93}
{'loss': 0.3714, 'learning_rate': 9.527765495838865e-06, 'epoch': 0.93}
{'loss': 0.3248, 'learning_rate': 9.526030189998152e-06, 'epoch': 0.94}
{'loss': 0.3261, 'learning_rate': 9.524291860285488e-06, 'epoch': 0.94}
{'loss': 0.4124, 'learning_rate': 9.522550507862259e-06, 'epoch': 0.94}
{'loss': 0.3237, 'learning_rate': 9.520806133891875e-06, 'epoch': 0.94}
{'loss': 0.317, 'learning_rate': 9.519058739539767e-06, 'epoch': 0.94}
{'loss': 0.2878, 'learning_rate': 9.51730832597338e-06, 'epoch': 0.94}
{'loss': 0.3986, 'learning_rate': 9.515554894362175e-06, 'epoch': 0.94}
{'loss': 0.309, 'learning_rate': 9.513798445877637e-06, 'epoch': 0.94}
{'loss': 0.3678, 'learning_rate': 9.512038981693256e-06, 'epoch': 0.94}
{'loss': 0.3525, 'learning_rate': 9.510276502984546e-06, 'epoch': 0.94}
{'loss': 0.3766, 'learning_rate': 9.508511010929028e-06, 'epoch': 0.94}
{'loss': 0.3886, 'learning_rate': 9.50674250670624e-06, 'epoch': 0.94}
{'loss': 0.2953, 'learning_rate': 9.504970991497734e-06, 'epoch': 0.94}
{'loss': 0.327, 'learning_rate': 9.503196466487073e-06, 'epoch': 0.94}
{'loss': 0.3961, 'learning_rate': 9.501418932859822e-06, 'epoch': 0.94}
{'loss': 0.3155, 'learning_rate': 9.499638391803572e-06, 'epoch': 0.94}
{'loss': 0.3286, 'learning_rate': 9.497854844507908e-06, 'epoch': 0.95}
{'loss': 0.3663, 'learning_rate': 9.496068292164435e-06, 'epoch': 0.95}
{'loss': 0.4192, 'learning_rate': 9.494278735966758e-06, 'epoch': 0.95}
{'loss': 0.3153, 'learning_rate': 9.492486177110494e-06, 'epoch': 0.95}
{'loss': 0.3158, 'learning_rate': 9.490690616793261e-06, 'epoch': 0.95}
{'loss': 0.3853, 'learning_rate': 9.488892056214688e-06, 'epoch': 0.95}
{'loss': 0.3274, 'learning_rate': 9.487090496576405e-06, 'epoch': 0.95}
{'loss': 0.3344, 'learning_rate': 9.485285939082045e-06, 'epoch': 0.95}
{'loss': 0.3264, 'learning_rate': 9.483478384937248e-06, 'epoch': 0.95}
{'loss': 0.2898, 'learning_rate': 9.48166783534965e-06, 'epoch': 0.95}
{'loss': 0.4018, 'learning_rate': 9.479854291528894e-06, 'epoch': 0.95}
{'loss': 0.3763, 'learning_rate': 9.478037754686623e-06, 'epoch': 0.95}
{'loss': 0.3225, 'learning_rate': 9.476218226036471e-06, 'epoch': 0.95}
{'loss': 0.3767, 'learning_rate': 9.474395706794086e-06, 'epoch': 0.95}
{'loss': 0.3399, 'learning_rate': 9.4725701981771e-06, 'epoch': 0.95}
{'loss': 0.3264, 'learning_rate': 9.470741701405149e-06, 'epoch': 0.95}
{'loss': 0.4569, 'learning_rate': 9.468910217699865e-06, 'epoch': 0.96}
{'loss': 0.4416, 'learning_rate': 9.467075748284875e-06, 'epoch': 0.96}
{'loss': 0.3585, 'learning_rate': 9.4652382943858e-06, 'epoch': 0.96}
{'loss': 0.3649, 'learning_rate': 9.463397857230257e-06, 'epoch': 0.96}
{'loss': 0.4323, 'learning_rate': 9.461554438047853e-06, 'epoch': 0.96}
{'loss': 0.2925, 'learning_rate': 9.45970803807019e-06, 'epoch': 0.96}
{'loss': 0.406, 'learning_rate': 9.45785865853086e-06, 'epoch': 0.96}
{'loss': 0.3783, 'learning_rate': 9.456006300665446e-06, 'epoch': 0.96}
{'loss': 0.3292, 'learning_rate': 9.454150965711525e-06, 'epoch': 0.96}
{'loss': 0.3608, 'learning_rate': 9.45229265490865e-06, 'epoch': 0.96}
{'loss': 0.3801, 'learning_rate': 9.45043136949838e-06, 'epoch': 0.96}
{'loss': 0.3856, 'learning_rate': 9.44856711072425e-06, 'epoch': 0.96}
{'loss': 0.3481, 'learning_rate': 9.446699879831784e-06, 'epoch': 0.96}
{'loss': 0.3454, 'learning_rate': 9.44482967806849e-06, 'epoch': 0.96}
{'loss': 0.3217, 'learning_rate': 9.442956506683864e-06, 'epoch': 0.96}
{'loss': 0.3436, 'learning_rate': 9.441080366929384e-06, 'epoch': 0.96}
{'loss': 0.3628, 'learning_rate': 9.439201260058514e-06, 'epoch': 0.97}
{'loss': 0.3863, 'learning_rate': 9.437319187326699e-06, 'epoch': 0.97}
{'loss': 0.3698, 'learning_rate': 9.43543414999136e-06, 'epoch': 0.97}
{'loss': 0.3476, 'learning_rate': 9.433546149311908e-06, 'epoch': 0.97}
{'loss': 0.3639, 'learning_rate': 9.431655186549727e-06, 'epoch': 0.97}
{'loss': 0.3209, 'learning_rate': 9.429761262968181e-06, 'epoch': 0.97}
{'loss': 0.3802, 'learning_rate': 9.427864379832616e-06, 'epoch': 0.97}
{'loss': 0.3901, 'learning_rate': 9.425964538410353e-06, 'epoch': 0.97}
{'loss': 0.3177, 'learning_rate': 9.424061739970687e-06, 'epoch': 0.97}
{'loss': 0.337, 'learning_rate': 9.42215598578489e-06, 'epoch': 0.97}
{'loss': 0.3535, 'learning_rate': 9.420247277126212e-06, 'epoch': 0.97}
{'loss': 0.2904, 'learning_rate': 9.418335615269876e-06, 'epoch': 0.97}
{'loss': 0.3726, 'learning_rate': 9.416421001493073e-06, 'epoch': 0.97}
{'loss': 0.3191, 'learning_rate': 9.41450343707497e-06, 'epoch': 0.97}
{'loss': 0.3993, 'learning_rate': 9.412582923296707e-06, 'epoch': 0.97}
{'loss': 0.3314, 'learning_rate': 9.410659461441389e-06, 'epoch': 0.97}
{'loss': 0.3286, 'learning_rate': 9.408733052794097e-06, 'epoch': 0.98}
{'loss': 0.399, 'learning_rate': 9.406803698641878e-06, 'epoch': 0.98}
{'loss': 0.3476, 'learning_rate': 9.404871400273745e-06, 'epoch': 0.98}
{'loss': 0.4036, 'learning_rate': 9.40293615898068e-06, 'epoch': 0.98}
{'loss': 0.3696, 'learning_rate': 9.400997976055635e-06, 'epoch': 0.98}
{'loss': 0.3679, 'learning_rate': 9.399056852793518e-06, 'epoch': 0.98}
{'loss': 0.3291, 'learning_rate': 9.397112790491209e-06, 'epoch': 0.98}
{'loss': 0.3147, 'learning_rate': 9.395165790447549e-06, 'epoch': 0.98}
{'loss': 0.371, 'learning_rate': 9.393215853963345e-06, 'epoch': 0.98}
{'loss': 0.3519, 'learning_rate': 9.391262982341358e-06, 'epoch': 0.98}
{'loss': 0.3723, 'learning_rate': 9.38930717688632e-06, 'epoch': 0.98}
{'loss': 0.3664, 'learning_rate': 9.387348438904915e-06, 'epoch': 0.98}
{'loss': 0.4166, 'learning_rate': 9.385386769705788e-06, 'epoch': 0.98}
{'loss': 0.3528, 'learning_rate': 9.383422170599548e-06, 'epoch': 0.98}
{'loss': 0.3644, 'learning_rate': 9.381454642898755e-06, 'epoch': 0.98}
{'loss': 0.3609, 'learning_rate': 9.379484187917927e-06, 'epoch': 0.98}
{'loss': 0.3141, 'learning_rate': 9.377510806973539e-06, 'epoch': 0.99}
{'loss': 0.3447, 'learning_rate': 9.375534501384021e-06, 'epoch': 0.99}
{'loss': 0.3342, 'learning_rate': 9.373555272469757e-06, 'epoch': 0.99}
{'loss': 0.3411, 'learning_rate': 9.371573121553082e-06, 'epoch': 0.99}
{'loss': 0.3891, 'learning_rate': 9.369588049958284e-06, 'epoch': 0.99}
{'loss': 0.4627, 'learning_rate': 9.367600059011606e-06, 'epoch': 0.99}
{'loss': 0.3711, 'learning_rate': 9.365609150041236e-06, 'epoch': 0.99}
{'loss': 0.3516, 'learning_rate': 9.363615324377316e-06, 'epoch': 0.99}
{'loss': 0.3305, 'learning_rate': 9.36161858335193e-06, 'epoch': 0.99}
{'loss': 0.3271, 'learning_rate': 9.359618928299121e-06, 'epoch': 0.99}
{'loss': 0.3366, 'learning_rate': 9.357616360554868e-06, 'epoch': 0.99}
{'loss': 0.3507, 'learning_rate': 9.355610881457103e-06, 'epoch': 0.99}
{'loss': 0.3296, 'learning_rate': 9.353602492345697e-06, 'epoch': 0.99}
{'loss': 0.315, 'learning_rate': 9.351591194562471e-06, 'epoch': 0.99}
{'loss': 0.3655, 'learning_rate': 9.349576989451185e-06, 'epoch': 0.99}
{'loss': 0.4095, 'learning_rate': 9.347559878357548e-06, 'epoch': 0.99}
{'loss': 0.2878, 'learning_rate': 9.345539862629201e-06, 'epoch': 1.0}
{'loss': 0.3724, 'learning_rate': 9.34351694361573e-06, 'epoch': 1.0}
{'loss': 0.4236, 'learning_rate': 9.341491122668664e-06, 'epoch': 1.0}
{'loss': 0.3285, 'learning_rate': 9.339462401141468e-06, 'epoch': 1.0}
{'loss': 0.377, 'learning_rate': 9.337430780389544e-06, 'epoch': 1.0}
{'loss': 0.296, 'learning_rate': 9.335396261770231e-06, 'epoch': 1.0}
{'loss': 0.3232, 'learning_rate': 9.333358846642807e-06, 'epoch': 1.0}
{'loss': 0.3288, 'learning_rate': 9.331318536368478e-06, 'epoch': 1.0}
{'eval_loss': 0.35896146297454834, 'eval_runtime': 327.173, 'eval_samples_per_second': 51.597, 'eval_steps_per_second': 3.228, 'epoch': 1.0}
{'loss': 0.3569, 'learning_rate': 9.329275332310394e-06, 'epoch': 1.0}
{'loss': 0.3057, 'learning_rate': 9.327229235833634e-06, 'epoch': 1.0}
{'loss': 0.3503, 'learning_rate': 9.325180248305208e-06, 'epoch': 1.0}
{'loss': 0.27, 'learning_rate': 9.323128371094059e-06, 'epoch': 1.0}
{'loss': 0.4066, 'learning_rate': 9.321073605571058e-06, 'epoch': 1.0}
{'loss': 0.2967, 'learning_rate': 9.319015953109012e-06, 'epoch': 1.0}
{'loss': 0.2983, 'learning_rate': 9.316955415082649e-06, 'epoch': 1.0}
{'loss': 0.3788, 'learning_rate': 9.31489199286863e-06, 'epoch': 1.0}
{'loss': 0.4158, 'learning_rate': 9.312825687845544e-06, 'epoch': 1.01}
{'loss': 0.337, 'learning_rate': 9.3107565013939e-06, 'epoch': 1.01}
{'loss': 0.335, 'learning_rate': 9.308684434896135e-06, 'epoch': 1.01}
{'loss': 0.3254, 'learning_rate': 9.306609489736616e-06, 'epoch': 1.01}
{'loss': 0.313, 'learning_rate': 9.304531667301626e-06, 'epoch': 1.01}
{'loss': 0.3417, 'learning_rate': 9.30245096897937e-06, 'epoch': 1.01}
{'loss': 0.346, 'learning_rate': 9.300367396159979e-06, 'epoch': 1.01}
{'loss': 0.3428, 'learning_rate': 9.298280950235502e-06, 'epoch': 1.01}
{'loss': 0.3316, 'learning_rate': 9.296191632599909e-06, 'epoch': 1.01}
{'loss': 0.3142, 'learning_rate': 9.294099444649085e-06, 'epoch': 1.01}
{'loss': 0.377, 'learning_rate': 9.292004387780836e-06, 'epoch': 1.01}
{'loss': 0.3166, 'learning_rate': 9.289906463394885e-06, 'epoch': 1.01}
{'loss': 0.3919, 'learning_rate': 9.28780567289287e-06, 'epoch': 1.01}
{'loss': 0.2666, 'learning_rate': 9.285702017678344e-06, 'epoch': 1.01}
{'loss': 0.3804, 'learning_rate': 9.28359549915677e-06, 'epoch': 1.01}
{'loss': 0.3818, 'learning_rate': 9.28148611873553e-06, 'epoch': 1.01}
{'loss': 0.3405, 'learning_rate': 9.279373877823915e-06, 'epoch': 1.02}
{'loss': 0.3475, 'learning_rate': 9.27725877783313e-06, 'epoch': 1.02}
{'loss': 0.3254, 'learning_rate': 9.275140820176287e-06, 'epoch': 1.02}
{'loss': 0.3297, 'learning_rate': 9.273020006268407e-06, 'epoch': 1.02}
{'loss': 0.3826, 'learning_rate': 9.270896337526418e-06, 'epoch': 1.02}
{'loss': 0.4231, 'learning_rate': 9.268769815369164e-06, 'epoch': 1.02}
{'loss': 0.3326, 'learning_rate': 9.266640441217383e-06, 'epoch': 1.02}
{'loss': 0.3734, 'learning_rate': 9.264508216493726e-06, 'epoch': 1.02}
{'loss': 0.3129, 'learning_rate': 9.26237314262275e-06, 'epoch': 1.02}
{'loss': 0.3497, 'learning_rate': 9.260235221030909e-06, 'epoch': 1.02}
{'loss': 0.3742, 'learning_rate': 9.258094453146566e-06, 'epoch': 1.02}
{'loss': 0.3332, 'learning_rate': 9.25595084039998e-06, 'epoch': 1.02}
{'loss': 0.4038, 'learning_rate': 9.253804384223317e-06, 'epoch': 1.02}
{'loss': 0.3794, 'learning_rate': 9.251655086050638e-06, 'epoch': 1.02}
{'loss': 0.3559, 'learning_rate': 9.249502947317898e-06, 'epoch': 1.02}
{'loss': 0.3605, 'learning_rate': 9.247347969462965e-06, 'epoch': 1.02}
{'loss': 0.3703, 'learning_rate': 9.245190153925589e-06, 'epoch': 1.03}
{'loss': 0.3782, 'learning_rate': 9.243029502147422e-06, 'epoch': 1.03}
{'loss': 0.3319, 'learning_rate': 9.240866015572011e-06, 'epoch': 1.03}
{'loss': 0.3792, 'learning_rate': 9.2386996956448e-06, 'epoch': 1.03}
{'loss': 0.3931, 'learning_rate': 9.236530543813113e-06, 'epoch': 1.03}
{'loss': 0.388, 'learning_rate': 9.234358561526184e-06, 'epoch': 1.03}
{'loss': 0.3112, 'learning_rate': 9.232183750235126e-06, 'epoch': 1.03}
{'loss': 0.3483, 'learning_rate': 9.230006111392947e-06, 'epoch': 1.03}
{'loss': 0.3473, 'learning_rate': 9.227825646454537e-06, 'epoch': 1.03}
{'loss': 0.3465, 'learning_rate': 9.225642356876687e-06, 'epoch': 1.03}
{'loss': 0.2608, 'learning_rate': 9.223456244118064e-06, 'epoch': 1.03}
{'loss': 0.3558, 'learning_rate': 9.221267309639225e-06, 'epoch': 1.03}
{'loss': 0.3814, 'learning_rate': 9.219075554902615e-06, 'epoch': 1.03}
{'loss': 0.3732, 'learning_rate': 9.216880981372556e-06, 'epoch': 1.03}
{'loss': 0.3731, 'learning_rate': 9.214683590515259e-06, 'epoch': 1.03}
{'loss': 0.3541, 'learning_rate': 9.212483383798818e-06, 'epoch': 1.03}
{'loss': 0.3634, 'learning_rate': 9.210280362693207e-06, 'epoch': 1.04}
{'loss': 0.3668, 'learning_rate': 9.208074528670276e-06, 'epoch': 1.04}
{'loss': 0.4197, 'learning_rate': 9.20586588320376e-06, 'epoch': 1.04}
{'loss': 0.3003, 'learning_rate': 9.203654427769269e-06, 'epoch': 1.04}
{'loss': 0.3145, 'learning_rate': 9.201440163844293e-06, 'epoch': 1.04}
{'loss': 0.4029, 'learning_rate': 9.199223092908196e-06, 'epoch': 1.04}
{'loss': 0.3726, 'learning_rate': 9.197003216442219e-06, 'epoch': 1.04}
{'loss': 0.3286, 'learning_rate': 9.194780535929478e-06, 'epoch': 1.04}
{'loss': 0.3292, 'learning_rate': 9.192555052854959e-06, 'epoch': 1.04}
{'loss': 0.3632, 'learning_rate': 9.190326768705524e-06, 'epoch': 1.04}
{'loss': 0.3296, 'learning_rate': 9.188095684969904e-06, 'epoch': 1.04}
{'loss': 0.4084, 'learning_rate': 9.1858618031387e-06, 'epoch': 1.04}
{'loss': 0.3766, 'learning_rate': 9.183625124704388e-06, 'epoch': 1.04}
{'loss': 0.3959, 'learning_rate': 9.181385651161305e-06, 'epoch': 1.04}
{'loss': 0.3874, 'learning_rate': 9.17914338400566e-06, 'epoch': 1.04}
{'loss': 0.3548, 'learning_rate': 9.176898324735527e-06, 'epoch': 1.04}
{'loss': 0.3571, 'learning_rate': 9.174650474850843e-06, 'epoch': 1.05}
{'loss': 0.3573, 'learning_rate': 9.172399835853416e-06, 'epoch': 1.05}
{'loss': 0.3939, 'learning_rate': 9.170146409246912e-06, 'epoch': 1.05}
{'loss': 0.3348, 'learning_rate': 9.16789019653686e-06, 'epoch': 1.05}
{'loss': 0.3704, 'learning_rate': 9.16563119923065e-06, 'epoch': 1.05}
{'loss': 0.3235, 'learning_rate': 9.163369418837538e-06, 'epoch': 1.05}
{'loss': 0.3525, 'learning_rate': 9.161104856868632e-06, 'epoch': 1.05}
{'loss': 0.3572, 'learning_rate': 9.158837514836902e-06, 'epoch': 1.05}
{'loss': 0.3851, 'learning_rate': 9.156567394257173e-06, 'epoch': 1.05}
{'loss': 0.3782, 'learning_rate': 9.154294496646134e-06, 'epoch': 1.05}
{'loss': 0.3004, 'learning_rate': 9.152018823522317e-06, 'epoch': 1.05}
{'loss': 0.4196, 'learning_rate': 9.149740376406118e-06, 'epoch': 1.05}
{'loss': 0.3235, 'learning_rate': 9.147459156819783e-06, 'epoch': 1.05}
{'loss': 0.3622, 'learning_rate': 9.14517516628741e-06, 'epoch': 1.05}
{'loss': 0.3449, 'learning_rate': 9.142888406334948e-06, 'epoch': 1.05}
{'loss': 0.302, 'learning_rate': 9.140598878490199e-06, 'epoch': 1.05}
{'loss': 0.3579, 'learning_rate': 9.13830658428281e-06, 'epoch': 1.06}
{'loss': 0.3383, 'learning_rate': 9.136011525244282e-06, 'epoch': 1.06}
{'loss': 0.3669, 'learning_rate': 9.133713702907956e-06, 'epoch': 1.06}
{'loss': 0.4475, 'learning_rate': 9.131413118809026e-06, 'epoch': 1.06}
{'loss': 0.3738, 'learning_rate': 9.129109774484526e-06, 'epoch': 1.06}
{'loss': 0.3871, 'learning_rate': 9.126803671473338e-06, 'epoch': 1.06}
{'loss': 0.372, 'learning_rate': 9.124494811316184e-06, 'epoch': 1.06}
{'loss': 0.3378, 'learning_rate': 9.122183195555629e-06, 'epoch': 1.06}
{'loss': 0.3088, 'learning_rate': 9.11986882573608e-06, 'epoch': 1.06}
{'loss': 0.3408, 'learning_rate': 9.117551703403784e-06, 'epoch': 1.06}
{'loss': 0.2939, 'learning_rate': 9.115231830106825e-06, 'epoch': 1.06}
{'loss': 0.3857, 'learning_rate': 9.112909207395128e-06, 'epoch': 1.06}
{'loss': 0.4125, 'learning_rate': 9.110583836820453e-06, 'epoch': 1.06}
{'loss': 0.4303, 'learning_rate': 9.108255719936395e-06, 'epoch': 1.06}
{'loss': 0.3337, 'learning_rate': 9.105924858298385e-06, 'epoch': 1.06}
{'loss': 0.3618, 'learning_rate': 9.103591253463689e-06, 'epoch': 1.06}
{'loss': 0.3299, 'learning_rate': 9.101254906991404e-06, 'epoch': 1.07}
{'loss': 0.4035, 'learning_rate': 9.098915820442458e-06, 'epoch': 1.07}
{'loss': 0.4052, 'learning_rate': 9.096573995379612e-06, 'epoch': 1.07}
{'loss': 0.3477, 'learning_rate': 9.094229433367454e-06, 'epoch': 1.07}
{'loss': 0.3597, 'learning_rate': 9.091882135972404e-06, 'epoch': 1.07}
{'loss': 0.2894, 'learning_rate': 9.089532104762708e-06, 'epoch': 1.07}
{'loss': 0.3614, 'learning_rate': 9.087179341308434e-06, 'epoch': 1.07}
{'loss': 0.3052, 'learning_rate': 9.084823847181486e-06, 'epoch': 1.07}
{'loss': 0.3975, 'learning_rate': 9.082465623955578e-06, 'epoch': 1.07}
{'loss': 0.3359, 'learning_rate': 9.080104673206263e-06, 'epoch': 1.07}
{'loss': 0.3996, 'learning_rate': 9.077740996510904e-06, 'epoch': 1.07}
{'loss': 0.3499, 'learning_rate': 9.07537459544869e-06, 'epoch': 1.07}
{'loss': 0.3319, 'learning_rate': 9.07300547160063e-06, 'epoch': 1.07}
{'loss': 0.3619, 'learning_rate': 9.07063362654955e-06, 'epoch': 1.07}
{'loss': 0.2995, 'learning_rate': 9.0682590618801e-06, 'epoch': 1.07}
{'loss': 0.3913, 'learning_rate': 9.065881779178743e-06, 'epoch': 1.07}
{'loss': 0.342, 'learning_rate': 9.063501780033754e-06, 'epoch': 1.08}
{'loss': 0.3554, 'learning_rate': 9.061119066035231e-06, 'epoch': 1.08}
{'loss': 0.3757, 'learning_rate': 9.05873363877508e-06, 'epoch': 1.08}
{'loss': 0.3546, 'learning_rate': 9.056345499847019e-06, 'epoch': 1.08}
{'loss': 0.4106, 'learning_rate': 9.053954650846584e-06, 'epoch': 1.08}
{'loss': 0.3269, 'learning_rate': 9.051561093371113e-06, 'epoch': 1.08}
{'loss': 0.3386, 'learning_rate': 9.049164829019765e-06, 'epoch': 1.08}
{'loss': 0.3593, 'learning_rate': 9.046765859393495e-06, 'epoch': 1.08}
{'loss': 0.3471, 'learning_rate': 9.044364186095072e-06, 'epoch': 1.08}
{'loss': 0.3694, 'learning_rate': 9.041959810729073e-06, 'epoch': 1.08}
{'loss': 0.3949, 'learning_rate': 9.039552734901875e-06, 'epoch': 1.08}
{'loss': 0.3071, 'learning_rate': 9.037142960221664e-06, 'epoch': 1.08}
{'loss': 0.4072, 'learning_rate': 9.034730488298426e-06, 'epoch': 1.08}
{'loss': 0.3652, 'learning_rate': 9.032315320743951e-06, 'epoch': 1.08}
{'loss': 0.3184, 'learning_rate': 9.029897459171827e-06, 'epoch': 1.08}
{'loss': 0.4369, 'learning_rate': 9.027476905197447e-06, 'epoch': 1.08}
{'loss': 0.3567, 'learning_rate': 9.025053660437997e-06, 'epoch': 1.09}
{'loss': 0.353, 'learning_rate': 9.022627726512466e-06, 'epoch': 1.09}
{'loss': 0.4139, 'learning_rate': 9.020199105041634e-06, 'epoch': 1.09}
{'loss': 0.3969, 'learning_rate': 9.017767797648082e-06, 'epoch': 1.09}
{'loss': 0.4408, 'learning_rate': 9.015333805956183e-06, 'epoch': 1.09}
{'loss': 0.3974, 'learning_rate': 9.012897131592104e-06, 'epoch': 1.09}
{'loss': 0.3473, 'learning_rate': 9.010457776183803e-06, 'epoch': 1.09}
{'loss': 0.3566, 'learning_rate': 9.008015741361032e-06, 'epoch': 1.09}
{'loss': 0.3668, 'learning_rate': 9.005571028755327e-06, 'epoch': 1.09}
{'loss': 0.4257, 'learning_rate': 9.003123640000022e-06, 'epoch': 1.09}
{'loss': 0.3871, 'learning_rate': 9.00067357673023e-06, 'epoch': 1.09}
{'loss': 0.379, 'learning_rate': 8.99822084058286e-06, 'epoch': 1.09}
{'loss': 0.3365, 'learning_rate': 8.995765433196599e-06, 'epoch': 1.09}
{'loss': 0.3685, 'learning_rate': 8.993307356211922e-06, 'epoch': 1.09}
{'loss': 0.3131, 'learning_rate': 8.990846611271089e-06, 'epoch': 1.09}
{'loss': 0.364, 'learning_rate': 8.988383200018135e-06, 'epoch': 1.09}
{'loss': 0.3843, 'learning_rate': 8.98591712409889e-06, 'epoch': 1.1}
{'loss': 0.332, 'learning_rate': 8.98344838516095e-06, 'epoch': 1.1}
{'loss': 0.3675, 'learning_rate': 8.9809769848537e-06, 'epoch': 1.1}
{'loss': 0.3469, 'learning_rate': 8.978502924828298e-06, 'epoch': 1.1}
{'loss': 0.323, 'learning_rate': 8.97602620673768e-06, 'epoch': 1.1}
{'loss': 0.389, 'learning_rate': 8.97354683223656e-06, 'epoch': 1.1}
{'loss': 0.3515, 'learning_rate': 8.971064802981424e-06, 'epoch': 1.1}
{'loss': 0.3544, 'learning_rate': 8.968580120630534e-06, 'epoch': 1.1}
{'loss': 0.3438, 'learning_rate': 8.966092786843921e-06, 'epoch': 1.1}
{'loss': 0.3155, 'learning_rate': 8.963602803283393e-06, 'epoch': 1.1}
{'loss': 0.3831, 'learning_rate': 8.961110171612524e-06, 'epoch': 1.1}
{'loss': 0.4042, 'learning_rate': 8.958614893496658e-06, 'epoch': 1.1}
{'loss': 0.3337, 'learning_rate': 8.956116970602905e-06, 'epoch': 1.1}
{'loss': 0.3241, 'learning_rate': 8.953616404600152e-06, 'epoch': 1.1}
{'loss': 0.3191, 'learning_rate': 8.951113197159036e-06, 'epoch': 1.1}
{'loss': 0.356, 'learning_rate': 8.948607349951972e-06, 'epoch': 1.1}
{'loss': 0.3007, 'learning_rate': 8.946098864653132e-06, 'epoch': 1.11}
{'loss': 0.3007, 'learning_rate': 8.943587742938452e-06, 'epoch': 1.11}
{'loss': 0.3143, 'learning_rate': 8.94107398648563e-06, 'epoch': 1.11}
{'loss': 0.3429, 'learning_rate': 8.938557596974127e-06, 'epoch': 1.11}
{'loss': 0.2737, 'learning_rate': 8.936038576085157e-06, 'epoch': 1.11}
{'loss': 0.3516, 'learning_rate': 8.933516925501695e-06, 'epoch': 1.11}
{'loss': 0.4296, 'learning_rate': 8.930992646908474e-06, 'epoch': 1.11}
{'loss': 0.4208, 'learning_rate': 8.928465741991982e-06, 'epoch': 1.11}
{'loss': 0.2985, 'learning_rate': 8.925936212440461e-06, 'epoch': 1.11}
{'loss': 0.3893, 'learning_rate': 8.923404059943908e-06, 'epoch': 1.11}
{'loss': 0.3418, 'learning_rate': 8.920869286194072e-06, 'epoch': 1.11}
{'loss': 0.3174, 'learning_rate': 8.91833189288445e-06, 'epoch': 1.11}
{'loss': 0.3604, 'learning_rate': 8.915791881710295e-06, 'epoch': 1.11}
{'loss': 0.3076, 'learning_rate': 8.913249254368606e-06, 'epoch': 1.11}
{'loss': 0.4432, 'learning_rate': 8.910704012558128e-06, 'epoch': 1.11}
{'loss': 0.3746, 'learning_rate': 8.908156157979353e-06, 'epoch': 1.11}
{'loss': 0.3632, 'learning_rate': 8.905605692334524e-06, 'epoch': 1.12}
{'loss': 0.3979, 'learning_rate': 8.903052617327624e-06, 'epoch': 1.12}
{'loss': 0.2951, 'learning_rate': 8.900496934664379e-06, 'epoch': 1.12}
{'loss': 0.3208, 'learning_rate': 8.897938646052258e-06, 'epoch': 1.12}
{'loss': 0.3818, 'learning_rate': 8.895377753200472e-06, 'epoch': 1.12}
{'loss': 0.3253, 'learning_rate': 8.89281425781997e-06, 'epoch': 1.12}
{'loss': 0.3259, 'learning_rate': 8.890248161623442e-06, 'epoch': 1.12}
{'loss': 0.3381, 'learning_rate': 8.887679466325314e-06, 'epoch': 1.12}
{'loss': 0.3307, 'learning_rate': 8.885108173641748e-06, 'epoch': 1.12}
{'loss': 0.407, 'learning_rate': 8.882534285290646e-06, 'epoch': 1.12}
{'loss': 0.3419, 'learning_rate': 8.879957802991637e-06, 'epoch': 1.12}
{'loss': 0.3001, 'learning_rate': 8.877378728466089e-06, 'epoch': 1.12}
{'loss': 0.4181, 'learning_rate': 8.874797063437096e-06, 'epoch': 1.12}
{'loss': 0.3673, 'learning_rate': 8.872212809629491e-06, 'epoch': 1.12}
{'loss': 0.2836, 'learning_rate': 8.869625968769826e-06, 'epoch': 1.12}
{'loss': 0.3649, 'learning_rate': 8.867036542586392e-06, 'epoch': 1.12}
{'loss': 0.4137, 'learning_rate': 8.864444532809202e-06, 'epoch': 1.13}
{'loss': 0.3769, 'learning_rate': 8.861849941169993e-06, 'epoch': 1.13}
{'loss': 0.2927, 'learning_rate': 8.85925276940223e-06, 'epoch': 1.13}
{'loss': 0.3022, 'learning_rate': 8.856653019241103e-06, 'epoch': 1.13}
{'loss': 0.4259, 'learning_rate': 8.854050692423524e-06, 'epoch': 1.13}
{'loss': 0.3139, 'learning_rate': 8.851445790688122e-06, 'epoch': 1.13}
{'loss': 0.3246, 'learning_rate': 8.848838315775253e-06, 'epoch': 1.13}
{'loss': 0.3263, 'learning_rate': 8.846228269426986e-06, 'epoch': 1.13}
{'loss': 0.3564, 'learning_rate': 8.843615653387115e-06, 'epoch': 1.13}
{'loss': 0.3658, 'learning_rate': 8.841000469401142e-06, 'epoch': 1.13}
{'loss': 0.3501, 'learning_rate': 8.838382719216291e-06, 'epoch': 1.13}
{'loss': 0.3655, 'learning_rate': 8.835762404581501e-06, 'epoch': 1.13}
{'loss': 0.3322, 'learning_rate': 8.83313952724742e-06, 'epoch': 1.13}
{'loss': 0.3291, 'learning_rate': 8.830514088966413e-06, 'epoch': 1.13}
{'loss': 0.3544, 'learning_rate': 8.82788609149255e-06, 'epoch': 1.13}
{'loss': 0.3507, 'learning_rate': 8.825255536581618e-06, 'epoch': 1.13}
{'loss': 0.3867, 'learning_rate': 8.822622425991105e-06, 'epoch': 1.14}
{'loss': 0.3928, 'learning_rate': 8.819986761480213e-06, 'epoch': 1.14}
{'loss': 0.3264, 'learning_rate': 8.817348544809848e-06, 'epoch': 1.14}
{'loss': 0.3681, 'learning_rate': 8.814707777742618e-06, 'epoch': 1.14}
{'loss': 0.3333, 'learning_rate': 8.812064462042837e-06, 'epoch': 1.14}
{'loss': 0.3572, 'learning_rate': 8.809418599476526e-06, 'epoch': 1.14}
{'loss': 0.311, 'learning_rate': 8.806770191811405e-06, 'epoch': 1.14}
{'loss': 0.3637, 'learning_rate': 8.80411924081689e-06, 'epoch': 1.14}
{'loss': 0.324, 'learning_rate': 8.801465748264099e-06, 'epoch': 1.14}
{'loss': 0.3708, 'learning_rate': 8.798809715925851e-06, 'epoch': 1.14}
{'loss': 0.3392, 'learning_rate': 8.796151145576659e-06, 'epoch': 1.14}
{'loss': 0.3266, 'learning_rate': 8.793490038992732e-06, 'epoch': 1.14}
{'loss': 0.3355, 'learning_rate': 8.790826397951972e-06, 'epoch': 1.14}
{'loss': 0.3594, 'learning_rate': 8.78816022423398e-06, 'epoch': 1.14}
{'loss': 0.3618, 'learning_rate': 8.785491519620042e-06, 'epoch': 1.14}
{'loss': 0.3477, 'learning_rate': 8.782820285893138e-06, 'epoch': 1.14}
{'loss': 0.3683, 'learning_rate': 8.780146524837938e-06, 'epoch': 1.15}
{'loss': 0.3351, 'learning_rate': 8.777470238240801e-06, 'epoch': 1.15}
{'loss': 0.3085, 'learning_rate': 8.77479142788977e-06, 'epoch': 1.15}
{'loss': 0.2878, 'learning_rate': 8.772110095574582e-06, 'epoch': 1.15}
{'loss': 0.3445, 'learning_rate': 8.769426243086647e-06, 'epoch': 1.15}
{'loss': 0.3194, 'learning_rate': 8.76673987221907e-06, 'epoch': 1.15}
{'loss': 0.325, 'learning_rate': 8.764050984766631e-06, 'epoch': 1.15}
{'loss': 0.334, 'learning_rate': 8.761359582525796e-06, 'epoch': 1.15}
{'loss': 0.3582, 'learning_rate': 8.75866566729471e-06, 'epoch': 1.15}
{'loss': 0.3377, 'learning_rate': 8.755969240873194e-06, 'epoch': 1.15}
{'loss': 0.3713, 'learning_rate': 8.75327030506275e-06, 'epoch': 1.15}
{'loss': 0.2944, 'learning_rate': 8.75056886166656e-06, 'epoch': 1.15}
{'loss': 0.3813, 'learning_rate': 8.74786491248947e-06, 'epoch': 1.15}
{'loss': 0.3663, 'learning_rate': 8.745158459338008e-06, 'epoch': 1.15}
{'loss': 0.3225, 'learning_rate': 8.742449504020379e-06, 'epoch': 1.15}
{'loss': 0.3059, 'learning_rate': 8.73973804834645e-06, 'epoch': 1.15}
{'loss': 0.3581, 'learning_rate': 8.737024094127765e-06, 'epoch': 1.16}
{'loss': 0.311, 'learning_rate': 8.734307643177536e-06, 'epoch': 1.16}
{'loss': 0.345, 'learning_rate': 8.73158869731064e-06, 'epoch': 1.16}
{'loss': 0.3578, 'learning_rate': 8.728867258343628e-06, 'epoch': 1.16}
{'loss': 0.3261, 'learning_rate': 8.726143328094709e-06, 'epoch': 1.16}
{'loss': 0.3509, 'learning_rate': 8.72341690838376e-06, 'epoch': 1.16}
{'loss': 0.289, 'learning_rate': 8.72068800103232e-06, 'epoch': 1.16}
{'loss': 0.3423, 'learning_rate': 8.717956607863592e-06, 'epoch': 1.16}
{'loss': 0.3411, 'learning_rate': 8.71522273070244e-06, 'epoch': 1.16}
{'loss': 0.3783, 'learning_rate': 8.712486371375384e-06, 'epoch': 1.16}
{'loss': 0.3563, 'learning_rate': 8.709747531710603e-06, 'epoch': 1.16}
{'loss': 0.3429, 'learning_rate': 8.707006213537939e-06, 'epoch': 1.16}
{'loss': 0.3736, 'learning_rate': 8.704262418688882e-06, 'epoch': 1.16}
{'loss': 0.4156, 'learning_rate': 8.701516148996582e-06, 'epoch': 1.16}
{'loss': 0.3399, 'learning_rate': 8.69876740629584e-06, 'epoch': 1.16}
{'loss': 0.3657, 'learning_rate': 8.69601619242311e-06, 'epoch': 1.16}
{'loss': 0.4263, 'learning_rate': 8.693262509216497e-06, 'epoch': 1.17}
{'loss': 0.3574, 'learning_rate': 8.690506358515755e-06, 'epoch': 1.17}
{'loss': 0.3382, 'learning_rate': 8.68774774216229e-06, 'epoch': 1.17}
{'loss': 0.2889, 'learning_rate': 8.684986661999151e-06, 'epoch': 1.17}
{'loss': 0.3186, 'learning_rate': 8.682223119871031e-06, 'epoch': 1.17}
{'loss': 0.321, 'learning_rate': 8.679457117624278e-06, 'epoch': 1.17}
{'loss': 0.3264, 'learning_rate': 8.676688657106873e-06, 'epoch': 1.17}
{'loss': 0.3855, 'learning_rate': 8.673917740168445e-06, 'epoch': 1.17}
{'loss': 0.3341, 'learning_rate': 8.671144368660261e-06, 'epoch': 1.17}
{'loss': 0.3573, 'learning_rate': 8.668368544435234e-06, 'epoch': 1.17}
{'loss': 0.4192, 'learning_rate': 8.665590269347903e-06, 'epoch': 1.17}
{'loss': 0.3482, 'learning_rate': 8.662809545254462e-06, 'epoch': 1.17}
{'loss': 0.3119, 'learning_rate': 8.660026374012727e-06, 'epoch': 1.17}
{'loss': 0.2833, 'learning_rate': 8.657240757482154e-06, 'epoch': 1.17}
{'loss': 0.3384, 'learning_rate': 8.654452697523833e-06, 'epoch': 1.17}
{'loss': 0.3379, 'learning_rate': 8.651662196000488e-06, 'epoch': 1.17}
{'loss': 0.2895, 'learning_rate': 8.648869254776468e-06, 'epoch': 1.18}
{'loss': 0.3745, 'learning_rate': 8.646073875717762e-06, 'epoch': 1.18}
{'loss': 0.3493, 'learning_rate': 8.643276060691976e-06, 'epoch': 1.18}
{'loss': 0.4275, 'learning_rate': 8.640475811568355e-06, 'epoch': 1.18}
{'loss': 0.3525, 'learning_rate': 8.637673130217761e-06, 'epoch': 1.18}
{'loss': 0.3814, 'learning_rate': 8.634868018512686e-06, 'epoch': 1.18}
{'loss': 0.3245, 'learning_rate': 8.632060478327244e-06, 'epoch': 1.18}
{'loss': 0.3629, 'learning_rate': 8.629250511537173e-06, 'epoch': 1.18}
{'loss': 0.2869, 'learning_rate': 8.62643812001983e-06, 'epoch': 1.18}
{'loss': 0.3877, 'learning_rate': 8.623623305654193e-06, 'epoch': 1.18}
{'loss': 0.3335, 'learning_rate': 8.620806070320862e-06, 'epoch': 1.18}
{'loss': 0.2732, 'learning_rate': 8.617986415902047e-06, 'epoch': 1.18}
{'loss': 0.3407, 'learning_rate': 8.61516434428158e-06, 'epoch': 1.18}
{'loss': 0.3799, 'learning_rate': 8.612339857344906e-06, 'epoch': 1.18}
{'loss': 0.2993, 'learning_rate': 8.609512956979088e-06, 'epoch': 1.18}
{'loss': 0.3489, 'learning_rate': 8.606683645072793e-06, 'epoch': 1.18}
{'loss': 0.3104, 'learning_rate': 8.603851923516306e-06, 'epoch': 1.19}
{'loss': 0.2704, 'learning_rate': 8.601017794201518e-06, 'epoch': 1.19}
{'loss': 0.2714, 'learning_rate': 8.598181259021931e-06, 'epoch': 1.19}
{'loss': 0.37, 'learning_rate': 8.595342319872657e-06, 'epoch': 1.19}
{'loss': 0.3357, 'learning_rate': 8.592500978650405e-06, 'epoch': 1.19}
{'loss': 0.3275, 'learning_rate': 8.589657237253499e-06, 'epoch': 1.19}
{'loss': 0.3243, 'learning_rate': 8.58681109758186e-06, 'epoch': 1.19}
{'loss': 0.3925, 'learning_rate': 8.583962561537017e-06, 'epoch': 1.19}
{'loss': 0.3816, 'learning_rate': 8.58111163102209e-06, 'epoch': 1.19}
{'loss': 0.353, 'learning_rate': 8.578258307941812e-06, 'epoch': 1.19}
{'loss': 0.3282, 'learning_rate': 8.575402594202503e-06, 'epoch': 1.19}
{'loss': 0.3538, 'learning_rate': 8.572544491712089e-06, 'epoch': 1.19}
{'loss': 0.3115, 'learning_rate': 8.569684002380085e-06, 'epoch': 1.19}
{'loss': 0.29, 'learning_rate': 8.566821128117604e-06, 'epoch': 1.19}
{'loss': 0.3487, 'learning_rate': 8.563955870837353e-06, 'epoch': 1.19}
{'loss': 0.3472, 'learning_rate': 8.561088232453629e-06, 'epoch': 1.19}
{'loss': 0.2999, 'learning_rate': 8.558218214882323e-06, 'epoch': 1.2}
{'loss': 0.347, 'learning_rate': 8.555345820040913e-06, 'epoch': 1.2}
{'loss': 0.3314, 'learning_rate': 8.552471049848464e-06, 'epoch': 1.2}
{'loss': 0.352, 'learning_rate': 8.54959390622563e-06, 'epoch': 1.2}
{'loss': 0.4082, 'learning_rate': 8.546714391094653e-06, 'epoch': 1.2}
{'loss': 0.3312, 'learning_rate': 8.543832506379354e-06, 'epoch': 1.2}
{'loss': 0.3724, 'learning_rate': 8.540948254005143e-06, 'epoch': 1.2}
{'loss': 0.3482, 'learning_rate': 8.538061635899005e-06, 'epoch': 1.2}
{'loss': 0.3454, 'learning_rate': 8.535172653989513e-06, 'epoch': 1.2}
{'loss': 0.3552, 'learning_rate': 8.532281310206814e-06, 'epoch': 1.2}
{'loss': 0.3396, 'learning_rate': 8.529387606482634e-06, 'epoch': 1.2}
{'loss': 0.4219, 'learning_rate': 8.526491544750277e-06, 'epoch': 1.2}
{'loss': 0.4144, 'learning_rate': 8.523593126944625e-06, 'epoch': 1.2}
{'loss': 0.3438, 'learning_rate': 8.520692355002124e-06, 'epoch': 1.2}
{'loss': 0.3531, 'learning_rate': 8.517789230860807e-06, 'epoch': 1.2}
{'loss': 0.3969, 'learning_rate': 8.514883756460267e-06, 'epoch': 1.2}
{'loss': 0.3683, 'learning_rate': 8.511975933741671e-06, 'epoch': 1.21}
{'loss': 0.3764, 'learning_rate': 8.509065764647759e-06, 'epoch': 1.21}
{'loss': 0.3701, 'learning_rate': 8.506153251122832e-06, 'epoch': 1.21}
{'loss': 0.3569, 'learning_rate': 8.503238395112763e-06, 'epoch': 1.21}
{'loss': 0.2947, 'learning_rate': 8.500321198564983e-06, 'epoch': 1.21}
{'loss': 0.3041, 'learning_rate': 8.497401663428497e-06, 'epoch': 1.21}
{'loss': 0.4068, 'learning_rate': 8.494479791653861e-06, 'epoch': 1.21}
{'loss': 0.3741, 'learning_rate': 8.4915555851932e-06, 'epoch': 1.21}
{'loss': 0.2873, 'learning_rate': 8.488629046000196e-06, 'epoch': 1.21}
{'loss': 0.3611, 'learning_rate': 8.485700176030091e-06, 'epoch': 1.21}
{'loss': 0.3481, 'learning_rate': 8.482768977239684e-06, 'epoch': 1.21}
{'loss': 0.3434, 'learning_rate': 8.479835451587326e-06, 'epoch': 1.21}
{'loss': 0.3713, 'learning_rate': 8.476899601032928e-06, 'epoch': 1.21}
{'loss': 0.357, 'learning_rate': 8.473961427537951e-06, 'epoch': 1.21}
{'loss': 0.359, 'learning_rate': 8.47102093306541e-06, 'epoch': 1.21}
{'loss': 0.3431, 'learning_rate': 8.468078119579867e-06, 'epoch': 1.21}
{'loss': 0.3119, 'learning_rate': 8.465132989047442e-06, 'epoch': 1.22}
{'loss': 0.3322, 'learning_rate': 8.46218554343579e-06, 'epoch': 1.22}
{'loss': 0.343, 'learning_rate': 8.459235784714124e-06, 'epoch': 1.22}
{'loss': 0.386, 'learning_rate': 8.456283714853196e-06, 'epoch': 1.22}
{'loss': 0.3565, 'learning_rate': 8.453329335825306e-06, 'epoch': 1.22}
{'loss': 0.3588, 'learning_rate': 8.450372649604293e-06, 'epoch': 1.22}
{'loss': 0.351, 'learning_rate': 8.447413658165542e-06, 'epoch': 1.22}
{'loss': 0.3545, 'learning_rate': 8.444452363485972e-06, 'epoch': 1.22}
{'loss': 0.3064, 'learning_rate': 8.441488767544048e-06, 'epoch': 1.22}
{'loss': 0.342, 'learning_rate': 8.438522872319765e-06, 'epoch': 1.22}
{'loss': 0.3429, 'learning_rate': 8.435554679794662e-06, 'epoch': 1.22}
{'loss': 0.3834, 'learning_rate': 8.432584191951809e-06, 'epoch': 1.22}
{'loss': 0.359, 'learning_rate': 8.429611410775804e-06, 'epoch': 1.22}
{'loss': 0.3971, 'learning_rate': 8.426636338252789e-06, 'epoch': 1.22}
{'loss': 0.3658, 'learning_rate': 8.423658976370425e-06, 'epoch': 1.22}
{'loss': 0.307, 'learning_rate': 8.420679327117912e-06, 'epoch': 1.22}
{'loss': 0.3803, 'learning_rate': 8.417697392485973e-06, 'epoch': 1.23}
{'loss': 0.245, 'learning_rate': 8.414713174466859e-06, 'epoch': 1.23}
{'loss': 0.3511, 'learning_rate': 8.411726675054346e-06, 'epoch': 1.23}
{'loss': 0.3716, 'learning_rate': 8.408737896243734e-06, 'epoch': 1.23}
{'loss': 0.3389, 'learning_rate': 8.405746840031851e-06, 'epoch': 1.23}
{'loss': 0.329, 'learning_rate': 8.402753508417037e-06, 'epoch': 1.23}
{'loss': 0.3463, 'learning_rate': 8.399757903399162e-06, 'epoch': 1.23}
{'loss': 0.338, 'learning_rate': 8.396760026979605e-06, 'epoch': 1.23}
{'loss': 0.2863, 'learning_rate': 8.393759881161274e-06, 'epoch': 1.23}
{'loss': 0.377, 'learning_rate': 8.390757467948581e-06, 'epoch': 1.23}
{'loss': 0.4131, 'learning_rate': 8.387752789347466e-06, 'epoch': 1.23}
{'loss': 0.3417, 'learning_rate': 8.384745847365368e-06, 'epoch': 1.23}
{'loss': 0.3805, 'learning_rate': 8.38173664401125e-06, 'epoch': 1.23}
{'loss': 0.3618, 'learning_rate': 8.378725181295581e-06, 'epoch': 1.23}
{'loss': 0.4053, 'learning_rate': 8.37571146123034e-06, 'epoch': 1.23}
{'loss': 0.3406, 'learning_rate': 8.372695485829015e-06, 'epoch': 1.23}
{'loss': 0.3954, 'learning_rate': 8.369677257106596e-06, 'epoch': 1.24}
{'loss': 0.3186, 'learning_rate': 8.366656777079586e-06, 'epoch': 1.24}
{'loss': 0.3881, 'learning_rate': 8.363634047765989e-06, 'epoch': 1.24}
{'loss': 0.3628, 'learning_rate': 8.36060907118531e-06, 'epoch': 1.24}
{'loss': 0.3717, 'learning_rate': 8.357581849358557e-06, 'epoch': 1.24}
{'loss': 0.4263, 'learning_rate': 8.354552384308235e-06, 'epoch': 1.24}
{'loss': 0.3626, 'learning_rate': 8.351520678058354e-06, 'epoch': 1.24}
{'loss': 0.4152, 'learning_rate': 8.348486732634417e-06, 'epoch': 1.24}
{'loss': 0.3951, 'learning_rate': 8.345450550063423e-06, 'epoch': 1.24}
{'loss': 0.3414, 'learning_rate': 8.342412132373868e-06, 'epoch': 1.24}
{'loss': 0.3508, 'learning_rate': 8.33937148159574e-06, 'epoch': 1.24}
{'loss': 0.3566, 'learning_rate': 8.336328599760515e-06, 'epoch': 1.24}
{'loss': 0.3061, 'learning_rate': 8.333283488901167e-06, 'epoch': 1.24}
{'loss': 0.3513, 'learning_rate': 8.330236151052153e-06, 'epoch': 1.24}
{'loss': 0.2744, 'learning_rate': 8.327186588249424e-06, 'epoch': 1.24}
{'loss': 0.317, 'learning_rate': 8.32413480253041e-06, 'epoch': 1.24}
{'loss': 0.3187, 'learning_rate': 8.321080795934034e-06, 'epoch': 1.25}
{'loss': 0.3125, 'learning_rate': 8.318024570500695e-06, 'epoch': 1.25}
{'loss': 0.3632, 'learning_rate': 8.314966128272279e-06, 'epoch': 1.25}
{'loss': 0.3854, 'learning_rate': 8.311905471292157e-06, 'epoch': 1.25}
{'loss': 0.3749, 'learning_rate': 8.308842601605167e-06, 'epoch': 1.25}
{'loss': 0.3283, 'learning_rate': 8.305777521257641e-06, 'epoch': 1.25}
{'loss': 0.2934, 'learning_rate': 8.302710232297375e-06, 'epoch': 1.25}
{'loss': 0.4113, 'learning_rate': 8.299640736773649e-06, 'epoch': 1.25}
{'loss': 0.389, 'learning_rate': 8.296569036737211e-06, 'epoch': 1.25}
{'loss': 0.36, 'learning_rate': 8.293495134240288e-06, 'epoch': 1.25}
{'loss': 0.3262, 'learning_rate': 8.290419031336573e-06, 'epoch': 1.25}
{'loss': 0.3101, 'learning_rate': 8.287340730081237e-06, 'epoch': 1.25}
{'loss': 0.298, 'learning_rate': 8.284260232530907e-06, 'epoch': 1.25}
{'loss': 0.3792, 'learning_rate': 8.281177540743687e-06, 'epoch': 1.25}
{'loss': 0.3772, 'learning_rate': 8.278092656779148e-06, 'epoch': 1.25}
{'loss': 0.3394, 'learning_rate': 8.275005582698318e-06, 'epoch': 1.25}
{'loss': 0.3717, 'learning_rate': 8.271916320563695e-06, 'epoch': 1.26}
{'loss': 0.2888, 'learning_rate': 8.268824872439235e-06, 'epoch': 1.26}
{'loss': 0.4171, 'learning_rate': 8.265731240390355e-06, 'epoch': 1.26}
{'loss': 0.3917, 'learning_rate': 8.262635426483935e-06, 'epoch': 1.26}
{'loss': 0.3416, 'learning_rate': 8.259537432788307e-06, 'epoch': 1.26}
{'loss': 0.3512, 'learning_rate': 8.256437261373262e-06, 'epoch': 1.26}
{'loss': 0.4046, 'learning_rate': 8.253334914310048e-06, 'epoch': 1.26}
{'loss': 0.3364, 'learning_rate': 8.25023039367136e-06, 'epoch': 1.26}
{'loss': 0.3902, 'learning_rate': 8.247123701531356e-06, 'epoch': 1.26}
{'loss': 0.3701, 'learning_rate': 8.244014839965632e-06, 'epoch': 1.26}
{'loss': 0.3811, 'learning_rate': 8.240903811051244e-06, 'epoch': 1.26}
{'loss': 0.3322, 'learning_rate': 8.237790616866693e-06, 'epoch': 1.26}
{'loss': 0.3324, 'learning_rate': 8.23467525949192e-06, 'epoch': 1.26}
{'loss': 0.3489, 'learning_rate': 8.231557741008322e-06, 'epoch': 1.26}
{'loss': 0.2978, 'learning_rate': 8.228438063498731e-06, 'epoch': 1.26}
{'loss': 0.351, 'learning_rate': 8.225316229047427e-06, 'epoch': 1.26}
{'loss': 0.3187, 'learning_rate': 8.222192239740128e-06, 'epoch': 1.27}
{'loss': 0.3703, 'learning_rate': 8.219066097663994e-06, 'epoch': 1.27}
{'loss': 0.4285, 'learning_rate': 8.215937804907624e-06, 'epoch': 1.27}
{'loss': 0.3909, 'learning_rate': 8.212807363561047e-06, 'epoch': 1.27}
{'loss': 0.3251, 'learning_rate': 8.209674775715734e-06, 'epoch': 1.27}
{'loss': 0.3687, 'learning_rate': 8.20654004346459e-06, 'epoch': 1.27}
{'loss': 0.4019, 'learning_rate': 8.203403168901951e-06, 'epoch': 1.27}
{'loss': 0.4446, 'learning_rate': 8.200264154123582e-06, 'epoch': 1.27}
{'loss': 0.3087, 'learning_rate': 8.197123001226686e-06, 'epoch': 1.27}
{'loss': 0.2935, 'learning_rate': 8.193979712309883e-06, 'epoch': 1.27}
{'loss': 0.332, 'learning_rate': 8.19083428947323e-06, 'epoch': 1.27}
{'loss': 0.387, 'learning_rate': 8.187686734818203e-06, 'epoch': 1.27}
{'loss': 0.3286, 'learning_rate': 8.184537050447706e-06, 'epoch': 1.27}
{'loss': 0.3816, 'learning_rate': 8.181385238466065e-06, 'epoch': 1.27}
{'loss': 0.3683, 'learning_rate': 8.178231300979026e-06, 'epoch': 1.27}
{'loss': 0.3353, 'learning_rate': 8.17507524009376e-06, 'epoch': 1.27}
{'loss': 0.4055, 'learning_rate': 8.171917057918848e-06, 'epoch': 1.28}
{'loss': 0.3775, 'learning_rate': 8.168756756564297e-06, 'epoch': 1.28}
{'loss': 0.4688, 'learning_rate': 8.165594338141525e-06, 'epoch': 1.28}
{'loss': 0.4324, 'learning_rate': 8.162429804763365e-06, 'epoch': 1.28}
{'loss': 0.372, 'learning_rate': 8.159263158544065e-06, 'epoch': 1.28}
{'loss': 0.2997, 'learning_rate': 8.15609440159928e-06, 'epoch': 1.28}
{'loss': 0.3531, 'learning_rate': 8.15292353604608e-06, 'epoch': 1.28}
{'loss': 0.3119, 'learning_rate': 8.149750564002945e-06, 'epoch': 1.28}
{'loss': 0.3347, 'learning_rate': 8.146575487589757e-06, 'epoch': 1.28}
{'loss': 0.3479, 'learning_rate': 8.143398308927805e-06, 'epoch': 1.28}
{'loss': 0.3898, 'learning_rate': 8.140219030139786e-06, 'epoch': 1.28}
{'loss': 0.3627, 'learning_rate': 8.137037653349797e-06, 'epoch': 1.28}
{'loss': 0.3354, 'learning_rate': 8.13385418068334e-06, 'epoch': 1.28}
{'loss': 0.3672, 'learning_rate': 8.130668614267312e-06, 'epoch': 1.28}
{'loss': 0.3133, 'learning_rate': 8.127480956230014e-06, 'epoch': 1.28}
{'loss': 0.3301, 'learning_rate': 8.124291208701139e-06, 'epoch': 1.28}
{'loss': 0.3459, 'learning_rate': 8.121099373811786e-06, 'epoch': 1.29}
{'loss': 0.3857, 'learning_rate': 8.117905453694434e-06, 'epoch': 1.29}
{'loss': 0.3485, 'learning_rate': 8.114709450482967e-06, 'epoch': 1.29}
{'loss': 0.3984, 'learning_rate': 8.111511366312656e-06, 'epoch': 1.29}
{'loss': 0.3391, 'learning_rate': 8.108311203320166e-06, 'epoch': 1.29}
{'loss': 0.3694, 'learning_rate': 8.105108963643544e-06, 'epoch': 1.29}
{'loss': 0.3215, 'learning_rate': 8.101904649422231e-06, 'epoch': 1.29}
{'loss': 0.3342, 'learning_rate': 8.09869826279705e-06, 'epoch': 1.29}
{'loss': 0.3001, 'learning_rate': 8.09548980591021e-06, 'epoch': 1.29}
{'loss': 0.4045, 'learning_rate': 8.092279280905302e-06, 'epoch': 1.29}
{'loss': 0.3706, 'learning_rate': 8.089066689927303e-06, 'epoch': 1.29}
{'loss': 0.3274, 'learning_rate': 8.085852035122564e-06, 'epoch': 1.29}
{'loss': 0.3822, 'learning_rate': 8.082635318638821e-06, 'epoch': 1.29}
{'loss': 0.3393, 'learning_rate': 8.07941654262518e-06, 'epoch': 1.29}
{'loss': 0.3642, 'learning_rate': 8.076195709232132e-06, 'epoch': 1.29}
{'loss': 0.3557, 'learning_rate': 8.072972820611539e-06, 'epoch': 1.29}
{'loss': 0.4064, 'learning_rate': 8.06974787891663e-06, 'epoch': 1.3}
{'loss': 0.3829, 'learning_rate': 8.066520886302014e-06, 'epoch': 1.3}
{'loss': 0.3161, 'learning_rate': 8.063291844923664e-06, 'epoch': 1.3}
{'loss': 0.3427, 'learning_rate': 8.060060756938928e-06, 'epoch': 1.3}
{'loss': 0.3426, 'learning_rate': 8.056827624506519e-06, 'epoch': 1.3}
{'loss': 0.3551, 'learning_rate': 8.053592449786511e-06, 'epoch': 1.3}
{'loss': 0.3928, 'learning_rate': 8.05035523494035e-06, 'epoch': 1.3}
{'loss': 0.3747, 'learning_rate': 8.04711598213084e-06, 'epoch': 1.3}
{'loss': 0.3037, 'learning_rate': 8.043874693522147e-06, 'epoch': 1.3}
{'loss': 0.3656, 'learning_rate': 8.040631371279801e-06, 'epoch': 1.3}
{'loss': 0.3336, 'learning_rate': 8.037386017570686e-06, 'epoch': 1.3}
{'loss': 0.3186, 'learning_rate': 8.034138634563046e-06, 'epoch': 1.3}
{'loss': 0.3354, 'learning_rate': 8.03088922442648e-06, 'epoch': 1.3}
{'loss': 0.3352, 'learning_rate': 8.027637789331938e-06, 'epoch': 1.3}
{'loss': 0.3987, 'learning_rate': 8.024384331451733e-06, 'epoch': 1.3}
{'loss': 0.3107, 'learning_rate': 8.021128852959518e-06, 'epoch': 1.3}
{'loss': 0.2951, 'learning_rate': 8.0178713560303e-06, 'epoch': 1.31}
{'loss': 0.3257, 'learning_rate': 8.014611842840439e-06, 'epoch': 1.31}
{'loss': 0.3057, 'learning_rate': 8.011350315567633e-06, 'epoch': 1.31}
{'loss': 0.3636, 'learning_rate': 8.008086776390935e-06, 'epoch': 1.31}
{'loss': 0.2797, 'learning_rate': 8.004821227490738e-06, 'epoch': 1.31}
{'loss': 0.3453, 'learning_rate': 8.001553671048774e-06, 'epoch': 1.31}
{'loss': 0.3455, 'learning_rate': 7.998284109248123e-06, 'epoch': 1.31}
{'loss': 0.3517, 'learning_rate': 7.9950125442732e-06, 'epoch': 1.31}
{'loss': 0.345, 'learning_rate': 7.991738978309761e-06, 'epoch': 1.31}
{'loss': 0.3369, 'learning_rate': 7.9884634135449e-06, 'epoch': 1.31}
{'loss': 0.3249, 'learning_rate': 7.985185852167043e-06, 'epoch': 1.31}
{'loss': 0.3376, 'learning_rate': 7.98190629636595e-06, 'epoch': 1.31}
{'loss': 0.333, 'learning_rate': 7.978624748332715e-06, 'epoch': 1.31}
{'loss': 0.3391, 'learning_rate': 7.975341210259765e-06, 'epoch': 1.31}
{'loss': 0.358, 'learning_rate': 7.972055684340852e-06, 'epoch': 1.31}
{'loss': 0.3547, 'learning_rate': 7.968768172771058e-06, 'epoch': 1.31}
{'loss': 0.3545, 'learning_rate': 7.965478677746796e-06, 'epoch': 1.32}
{'loss': 0.3208, 'learning_rate': 7.962187201465796e-06, 'epoch': 1.32}
{'loss': 0.2859, 'learning_rate': 7.958893746127119e-06, 'epoch': 1.32}
{'loss': 0.3648, 'learning_rate': 7.955598313931144e-06, 'epoch': 1.32}
{'loss': 0.3596, 'learning_rate': 7.95230090707957e-06, 'epoch': 1.32}
{'loss': 0.3415, 'learning_rate': 7.949001527775422e-06, 'epoch': 1.32}
{'loss': 0.3093, 'learning_rate': 7.945700178223034e-06, 'epoch': 1.32}
{'loss': 0.3584, 'learning_rate': 7.942396860628063e-06, 'epoch': 1.32}
{'loss': 0.2764, 'learning_rate': 7.939091577197475e-06, 'epoch': 1.32}
{'loss': 0.3855, 'learning_rate': 7.935784330139555e-06, 'epoch': 1.32}
{'loss': 0.3756, 'learning_rate': 7.932475121663898e-06, 'epoch': 1.32}
{'loss': 0.323, 'learning_rate': 7.929163953981407e-06, 'epoch': 1.32}
{'loss': 0.3539, 'learning_rate': 7.925850829304298e-06, 'epoch': 1.32}
{'loss': 0.3279, 'learning_rate': 7.922535749846093e-06, 'epoch': 1.32}
{'loss': 0.3576, 'learning_rate': 7.919218717821615e-06, 'epoch': 1.32}
{'loss': 0.3325, 'learning_rate': 7.915899735446999e-06, 'epoch': 1.32}
{'loss': 0.3499, 'learning_rate': 7.91257880493968e-06, 'epoch': 1.33}
{'loss': 0.3796, 'learning_rate': 7.909255928518395e-06, 'epoch': 1.33}
{'loss': 0.3471, 'learning_rate': 7.905931108403181e-06, 'epoch': 1.33}
{'loss': 0.2857, 'learning_rate': 7.90260434681537e-06, 'epoch': 1.33}
{'loss': 0.3888, 'learning_rate': 7.8992756459776e-06, 'epoch': 1.33}
{'loss': 0.3337, 'learning_rate': 7.895945008113793e-06, 'epoch': 1.33}
{'loss': 0.378, 'learning_rate': 7.892612435449171e-06, 'epoch': 1.33}
{'loss': 0.353, 'learning_rate': 7.889277930210256e-06, 'epoch': 1.33}
{'loss': 0.3575, 'learning_rate': 7.885941494624846e-06, 'epoch': 1.33}
{'loss': 0.3052, 'learning_rate': 7.882603130922043e-06, 'epoch': 1.33}
{'loss': 0.3643, 'learning_rate': 7.879262841332228e-06, 'epoch': 1.33}
{'loss': 0.343, 'learning_rate': 7.875920628087067e-06, 'epoch': 1.33}
{'loss': 0.3, 'learning_rate': 7.872576493419522e-06, 'epoch': 1.33}
{'loss': 0.2893, 'learning_rate': 7.86923043956383e-06, 'epoch': 1.33}
{'loss': 0.311, 'learning_rate': 7.865882468755515e-06, 'epoch': 1.33}
{'loss': 0.3421, 'learning_rate': 7.862532583231375e-06, 'epoch': 1.33}
{'loss': 0.3337, 'learning_rate': 7.859180785229494e-06, 'epoch': 1.33}
{'loss': 0.387, 'learning_rate': 7.855827076989233e-06, 'epoch': 1.34}
{'loss': 0.3838, 'learning_rate': 7.852471460751224e-06, 'epoch': 1.34}
{'loss': 0.3431, 'learning_rate': 7.84911393875738e-06, 'epoch': 1.34}
{'loss': 0.349, 'learning_rate': 7.845754513250883e-06, 'epoch': 1.34}
{'loss': 0.3819, 'learning_rate': 7.842393186476191e-06, 'epoch': 1.34}
{'loss': 0.3765, 'learning_rate': 7.839029960679026e-06, 'epoch': 1.34}
{'loss': 0.305, 'learning_rate': 7.835664838106384e-06, 'epoch': 1.34}
{'loss': 0.3888, 'learning_rate': 7.832297821006526e-06, 'epoch': 1.34}
{'loss': 0.3965, 'learning_rate': 7.828928911628981e-06, 'epoch': 1.34}
{'loss': 0.353, 'learning_rate': 7.825558112224539e-06, 'epoch': 1.34}
{'loss': 0.2703, 'learning_rate': 7.822185425045255e-06, 'epoch': 1.34}
{'loss': 0.3367, 'learning_rate': 7.818810852344443e-06, 'epoch': 1.34}
{'loss': 0.3094, 'learning_rate': 7.81543439637668e-06, 'epoch': 1.34}
{'loss': 0.3051, 'learning_rate': 7.812056059397801e-06, 'epoch': 1.34}
{'loss': 0.3929, 'learning_rate': 7.808675843664892e-06, 'epoch': 1.34}
{'loss': 0.3402, 'learning_rate': 7.805293751436303e-06, 'epoch': 1.34}
{'loss': 0.3829, 'learning_rate': 7.801909784971628e-06, 'epoch': 1.35}
{'loss': 0.3433, 'learning_rate': 7.798523946531722e-06, 'epoch': 1.35}
{'loss': 0.2676, 'learning_rate': 7.795136238378686e-06, 'epoch': 1.35}
{'loss': 0.3221, 'learning_rate': 7.791746662775872e-06, 'epoch': 1.35}
{'loss': 0.2762, 'learning_rate': 7.788355221987878e-06, 'epoch': 1.35}
{'loss': 0.3457, 'learning_rate': 7.784961918280548e-06, 'epoch': 1.35}
{'loss': 0.3366, 'learning_rate': 7.781566753920974e-06, 'epoch': 1.35}
{'loss': 0.3201, 'learning_rate': 7.778169731177488e-06, 'epoch': 1.35}
{'loss': 0.3562, 'learning_rate': 7.77477085231966e-06, 'epoch': 1.35}
{'loss': 0.3052, 'learning_rate': 7.77137011961831e-06, 'epoch': 1.35}
{'loss': 0.3892, 'learning_rate': 7.767967535345489e-06, 'epoch': 1.35}
{'loss': 0.3852, 'learning_rate': 7.764563101774487e-06, 'epoch': 1.35}
{'loss': 0.3592, 'learning_rate': 7.76115682117983e-06, 'epoch': 1.35}
{'loss': 0.3983, 'learning_rate': 7.757748695837276e-06, 'epoch': 1.35}
{'loss': 0.3562, 'learning_rate': 7.754338728023819e-06, 'epoch': 1.35}
{'loss': 0.3702, 'learning_rate': 7.75092692001768e-06, 'epoch': 1.35}
{'loss': 0.3494, 'learning_rate': 7.747513274098312e-06, 'epoch': 1.36}
{'loss': 0.3262, 'learning_rate': 7.744097792546397e-06, 'epoch': 1.36}
{'loss': 0.4012, 'learning_rate': 7.740680477643841e-06, 'epoch': 1.36}
{'loss': 0.306, 'learning_rate': 7.737261331673775e-06, 'epoch': 1.36}
{'loss': 0.3465, 'learning_rate': 7.733840356920553e-06, 'epoch': 1.36}
{'loss': 0.3454, 'learning_rate': 7.730417555669754e-06, 'epoch': 1.36}
{'loss': 0.3354, 'learning_rate': 7.726992930208173e-06, 'epoch': 1.36}
{'loss': 0.39, 'learning_rate': 7.723566482823827e-06, 'epoch': 1.36}
{'loss': 0.3559, 'learning_rate': 7.72013821580595e-06, 'epoch': 1.36}
{'loss': 0.3768, 'learning_rate': 7.716708131444987e-06, 'epoch': 1.36}
{'loss': 0.2883, 'learning_rate': 7.713276232032608e-06, 'epoch': 1.36}
{'loss': 0.3674, 'learning_rate': 7.709842519861684e-06, 'epoch': 1.36}
{'loss': 0.3386, 'learning_rate': 7.7064069972263e-06, 'epoch': 1.36}
{'loss': 0.2805, 'learning_rate': 7.702969666421756e-06, 'epoch': 1.36}
{'loss': 0.36, 'learning_rate': 7.699530529744553e-06, 'epoch': 1.36}
{'loss': 0.3562, 'learning_rate': 7.696089589492406e-06, 'epoch': 1.36}
{'loss': 0.2787, 'learning_rate': 7.692646847964227e-06, 'epoch': 1.37}
{'loss': 0.3315, 'learning_rate': 7.689202307460137e-06, 'epoch': 1.37}
{'loss': 0.3311, 'learning_rate': 7.68575597028146e-06, 'epoch': 1.37}
{'loss': 0.3426, 'learning_rate': 7.682307838730713e-06, 'epoch': 1.37}
{'loss': 0.3739, 'learning_rate': 7.678857915111619e-06, 'epoch': 1.37}
{'loss': 0.39, 'learning_rate': 7.675406201729095e-06, 'epoch': 1.37}
{'loss': 0.3601, 'learning_rate': 7.671952700889255e-06, 'epoch': 1.37}
{'loss': 0.3268, 'learning_rate': 7.668497414899405e-06, 'epoch': 1.37}
{'loss': 0.3215, 'learning_rate': 7.665040346068048e-06, 'epoch': 1.37}
{'loss': 0.318, 'learning_rate': 7.661581496704875e-06, 'epoch': 1.37}
{'loss': 0.3608, 'learning_rate': 7.658120869120765e-06, 'epoch': 1.37}
{'loss': 0.328, 'learning_rate': 7.654658465627787e-06, 'epoch': 1.37}
{'loss': 0.3596, 'learning_rate': 7.651194288539201e-06, 'epoch': 1.37}
{'loss': 0.3347, 'learning_rate': 7.647728340169443e-06, 'epoch': 1.37}
{'loss': 0.3289, 'learning_rate': 7.644260622834139e-06, 'epoch': 1.37}
{'loss': 0.3178, 'learning_rate': 7.640791138850095e-06, 'epoch': 1.37}
{'loss': 0.276, 'learning_rate': 7.637319890535295e-06, 'epoch': 1.38}
{'loss': 0.3547, 'learning_rate': 7.633846880208907e-06, 'epoch': 1.38}
{'loss': 0.3922, 'learning_rate': 7.63037211019127e-06, 'epoch': 1.38}
{'loss': 0.4179, 'learning_rate': 7.626895582803906e-06, 'epoch': 1.38}
{'loss': 0.3572, 'learning_rate': 7.623417300369505e-06, 'epoch': 1.38}
{'loss': 0.3628, 'learning_rate': 7.619937265211927e-06, 'epoch': 1.38}
{'loss': 0.3041, 'learning_rate': 7.616455479656215e-06, 'epoch': 1.38}
{'loss': 0.4457, 'learning_rate': 7.612971946028568e-06, 'epoch': 1.38}
{'loss': 0.3268, 'learning_rate': 7.609486666656363e-06, 'epoch': 1.38}
{'loss': 0.3708, 'learning_rate': 7.6059996438681336e-06, 'epoch': 1.38}
{'loss': 0.3524, 'learning_rate': 7.60251087999359e-06, 'epoch': 1.38}
{'loss': 0.3759, 'learning_rate': 7.599020377363596e-06, 'epoch': 1.38}
{'loss': 0.3556, 'learning_rate': 7.595528138310182e-06, 'epoch': 1.38}
{'loss': 0.3843, 'learning_rate': 7.592034165166536e-06, 'epoch': 1.38}
{'loss': 0.3101, 'learning_rate': 7.588538460267004e-06, 'epoch': 1.38}
{'loss': 0.3254, 'learning_rate': 7.585041025947095e-06, 'epoch': 1.38}
{'loss': 0.3359, 'learning_rate': 7.581541864543464e-06, 'epoch': 1.39}
{'loss': 0.328, 'learning_rate': 7.578040978393928e-06, 'epoch': 1.39}
{'loss': 0.3983, 'learning_rate': 7.574538369837451e-06, 'epoch': 1.39}
{'loss': 0.3633, 'learning_rate': 7.571034041214153e-06, 'epoch': 1.39}
{'loss': 0.3357, 'learning_rate': 7.5675279948652955e-06, 'epoch': 1.39}
{'loss': 0.4347, 'learning_rate': 7.564020233133297e-06, 'epoch': 1.39}
{'loss': 0.3425, 'learning_rate': 7.560510758361715e-06, 'epoch': 1.39}
{'loss': 0.3983, 'learning_rate': 7.556999572895254e-06, 'epoch': 1.39}
{'loss': 0.3376, 'learning_rate': 7.55348667907976e-06, 'epoch': 1.39}
{'loss': 0.3202, 'learning_rate': 7.549972079262223e-06, 'epoch': 1.39}
{'loss': 0.3032, 'learning_rate': 7.546455775790773e-06, 'epoch': 1.39}
{'loss': 0.3671, 'learning_rate': 7.5429377710146724e-06, 'epoch': 1.39}
{'loss': 0.3632, 'learning_rate': 7.5394180672843275e-06, 'epoch': 1.39}
{'loss': 0.3621, 'learning_rate': 7.535896666951275e-06, 'epoch': 1.39}
{'loss': 0.3673, 'learning_rate': 7.53237357236819e-06, 'epoch': 1.39}
{'loss': 0.3539, 'learning_rate': 7.528848785888871e-06, 'epoch': 1.39}
{'loss': 0.309, 'learning_rate': 7.525322309868256e-06, 'epoch': 1.4}
{'loss': 0.3722, 'learning_rate': 7.521794146662406e-06, 'epoch': 1.4}
{'loss': 0.3754, 'learning_rate': 7.518264298628514e-06, 'epoch': 1.4}
{'loss': 0.3386, 'learning_rate': 7.514732768124893e-06, 'epoch': 1.4}
{'loss': 0.3614, 'learning_rate': 7.511199557510983e-06, 'epoch': 1.4}
{'loss': 0.4038, 'learning_rate': 7.507664669147348e-06, 'epoch': 1.4}
{'loss': 0.3537, 'learning_rate': 7.504128105395669e-06, 'epoch': 1.4}
{'loss': 0.3371, 'learning_rate': 7.500589868618751e-06, 'epoch': 1.4}
{'loss': 0.4013, 'learning_rate': 7.497049961180511e-06, 'epoch': 1.4}
{'loss': 0.3577, 'learning_rate': 7.493508385445991e-06, 'epoch': 1.4}
{'loss': 0.3511, 'learning_rate': 7.489965143781337e-06, 'epoch': 1.4}
{'loss': 0.3924, 'learning_rate': 7.4864202385538155e-06, 'epoch': 1.4}
{'loss': 0.3622, 'learning_rate': 7.482873672131801e-06, 'epoch': 1.4}
{'loss': 0.3404, 'learning_rate': 7.479325446884781e-06, 'epoch': 1.4}
{'loss': 0.306, 'learning_rate': 7.475775565183346e-06, 'epoch': 1.4}
{'loss': 0.3319, 'learning_rate': 7.4722240293992e-06, 'epoch': 1.4}
{'loss': 0.362, 'learning_rate': 7.468670841905147e-06, 'epoch': 1.41}
{'loss': 0.322, 'learning_rate': 7.465116005075095e-06, 'epoch': 1.41}
{'loss': 0.429, 'learning_rate': 7.461559521284055e-06, 'epoch': 1.41}
{'loss': 0.3944, 'learning_rate': 7.458001392908141e-06, 'epoch': 1.41}
{'loss': 0.3767, 'learning_rate': 7.454441622324561e-06, 'epoch': 1.41}
{'loss': 0.393, 'learning_rate': 7.450880211911622e-06, 'epoch': 1.41}
{'loss': 0.3581, 'learning_rate': 7.447317164048727e-06, 'epoch': 1.41}
{'loss': 0.4023, 'learning_rate': 7.443752481116375e-06, 'epoch': 1.41}
{'loss': 0.3012, 'learning_rate': 7.440186165496151e-06, 'epoch': 1.41}
{'loss': 0.3478, 'learning_rate': 7.4366182195707395e-06, 'epoch': 1.41}
{'loss': 0.2919, 'learning_rate': 7.433048645723906e-06, 'epoch': 1.41}
{'loss': 0.3116, 'learning_rate': 7.429477446340511e-06, 'epoch': 1.41}
{'loss': 0.3227, 'learning_rate': 7.425904623806494e-06, 'epoch': 1.41}
{'loss': 0.2831, 'learning_rate': 7.422330180508883e-06, 'epoch': 1.41}
{'loss': 0.3376, 'learning_rate': 7.418754118835792e-06, 'epoch': 1.41}
{'loss': 0.2768, 'learning_rate': 7.4151764411764075e-06, 'epoch': 1.41}
{'loss': 0.3985, 'learning_rate': 7.4115971499210035e-06, 'epoch': 1.42}
{'loss': 0.4017, 'learning_rate': 7.408016247460928e-06, 'epoch': 1.42}
{'loss': 0.2863, 'learning_rate': 7.404433736188606e-06, 'epoch': 1.42}
{'loss': 0.3957, 'learning_rate': 7.40084961849754e-06, 'epoch': 1.42}
{'loss': 0.3818, 'learning_rate': 7.397263896782301e-06, 'epoch': 1.42}
{'loss': 0.3778, 'learning_rate': 7.393676573438537e-06, 'epoch': 1.42}
{'loss': 0.4064, 'learning_rate': 7.390087650862962e-06, 'epoch': 1.42}
{'loss': 0.4161, 'learning_rate': 7.386497131453361e-06, 'epoch': 1.42}
{'loss': 0.3606, 'learning_rate': 7.382905017608583e-06, 'epoch': 1.42}
{'loss': 0.3728, 'learning_rate': 7.379311311728546e-06, 'epoch': 1.42}
{'loss': 0.3693, 'learning_rate': 7.375716016214228e-06, 'epoch': 1.42}
{'loss': 0.3636, 'learning_rate': 7.372119133467671e-06, 'epoch': 1.42}
{'loss': 0.3222, 'learning_rate': 7.368520665891978e-06, 'epoch': 1.42}
{'loss': 0.3202, 'learning_rate': 7.3649206158913085e-06, 'epoch': 1.42}
{'loss': 0.4005, 'learning_rate': 7.361318985870884e-06, 'epoch': 1.42}
{'loss': 0.3379, 'learning_rate': 7.3577157782369746e-06, 'epoch': 1.42}
{'loss': 0.2695, 'learning_rate': 7.35411099539691e-06, 'epoch': 1.43}
{'loss': 0.4083, 'learning_rate': 7.350504639759071e-06, 'epoch': 1.43}
{'loss': 0.3113, 'learning_rate': 7.346896713732885e-06, 'epoch': 1.43}
{'loss': 0.3479, 'learning_rate': 7.343287219728836e-06, 'epoch': 1.43}
{'loss': 0.3016, 'learning_rate': 7.339676160158451e-06, 'epoch': 1.43}
{'loss': 0.3888, 'learning_rate': 7.336063537434304e-06, 'epoch': 1.43}
{'loss': 0.3557, 'learning_rate': 7.332449353970013e-06, 'epoch': 1.43}
{'loss': 0.3644, 'learning_rate': 7.328833612180237e-06, 'epoch': 1.43}
{'loss': 0.3076, 'learning_rate': 7.325216314480681e-06, 'epoch': 1.43}
{'loss': 0.3365, 'learning_rate': 7.3215974632880845e-06, 'epoch': 1.43}
{'loss': 0.3436, 'learning_rate': 7.317977061020227e-06, 'epoch': 1.43}
{'loss': 0.3354, 'learning_rate': 7.3143551100959254e-06, 'epoch': 1.43}
{'loss': 0.3782, 'learning_rate': 7.3107316129350296e-06, 'epoch': 1.43}
{'loss': 0.2955, 'learning_rate': 7.307106571958423e-06, 'epoch': 1.43}
{'loss': 0.4223, 'learning_rate': 7.303479989588019e-06, 'epoch': 1.43}
{'loss': 0.2841, 'learning_rate': 7.299851868246763e-06, 'epoch': 1.43}
{'loss': 0.3775, 'learning_rate': 7.29622221035863e-06, 'epoch': 1.44}
{'loss': 0.3038, 'learning_rate': 7.292591018348617e-06, 'epoch': 1.44}
{'loss': 0.3364, 'learning_rate': 7.2889582946427495e-06, 'epoch': 1.44}
{'loss': 0.3586, 'learning_rate': 7.285324041668073e-06, 'epoch': 1.44}
{'loss': 0.346, 'learning_rate': 7.281688261852662e-06, 'epoch': 1.44}
{'loss': 0.3661, 'learning_rate': 7.278050957625601e-06, 'epoch': 1.44}
{'loss': 0.4024, 'learning_rate': 7.274412131416999e-06, 'epoch': 1.44}
{'loss': 0.3406, 'learning_rate': 7.270771785657984e-06, 'epoch': 1.44}
{'loss': 0.3497, 'learning_rate': 7.2671299227806935e-06, 'epoch': 1.44}
{'loss': 0.3458, 'learning_rate': 7.26348654521828e-06, 'epoch': 1.44}
{'loss': 0.3365, 'learning_rate': 7.259841655404911e-06, 'epoch': 1.44}
{'loss': 0.3865, 'learning_rate': 7.256195255775764e-06, 'epoch': 1.44}
{'loss': 0.3127, 'learning_rate': 7.25254734876702e-06, 'epoch': 1.44}
{'loss': 0.322, 'learning_rate': 7.248897936815873e-06, 'epoch': 1.44}
{'loss': 0.3603, 'learning_rate': 7.2452470223605195e-06, 'epoch': 1.44}
{'loss': 0.3855, 'learning_rate': 7.241594607840163e-06, 'epoch': 1.44}
{'loss': 0.3997, 'learning_rate': 7.237940695695004e-06, 'epoch': 1.45}
{'loss': 0.3726, 'learning_rate': 7.234285288366246e-06, 'epoch': 1.45}
{'loss': 0.3926, 'learning_rate': 7.230628388296095e-06, 'epoch': 1.45}
{'loss': 0.3897, 'learning_rate': 7.226969997927748e-06, 'epoch': 1.45}
{'loss': 0.3302, 'learning_rate': 7.223310119705402e-06, 'epoch': 1.45}
{'loss': 0.3166, 'learning_rate': 7.219648756074248e-06, 'epoch': 1.45}
{'loss': 0.3389, 'learning_rate': 7.215985909480467e-06, 'epoch': 1.45}
{'loss': 0.2938, 'learning_rate': 7.212321582371231e-06, 'epoch': 1.45}
{'loss': 0.3213, 'learning_rate': 7.208655777194704e-06, 'epoch': 1.45}
{'loss': 0.2952, 'learning_rate': 7.204988496400036e-06, 'epoch': 1.45}
{'loss': 0.3283, 'learning_rate': 7.201319742437362e-06, 'epoch': 1.45}
{'loss': 0.4123, 'learning_rate': 7.197649517757799e-06, 'epoch': 1.45}
{'loss': 0.3095, 'learning_rate': 7.193977824813453e-06, 'epoch': 1.45}
{'loss': 0.4005, 'learning_rate': 7.190304666057406e-06, 'epoch': 1.45}
{'loss': 0.3413, 'learning_rate': 7.186630043943722e-06, 'epoch': 1.45}
{'loss': 0.3284, 'learning_rate': 7.182953960927439e-06, 'epoch': 1.45}
{'loss': 0.3763, 'learning_rate': 7.179276419464575e-06, 'epoch': 1.46}
{'loss': 0.3073, 'learning_rate': 7.175597422012119e-06, 'epoch': 1.46}
{'loss': 0.3416, 'learning_rate': 7.171916971028039e-06, 'epoch': 1.46}
{'loss': 0.3207, 'learning_rate': 7.168235068971265e-06, 'epoch': 1.46}
{'loss': 0.3613, 'learning_rate': 7.164551718301701e-06, 'epoch': 1.46}
{'loss': 0.3398, 'learning_rate': 7.160866921480223e-06, 'epoch': 1.46}
{'loss': 0.4464, 'learning_rate': 7.157180680968666e-06, 'epoch': 1.46}
{'loss': 0.4083, 'learning_rate': 7.153492999229834e-06, 'epoch': 1.46}
{'loss': 0.3325, 'learning_rate': 7.149803878727492e-06, 'epoch': 1.46}
{'loss': 0.4172, 'learning_rate': 7.1461133219263665e-06, 'epoch': 1.46}
{'loss': 0.3264, 'learning_rate': 7.142421331292144e-06, 'epoch': 1.46}
{'loss': 0.3651, 'learning_rate': 7.138727909291469e-06, 'epoch': 1.46}
{'loss': 0.3929, 'learning_rate': 7.135033058391945e-06, 'epoch': 1.46}
{'loss': 0.3429, 'learning_rate': 7.131336781062122e-06, 'epoch': 1.46}
{'loss': 0.3081, 'learning_rate': 7.1276390797715125e-06, 'epoch': 1.46}
{'loss': 0.3022, 'learning_rate': 7.123939956990573e-06, 'epoch': 1.46}
{'loss': 0.3013, 'learning_rate': 7.1202394151907175e-06, 'epoch': 1.47}
{'loss': 0.3578, 'learning_rate': 7.1165374568442995e-06, 'epoch': 1.47}
{'loss': 0.3532, 'learning_rate': 7.112834084424624e-06, 'epoch': 1.47}
{'loss': 0.4047, 'learning_rate': 7.109129300405939e-06, 'epoch': 1.47}
{'loss': 0.3582, 'learning_rate': 7.105423107263438e-06, 'epoch': 1.47}
{'loss': 0.3841, 'learning_rate': 7.101715507473252e-06, 'epoch': 1.47}
{'loss': 0.2598, 'learning_rate': 7.098006503512457e-06, 'epoch': 1.47}
{'loss': 0.3719, 'learning_rate': 7.0942960978590605e-06, 'epoch': 1.47}
{'loss': 0.3377, 'learning_rate': 7.090584292992013e-06, 'epoch': 1.47}
{'loss': 0.3475, 'learning_rate': 7.086871091391194e-06, 'epoch': 1.47}
{'loss': 0.3951, 'learning_rate': 7.083156495537422e-06, 'epoch': 1.47}
{'loss': 0.4161, 'learning_rate': 7.079440507912442e-06, 'epoch': 1.47}
{'loss': 0.3246, 'learning_rate': 7.075723130998933e-06, 'epoch': 1.47}
{'loss': 0.3088, 'learning_rate': 7.072004367280498e-06, 'epoch': 1.47}
{'loss': 0.3396, 'learning_rate': 7.068284219241669e-06, 'epoch': 1.47}
{'loss': 0.3533, 'learning_rate': 7.064562689367904e-06, 'epoch': 1.47}
{'loss': 0.3269, 'learning_rate': 7.060839780145582e-06, 'epoch': 1.48}
{'loss': 0.3376, 'learning_rate': 7.057115494062003e-06, 'epoch': 1.48}
{'loss': 0.3097, 'learning_rate': 7.05338983360539e-06, 'epoch': 1.48}
{'loss': 0.3161, 'learning_rate': 7.049662801264883e-06, 'epoch': 1.48}
{'loss': 0.3321, 'learning_rate': 7.045934399530534e-06, 'epoch': 1.48}
{'loss': 0.3791, 'learning_rate': 7.0422046308933175e-06, 'epoch': 1.48}
{'loss': 0.3636, 'learning_rate': 7.038473497845118e-06, 'epoch': 1.48}
{'loss': 0.3806, 'learning_rate': 7.034741002878729e-06, 'epoch': 1.48}
{'loss': 0.3381, 'learning_rate': 7.031007148487857e-06, 'epoch': 1.48}
{'loss': 0.3401, 'learning_rate': 7.027271937167116e-06, 'epoch': 1.48}
{'loss': 0.4008, 'learning_rate': 7.023535371412027e-06, 'epoch': 1.48}
{'loss': 0.3233, 'learning_rate': 7.019797453719015e-06, 'epoch': 1.48}
{'loss': 0.3148, 'learning_rate': 7.016058186585406e-06, 'epoch': 1.48}
{'loss': 0.2505, 'learning_rate': 7.012317572509435e-06, 'epoch': 1.48}
{'loss': 0.3281, 'learning_rate': 7.008575613990227e-06, 'epoch': 1.48}
{'loss': 0.3176, 'learning_rate': 7.004832313527814e-06, 'epoch': 1.48}
{'loss': 0.2837, 'learning_rate': 7.001087673623118e-06, 'epoch': 1.49}
{'loss': 0.4075, 'learning_rate': 6.997341696777962e-06, 'epoch': 1.49}
{'loss': 0.3001, 'learning_rate': 6.993594385495057e-06, 'epoch': 1.49}
{'loss': 0.3133, 'learning_rate': 6.989845742278008e-06, 'epoch': 1.49}
{'loss': 0.3512, 'learning_rate': 6.986095769631307e-06, 'epoch': 1.49}
{'loss': 0.353, 'learning_rate': 6.982344470060341e-06, 'epoch': 1.49}
{'loss': 0.3338, 'learning_rate': 6.978591846071374e-06, 'epoch': 1.49}
{'loss': 0.2936, 'learning_rate': 6.974837900171563e-06, 'epoch': 1.49}
{'loss': 0.3054, 'learning_rate': 6.971082634868945e-06, 'epoch': 1.49}
{'loss': 0.3506, 'learning_rate': 6.967326052672439e-06, 'epoch': 1.49}
{'loss': 0.3313, 'learning_rate': 6.963568156091842e-06, 'epoch': 1.49}
{'loss': 0.3165, 'learning_rate': 6.959808947637831e-06, 'epoch': 1.49}
{'loss': 0.3601, 'learning_rate': 6.95604842982196e-06, 'epoch': 1.49}
{'loss': 0.3442, 'learning_rate': 6.952286605156657e-06, 'epoch': 1.49}
{'loss': 0.4317, 'learning_rate': 6.948523476155223e-06, 'epoch': 1.49}
{'loss': 0.3384, 'learning_rate': 6.944759045331827e-06, 'epoch': 1.49}
{'loss': 0.3412, 'learning_rate': 6.9409933152015165e-06, 'epoch': 1.5}
{'loss': 0.3684, 'learning_rate': 6.937226288280197e-06, 'epoch': 1.5}
{'loss': 0.3772, 'learning_rate': 6.933457967084647e-06, 'epoch': 1.5}
{'loss': 0.3402, 'learning_rate': 6.929688354132509e-06, 'epoch': 1.5}
{'loss': 0.3207, 'learning_rate': 6.925917451942288e-06, 'epoch': 1.5}
{'loss': 0.34, 'learning_rate': 6.922145263033345e-06, 'epoch': 1.5}
{'loss': 0.3139, 'learning_rate': 6.918371789925911e-06, 'epoch': 1.5}
{'loss': 0.3516, 'learning_rate': 6.914597035141066e-06, 'epoch': 1.5}
{'loss': 0.3253, 'learning_rate': 6.910821001200751e-06, 'epoch': 1.5}
{'loss': 0.3235, 'learning_rate': 6.907043690627759e-06, 'epoch': 1.5}
{'loss': 0.304, 'learning_rate': 6.903265105945739e-06, 'epoch': 1.5}
{'loss': 0.2947, 'learning_rate': 6.89948524967919e-06, 'epoch': 1.5}
{'loss': 0.3355, 'learning_rate': 6.895704124353456e-06, 'epoch': 1.5}
{'loss': 0.3207, 'learning_rate': 6.891921732494736e-06, 'epoch': 1.5}
{'loss': 0.3166, 'learning_rate': 6.888138076630073e-06, 'epoch': 1.5}
{'loss': 0.3463, 'learning_rate': 6.884353159287352e-06, 'epoch': 1.5}
{'loss': 0.3885, 'learning_rate': 6.880566982995302e-06, 'epoch': 1.51}
{'loss': 0.3234, 'learning_rate': 6.876779550283495e-06, 'epoch': 1.51}
{'loss': 0.3322, 'learning_rate': 6.872990863682337e-06, 'epoch': 1.51}
{'loss': 0.4069, 'learning_rate': 6.869200925723081e-06, 'epoch': 1.51}
{'loss': 0.3303, 'learning_rate': 6.865409738937807e-06, 'epoch': 1.51}
{'loss': 0.3143, 'learning_rate': 6.861617305859434e-06, 'epoch': 1.51}
{'loss': 0.4375, 'learning_rate': 6.8578236290217135e-06, 'epoch': 1.51}
{'loss': 0.3775, 'learning_rate': 6.854028710959226e-06, 'epoch': 1.51}
{'loss': 0.3319, 'learning_rate': 6.8502325542073835e-06, 'epoch': 1.51}
{'loss': 0.3514, 'learning_rate': 6.846435161302422e-06, 'epoch': 1.51}
{'loss': 0.3041, 'learning_rate': 6.842636534781411e-06, 'epoch': 1.51}
{'loss': 0.347, 'learning_rate': 6.838836677182234e-06, 'epoch': 1.51}
{'loss': 0.3291, 'learning_rate': 6.835035591043602e-06, 'epoch': 1.51}
{'loss': 0.2921, 'learning_rate': 6.831233278905049e-06, 'epoch': 1.51}
{'loss': 0.3473, 'learning_rate': 6.827429743306928e-06, 'epoch': 1.51}
{'loss': 0.3986, 'learning_rate': 6.823624986790404e-06, 'epoch': 1.51}
{'loss': 0.383, 'learning_rate': 6.819819011897462e-06, 'epoch': 1.52}
{'loss': 0.3852, 'learning_rate': 6.816011821170899e-06, 'epoch': 1.52}
{'loss': 0.3349, 'learning_rate': 6.812203417154326e-06, 'epoch': 1.52}
{'loss': 0.3656, 'learning_rate': 6.808393802392166e-06, 'epoch': 1.52}
{'loss': 0.3495, 'learning_rate': 6.804582979429646e-06, 'epoch': 1.52}
{'loss': 0.3806, 'learning_rate': 6.800770950812805e-06, 'epoch': 1.52}
{'loss': 0.3764, 'learning_rate': 6.7969577190884835e-06, 'epoch': 1.52}
{'loss': 0.3213, 'learning_rate': 6.79314328680433e-06, 'epoch': 1.52}
{'loss': 0.342, 'learning_rate': 6.789327656508793e-06, 'epoch': 1.52}
{'loss': 0.3745, 'learning_rate': 6.785510830751119e-06, 'epoch': 1.52}
{'loss': 0.3754, 'learning_rate': 6.781692812081359e-06, 'epoch': 1.52}
{'loss': 0.3255, 'learning_rate': 6.7778736030503536e-06, 'epoch': 1.52}
{'loss': 0.3531, 'learning_rate': 6.774053206209747e-06, 'epoch': 1.52}
{'loss': 0.3404, 'learning_rate': 6.7702316241119705e-06, 'epoch': 1.52}
{'loss': 0.3397, 'learning_rate': 6.766408859310247e-06, 'epoch': 1.52}
{'loss': 0.3732, 'learning_rate': 6.762584914358596e-06, 'epoch': 1.52}
{'loss': 0.315, 'learning_rate': 6.758759791811821e-06, 'epoch': 1.53}
{'loss': 0.3076, 'learning_rate': 6.75493349422551e-06, 'epoch': 1.53}
{'loss': 0.4108, 'learning_rate': 6.75110602415604e-06, 'epoch': 1.53}
{'loss': 0.344, 'learning_rate': 6.747277384160571e-06, 'epoch': 1.53}
{'loss': 0.3128, 'learning_rate': 6.743447576797044e-06, 'epoch': 1.53}
{'loss': 0.3336, 'learning_rate': 6.739616604624178e-06, 'epoch': 1.53}
{'loss': 0.3321, 'learning_rate': 6.735784470201474e-06, 'epoch': 1.53}
{'loss': 0.3447, 'learning_rate': 6.7319511760892044e-06, 'epoch': 1.53}
{'loss': 0.3639, 'learning_rate': 6.728116724848424e-06, 'epoch': 1.53}
{'loss': 0.3349, 'learning_rate': 6.724281119040951e-06, 'epoch': 1.53}
{'loss': 0.3251, 'learning_rate': 6.720444361229384e-06, 'epoch': 1.53}
{'loss': 0.3912, 'learning_rate': 6.7166064539770845e-06, 'epoch': 1.53}
{'loss': 0.3359, 'learning_rate': 6.712767399848186e-06, 'epoch': 1.53}
{'loss': 0.3395, 'learning_rate': 6.708927201407588e-06, 'epoch': 1.53}
{'loss': 0.3182, 'learning_rate': 6.705085861220951e-06, 'epoch': 1.53}
{'loss': 0.4519, 'learning_rate': 6.701243381854705e-06, 'epoch': 1.53}
{'loss': 0.3313, 'learning_rate': 6.697399765876032e-06, 'epoch': 1.54}
{'loss': 0.3774, 'learning_rate': 6.6935550158528814e-06, 'epoch': 1.54}
{'loss': 0.3538, 'learning_rate': 6.689709134353958e-06, 'epoch': 1.54}
{'loss': 0.3623, 'learning_rate': 6.685862123948719e-06, 'epoch': 1.54}
{'loss': 0.2962, 'learning_rate': 6.682013987207379e-06, 'epoch': 1.54}
{'loss': 0.3166, 'learning_rate': 6.678164726700906e-06, 'epoch': 1.54}
{'loss': 0.3197, 'learning_rate': 6.674314345001017e-06, 'epoch': 1.54}
{'loss': 0.3307, 'learning_rate': 6.670462844680179e-06, 'epoch': 1.54}
{'loss': 0.3169, 'learning_rate': 6.666610228311605e-06, 'epoch': 1.54}
{'loss': 0.3752, 'learning_rate': 6.662756498469254e-06, 'epoch': 1.54}
{'loss': 0.3139, 'learning_rate': 6.658901657727832e-06, 'epoch': 1.54}
{'loss': 0.3562, 'learning_rate': 6.655045708662782e-06, 'epoch': 1.54}
{'loss': 0.3864, 'learning_rate': 6.651188653850291e-06, 'epoch': 1.54}
{'loss': 0.2953, 'learning_rate': 6.647330495867284e-06, 'epoch': 1.54}
{'loss': 0.3504, 'learning_rate': 6.643471237291423e-06, 'epoch': 1.54}
{'loss': 0.3333, 'learning_rate': 6.639610880701105e-06, 'epoch': 1.54}
{'loss': 0.333, 'learning_rate': 6.6357494286754605e-06, 'epoch': 1.55}
{'loss': 0.2773, 'learning_rate': 6.631886883794354e-06, 'epoch': 1.55}
{'loss': 0.3329, 'learning_rate': 6.628023248638378e-06, 'epoch': 1.55}
{'loss': 0.3529, 'learning_rate': 6.6241585257888505e-06, 'epoch': 1.55}
{'loss': 0.3345, 'learning_rate': 6.620292717827822e-06, 'epoch': 1.55}
{'loss': 0.3497, 'learning_rate': 6.616425827338067e-06, 'epoch': 1.55}
{'loss': 0.3014, 'learning_rate': 6.612557856903079e-06, 'epoch': 1.55}
{'loss': 0.2769, 'learning_rate': 6.6086888091070754e-06, 'epoch': 1.55}
{'loss': 0.268, 'learning_rate': 6.604818686534996e-06, 'epoch': 1.55}
{'loss': 0.3199, 'learning_rate': 6.600947491772496e-06, 'epoch': 1.55}
{'loss': 0.3871, 'learning_rate': 6.5970752274059456e-06, 'epoch': 1.55}
{'loss': 0.3675, 'learning_rate': 6.593201896022432e-06, 'epoch': 1.55}
{'loss': 0.3157, 'learning_rate': 6.589327500209757e-06, 'epoch': 1.55}
{'loss': 0.3007, 'learning_rate': 6.585452042556426e-06, 'epoch': 1.55}
{'loss': 0.3619, 'learning_rate': 6.581575525651663e-06, 'epoch': 1.55}
{'loss': 0.3481, 'learning_rate': 6.577697952085394e-06, 'epoch': 1.55}
{'loss': 0.3857, 'learning_rate': 6.5738193244482565e-06, 'epoch': 1.56}
{'loss': 0.3719, 'learning_rate': 6.569939645331581e-06, 'epoch': 1.56}
{'loss': 0.3762, 'learning_rate': 6.5660589173274134e-06, 'epoch': 1.56}
{'loss': 0.3756, 'learning_rate': 6.5621771430284944e-06, 'epoch': 1.56}
{'loss': 0.3669, 'learning_rate': 6.558294325028261e-06, 'epoch': 1.56}
{'loss': 0.3354, 'learning_rate': 6.554410465920855e-06, 'epoch': 1.56}
{'loss': 0.3048, 'learning_rate': 6.550525568301106e-06, 'epoch': 1.56}
{'loss': 0.3619, 'learning_rate': 6.546639634764543e-06, 'epoch': 1.56}
{'loss': 0.348, 'learning_rate': 6.542752667907383e-06, 'epoch': 1.56}
{'loss': 0.3217, 'learning_rate': 6.538864670326536e-06, 'epoch': 1.56}
{'loss': 0.3164, 'learning_rate': 6.5349756446196e-06, 'epoch': 1.56}
{'loss': 0.386, 'learning_rate': 6.531085593384862e-06, 'epoch': 1.56}
{'loss': 0.3169, 'learning_rate': 6.527194519221288e-06, 'epoch': 1.56}
{'loss': 0.2752, 'learning_rate': 6.523302424728535e-06, 'epoch': 1.56}
{'loss': 0.3459, 'learning_rate': 6.519409312506935e-06, 'epoch': 1.56}
{'loss': 0.3721, 'learning_rate': 6.515515185157508e-06, 'epoch': 1.56}
{'loss': 0.3376, 'learning_rate': 6.511620045281942e-06, 'epoch': 1.57}
{'loss': 0.363, 'learning_rate': 6.507723895482609e-06, 'epoch': 1.57}
{'loss': 0.3271, 'learning_rate': 6.503826738362554e-06, 'epoch': 1.57}
{'loss': 0.3938, 'learning_rate': 6.499928576525495e-06, 'epoch': 1.57}
{'loss': 0.4401, 'learning_rate': 6.496029412575819e-06, 'epoch': 1.57}
{'loss': 0.3441, 'learning_rate': 6.4921292491185835e-06, 'epoch': 1.57}
{'loss': 0.2971, 'learning_rate': 6.4882280887595194e-06, 'epoch': 1.57}
{'loss': 0.3445, 'learning_rate': 6.484325934105014e-06, 'epoch': 1.57}
{'loss': 0.2935, 'learning_rate': 6.480422787762125e-06, 'epoch': 1.57}
{'loss': 0.2666, 'learning_rate': 6.476518652338572e-06, 'epoch': 1.57}
{'loss': 0.315, 'learning_rate': 6.472613530442735e-06, 'epoch': 1.57}
{'loss': 0.3268, 'learning_rate': 6.4687074246836516e-06, 'epoch': 1.57}
{'loss': 0.2869, 'learning_rate': 6.464800337671018e-06, 'epoch': 1.57}
{'loss': 0.3927, 'learning_rate': 6.460892272015189e-06, 'epoch': 1.57}
{'loss': 0.3273, 'learning_rate': 6.456983230327165e-06, 'epoch': 1.57}
{'loss': 0.3593, 'learning_rate': 6.453073215218608e-06, 'epoch': 1.57}
{'loss': 0.3121, 'learning_rate': 6.449162229301824e-06, 'epoch': 1.58}
{'loss': 0.3319, 'learning_rate': 6.445250275189772e-06, 'epoch': 1.58}
{'loss': 0.3872, 'learning_rate': 6.4413373554960536e-06, 'epoch': 1.58}
{'loss': 0.3913, 'learning_rate': 6.437423472834915e-06, 'epoch': 1.58}
{'loss': 0.3037, 'learning_rate': 6.433508629821252e-06, 'epoch': 1.58}
{'loss': 0.3582, 'learning_rate': 6.429592829070596e-06, 'epoch': 1.58}
{'loss': 0.3816, 'learning_rate': 6.425676073199123e-06, 'epoch': 1.58}
{'loss': 0.3389, 'learning_rate': 6.4217583648236415e-06, 'epoch': 1.58}
{'loss': 0.331, 'learning_rate': 6.4178397065616e-06, 'epoch': 1.58}
{'loss': 0.3925, 'learning_rate': 6.413920101031085e-06, 'epoch': 1.58}
{'loss': 0.3686, 'learning_rate': 6.409999550850806e-06, 'epoch': 1.58}
{'loss': 0.3577, 'learning_rate': 6.406078058640114e-06, 'epoch': 1.58}
{'loss': 0.3648, 'learning_rate': 6.402155627018982e-06, 'epoch': 1.58}
{'loss': 0.4204, 'learning_rate': 6.398232258608017e-06, 'epoch': 1.58}
{'loss': 0.3311, 'learning_rate': 6.394307956028445e-06, 'epoch': 1.58}
{'loss': 0.3534, 'learning_rate': 6.390382721902122e-06, 'epoch': 1.58}
{'loss': 0.3363, 'learning_rate': 6.386456558851523e-06, 'epoch': 1.59}
{'loss': 0.3364, 'learning_rate': 6.382529469499743e-06, 'epoch': 1.59}
{'loss': 0.2968, 'learning_rate': 6.378601456470501e-06, 'epoch': 1.59}
{'loss': 0.3799, 'learning_rate': 6.374672522388127e-06, 'epoch': 1.59}
{'loss': 0.3241, 'learning_rate': 6.37074266987757e-06, 'epoch': 1.59}
{'loss': 0.3371, 'learning_rate': 6.36681190156439e-06, 'epoch': 1.59}
{'loss': 0.3528, 'learning_rate': 6.362880220074762e-06, 'epoch': 1.59}
{'loss': 0.3835, 'learning_rate': 6.35894762803547e-06, 'epoch': 1.59}
{'loss': 0.3519, 'learning_rate': 6.355014128073904e-06, 'epoch': 1.59}
{'loss': 0.3349, 'learning_rate': 6.3510797228180636e-06, 'epoch': 1.59}
{'loss': 0.3652, 'learning_rate': 6.3471444148965515e-06, 'epoch': 1.59}
{'loss': 0.3409, 'learning_rate': 6.3432082069385735e-06, 'epoch': 1.59}
{'loss': 0.364, 'learning_rate': 6.339271101573938e-06, 'epoch': 1.59}
{'loss': 0.3094, 'learning_rate': 6.335333101433055e-06, 'epoch': 1.59}
{'loss': 0.3339, 'learning_rate': 6.3313942091469235e-06, 'epoch': 1.59}
{'loss': 0.3565, 'learning_rate': 6.3274544273471505e-06, 'epoch': 1.59}
{'loss': 0.3955, 'learning_rate': 6.323513758665927e-06, 'epoch': 1.6}
{'loss': 0.4136, 'learning_rate': 6.319572205736043e-06, 'epoch': 1.6}
{'loss': 0.3588, 'learning_rate': 6.315629771190876e-06, 'epoch': 1.6}
{'loss': 0.3353, 'learning_rate': 6.311686457664397e-06, 'epoch': 1.6}
{'loss': 0.3705, 'learning_rate': 6.307742267791155e-06, 'epoch': 1.6}
{'loss': 0.3089, 'learning_rate': 6.303797204206296e-06, 'epoch': 1.6}
{'loss': 0.3614, 'learning_rate': 6.2998512695455415e-06, 'epoch': 1.6}
{'loss': 0.3334, 'learning_rate': 6.295904466445197e-06, 'epoch': 1.6}
{'loss': 0.3905, 'learning_rate': 6.291956797542151e-06, 'epoch': 1.6}
{'loss': 0.356, 'learning_rate': 6.288008265473867e-06, 'epoch': 1.6}
{'loss': 0.2945, 'learning_rate': 6.284058872878388e-06, 'epoch': 1.6}
{'loss': 0.3035, 'learning_rate': 6.280108622394327e-06, 'epoch': 1.6}
{'loss': 0.4329, 'learning_rate': 6.276157516660877e-06, 'epoch': 1.6}
{'loss': 0.333, 'learning_rate': 6.2722055583177965e-06, 'epoch': 1.6}
{'loss': 0.2657, 'learning_rate': 6.268252750005419e-06, 'epoch': 1.6}
{'loss': 0.3482, 'learning_rate': 6.264299094364641e-06, 'epoch': 1.6}
{'loss': 0.3549, 'learning_rate': 6.260344594036925e-06, 'epoch': 1.61}
{'loss': 0.3638, 'learning_rate': 6.256389251664305e-06, 'epoch': 1.61}
{'loss': 0.3409, 'learning_rate': 6.2524330698893686e-06, 'epoch': 1.61}
{'loss': 0.3895, 'learning_rate': 6.2484760513552685e-06, 'epoch': 1.61}
{'loss': 0.3029, 'learning_rate': 6.244518198705718e-06, 'epoch': 1.61}
{'loss': 0.371, 'learning_rate': 6.240559514584985e-06, 'epoch': 1.61}
{'loss': 0.3471, 'learning_rate': 6.236600001637891e-06, 'epoch': 1.61}
{'loss': 0.3053, 'learning_rate': 6.232639662509818e-06, 'epoch': 1.61}
{'loss': 0.3144, 'learning_rate': 6.2286784998466935e-06, 'epoch': 1.61}
{'loss': 0.3568, 'learning_rate': 6.224716516294996e-06, 'epoch': 1.61}
{'loss': 0.352, 'learning_rate': 6.220753714501757e-06, 'epoch': 1.61}
{'loss': 0.3454, 'learning_rate': 6.216790097114551e-06, 'epoch': 1.61}
{'loss': 0.299, 'learning_rate': 6.212825666781498e-06, 'epoch': 1.61}
{'loss': 0.3889, 'learning_rate': 6.208860426151261e-06, 'epoch': 1.61}
{'loss': 0.3759, 'learning_rate': 6.204894377873044e-06, 'epoch': 1.61}
{'loss': 0.3438, 'learning_rate': 6.200927524596591e-06, 'epoch': 1.61}
{'loss': 0.3394, 'learning_rate': 6.196959868972185e-06, 'epoch': 1.62}
{'loss': 0.3179, 'learning_rate': 6.192991413650645e-06, 'epoch': 1.62}
{'loss': 0.3715, 'learning_rate': 6.1890221612833204e-06, 'epoch': 1.62}
{'loss': 0.396, 'learning_rate': 6.185052114522098e-06, 'epoch': 1.62}
{'loss': 0.2915, 'learning_rate': 6.181081276019395e-06, 'epoch': 1.62}
{'loss': 0.3305, 'learning_rate': 6.177109648428152e-06, 'epoch': 1.62}
{'loss': 0.2932, 'learning_rate': 6.173137234401842e-06, 'epoch': 1.62}
{'loss': 0.3087, 'learning_rate': 6.169164036594465e-06, 'epoch': 1.62}
{'loss': 0.3517, 'learning_rate': 6.1651900576605405e-06, 'epoch': 1.62}
{'loss': 0.3262, 'learning_rate': 6.161215300255109e-06, 'epoch': 1.62}
{'loss': 0.3196, 'learning_rate': 6.157239767033735e-06, 'epoch': 1.62}
{'loss': 0.3601, 'learning_rate': 6.153263460652501e-06, 'epoch': 1.62}
{'loss': 0.3573, 'learning_rate': 6.149286383768001e-06, 'epoch': 1.62}
{'loss': 0.3572, 'learning_rate': 6.145308539037352e-06, 'epoch': 1.62}
{'loss': 0.3701, 'learning_rate': 6.141329929118174e-06, 'epoch': 1.62}
{'loss': 0.3116, 'learning_rate': 6.13735055666861e-06, 'epoch': 1.62}
{'loss': 0.2942, 'learning_rate': 6.133370424347301e-06, 'epoch': 1.63}
{'loss': 0.3973, 'learning_rate': 6.129389534813404e-06, 'epoch': 1.63}
{'loss': 0.3648, 'learning_rate': 6.125407890726577e-06, 'epoch': 1.63}
{'loss': 0.299, 'learning_rate': 6.121425494746984e-06, 'epoch': 1.63}
{'loss': 0.3611, 'learning_rate': 6.117442349535292e-06, 'epoch': 1.63}
{'loss': 0.4066, 'learning_rate': 6.113458457752667e-06, 'epoch': 1.63}
{'loss': 0.3417, 'learning_rate': 6.109473822060775e-06, 'epoch': 1.63}
{'loss': 0.3455, 'learning_rate': 6.1054884451217785e-06, 'epoch': 1.63}
{'loss': 0.3115, 'learning_rate': 6.101502329598337e-06, 'epoch': 1.63}
{'loss': 0.3802, 'learning_rate': 6.097515478153597e-06, 'epoch': 1.63}
{'loss': 0.3361, 'learning_rate': 6.0935278934512064e-06, 'epoch': 1.63}
{'loss': 0.3803, 'learning_rate': 6.089539578155294e-06, 'epoch': 1.63}
{'loss': 0.3656, 'learning_rate': 6.0855505349304845e-06, 'epoch': 1.63}
{'loss': 0.3294, 'learning_rate': 6.081560766441883e-06, 'epoch': 1.63}
{'loss': 0.3387, 'learning_rate': 6.077570275355083e-06, 'epoch': 1.63}
{'loss': 0.3445, 'learning_rate': 6.073579064336156e-06, 'epoch': 1.63}
{'loss': 0.4093, 'learning_rate': 6.069587136051659e-06, 'epoch': 1.64}
{'loss': 0.2882, 'learning_rate': 6.065594493168628e-06, 'epoch': 1.64}
{'loss': 0.3531, 'learning_rate': 6.061601138354575e-06, 'epoch': 1.64}
{'loss': 0.3135, 'learning_rate': 6.057607074277487e-06, 'epoch': 1.64}
{'loss': 0.3754, 'learning_rate': 6.0536123036058244e-06, 'epoch': 1.64}
{'loss': 0.3817, 'learning_rate': 6.049616829008524e-06, 'epoch': 1.64}
{'loss': 0.2808, 'learning_rate': 6.045620653154989e-06, 'epoch': 1.64}
{'loss': 0.3562, 'learning_rate': 6.04162377871509e-06, 'epoch': 1.64}
{'loss': 0.3786, 'learning_rate': 6.037626208359169e-06, 'epoch': 1.64}
{'loss': 0.3649, 'learning_rate': 6.033627944758029e-06, 'epoch': 1.64}
{'loss': 0.3073, 'learning_rate': 6.0296289905829376e-06, 'epoch': 1.64}
{'loss': 0.3084, 'learning_rate': 6.0256293485056225e-06, 'epoch': 1.64}
{'loss': 0.3288, 'learning_rate': 6.021629021198275e-06, 'epoch': 1.64}
{'loss': 0.3194, 'learning_rate': 6.017628011333539e-06, 'epoch': 1.64}
{'loss': 0.3924, 'learning_rate': 6.013626321584518e-06, 'epoch': 1.64}
{'loss': 0.3217, 'learning_rate': 6.009623954624766e-06, 'epoch': 1.64}
{'loss': 0.3472, 'learning_rate': 6.005620913128296e-06, 'epoch': 1.65}
{'loss': 0.2633, 'learning_rate': 6.001617199769565e-06, 'epoch': 1.65}
{'loss': 0.2835, 'learning_rate': 5.9976128172234805e-06, 'epoch': 1.65}
{'loss': 0.3665, 'learning_rate': 5.993607768165402e-06, 'epoch': 1.65}
{'loss': 0.3386, 'learning_rate': 5.9896020552711265e-06, 'epoch': 1.65}
{'loss': 0.3571, 'learning_rate': 5.9855956812168995e-06, 'epoch': 1.65}
{'loss': 0.3547, 'learning_rate': 5.981588648679406e-06, 'epoch': 1.65}
{'loss': 0.3292, 'learning_rate': 5.977580960335775e-06, 'epoch': 1.65}
{'loss': 0.3328, 'learning_rate': 5.973572618863569e-06, 'epoch': 1.65}
{'loss': 0.332, 'learning_rate': 5.969563626940789e-06, 'epoch': 1.65}
{'loss': 0.376, 'learning_rate': 5.9655539872458676e-06, 'epoch': 1.65}
{'loss': 0.4311, 'learning_rate': 5.961543702457677e-06, 'epoch': 1.65}
{'loss': 0.2736, 'learning_rate': 5.9575327752555135e-06, 'epoch': 1.65}
{'loss': 0.3752, 'learning_rate': 5.953521208319105e-06, 'epoch': 1.65}
{'loss': 0.3086, 'learning_rate': 5.949509004328608e-06, 'epoch': 1.65}
{'loss': 0.3417, 'learning_rate': 5.945496165964604e-06, 'epoch': 1.65}
{'loss': 0.3144, 'learning_rate': 5.941482695908097e-06, 'epoch': 1.66}
{'loss': 0.3162, 'learning_rate': 5.937468596840513e-06, 'epoch': 1.66}
{'loss': 0.2588, 'learning_rate': 5.9334538714437005e-06, 'epoch': 1.66}
{'loss': 0.3153, 'learning_rate': 5.9294385223999276e-06, 'epoch': 1.66}
{'loss': 0.3065, 'learning_rate': 5.925422552391872e-06, 'epoch': 1.66}
{'loss': 0.324, 'learning_rate': 5.921405964102633e-06, 'epoch': 1.66}
{'loss': 0.3907, 'learning_rate': 5.917388760215723e-06, 'epoch': 1.66}
{'loss': 0.3575, 'learning_rate': 5.913370943415061e-06, 'epoch': 1.66}
{'loss': 0.3589, 'learning_rate': 5.909352516384979e-06, 'epoch': 1.66}
{'loss': 0.3177, 'learning_rate': 5.905333481810214e-06, 'epoch': 1.66}
{'loss': 0.3414, 'learning_rate': 5.901313842375913e-06, 'epoch': 1.66}
{'loss': 0.3128, 'learning_rate': 5.897293600767624e-06, 'epoch': 1.66}
{'loss': 0.3311, 'learning_rate': 5.893272759671299e-06, 'epoch': 1.66}
{'loss': 0.3503, 'learning_rate': 5.889251321773288e-06, 'epoch': 1.66}
{'loss': 0.308, 'learning_rate': 5.885229289760342e-06, 'epoch': 1.66}
{'loss': 0.3551, 'learning_rate': 5.88120666631961e-06, 'epoch': 1.66}
{'loss': 0.3438, 'learning_rate': 5.877183454138631e-06, 'epoch': 1.67}
{'loss': 0.3226, 'learning_rate': 5.873159655905344e-06, 'epoch': 1.67}
{'loss': 0.3445, 'learning_rate': 5.869135274308075e-06, 'epoch': 1.67}
{'loss': 0.4482, 'learning_rate': 5.86511031203554e-06, 'epoch': 1.67}
{'loss': 0.3244, 'learning_rate': 5.861084771776846e-06, 'epoch': 1.67}
{'loss': 0.3359, 'learning_rate': 5.857058656221484e-06, 'epoch': 1.67}
{'loss': 0.4056, 'learning_rate': 5.8530319680593275e-06, 'epoch': 1.67}
{'loss': 0.3539, 'learning_rate': 5.849004709980636e-06, 'epoch': 1.67}
{'loss': 0.3365, 'learning_rate': 5.844976884676048e-06, 'epoch': 1.67}
{'loss': 0.3912, 'learning_rate': 5.8409484948365825e-06, 'epoch': 1.67}
{'loss': 0.301, 'learning_rate': 5.836919543153633e-06, 'epoch': 1.67}
{'loss': 0.2979, 'learning_rate': 5.8328900323189705e-06, 'epoch': 1.67}
{'loss': 0.3452, 'learning_rate': 5.82885996502474e-06, 'epoch': 1.67}
{'loss': 0.4119, 'learning_rate': 5.824829343963455e-06, 'epoch': 1.67}
{'loss': 0.3587, 'learning_rate': 5.820798171828002e-06, 'epoch': 1.67}
{'loss': 0.3808, 'learning_rate': 5.8167664513116364e-06, 'epoch': 1.67}
{'loss': 0.3449, 'learning_rate': 5.812734185107977e-06, 'epoch': 1.68}
{'loss': 0.3659, 'learning_rate': 5.80870137591101e-06, 'epoch': 1.68}
{'loss': 0.331, 'learning_rate': 5.80466802641508e-06, 'epoch': 1.68}
{'loss': 0.3173, 'learning_rate': 5.800634139314898e-06, 'epoch': 1.68}
{'loss': 0.369, 'learning_rate': 5.7965997173055335e-06, 'epoch': 1.68}
{'loss': 0.3535, 'learning_rate': 5.7925647630824066e-06, 'epoch': 1.68}
{'loss': 0.3037, 'learning_rate': 5.788529279341303e-06, 'epoch': 1.68}
{'loss': 0.2946, 'learning_rate': 5.784493268778354e-06, 'epoch': 1.68}
{'loss': 0.297, 'learning_rate': 5.780456734090047e-06, 'epoch': 1.68}
{'loss': 0.3057, 'learning_rate': 5.776419677973219e-06, 'epoch': 1.68}
{'loss': 0.2994, 'learning_rate': 5.772382103125055e-06, 'epoch': 1.68}
{'loss': 0.2734, 'learning_rate': 5.768344012243087e-06, 'epoch': 1.68}
{'loss': 0.3602, 'learning_rate': 5.764305408025189e-06, 'epoch': 1.68}
{'loss': 0.3881, 'learning_rate': 5.760266293169583e-06, 'epoch': 1.68}
{'loss': 0.3201, 'learning_rate': 5.7562266703748295e-06, 'epoch': 1.68}
{'loss': 0.3644, 'learning_rate': 5.752186542339826e-06, 'epoch': 1.68}
{'loss': 0.3598, 'learning_rate': 5.748145911763811e-06, 'epoch': 1.69}
{'loss': 0.3854, 'learning_rate': 5.744104781346358e-06, 'epoch': 1.69}
{'loss': 0.2771, 'learning_rate': 5.740063153787374e-06, 'epoch': 1.69}
{'loss': 0.2639, 'learning_rate': 5.736021031787099e-06, 'epoch': 1.69}
{'loss': 0.3235, 'learning_rate': 5.7319784180461e-06, 'epoch': 1.69}
{'loss': 0.356, 'learning_rate': 5.727935315265277e-06, 'epoch': 1.69}
{'loss': 0.3409, 'learning_rate': 5.723891726145856e-06, 'epoch': 1.69}
{'loss': 0.3881, 'learning_rate': 5.719847653389383e-06, 'epoch': 1.69}
{'loss': 0.3348, 'learning_rate': 5.715803099697734e-06, 'epoch': 1.69}
{'loss': 0.3574, 'learning_rate': 5.711758067773104e-06, 'epoch': 1.69}
{'loss': 0.3793, 'learning_rate': 5.7077125603180035e-06, 'epoch': 1.69}
{'loss': 0.3443, 'learning_rate': 5.703666580035265e-06, 'epoch': 1.69}
{'loss': 0.3295, 'learning_rate': 5.699620129628038e-06, 'epoch': 1.69}
{'loss': 0.3472, 'learning_rate': 5.69557321179978e-06, 'epoch': 1.69}
{'loss': 0.4136, 'learning_rate': 5.691525829254268e-06, 'epoch': 1.69}
{'loss': 0.3794, 'learning_rate': 5.687477984695585e-06, 'epoch': 1.69}
{'loss': 0.4422, 'learning_rate': 5.683429680828124e-06, 'epoch': 1.7}
{'loss': 0.3011, 'learning_rate': 5.679380920356585e-06, 'epoch': 1.7}
{'loss': 0.3972, 'learning_rate': 5.675331705985972e-06, 'epoch': 1.7}
{'loss': 0.3036, 'learning_rate': 5.671282040421593e-06, 'epoch': 1.7}
{'loss': 0.3338, 'learning_rate': 5.667231926369057e-06, 'epoch': 1.7}
{'loss': 0.3389, 'learning_rate': 5.663181366534276e-06, 'epoch': 1.7}
{'loss': 0.3088, 'learning_rate': 5.6591303636234525e-06, 'epoch': 1.7}
{'loss': 0.3978, 'learning_rate': 5.655078920343093e-06, 'epoch': 1.7}
{'loss': 0.3327, 'learning_rate': 5.6510270393999945e-06, 'epoch': 1.7}
{'loss': 0.3099, 'learning_rate': 5.646974723501244e-06, 'epoch': 1.7}
{'loss': 0.3722, 'learning_rate': 5.6429219753542245e-06, 'epoch': 1.7}
{'loss': 0.3367, 'learning_rate': 5.638868797666602e-06, 'epoch': 1.7}
{'loss': 0.332, 'learning_rate': 5.6348151931463345e-06, 'epoch': 1.7}
{'loss': 0.4079, 'learning_rate': 5.630761164501664e-06, 'epoch': 1.7}
{'loss': 0.3275, 'learning_rate': 5.626706714441112e-06, 'epoch': 1.7}
{'loss': 0.334, 'learning_rate': 5.622651845673488e-06, 'epoch': 1.7}
{'loss': 0.3415, 'learning_rate': 5.6185965609078754e-06, 'epoch': 1.71}
{'loss': 0.4038, 'learning_rate': 5.614540862853638e-06, 'epoch': 1.71}
{'loss': 0.3378, 'learning_rate': 5.610484754220415e-06, 'epoch': 1.71}
{'loss': 0.3083, 'learning_rate': 5.606428237718123e-06, 'epoch': 1.71}
{'loss': 0.3158, 'learning_rate': 5.602371316056947e-06, 'epoch': 1.71}
{'loss': 0.3696, 'learning_rate': 5.598313991947345e-06, 'epoch': 1.71}
{'loss': 0.3201, 'learning_rate': 5.5942562681000415e-06, 'epoch': 1.71}
{'loss': 0.343, 'learning_rate': 5.590198147226033e-06, 'epoch': 1.71}
{'loss': 0.3435, 'learning_rate': 5.5861396320365736e-06, 'epoch': 1.71}
{'loss': 0.3293, 'learning_rate': 5.582080725243189e-06, 'epoch': 1.71}
{'loss': 0.3507, 'learning_rate': 5.5780214295576606e-06, 'epoch': 1.71}
{'loss': 0.3033, 'learning_rate': 5.573961747692034e-06, 'epoch': 1.71}
{'loss': 0.3468, 'learning_rate': 5.569901682358608e-06, 'epoch': 1.71}
{'loss': 0.3769, 'learning_rate': 5.565841236269942e-06, 'epoch': 1.71}
{'loss': 0.3229, 'learning_rate': 5.561780412138848e-06, 'epoch': 1.71}
{'loss': 0.3302, 'learning_rate': 5.5577192126783895e-06, 'epoch': 1.71}
{'loss': 0.3872, 'learning_rate': 5.5536576406018825e-06, 'epoch': 1.72}
{'loss': 0.3326, 'learning_rate': 5.549595698622891e-06, 'epoch': 1.72}
{'loss': 0.3799, 'learning_rate': 5.545533389455227e-06, 'epoch': 1.72}
{'loss': 0.3551, 'learning_rate': 5.541470715812947e-06, 'epoch': 1.72}
{'loss': 0.3061, 'learning_rate': 5.537407680410351e-06, 'epoch': 1.72}
{'loss': 0.3491, 'learning_rate': 5.53334428596198e-06, 'epoch': 1.72}
{'loss': 0.3385, 'learning_rate': 5.529280535182619e-06, 'epoch': 1.72}
{'loss': 0.3082, 'learning_rate': 5.5252164307872855e-06, 'epoch': 1.72}
{'loss': 0.3692, 'learning_rate': 5.521151975491236e-06, 'epoch': 1.72}
{'loss': 0.3706, 'learning_rate': 5.517087172009959e-06, 'epoch': 1.72}
{'loss': 0.3868, 'learning_rate': 5.5130220230591826e-06, 'epoch': 1.72}
{'loss': 0.2684, 'learning_rate': 5.508956531354857e-06, 'epoch': 1.72}
{'loss': 0.3198, 'learning_rate': 5.5048906996131644e-06, 'epoch': 1.72}
{'loss': 0.3535, 'learning_rate': 5.500824530550518e-06, 'epoch': 1.72}
{'loss': 0.3589, 'learning_rate': 5.496758026883553e-06, 'epoch': 1.72}
{'loss': 0.3587, 'learning_rate': 5.492691191329127e-06, 'epoch': 1.72}
{'loss': 0.3354, 'learning_rate': 5.4886240266043216e-06, 'epoch': 1.73}
{'loss': 0.3191, 'learning_rate': 5.484556535426437e-06, 'epoch': 1.73}
{'loss': 0.2887, 'learning_rate': 5.480488720512993e-06, 'epoch': 1.73}
{'loss': 0.3632, 'learning_rate': 5.476420584581724e-06, 'epoch': 1.73}
{'loss': 0.3557, 'learning_rate': 5.47235213035058e-06, 'epoch': 1.73}
{'loss': 0.3242, 'learning_rate': 5.468283360537724e-06, 'epoch': 1.73}
{'loss': 0.3847, 'learning_rate': 5.464214277861528e-06, 'epoch': 1.73}
{'loss': 0.3662, 'learning_rate': 5.460144885040575e-06, 'epoch': 1.73}
{'loss': 0.3194, 'learning_rate': 5.456075184793652e-06, 'epoch': 1.73}
{'loss': 0.4105, 'learning_rate': 5.4520051798397585e-06, 'epoch': 1.73}
{'loss': 0.3551, 'learning_rate': 5.44793487289809e-06, 'epoch': 1.73}
{'loss': 0.3357, 'learning_rate': 5.443864266688045e-06, 'epoch': 1.73}
{'loss': 0.3527, 'learning_rate': 5.439793363929226e-06, 'epoch': 1.73}
{'loss': 0.3344, 'learning_rate': 5.4357221673414305e-06, 'epoch': 1.73}
{'loss': 0.3731, 'learning_rate': 5.431650679644653e-06, 'epoch': 1.73}
{'loss': 0.3425, 'learning_rate': 5.427578903559082e-06, 'epoch': 1.73}
{'loss': 0.3563, 'learning_rate': 5.423506841805102e-06, 'epoch': 1.74}
{'loss': 0.3684, 'learning_rate': 5.41943449710328e-06, 'epoch': 1.74}
{'loss': 0.3899, 'learning_rate': 5.415361872174382e-06, 'epoch': 1.74}
{'loss': 0.2854, 'learning_rate': 5.411288969739356e-06, 'epoch': 1.74}
{'loss': 0.3882, 'learning_rate': 5.407215792519336e-06, 'epoch': 1.74}
{'loss': 0.3666, 'learning_rate': 5.403142343235638e-06, 'epoch': 1.74}
{'loss': 0.3223, 'learning_rate': 5.399068624609762e-06, 'epoch': 1.74}
{'loss': 0.4116, 'learning_rate': 5.39499463936339e-06, 'epoch': 1.74}
{'loss': 0.3834, 'learning_rate': 5.390920390218379e-06, 'epoch': 1.74}
{'loss': 0.3644, 'learning_rate': 5.3868458798967605e-06, 'epoch': 1.74}
{'loss': 0.4022, 'learning_rate': 5.382771111120744e-06, 'epoch': 1.74}
{'loss': 0.3259, 'learning_rate': 5.378696086612712e-06, 'epoch': 1.74}
{'loss': 0.3739, 'learning_rate': 5.374620809095215e-06, 'epoch': 1.74}
{'loss': 0.3543, 'learning_rate': 5.370545281290973e-06, 'epoch': 1.74}
{'loss': 0.3103, 'learning_rate': 5.366469505922876e-06, 'epoch': 1.74}
{'loss': 0.3283, 'learning_rate': 5.362393485713979e-06, 'epoch': 1.74}
{'loss': 0.3446, 'learning_rate': 5.358317223387497e-06, 'epoch': 1.75}
{'loss': 0.3845, 'learning_rate': 5.354240721666808e-06, 'epoch': 1.75}
{'loss': 0.3466, 'learning_rate': 5.350163983275454e-06, 'epoch': 1.75}
{'loss': 0.3171, 'learning_rate': 5.346087010937129e-06, 'epoch': 1.75}
{'loss': 0.3723, 'learning_rate': 5.342009807375687e-06, 'epoch': 1.75}
{'loss': 0.3258, 'learning_rate': 5.3379323753151365e-06, 'epoch': 1.75}
{'loss': 0.3011, 'learning_rate': 5.33385471747964e-06, 'epoch': 1.75}
{'loss': 0.3806, 'learning_rate': 5.329776836593503e-06, 'epoch': 1.75}
{'loss': 0.3105, 'learning_rate': 5.325698735381192e-06, 'epoch': 1.75}
{'loss': 0.3604, 'learning_rate': 5.32162041656731e-06, 'epoch': 1.75}
{'loss': 0.3774, 'learning_rate': 5.3175418828766135e-06, 'epoch': 1.75}
{'loss': 0.4426, 'learning_rate': 5.313463137033996e-06, 'epoch': 1.75}
{'loss': 0.366, 'learning_rate': 5.309384181764498e-06, 'epoch': 1.75}
{'loss': 0.4091, 'learning_rate': 5.305305019793297e-06, 'epoch': 1.75}
{'loss': 0.4225, 'learning_rate': 5.301225653845707e-06, 'epoch': 1.75}
{'loss': 0.3576, 'learning_rate': 5.297146086647183e-06, 'epoch': 1.75}
{'loss': 0.4106, 'learning_rate': 5.293066320923312e-06, 'epoch': 1.76}
{'loss': 0.3577, 'learning_rate': 5.288986359399813e-06, 'epoch': 1.76}
{'loss': 0.3579, 'learning_rate': 5.284906204802536e-06, 'epoch': 1.76}
{'loss': 0.2739, 'learning_rate': 5.28082585985746e-06, 'epoch': 1.76}
{'loss': 0.328, 'learning_rate': 5.276745327290692e-06, 'epoch': 1.76}
{'loss': 0.3206, 'learning_rate': 5.272664609828465e-06, 'epoch': 1.76}
{'loss': 0.3752, 'learning_rate': 5.268583710197133e-06, 'epoch': 1.76}
{'loss': 0.2894, 'learning_rate': 5.264502631123173e-06, 'epoch': 1.76}
{'loss': 0.3065, 'learning_rate': 5.260421375333184e-06, 'epoch': 1.76}
{'loss': 0.3953, 'learning_rate': 5.25633994555388e-06, 'epoch': 1.76}
{'loss': 0.3145, 'learning_rate': 5.252258344512091e-06, 'epoch': 1.76}
{'loss': 0.3356, 'learning_rate': 5.248176574934764e-06, 'epoch': 1.76}
{'loss': 0.328, 'learning_rate': 5.244094639548959e-06, 'epoch': 1.76}
{'loss': 0.2973, 'learning_rate': 5.240012541081842e-06, 'epoch': 1.76}
{'loss': 0.3111, 'learning_rate': 5.2359302822606935e-06, 'epoch': 1.76}
{'loss': 0.3184, 'learning_rate': 5.231847865812898e-06, 'epoch': 1.76}
{'loss': 0.3081, 'learning_rate': 5.227765294465946e-06, 'epoch': 1.77}
{'loss': 0.3218, 'learning_rate': 5.2236825709474315e-06, 'epoch': 1.77}
{'loss': 0.2992, 'learning_rate': 5.219599697985049e-06, 'epoch': 1.77}
{'loss': 0.3477, 'learning_rate': 5.2155166783065955e-06, 'epoch': 1.77}
{'loss': 0.2964, 'learning_rate': 5.2114335146399664e-06, 'epoch': 1.77}
{'loss': 0.3292, 'learning_rate': 5.207350209713148e-06, 'epoch': 1.77}
{'loss': 0.3183, 'learning_rate': 5.203266766254226e-06, 'epoch': 1.77}
{'loss': 0.2418, 'learning_rate': 5.1991831869913774e-06, 'epoch': 1.77}
{'loss': 0.3666, 'learning_rate': 5.1950994746528685e-06, 'epoch': 1.77}
{'loss': 0.3738, 'learning_rate': 5.191015631967057e-06, 'epoch': 1.77}
{'loss': 0.2271, 'learning_rate': 5.186931661662385e-06, 'epoch': 1.77}
{'loss': 0.3388, 'learning_rate': 5.182847566467382e-06, 'epoch': 1.77}
{'loss': 0.3484, 'learning_rate': 5.178763349110662e-06, 'epoch': 1.77}
{'loss': 0.3198, 'learning_rate': 5.174679012320915e-06, 'epoch': 1.77}
{'loss': 0.3369, 'learning_rate': 5.170594558826917e-06, 'epoch': 1.77}
{'loss': 0.2746, 'learning_rate': 5.166509991357519e-06, 'epoch': 1.77}
{'loss': 0.2981, 'learning_rate': 5.162425312641648e-06, 'epoch': 1.78}
{'loss': 0.3001, 'learning_rate': 5.158340525408305e-06, 'epoch': 1.78}
{'loss': 0.3562, 'learning_rate': 5.154255632386568e-06, 'epoch': 1.78}
{'loss': 0.3395, 'learning_rate': 5.150170636305581e-06, 'epoch': 1.78}
{'loss': 0.3208, 'learning_rate': 5.146085539894556e-06, 'epoch': 1.78}
{'loss': 0.3064, 'learning_rate': 5.142000345882775e-06, 'epoch': 1.78}
{'loss': 0.3237, 'learning_rate': 5.137915056999585e-06, 'epoch': 1.78}
{'loss': 0.3311, 'learning_rate': 5.133829675974395e-06, 'epoch': 1.78}
{'loss': 0.3297, 'learning_rate': 5.129744205536676e-06, 'epoch': 1.78}
{'loss': 0.3524, 'learning_rate': 5.12565864841596e-06, 'epoch': 1.78}
{'loss': 0.3269, 'learning_rate': 5.1215730073418365e-06, 'epoch': 1.78}
{'loss': 0.387, 'learning_rate': 5.1174872850439475e-06, 'epoch': 1.78}
{'loss': 0.3638, 'learning_rate': 5.113401484251994e-06, 'epoch': 1.78}
{'loss': 0.3199, 'learning_rate': 5.109315607695728e-06, 'epoch': 1.78}
{'loss': 0.33, 'learning_rate': 5.105229658104951e-06, 'epoch': 1.78}
{'loss': 0.247, 'learning_rate': 5.101143638209515e-06, 'epoch': 1.78}
{'loss': 0.2931, 'learning_rate': 5.097057550739316e-06, 'epoch': 1.79}
{'loss': 0.4496, 'learning_rate': 5.092971398424301e-06, 'epoch': 1.79}
{'loss': 0.3266, 'learning_rate': 5.088885183994453e-06, 'epoch': 1.79}
{'loss': 0.3355, 'learning_rate': 5.0847989101798e-06, 'epoch': 1.79}
{'loss': 0.3191, 'learning_rate': 5.080712579710412e-06, 'epoch': 1.79}
{'loss': 0.3269, 'learning_rate': 5.076626195316394e-06, 'epoch': 1.79}
{'loss': 0.3223, 'learning_rate': 5.072539759727886e-06, 'epoch': 1.79}
{'loss': 0.3339, 'learning_rate': 5.068453275675065e-06, 'epoch': 1.79}
{'loss': 0.4065, 'learning_rate': 5.06436674588814e-06, 'epoch': 1.79}
{'loss': 0.3438, 'learning_rate': 5.060280173097346e-06, 'epoch': 1.79}
{'loss': 0.2839, 'learning_rate': 5.056193560032956e-06, 'epoch': 1.79}
{'loss': 0.3402, 'learning_rate': 5.0521069094252595e-06, 'epoch': 1.79}
{'loss': 0.3513, 'learning_rate': 5.0480202240045785e-06, 'epoch': 1.79}
{'loss': 0.3585, 'learning_rate': 5.043933506501255e-06, 'epoch': 1.79}
{'loss': 0.3419, 'learning_rate': 5.039846759645652e-06, 'epoch': 1.79}
{'loss': 0.3617, 'learning_rate': 5.035759986168155e-06, 'epoch': 1.79}
{'loss': 0.3501, 'learning_rate': 5.0316731887991665e-06, 'epoch': 1.8}
{'loss': 0.3574, 'learning_rate': 5.027586370269101e-06, 'epoch': 1.8}
{'loss': 0.2954, 'learning_rate': 5.0234995333083905e-06, 'epoch': 1.8}
{'loss': 0.2676, 'learning_rate': 5.0194126806474805e-06, 'epoch': 1.8}
{'loss': 0.3123, 'learning_rate': 5.015325815016826e-06, 'epoch': 1.8}
{'loss': 0.3566, 'learning_rate': 5.011238939146888e-06, 'epoch': 1.8}
{'loss': 0.3518, 'learning_rate': 5.007152055768136e-06, 'epoch': 1.8}
{'loss': 0.2966, 'learning_rate': 5.003065167611049e-06, 'epoch': 1.8}
{'loss': 0.3409, 'learning_rate': 4.998978277406101e-06, 'epoch': 1.8}
{'loss': 0.3581, 'learning_rate': 4.994891387883773e-06, 'epoch': 1.8}
{'loss': 0.3182, 'learning_rate': 4.990804501774543e-06, 'epoch': 1.8}
{'loss': 0.3224, 'learning_rate': 4.986717621808889e-06, 'epoch': 1.8}
{'loss': 0.334, 'learning_rate': 4.982630750717285e-06, 'epoch': 1.8}
{'loss': 0.3563, 'learning_rate': 4.978543891230195e-06, 'epoch': 1.8}
{'loss': 0.3281, 'learning_rate': 4.974457046078079e-06, 'epoch': 1.8}
{'loss': 0.3221, 'learning_rate': 4.970370217991387e-06, 'epoch': 1.8}
{'loss': 0.362, 'learning_rate': 4.966283409700556e-06, 'epoch': 1.81}
{'loss': 0.3399, 'learning_rate': 4.962196623936011e-06, 'epoch': 1.81}
{'loss': 0.4024, 'learning_rate': 4.958109863428162e-06, 'epoch': 1.81}
{'loss': 0.2881, 'learning_rate': 4.954023130907403e-06, 'epoch': 1.81}
{'loss': 0.2888, 'learning_rate': 4.949936429104106e-06, 'epoch': 1.81}
{'loss': 0.2937, 'learning_rate': 4.945849760748626e-06, 'epoch': 1.81}
{'loss': 0.3484, 'learning_rate': 4.941763128571294e-06, 'epoch': 1.81}
{'loss': 0.2601, 'learning_rate': 4.937676535302417e-06, 'epoch': 1.81}
{'loss': 0.3203, 'learning_rate': 4.933589983672276e-06, 'epoch': 1.81}
{'loss': 0.3549, 'learning_rate': 4.929503476411124e-06, 'epoch': 1.81}
{'loss': 0.351, 'learning_rate': 4.925417016249186e-06, 'epoch': 1.81}
{'loss': 0.3766, 'learning_rate': 4.921330605916653e-06, 'epoch': 1.81}
{'loss': 0.3196, 'learning_rate': 4.917244248143684e-06, 'epoch': 1.81}
{'loss': 0.3682, 'learning_rate': 4.913157945660402e-06, 'epoch': 1.81}
{'loss': 0.3119, 'learning_rate': 4.909071701196897e-06, 'epoch': 1.81}
{'loss': 0.3021, 'learning_rate': 4.904985517483213e-06, 'epoch': 1.81}
{'loss': 0.3247, 'learning_rate': 4.90089939724936e-06, 'epoch': 1.82}
{'loss': 0.3557, 'learning_rate': 4.896813343225304e-06, 'epoch': 1.82}
{'loss': 0.3371, 'learning_rate': 4.8927273581409625e-06, 'epoch': 1.82}
{'loss': 0.3994, 'learning_rate': 4.888641444726212e-06, 'epoch': 1.82}
{'loss': 0.2962, 'learning_rate': 4.8845556057108804e-06, 'epoch': 1.82}
{'loss': 0.3024, 'learning_rate': 4.880469843824744e-06, 'epoch': 1.82}
{'loss': 0.353, 'learning_rate': 4.876384161797528e-06, 'epoch': 1.82}
{'loss': 0.3719, 'learning_rate': 4.872298562358906e-06, 'epoch': 1.82}
{'loss': 0.3403, 'learning_rate': 4.868213048238494e-06, 'epoch': 1.82}
{'loss': 0.3382, 'learning_rate': 4.864127622165853e-06, 'epoch': 1.82}
{'loss': 0.4207, 'learning_rate': 4.860042286870482e-06, 'epoch': 1.82}
{'loss': 0.3318, 'learning_rate': 4.855957045081824e-06, 'epoch': 1.82}
{'loss': 0.378, 'learning_rate': 4.851871899529258e-06, 'epoch': 1.82}
{'loss': 0.3684, 'learning_rate': 4.847786852942095e-06, 'epoch': 1.82}
{'loss': 0.3995, 'learning_rate': 4.843701908049585e-06, 'epoch': 1.82}
{'loss': 0.2673, 'learning_rate': 4.839617067580907e-06, 'epoch': 1.82}
{'loss': 0.3489, 'learning_rate': 4.835532334265171e-06, 'epoch': 1.83}
{'loss': 0.2804, 'learning_rate': 4.831447710831415e-06, 'epoch': 1.83}
{'loss': 0.3176, 'learning_rate': 4.827363200008605e-06, 'epoch': 1.83}
{'loss': 0.3331, 'learning_rate': 4.823278804525632e-06, 'epoch': 1.83}
{'loss': 0.3244, 'learning_rate': 4.819194527111306e-06, 'epoch': 1.83}
{'loss': 0.355, 'learning_rate': 4.8151103704943615e-06, 'epoch': 1.83}
{'loss': 0.3609, 'learning_rate': 4.811026337403453e-06, 'epoch': 1.83}
{'loss': 0.4059, 'learning_rate': 4.806942430567152e-06, 'epoch': 1.83}
{'loss': 0.3283, 'learning_rate': 4.802858652713941e-06, 'epoch': 1.83}
{'loss': 0.284, 'learning_rate': 4.798775006572223e-06, 'epoch': 1.83}
{'loss': 0.3509, 'learning_rate': 4.79469149487031e-06, 'epoch': 1.83}
{'loss': 0.3352, 'learning_rate': 4.790608120336424e-06, 'epoch': 1.83}
{'loss': 0.3325, 'learning_rate': 4.786524885698694e-06, 'epoch': 1.83}
{'loss': 0.3561, 'learning_rate': 4.7824417936851595e-06, 'epoch': 1.83}
{'loss': 0.3488, 'learning_rate': 4.778358847023762e-06, 'epoch': 1.83}
{'loss': 0.297, 'learning_rate': 4.774276048442346e-06, 'epoch': 1.83}
{'loss': 0.3349, 'learning_rate': 4.7701934006686566e-06, 'epoch': 1.84}
{'loss': 0.3449, 'learning_rate': 4.766110906430339e-06, 'epoch': 1.84}
{'loss': 0.361, 'learning_rate': 4.762028568454939e-06, 'epoch': 1.84}
{'loss': 0.3996, 'learning_rate': 4.757946389469891e-06, 'epoch': 1.84}
{'loss': 0.3522, 'learning_rate': 4.753864372202527e-06, 'epoch': 1.84}
{'loss': 0.3324, 'learning_rate': 4.749782519380071e-06, 'epoch': 1.84}
{'loss': 0.3954, 'learning_rate': 4.745700833729638e-06, 'epoch': 1.84}
{'loss': 0.2761, 'learning_rate': 4.741619317978231e-06, 'epoch': 1.84}
{'loss': 0.2967, 'learning_rate': 4.737537974852737e-06, 'epoch': 1.84}
{'loss': 0.3655, 'learning_rate': 4.7334568070799305e-06, 'epoch': 1.84}
{'loss': 0.3021, 'learning_rate': 4.729375817386468e-06, 'epoch': 1.84}
{'loss': 0.3652, 'learning_rate': 4.7252950084988855e-06, 'epoch': 1.84}
{'loss': 0.2893, 'learning_rate': 4.721214383143602e-06, 'epoch': 1.84}
{'loss': 0.2907, 'learning_rate': 4.717133944046908e-06, 'epoch': 1.84}
{'loss': 0.3624, 'learning_rate': 4.713053693934977e-06, 'epoch': 1.84}
{'loss': 0.4402, 'learning_rate': 4.708973635533848e-06, 'epoch': 1.84}
{'loss': 0.4146, 'learning_rate': 4.704893771569439e-06, 'epoch': 1.85}
{'loss': 0.3376, 'learning_rate': 4.700814104767536e-06, 'epoch': 1.85}
{'loss': 0.3538, 'learning_rate': 4.696734637853789e-06, 'epoch': 1.85}
{'loss': 0.3998, 'learning_rate': 4.69265537355372e-06, 'epoch': 1.85}
{'loss': 0.4652, 'learning_rate': 4.6885763145927136e-06, 'epoch': 1.85}
{'loss': 0.2708, 'learning_rate': 4.684497463696018e-06, 'epoch': 1.85}
{'loss': 0.2773, 'learning_rate': 4.68041882358874e-06, 'epoch': 1.85}
{'loss': 0.3586, 'learning_rate': 4.676340396995847e-06, 'epoch': 1.85}
{'loss': 0.2879, 'learning_rate': 4.672262186642166e-06, 'epoch': 1.85}
{'loss': 0.3775, 'learning_rate': 4.668184195252377e-06, 'epoch': 1.85}
{'loss': 0.3714, 'learning_rate': 4.664106425551011e-06, 'epoch': 1.85}
{'loss': 0.3727, 'learning_rate': 4.660028880262457e-06, 'epoch': 1.85}
{'loss': 0.3612, 'learning_rate': 4.655951562110952e-06, 'epoch': 1.85}
{'loss': 0.3425, 'learning_rate': 4.651874473820577e-06, 'epoch': 1.85}
{'loss': 0.2803, 'learning_rate': 4.6477976181152645e-06, 'epoch': 1.85}
{'loss': 0.3433, 'learning_rate': 4.64372099771879e-06, 'epoch': 1.85}
{'loss': 0.2377, 'learning_rate': 4.639644615354773e-06, 'epoch': 1.86}
{'loss': 0.2999, 'learning_rate': 4.63556847374667e-06, 'epoch': 1.86}
{'loss': 0.2849, 'learning_rate': 4.631492575617781e-06, 'epoch': 1.86}
{'loss': 0.3228, 'learning_rate': 4.627416923691242e-06, 'epoch': 1.86}
{'loss': 0.335, 'learning_rate': 4.623341520690022e-06, 'epoch': 1.86}
{'loss': 0.3282, 'learning_rate': 4.619266369336927e-06, 'epoch': 1.86}
{'loss': 0.3976, 'learning_rate': 4.615191472354594e-06, 'epoch': 1.86}
{'loss': 0.3291, 'learning_rate': 4.611116832465491e-06, 'epoch': 1.86}
{'loss': 0.3659, 'learning_rate': 4.60704245239191e-06, 'epoch': 1.86}
{'loss': 0.4421, 'learning_rate': 4.602968334855974e-06, 'epoch': 1.86}
{'loss': 0.3315, 'learning_rate': 4.598894482579629e-06, 'epoch': 1.86}
{'loss': 0.2831, 'learning_rate': 4.594820898284645e-06, 'epoch': 1.86}
{'loss': 0.3336, 'learning_rate': 4.590747584692609e-06, 'epoch': 1.86}
{'loss': 0.3828, 'learning_rate': 4.586674544524931e-06, 'epoch': 1.86}
{'loss': 0.3059, 'learning_rate': 4.58260178050284e-06, 'epoch': 1.86}
{'loss': 0.3094, 'learning_rate': 4.578529295347374e-06, 'epoch': 1.86}
{'loss': 0.2829, 'learning_rate': 4.574457091779388e-06, 'epoch': 1.87}
{'loss': 0.3044, 'learning_rate': 4.570385172519552e-06, 'epoch': 1.87}
{'loss': 0.4148, 'learning_rate': 4.566313540288344e-06, 'epoch': 1.87}
{'loss': 0.3675, 'learning_rate': 4.562242197806045e-06, 'epoch': 1.87}
{'loss': 0.2819, 'learning_rate': 4.55817114779275e-06, 'epoch': 1.87}
{'loss': 0.3447, 'learning_rate': 4.554100392968358e-06, 'epoch': 1.87}
{'loss': 0.3283, 'learning_rate': 4.550029936052563e-06, 'epoch': 1.87}
{'loss': 0.3137, 'learning_rate': 4.545959779764868e-06, 'epoch': 1.87}
{'loss': 0.4094, 'learning_rate': 4.541889926824573e-06, 'epoch': 1.87}
{'loss': 0.3296, 'learning_rate': 4.5378203799507745e-06, 'epoch': 1.87}
{'loss': 0.3098, 'learning_rate': 4.533751141862364e-06, 'epoch': 1.87}
{'loss': 0.3504, 'learning_rate': 4.5296822152780305e-06, 'epoch': 1.87}
{'loss': 0.4043, 'learning_rate': 4.525613602916246e-06, 'epoch': 1.87}
{'loss': 0.3064, 'learning_rate': 4.521545307495282e-06, 'epoch': 1.87}
{'loss': 0.3797, 'learning_rate': 4.517477331733196e-06, 'epoch': 1.87}
{'loss': 0.2896, 'learning_rate': 4.513409678347829e-06, 'epoch': 1.87}
{'loss': 0.3692, 'learning_rate': 4.509342350056807e-06, 'epoch': 1.88}
{'loss': 0.3772, 'learning_rate': 4.505275349577542e-06, 'epoch': 1.88}
{'loss': 0.3532, 'learning_rate': 4.501208679627226e-06, 'epoch': 1.88}
{'loss': 0.3665, 'learning_rate': 4.4971423429228265e-06, 'epoch': 1.88}
{'loss': 0.3231, 'learning_rate': 4.493076342181092e-06, 'epoch': 1.88}
{'loss': 0.3206, 'learning_rate': 4.489010680118546e-06, 'epoch': 1.88}
{'loss': 0.3491, 'learning_rate': 4.4849453594514854e-06, 'epoch': 1.88}
{'loss': 0.3297, 'learning_rate': 4.480880382895979e-06, 'epoch': 1.88}
{'loss': 0.3171, 'learning_rate': 4.476815753167864e-06, 'epoch': 1.88}
{'loss': 0.3761, 'learning_rate': 4.472751472982751e-06, 'epoch': 1.88}
{'loss': 0.315, 'learning_rate': 4.468687545056011e-06, 'epoch': 1.88}
{'loss': 0.3526, 'learning_rate': 4.464623972102782e-06, 'epoch': 1.88}
{'loss': 0.362, 'learning_rate': 4.460560756837967e-06, 'epoch': 1.88}
{'loss': 0.3598, 'learning_rate': 4.456497901976225e-06, 'epoch': 1.88}
{'loss': 0.3972, 'learning_rate': 4.452435410231981e-06, 'epoch': 1.88}
{'loss': 0.3306, 'learning_rate': 4.448373284319411e-06, 'epoch': 1.88}
{'loss': 0.3328, 'learning_rate': 4.444311526952452e-06, 'epoch': 1.89}
{'loss': 0.3281, 'learning_rate': 4.440250140844789e-06, 'epoch': 1.89}
{'loss': 0.2676, 'learning_rate': 4.436189128709863e-06, 'epoch': 1.89}
{'loss': 0.357, 'learning_rate': 4.432128493260865e-06, 'epoch': 1.89}
{'loss': 0.3197, 'learning_rate': 4.428068237210735e-06, 'epoch': 1.89}
{'loss': 0.3578, 'learning_rate': 4.4240083632721545e-06, 'epoch': 1.89}
{'loss': 0.331, 'learning_rate': 4.419948874157556e-06, 'epoch': 1.89}
{'loss': 0.3713, 'learning_rate': 4.41588977257911e-06, 'epoch': 1.89}
{'loss': 0.3819, 'learning_rate': 4.411831061248731e-06, 'epoch': 1.89}
{'loss': 0.3764, 'learning_rate': 4.407772742878073e-06, 'epoch': 1.89}
{'loss': 0.3615, 'learning_rate': 4.4037148201785264e-06, 'epoch': 1.89}
{'loss': 0.3152, 'learning_rate': 4.399657295861217e-06, 'epoch': 1.89}
{'loss': 0.3013, 'learning_rate': 4.395600172637003e-06, 'epoch': 1.89}
{'loss': 0.3051, 'learning_rate': 4.391543453216478e-06, 'epoch': 1.89}
{'loss': 0.3024, 'learning_rate': 4.387487140309965e-06, 'epoch': 1.89}
{'loss': 0.32, 'learning_rate': 4.383431236627513e-06, 'epoch': 1.89}
{'loss': 0.3657, 'learning_rate': 4.3793757448789e-06, 'epoch': 1.9}
{'loss': 0.3664, 'learning_rate': 4.375320667773627e-06, 'epoch': 1.9}
{'loss': 0.2944, 'learning_rate': 4.371266008020922e-06, 'epoch': 1.9}
{'loss': 0.3383, 'learning_rate': 4.367211768329727e-06, 'epoch': 1.9}
{'loss': 0.2535, 'learning_rate': 4.36315795140871e-06, 'epoch': 1.9}
{'loss': 0.3677, 'learning_rate': 4.359104559966253e-06, 'epoch': 1.9}
{'loss': 0.2909, 'learning_rate': 4.355051596710456e-06, 'epoch': 1.9}
{'loss': 0.3005, 'learning_rate': 4.3509990643491295e-06, 'epoch': 1.9}
{'loss': 0.3689, 'learning_rate': 4.3469469655898e-06, 'epoch': 1.9}
{'loss': 0.3255, 'learning_rate': 4.342895303139704e-06, 'epoch': 1.9}
{'loss': 0.3189, 'learning_rate': 4.338844079705781e-06, 'epoch': 1.9}
{'loss': 0.3955, 'learning_rate': 4.334793297994684e-06, 'epoch': 1.9}
{'loss': 0.3384, 'learning_rate': 4.330742960712768e-06, 'epoch': 1.9}
{'loss': 0.3488, 'learning_rate': 4.326693070566092e-06, 'epoch': 1.9}
{'loss': 0.348, 'learning_rate': 4.322643630260413e-06, 'epoch': 1.9}
{'loss': 0.3459, 'learning_rate': 4.318594642501191e-06, 'epoch': 1.9}
{'loss': 0.3267, 'learning_rate': 4.314546109993585e-06, 'epoch': 1.91}
{'loss': 0.3523, 'learning_rate': 4.3104980354424445e-06, 'epoch': 1.91}
{'loss': 0.2839, 'learning_rate': 4.306450421552317e-06, 'epoch': 1.91}
{'loss': 0.339, 'learning_rate': 4.302403271027441e-06, 'epoch': 1.91}
{'loss': 0.3562, 'learning_rate': 4.298356586571748e-06, 'epoch': 1.91}
{'loss': 0.3524, 'learning_rate': 4.2943103708888525e-06, 'epoch': 1.91}
{'loss': 0.3251, 'learning_rate': 4.29026462668206e-06, 'epoch': 1.91}
{'loss': 0.4264, 'learning_rate': 4.28621935665436e-06, 'epoch': 1.91}
{'loss': 0.3575, 'learning_rate': 4.282174563508425e-06, 'epoch': 1.91}
{'loss': 0.3938, 'learning_rate': 4.2781302499466115e-06, 'epoch': 1.91}
{'loss': 0.2805, 'learning_rate': 4.274086418670951e-06, 'epoch': 1.91}
{'loss': 0.2686, 'learning_rate': 4.270043072383155e-06, 'epoch': 1.91}
{'loss': 0.3463, 'learning_rate': 4.266000213784611e-06, 'epoch': 1.91}
{'loss': 0.365, 'learning_rate': 4.2619578455763825e-06, 'epoch': 1.91}
{'loss': 0.3816, 'learning_rate': 4.2579159704592024e-06, 'epoch': 1.91}
{'loss': 0.3418, 'learning_rate': 4.253874591133474e-06, 'epoch': 1.91}
{'loss': 0.3959, 'learning_rate': 4.249833710299273e-06, 'epoch': 1.92}
{'loss': 0.3038, 'learning_rate': 4.245793330656338e-06, 'epoch': 1.92}
{'loss': 0.3092, 'learning_rate': 4.241753454904075e-06, 'epoch': 1.92}
{'loss': 0.3283, 'learning_rate': 4.237714085741553e-06, 'epoch': 1.92}
{'loss': 0.3955, 'learning_rate': 4.233675225867504e-06, 'epoch': 1.92}
{'loss': 0.381, 'learning_rate': 4.229636877980314e-06, 'epoch': 1.92}
{'loss': 0.3587, 'learning_rate': 4.225599044778035e-06, 'epoch': 1.92}
{'loss': 0.3854, 'learning_rate': 4.221561728958369e-06, 'epoch': 1.92}
{'loss': 0.2884, 'learning_rate': 4.2175249332186755e-06, 'epoch': 1.92}
{'loss': 0.2879, 'learning_rate': 4.213488660255964e-06, 'epoch': 1.92}
{'loss': 0.3661, 'learning_rate': 4.209452912766899e-06, 'epoch': 1.92}
{'loss': 0.3731, 'learning_rate': 4.20541769344779e-06, 'epoch': 1.92}
{'loss': 0.3392, 'learning_rate': 4.201383004994593e-06, 'epoch': 1.92}
{'loss': 0.2999, 'learning_rate': 4.197348850102913e-06, 'epoch': 1.92}
{'loss': 0.367, 'learning_rate': 4.193315231467997e-06, 'epoch': 1.92}
{'loss': 0.3563, 'learning_rate': 4.189282151784733e-06, 'epoch': 1.92}
{'loss': 0.4029, 'learning_rate': 4.185249613747648e-06, 'epoch': 1.93}
{'loss': 0.4399, 'learning_rate': 4.18121762005091e-06, 'epoch': 1.93}
{'loss': 0.3989, 'learning_rate': 4.1771861733883215e-06, 'epoch': 1.93}
{'loss': 0.3447, 'learning_rate': 4.1731552764533194e-06, 'epoch': 1.93}
{'loss': 0.3524, 'learning_rate': 4.169124931938974e-06, 'epoch': 1.93}
{'loss': 0.3807, 'learning_rate': 4.165095142537985e-06, 'epoch': 1.93}
{'loss': 0.2754, 'learning_rate': 4.161065910942685e-06, 'epoch': 1.93}
{'loss': 0.3498, 'learning_rate': 4.15703723984503e-06, 'epoch': 1.93}
{'loss': 0.3123, 'learning_rate': 4.153009131936602e-06, 'epoch': 1.93}
{'loss': 0.4247, 'learning_rate': 4.148981589908609e-06, 'epoch': 1.93}
{'loss': 0.2655, 'learning_rate': 4.144954616451879e-06, 'epoch': 1.93}
{'loss': 0.3385, 'learning_rate': 4.1409282142568616e-06, 'epoch': 1.93}
{'loss': 0.3054, 'learning_rate': 4.136902386013621e-06, 'epoch': 1.93}
{'loss': 0.3547, 'learning_rate': 4.132877134411845e-06, 'epoch': 1.93}
{'loss': 0.3468, 'learning_rate': 4.1288524621408295e-06, 'epoch': 1.93}
{'loss': 0.3338, 'learning_rate': 4.124828371889486e-06, 'epoch': 1.93}
{'loss': 0.3168, 'learning_rate': 4.120804866346336e-06, 'epoch': 1.94}
{'loss': 0.3282, 'learning_rate': 4.116781948199514e-06, 'epoch': 1.94}
{'loss': 0.3951, 'learning_rate': 4.112759620136756e-06, 'epoch': 1.94}
{'loss': 0.3482, 'learning_rate': 4.108737884845408e-06, 'epoch': 1.94}
{'loss': 0.3748, 'learning_rate': 4.104716745012422e-06, 'epoch': 1.94}
{'loss': 0.3602, 'learning_rate': 4.100696203324346e-06, 'epoch': 1.94}
{'loss': 0.3289, 'learning_rate': 4.0966762624673315e-06, 'epoch': 1.94}
{'loss': 0.3342, 'learning_rate': 4.0926569251271305e-06, 'epoch': 1.94}
{'loss': 0.3391, 'learning_rate': 4.088638193989091e-06, 'epoch': 1.94}
{'loss': 0.2991, 'learning_rate': 4.084620071738151e-06, 'epoch': 1.94}
{'loss': 0.3178, 'learning_rate': 4.080602561058848e-06, 'epoch': 1.94}
{'loss': 0.3493, 'learning_rate': 4.07658566463531e-06, 'epoch': 1.94}
{'loss': 0.3717, 'learning_rate': 4.07256938515125e-06, 'epoch': 1.94}
{'loss': 0.3126, 'learning_rate': 4.068553725289973e-06, 'epoch': 1.94}
{'loss': 0.3039, 'learning_rate': 4.064538687734373e-06, 'epoch': 1.94}
{'loss': 0.3168, 'learning_rate': 4.060524275166918e-06, 'epoch': 1.94}
{'loss': 0.3061, 'learning_rate': 4.056510490269668e-06, 'epoch': 1.95}
{'loss': 0.3443, 'learning_rate': 4.052497335724261e-06, 'epoch': 1.95}
{'loss': 0.3585, 'learning_rate': 4.048484814211911e-06, 'epoch': 1.95}
{'loss': 0.3154, 'learning_rate': 4.044472928413412e-06, 'epoch': 1.95}
{'loss': 0.2939, 'learning_rate': 4.040461681009134e-06, 'epoch': 1.95}
{'loss': 0.3558, 'learning_rate': 4.036451074679017e-06, 'epoch': 1.95}
{'loss': 0.3146, 'learning_rate': 4.0324411121025755e-06, 'epoch': 1.95}
{'loss': 0.287, 'learning_rate': 4.0284317959588935e-06, 'epoch': 1.95}
{'loss': 0.3134, 'learning_rate': 4.0244231289266235e-06, 'epoch': 1.95}
{'loss': 0.3614, 'learning_rate': 4.020415113683982e-06, 'epoch': 1.95}
{'loss': 0.3216, 'learning_rate': 4.0164077529087515e-06, 'epoch': 1.95}
{'loss': 0.3391, 'learning_rate': 4.01240104927828e-06, 'epoch': 1.95}
{'loss': 0.2756, 'learning_rate': 4.008395005469469e-06, 'epoch': 1.95}
{'loss': 0.3424, 'learning_rate': 4.004389624158788e-06, 'epoch': 1.95}
{'loss': 0.359, 'learning_rate': 4.000384908022258e-06, 'epoch': 1.95}
{'loss': 0.3232, 'learning_rate': 3.996380859735461e-06, 'epoch': 1.95}
{'loss': 0.3224, 'learning_rate': 3.992377481973523e-06, 'epoch': 1.96}
{'loss': 0.3203, 'learning_rate': 3.988374777411133e-06, 'epoch': 1.96}
{'loss': 0.3937, 'learning_rate': 3.984372748722525e-06, 'epoch': 1.96}
{'loss': 0.377, 'learning_rate': 3.980371398581479e-06, 'epoch': 1.96}
{'loss': 0.3304, 'learning_rate': 3.9763707296613275e-06, 'epoch': 1.96}
{'loss': 0.3417, 'learning_rate': 3.9723707446349436e-06, 'epoch': 1.96}
{'loss': 0.3848, 'learning_rate': 3.968371446174747e-06, 'epoch': 1.96}
{'loss': 0.2797, 'learning_rate': 3.964372836952693e-06, 'epoch': 1.96}
{'loss': 0.3244, 'learning_rate': 3.960374919640283e-06, 'epoch': 1.96}
{'loss': 0.3245, 'learning_rate': 3.956377696908552e-06, 'epoch': 1.96}
{'loss': 0.3147, 'learning_rate': 3.952381171428072e-06, 'epoch': 1.96}
{'loss': 0.347, 'learning_rate': 3.948385345868949e-06, 'epoch': 1.96}
{'loss': 0.3433, 'learning_rate': 3.9443902229008214e-06, 'epoch': 1.96}
{'loss': 0.2913, 'learning_rate': 3.94039580519286e-06, 'epoch': 1.96}
{'loss': 0.357, 'learning_rate': 3.93640209541376e-06, 'epoch': 1.96}
{'loss': 0.3809, 'learning_rate': 3.932409096231749e-06, 'epoch': 1.96}
{'loss': 0.3634, 'learning_rate': 3.9284168103145755e-06, 'epoch': 1.97}
{'loss': 0.2976, 'learning_rate': 3.9244252403295154e-06, 'epoch': 1.97}
{'loss': 0.3006, 'learning_rate': 3.920434388943362e-06, 'epoch': 1.97}
{'loss': 0.3371, 'learning_rate': 3.9164442588224314e-06, 'epoch': 1.97}
{'loss': 0.4024, 'learning_rate': 3.912454852632557e-06, 'epoch': 1.97}
{'loss': 0.2561, 'learning_rate': 3.908466173039088e-06, 'epoch': 1.97}
{'loss': 0.3486, 'learning_rate': 3.90447822270689e-06, 'epoch': 1.97}
{'loss': 0.3009, 'learning_rate': 3.9004910043003386e-06, 'epoch': 1.97}
{'loss': 0.3194, 'learning_rate': 3.896504520483323e-06, 'epoch': 1.97}
{'loss': 0.4236, 'learning_rate': 3.892518773919241e-06, 'epoch': 1.97}
{'loss': 0.3466, 'learning_rate': 3.888533767270994e-06, 'epoch': 1.97}
{'loss': 0.2713, 'learning_rate': 3.884549503200997e-06, 'epoch': 1.97}
{'loss': 0.3134, 'learning_rate': 3.880565984371162e-06, 'epoch': 1.97}
{'loss': 0.2727, 'learning_rate': 3.8765832134429045e-06, 'epoch': 1.97}
{'loss': 0.3002, 'learning_rate': 3.872601193077142e-06, 'epoch': 1.97}
{'loss': 0.4046, 'learning_rate': 3.8686199259342924e-06, 'epoch': 1.97}
{'loss': 0.2967, 'learning_rate': 3.864639414674263e-06, 'epoch': 1.98}
{'loss': 0.3592, 'learning_rate': 3.860659661956463e-06, 'epoch': 1.98}
{'loss': 0.3219, 'learning_rate': 3.856680670439793e-06, 'epoch': 1.98}
{'loss': 0.334, 'learning_rate': 3.8527024427826455e-06, 'epoch': 1.98}
{'loss': 0.2902, 'learning_rate': 3.8487249816429e-06, 'epoch': 1.98}
{'loss': 0.322, 'learning_rate': 3.8447482896779245e-06, 'epoch': 1.98}
{'loss': 0.3027, 'learning_rate': 3.840772369544578e-06, 'epoch': 1.98}
{'loss': 0.3214, 'learning_rate': 3.836797223899199e-06, 'epoch': 1.98}
{'loss': 0.3428, 'learning_rate': 3.832822855397609e-06, 'epoch': 1.98}
{'loss': 0.3414, 'learning_rate': 3.828849266695109e-06, 'epoch': 1.98}
{'loss': 0.3771, 'learning_rate': 3.824876460446484e-06, 'epoch': 1.98}
{'loss': 0.3021, 'learning_rate': 3.820904439305991e-06, 'epoch': 1.98}
{'loss': 0.3919, 'learning_rate': 3.816933205927367e-06, 'epoch': 1.98}
{'loss': 0.3234, 'learning_rate': 3.812962762963819e-06, 'epoch': 1.98}
{'loss': 0.32, 'learning_rate': 3.8089931130680267e-06, 'epoch': 1.98}
{'loss': 0.3853, 'learning_rate': 3.8050242588921426e-06, 'epoch': 1.98}
{'loss': 0.3703, 'learning_rate': 3.8010562030877835e-06, 'epoch': 1.99}
{'loss': 0.342, 'learning_rate': 3.7970889483060353e-06, 'epoch': 1.99}
{'loss': 0.3384, 'learning_rate': 3.7931224971974484e-06, 'epoch': 1.99}
{'loss': 0.3413, 'learning_rate': 3.7891568524120377e-06, 'epoch': 1.99}
{'loss': 0.3403, 'learning_rate': 3.785192016599275e-06, 'epoch': 1.99}
{'loss': 0.3641, 'learning_rate': 3.7812279924080956e-06, 'epoch': 1.99}
{'loss': 0.4103, 'learning_rate': 3.777264782486893e-06, 'epoch': 1.99}
{'loss': 0.3152, 'learning_rate': 3.7733023894835123e-06, 'epoch': 1.99}
{'loss': 0.3683, 'learning_rate': 3.7693408160452573e-06, 'epoch': 1.99}
{'loss': 0.3731, 'learning_rate': 3.765380064818882e-06, 'epoch': 1.99}
{'loss': 0.3394, 'learning_rate': 3.761420138450592e-06, 'epoch': 1.99}
{'loss': 0.4008, 'learning_rate': 3.757461039586041e-06, 'epoch': 1.99}
{'loss': 0.3143, 'learning_rate': 3.7535027708703296e-06, 'epoch': 1.99}
{'loss': 0.3091, 'learning_rate': 3.749545334948006e-06, 'epoch': 1.99}
{'loss': 0.3261, 'learning_rate': 3.745588734463059e-06, 'epoch': 1.99}
{'loss': 0.2953, 'learning_rate': 3.7416329720589214e-06, 'epoch': 1.99}
{'loss': 0.3315, 'learning_rate': 3.7376780503784645e-06, 'epoch': 2.0}
{'loss': 0.2708, 'learning_rate': 3.733723972064e-06, 'epoch': 2.0}
{'loss': 0.3208, 'learning_rate': 3.7297707397572734e-06, 'epoch': 2.0}
{'loss': 0.3445, 'learning_rate': 3.7258183560994676e-06, 'epoch': 2.0}
{'loss': 0.3062, 'learning_rate': 3.721866823731196e-06, 'epoch': 2.0}
{'loss': 0.2726, 'learning_rate': 3.7179161452925076e-06, 'epoch': 2.0}
{'loss': 0.2881, 'learning_rate': 3.7139663234228747e-06, 'epoch': 2.0}
{'loss': 0.2932, 'learning_rate': 3.710017360761201e-06, 'epoch': 2.0}
{'loss': 0.3523, 'learning_rate': 3.7060692599458177e-06, 'epoch': 2.0}
{'eval_loss': 0.3376224935054779, 'eval_runtime': 327.199, 'eval_samples_per_second': 51.592, 'eval_steps_per_second': 3.227, 'epoch': 2.0}
{'loss': 0.3761, 'learning_rate': 3.7021220236144754e-06, 'epoch': 2.0}
{'loss': 0.4003, 'learning_rate': 3.698175654404351e-06, 'epoch': 2.0}
{'loss': 0.3345, 'learning_rate': 3.694230154952042e-06, 'epoch': 2.0}
{'loss': 0.3152, 'learning_rate': 3.690285527893564e-06, 'epoch': 2.0}
{'loss': 0.3387, 'learning_rate': 3.6863417758643474e-06, 'epoch': 2.0}
{'loss': 0.2802, 'learning_rate': 3.68239890149924e-06, 'epoch': 2.0}
{'loss': 0.4155, 'learning_rate': 3.6784569074325065e-06, 'epoch': 2.0}
{'loss': 0.3423, 'learning_rate': 3.6745157962978175e-06, 'epoch': 2.0}
{'loss': 0.3172, 'learning_rate': 3.6705755707282562e-06, 'epoch': 2.01}
{'loss': 0.3201, 'learning_rate': 3.6666362333563165e-06, 'epoch': 2.01}
{'loss': 0.3568, 'learning_rate': 3.662697786813897e-06, 'epoch': 2.01}
{'loss': 0.2791, 'learning_rate': 3.6587602337322986e-06, 'epoch': 2.01}
{'loss': 0.3619, 'learning_rate': 3.6548235767422293e-06, 'epoch': 2.01}
{'loss': 0.2893, 'learning_rate': 3.650887818473795e-06, 'epoch': 2.01}
{'loss': 0.3671, 'learning_rate': 3.646952961556507e-06, 'epoch': 2.01}
{'loss': 0.3487, 'learning_rate': 3.643019008619265e-06, 'epoch': 2.01}
{'loss': 0.2833, 'learning_rate': 3.639085962290374e-06, 'epoch': 2.01}
{'loss': 0.3749, 'learning_rate': 3.635153825197528e-06, 'epoch': 2.01}
{'loss': 0.3942, 'learning_rate': 3.6312225999678147e-06, 'epoch': 2.01}
{'loss': 0.3113, 'learning_rate': 3.627292289227713e-06, 'epoch': 2.01}
{'loss': 0.3121, 'learning_rate': 3.6233628956030897e-06, 'epoch': 2.01}
{'loss': 0.3175, 'learning_rate': 3.6194344217192024e-06, 'epoch': 2.01}
{'loss': 0.3636, 'learning_rate': 3.615506870200688e-06, 'epoch': 2.01}
{'loss': 0.334, 'learning_rate': 3.611580243671575e-06, 'epoch': 2.01}
{'loss': 0.3224, 'learning_rate': 3.6076545447552646e-06, 'epoch': 2.02}
{'loss': 0.3671, 'learning_rate': 3.603729776074546e-06, 'epoch': 2.02}
{'loss': 0.3721, 'learning_rate': 3.5998059402515855e-06, 'epoch': 2.02}
{'loss': 0.3139, 'learning_rate': 3.5958830399079225e-06, 'epoch': 2.02}
{'loss': 0.4199, 'learning_rate': 3.5919610776644743e-06, 'epoch': 2.02}
{'loss': 0.3139, 'learning_rate': 3.5880400561415306e-06, 'epoch': 2.02}
{'loss': 0.2999, 'learning_rate': 3.5841199779587554e-06, 'epoch': 2.02}
{'loss': 0.3525, 'learning_rate': 3.580200845735176e-06, 'epoch': 2.02}
{'loss': 0.3173, 'learning_rate': 3.5762826620891942e-06, 'epoch': 2.02}
{'loss': 0.2906, 'learning_rate': 3.5723654296385766e-06, 'epoch': 2.02}
{'loss': 0.3774, 'learning_rate': 3.56844915100045e-06, 'epoch': 2.02}
{'loss': 0.3395, 'learning_rate': 3.564533828791309e-06, 'epoch': 2.02}
{'loss': 0.3142, 'learning_rate': 3.5606194656270064e-06, 'epoch': 2.02}
{'loss': 0.3053, 'learning_rate': 3.556706064122757e-06, 'epoch': 2.02}
{'loss': 0.3057, 'learning_rate': 3.5527936268931294e-06, 'epoch': 2.02}
{'loss': 0.3249, 'learning_rate': 3.5488821565520504e-06, 'epoch': 2.02}
{'loss': 0.2929, 'learning_rate': 3.544971655712802e-06, 'epoch': 2.03}
{'loss': 0.3982, 'learning_rate': 3.5410621269880143e-06, 'epoch': 2.03}
{'loss': 0.3222, 'learning_rate': 3.5371535729896707e-06, 'epoch': 2.03}
{'loss': 0.3605, 'learning_rate': 3.533245996329104e-06, 'epoch': 2.03}
{'loss': 0.3413, 'learning_rate': 3.5293393996169933e-06, 'epoch': 2.03}
{'loss': 0.3061, 'learning_rate': 3.5254337854633624e-06, 'epoch': 2.03}
{'loss': 0.3358, 'learning_rate': 3.521529156477578e-06, 'epoch': 2.03}
{'loss': 0.3814, 'learning_rate': 3.5176255152683514e-06, 'epoch': 2.03}
{'loss': 0.3112, 'learning_rate': 3.5137228644437303e-06, 'epoch': 2.03}
{'loss': 0.2862, 'learning_rate': 3.509821206611105e-06, 'epoch': 2.03}
{'loss': 0.3018, 'learning_rate': 3.505920544377197e-06, 'epoch': 2.03}
{'loss': 0.4001, 'learning_rate': 3.5020208803480687e-06, 'epoch': 2.03}
{'loss': 0.3409, 'learning_rate': 3.4981222171291095e-06, 'epoch': 2.03}
{'loss': 0.334, 'learning_rate': 3.4942245573250455e-06, 'epoch': 2.03}
{'loss': 0.2863, 'learning_rate': 3.490327903539929e-06, 'epoch': 2.03}
{'loss': 0.2945, 'learning_rate': 3.486432258377143e-06, 'epoch': 2.03}
{'loss': 0.2689, 'learning_rate': 3.482537624439391e-06, 'epoch': 2.04}
{'loss': 0.2742, 'learning_rate': 3.478644004328708e-06, 'epoch': 2.04}
{'loss': 0.3197, 'learning_rate': 3.474751400646448e-06, 'epoch': 2.04}
{'loss': 0.3689, 'learning_rate': 3.4708598159932856e-06, 'epoch': 2.04}
{'loss': 0.2919, 'learning_rate': 3.466969252969215e-06, 'epoch': 2.04}
{'loss': 0.3238, 'learning_rate': 3.463079714173549e-06, 'epoch': 2.04}
{'loss': 0.3912, 'learning_rate': 3.459191202204916e-06, 'epoch': 2.04}
{'loss': 0.3864, 'learning_rate': 3.4553037196612556e-06, 'epoch': 2.04}
{'loss': 0.3889, 'learning_rate': 3.451417269139823e-06, 'epoch': 2.04}
{'loss': 0.3969, 'learning_rate': 3.4475318532371826e-06, 'epoch': 2.04}
{'loss': 0.2561, 'learning_rate': 3.4436474745492064e-06, 'epoch': 2.04}
{'loss': 0.3744, 'learning_rate': 3.439764135671076e-06, 'epoch': 2.04}
{'loss': 0.3167, 'learning_rate': 3.435881839197276e-06, 'epoch': 2.04}
{'loss': 0.3042, 'learning_rate': 3.4320005877215967e-06, 'epoch': 2.04}
{'loss': 0.3499, 'learning_rate': 3.4281203838371267e-06, 'epoch': 2.04}
{'loss': 0.3355, 'learning_rate': 3.4242412301362584e-06, 'epoch': 2.04}
{'loss': 0.3123, 'learning_rate': 3.420363129210681e-06, 'epoch': 2.05}
{'loss': 0.3489, 'learning_rate': 3.416486083651381e-06, 'epoch': 2.05}
{'loss': 0.3094, 'learning_rate': 3.4126100960486374e-06, 'epoch': 2.05}
{'loss': 0.2543, 'learning_rate': 3.4087351689920257e-06, 'epoch': 2.05}
{'loss': 0.3598, 'learning_rate': 3.4048613050704125e-06, 'epoch': 2.05}
{'loss': 0.3667, 'learning_rate': 3.40098850687195e-06, 'epoch': 2.05}
{'loss': 0.2961, 'learning_rate': 3.397116776984083e-06, 'epoch': 2.05}
{'loss': 0.3643, 'learning_rate': 3.3932461179935407e-06, 'epoch': 2.05}
{'loss': 0.3441, 'learning_rate': 3.389376532486339e-06, 'epoch': 2.05}
{'loss': 0.3055, 'learning_rate': 3.385508023047773e-06, 'epoch': 2.05}
{'loss': 0.3417, 'learning_rate': 3.3816405922624187e-06, 'epoch': 2.05}
{'loss': 0.3858, 'learning_rate': 3.3777742427141348e-06, 'epoch': 2.05}
{'loss': 0.318, 'learning_rate': 3.3739089769860556e-06, 'epoch': 2.05}
{'loss': 0.3644, 'learning_rate': 3.370044797660594e-06, 'epoch': 2.05}
{'loss': 0.3189, 'learning_rate': 3.3661817073194312e-06, 'epoch': 2.05}
{'loss': 0.3315, 'learning_rate': 3.3623197085435274e-06, 'epoch': 2.05}
{'loss': 0.3419, 'learning_rate': 3.3584588039131094e-06, 'epoch': 2.06}
{'loss': 0.3597, 'learning_rate': 3.354598996007675e-06, 'epoch': 2.06}
{'loss': 0.354, 'learning_rate': 3.350740287405987e-06, 'epoch': 2.06}
{'loss': 0.369, 'learning_rate': 3.346882680686076e-06, 'epoch': 2.06}
{'loss': 0.3208, 'learning_rate': 3.343026178425237e-06, 'epoch': 2.06}
{'loss': 0.3263, 'learning_rate': 3.339170783200023e-06, 'epoch': 2.06}
{'loss': 0.2928, 'learning_rate': 3.335316497586252e-06, 'epoch': 2.06}
{'loss': 0.3774, 'learning_rate': 3.3314633241589975e-06, 'epoch': 2.06}
{'loss': 0.3275, 'learning_rate': 3.3276112654925935e-06, 'epoch': 2.06}
{'loss': 0.2712, 'learning_rate': 3.323760324160624e-06, 'epoch': 2.06}
{'loss': 0.2366, 'learning_rate': 3.3199105027359314e-06, 'epoch': 2.06}
{'loss': 0.3589, 'learning_rate': 3.316061803790608e-06, 'epoch': 2.06}
{'loss': 0.38, 'learning_rate': 3.312214229895995e-06, 'epoch': 2.06}
{'loss': 0.2955, 'learning_rate': 3.3083677836226836e-06, 'epoch': 2.06}
{'loss': 0.3769, 'learning_rate': 3.30452246754051e-06, 'epoch': 2.06}
{'loss': 0.3307, 'learning_rate': 3.300678284218559e-06, 'epoch': 2.06}
{'loss': 0.2931, 'learning_rate': 3.296835236225153e-06, 'epoch': 2.07}
{'loss': 0.3906, 'learning_rate': 3.2929933261278603e-06, 'epoch': 2.07}
{'loss': 0.3576, 'learning_rate': 3.2891525564934882e-06, 'epoch': 2.07}
{'loss': 0.2976, 'learning_rate': 3.2853129298880796e-06, 'epoch': 2.07}
{'loss': 0.3856, 'learning_rate': 3.2814744488769166e-06, 'epoch': 2.07}
{'loss': 0.2831, 'learning_rate': 3.2776371160245145e-06, 'epoch': 2.07}
{'loss': 0.311, 'learning_rate': 3.2738009338946224e-06, 'epoch': 2.07}
{'loss': 0.3171, 'learning_rate': 3.269965905050219e-06, 'epoch': 2.07}
{'loss': 0.3215, 'learning_rate': 3.266132032053514e-06, 'epoch': 2.07}
{'loss': 0.304, 'learning_rate': 3.262299317465944e-06, 'epoch': 2.07}
{'loss': 0.2592, 'learning_rate': 3.2584677638481738e-06, 'epoch': 2.07}
{'loss': 0.4116, 'learning_rate': 3.2546373737600876e-06, 'epoch': 2.07}
{'loss': 0.4164, 'learning_rate': 3.250808149760798e-06, 'epoch': 2.07}
{'loss': 0.3553, 'learning_rate': 3.2469800944086362e-06, 'epoch': 2.07}
{'loss': 0.3291, 'learning_rate': 3.2431532102611496e-06, 'epoch': 2.07}
{'loss': 0.3225, 'learning_rate': 3.239327499875108e-06, 'epoch': 2.07}
{'loss': 0.3724, 'learning_rate': 3.235502965806494e-06, 'epoch': 2.08}
{'loss': 0.2942, 'learning_rate': 3.2316796106105073e-06, 'epoch': 2.08}
{'loss': 0.3056, 'learning_rate': 3.2278574368415546e-06, 'epoch': 2.08}
{'loss': 0.3793, 'learning_rate': 3.224036447053258e-06, 'epoch': 2.08}
{'loss': 0.3177, 'learning_rate': 3.2202166437984484e-06, 'epoch': 2.08}
{'loss': 0.2411, 'learning_rate': 3.2163980296291597e-06, 'epoch': 2.08}
{'loss': 0.3674, 'learning_rate': 3.212580607096637e-06, 'epoch': 2.08}
{'loss': 0.3304, 'learning_rate': 3.2087643787513253e-06, 'epoch': 2.08}
{'loss': 0.3781, 'learning_rate': 3.2049493471428737e-06, 'epoch': 2.08}
{'loss': 0.3491, 'learning_rate': 3.2011355148201308e-06, 'epoch': 2.08}
{'loss': 0.3696, 'learning_rate': 3.1973228843311436e-06, 'epoch': 2.08}
{'loss': 0.4202, 'learning_rate': 3.193511458223158e-06, 'epoch': 2.08}
{'loss': 0.3391, 'learning_rate': 3.189701239042614e-06, 'epoch': 2.08}
{'loss': 0.3316, 'learning_rate': 3.185892229335144e-06, 'epoch': 2.08}
{'loss': 0.3369, 'learning_rate': 3.1820844316455746e-06, 'epoch': 2.08}
{'loss': 0.3694, 'learning_rate': 3.1782778485179223e-06, 'epoch': 2.08}
{'loss': 0.3643, 'learning_rate': 3.174472482495389e-06, 'epoch': 2.09}
{'loss': 0.2973, 'learning_rate': 3.1706683361203684e-06, 'epoch': 2.09}
{'loss': 0.3278, 'learning_rate': 3.1668654119344384e-06, 'epoch': 2.09}
{'loss': 0.3251, 'learning_rate': 3.163063712478354e-06, 'epoch': 2.09}
{'loss': 0.3875, 'learning_rate': 3.159263240292061e-06, 'epoch': 2.09}
{'loss': 0.4061, 'learning_rate': 3.1554639979146777e-06, 'epoch': 2.09}
{'loss': 0.315, 'learning_rate': 3.1516659878845063e-06, 'epoch': 2.09}
{'loss': 0.3495, 'learning_rate': 3.147869212739023e-06, 'epoch': 2.09}
{'loss': 0.3763, 'learning_rate': 3.1440736750148803e-06, 'epoch': 2.09}
{'loss': 0.3332, 'learning_rate': 3.1402793772479014e-06, 'epoch': 2.09}
{'loss': 0.3393, 'learning_rate': 3.1364863219730835e-06, 'epoch': 2.09}
{'loss': 0.3371, 'learning_rate': 3.1326945117245933e-06, 'epoch': 2.09}
{'loss': 0.3352, 'learning_rate': 3.1289039490357664e-06, 'epoch': 2.09}
{'loss': 0.3026, 'learning_rate': 3.125114636439101e-06, 'epoch': 2.09}
{'loss': 0.3886, 'learning_rate': 3.121326576466265e-06, 'epoch': 2.09}
{'loss': 0.3383, 'learning_rate': 3.1175397716480875e-06, 'epoch': 2.09}
{'loss': 0.3474, 'learning_rate': 3.113754224514558e-06, 'epoch': 2.1}
{'loss': 0.3018, 'learning_rate': 3.1099699375948263e-06, 'epoch': 2.1}
{'loss': 0.3446, 'learning_rate': 3.1061869134172017e-06, 'epoch': 2.1}
{'loss': 0.3389, 'learning_rate': 3.102405154509149e-06, 'epoch': 2.1}
{'loss': 0.3058, 'learning_rate': 3.0986246633972848e-06, 'epoch': 2.1}
{'loss': 0.3547, 'learning_rate': 3.0948454426073843e-06, 'epoch': 2.1}
{'loss': 0.3996, 'learning_rate': 3.0910674946643703e-06, 'epoch': 2.1}
{'loss': 0.3496, 'learning_rate': 3.0872908220923135e-06, 'epoch': 2.1}
{'loss': 0.315, 'learning_rate': 3.083515427414438e-06, 'epoch': 2.1}
{'loss': 0.3849, 'learning_rate': 3.0797413131531086e-06, 'epoch': 2.1}
{'loss': 0.2855, 'learning_rate': 3.0759684818298396e-06, 'epoch': 2.1}
{'loss': 0.3473, 'learning_rate': 3.0721969359652826e-06, 'epoch': 2.1}
{'loss': 0.3233, 'learning_rate': 3.0684266780792354e-06, 'epoch': 2.1}
{'loss': 0.3615, 'learning_rate': 3.064657710690633e-06, 'epoch': 2.1}
{'loss': 0.4, 'learning_rate': 3.060890036317548e-06, 'epoch': 2.1}
{'loss': 0.3183, 'learning_rate': 3.057123657477189e-06, 'epoch': 2.1}
{'loss': 0.2699, 'learning_rate': 3.053358576685901e-06, 'epoch': 2.11}
{'loss': 0.3017, 'learning_rate': 3.049594796459161e-06, 'epoch': 2.11}
{'loss': 0.3193, 'learning_rate': 3.045832319311574e-06, 'epoch': 2.11}
{'loss': 0.3448, 'learning_rate': 3.0420711477568787e-06, 'epoch': 2.11}
{'loss': 0.3563, 'learning_rate': 3.038311284307939e-06, 'epoch': 2.11}
{'loss': 0.3784, 'learning_rate': 3.0345527314767464e-06, 'epoch': 2.11}
{'loss': 0.2674, 'learning_rate': 3.030795491774415e-06, 'epoch': 2.11}
{'loss': 0.329, 'learning_rate': 3.027039567711183e-06, 'epoch': 2.11}
{'loss': 0.318, 'learning_rate': 3.02328496179641e-06, 'epoch': 2.11}
{'loss': 0.4545, 'learning_rate': 3.0195316765385717e-06, 'epoch': 2.11}
{'loss': 0.3258, 'learning_rate': 3.015779714445266e-06, 'epoch': 2.11}
{'loss': 0.3937, 'learning_rate': 3.012029078023203e-06, 'epoch': 2.11}
{'loss': 0.2889, 'learning_rate': 3.0082797697782118e-06, 'epoch': 2.11}
{'loss': 0.338, 'learning_rate': 3.004531792215227e-06, 'epoch': 2.11}
{'loss': 0.3703, 'learning_rate': 3.000785147838301e-06, 'epoch': 2.11}
{'loss': 0.3468, 'learning_rate': 2.9970398391505923e-06, 'epoch': 2.11}
{'loss': 0.402, 'learning_rate': 2.993295868654367e-06, 'epoch': 2.12}
{'loss': 0.3485, 'learning_rate': 2.9895532388509963e-06, 'epoch': 2.12}
{'loss': 0.3547, 'learning_rate': 2.985811952240959e-06, 'epoch': 2.12}
{'loss': 0.3079, 'learning_rate': 2.9820720113238343e-06, 'epoch': 2.12}
{'loss': 0.3186, 'learning_rate': 2.9783334185983015e-06, 'epoch': 2.12}
{'loss': 0.2797, 'learning_rate': 2.97459617656214e-06, 'epoch': 2.12}
{'loss': 0.321, 'learning_rate': 2.9708602877122283e-06, 'epoch': 2.12}
{'loss': 0.2928, 'learning_rate': 2.967125754544539e-06, 'epoch': 2.12}
{'loss': 0.4134, 'learning_rate': 2.9633925795541384e-06, 'epoch': 2.12}
{'loss': 0.4308, 'learning_rate': 2.9596607652351873e-06, 'epoch': 2.12}
{'loss': 0.3232, 'learning_rate': 2.9559303140809374e-06, 'epoch': 2.12}
{'loss': 0.3743, 'learning_rate': 2.952201228583727e-06, 'epoch': 2.12}
{'loss': 0.3645, 'learning_rate': 2.948473511234987e-06, 'epoch': 2.12}
{'loss': 0.3871, 'learning_rate': 2.9447471645252256e-06, 'epoch': 2.12}
{'loss': 0.3217, 'learning_rate': 2.941022190944045e-06, 'epoch': 2.12}
{'loss': 0.3491, 'learning_rate': 2.937298592980125e-06, 'epoch': 2.12}
{'loss': 0.2985, 'learning_rate': 2.933576373121226e-06, 'epoch': 2.13}
{'loss': 0.3259, 'learning_rate': 2.929855533854189e-06, 'epoch': 2.13}
{'loss': 0.3663, 'learning_rate': 2.926136077664933e-06, 'epoch': 2.13}
{'loss': 0.3675, 'learning_rate': 2.9224180070384523e-06, 'epoch': 2.13}
{'loss': 0.3489, 'learning_rate': 2.9187013244588147e-06, 'epoch': 2.13}
{'loss': 0.303, 'learning_rate': 2.914986032409163e-06, 'epoch': 2.13}
{'loss': 0.3786, 'learning_rate': 2.9112721333717064e-06, 'epoch': 2.13}
{'loss': 0.2991, 'learning_rate': 2.90755962982773e-06, 'epoch': 2.13}
{'loss': 0.3285, 'learning_rate': 2.9038485242575813e-06, 'epoch': 2.13}
{'loss': 0.3633, 'learning_rate': 2.9001388191406743e-06, 'epoch': 2.13}
{'loss': 0.298, 'learning_rate': 2.8964305169554914e-06, 'epoch': 2.13}
{'loss': 0.2765, 'learning_rate': 2.892723620179571e-06, 'epoch': 2.13}
{'loss': 0.3486, 'learning_rate': 2.889018131289521e-06, 'epoch': 2.13}
{'loss': 0.3416, 'learning_rate': 2.885314052761002e-06, 'epoch': 2.13}
{'loss': 0.3215, 'learning_rate': 2.881611387068731e-06, 'epoch': 2.13}
{'loss': 0.2902, 'learning_rate': 2.877910136686491e-06, 'epoch': 2.13}
{'loss': 0.3108, 'learning_rate': 2.8742103040871085e-06, 'epoch': 2.14}
{'loss': 0.3624, 'learning_rate': 2.8705118917424666e-06, 'epoch': 2.14}
{'loss': 0.3585, 'learning_rate': 2.866814902123503e-06, 'epoch': 2.14}
{'loss': 0.3697, 'learning_rate': 2.863119337700201e-06, 'epoch': 2.14}
{'loss': 0.3317, 'learning_rate': 2.8594252009415902e-06, 'epoch': 2.14}
{'loss': 0.3239, 'learning_rate': 2.8557324943157522e-06, 'epoch': 2.14}
{'loss': 0.3375, 'learning_rate': 2.8520412202898064e-06, 'epoch': 2.14}
{'loss': 0.3999, 'learning_rate': 2.8483513813299226e-06, 'epoch': 2.14}
{'loss': 0.335, 'learning_rate': 2.8446629799013054e-06, 'epoch': 2.14}
{'loss': 0.2695, 'learning_rate': 2.8409760184681988e-06, 'epoch': 2.14}
{'loss': 0.3553, 'learning_rate': 2.837290499493892e-06, 'epoch': 2.14}
{'loss': 0.3094, 'learning_rate': 2.8336064254407025e-06, 'epoch': 2.14}
{'loss': 0.34, 'learning_rate': 2.8299237987699846e-06, 'epoch': 2.14}
{'loss': 0.3168, 'learning_rate': 2.82624262194213e-06, 'epoch': 2.14}
{'loss': 0.2927, 'learning_rate': 2.8225628974165563e-06, 'epoch': 2.14}
{'loss': 0.3836, 'learning_rate': 2.8188846276517106e-06, 'epoch': 2.14}
{'loss': 0.3013, 'learning_rate': 2.8152078151050755e-06, 'epoch': 2.15}
{'loss': 0.3285, 'learning_rate': 2.811532462233151e-06, 'epoch': 2.15}
{'loss': 0.3069, 'learning_rate': 2.807858571491465e-06, 'epoch': 2.15}
{'loss': 0.3755, 'learning_rate': 2.8041861453345727e-06, 'epoch': 2.15}
{'loss': 0.357, 'learning_rate': 2.800515186216043e-06, 'epoch': 2.15}
{'loss': 0.2935, 'learning_rate': 2.796845696588474e-06, 'epoch': 2.15}
{'loss': 0.3778, 'learning_rate': 2.793177678903474e-06, 'epoch': 2.15}
{'loss': 0.4224, 'learning_rate': 2.78951113561167e-06, 'epoch': 2.15}
{'loss': 0.2857, 'learning_rate': 2.785846069162707e-06, 'epoch': 2.15}
{'loss': 0.3607, 'learning_rate': 2.782182482005241e-06, 'epoch': 2.15}
{'loss': 0.4247, 'learning_rate': 2.7785203765869366e-06, 'epoch': 2.15}
{'loss': 0.3528, 'learning_rate': 2.7748597553544766e-06, 'epoch': 2.15}
{'loss': 0.33, 'learning_rate': 2.7712006207535446e-06, 'epoch': 2.15}
{'loss': 0.3503, 'learning_rate': 2.7675429752288318e-06, 'epoch': 2.15}
{'loss': 0.3235, 'learning_rate': 2.76388682122404e-06, 'epoch': 2.15}
{'loss': 0.3307, 'learning_rate': 2.7602321611818685e-06, 'epoch': 2.15}
{'loss': 0.3412, 'learning_rate': 2.756578997544022e-06, 'epoch': 2.16}
{'loss': 0.3774, 'learning_rate': 2.752927332751205e-06, 'epoch': 2.16}
{'loss': 0.3666, 'learning_rate': 2.7492771692431164e-06, 'epoch': 2.16}
{'loss': 0.4152, 'learning_rate': 2.745628509458461e-06, 'epoch': 2.16}
{'loss': 0.3697, 'learning_rate': 2.7419813558349297e-06, 'epoch': 2.16}
{'loss': 0.3785, 'learning_rate': 2.738335710809211e-06, 'epoch': 2.16}
{'loss': 0.3498, 'learning_rate': 2.734691576816988e-06, 'epoch': 2.16}
{'loss': 0.3169, 'learning_rate': 2.731048956292927e-06, 'epoch': 2.16}
{'loss': 0.3006, 'learning_rate': 2.7274078516706935e-06, 'epoch': 2.16}
{'loss': 0.3913, 'learning_rate': 2.7237682653829318e-06, 'epoch': 2.16}
{'loss': 0.3523, 'learning_rate': 2.720130199861273e-06, 'epoch': 2.16}
{'loss': 0.2908, 'learning_rate': 2.7164936575363365e-06, 'epoch': 2.16}
{'loss': 0.4071, 'learning_rate': 2.7128586408377213e-06, 'epoch': 2.16}
{'loss': 0.3395, 'learning_rate': 2.709225152194003e-06, 'epoch': 2.16}
{'loss': 0.3572, 'learning_rate': 2.7055931940327464e-06, 'epoch': 2.16}
{'loss': 0.2987, 'learning_rate': 2.7019627687804826e-06, 'epoch': 2.16}
{'loss': 0.403, 'learning_rate': 2.698333878862728e-06, 'epoch': 2.17}
{'loss': 0.3416, 'learning_rate': 2.6947065267039674e-06, 'epoch': 2.17}
{'loss': 0.2899, 'learning_rate': 2.6910807147276564e-06, 'epoch': 2.17}
{'loss': 0.3301, 'learning_rate': 2.6874564453562303e-06, 'epoch': 2.17}
{'loss': 0.2997, 'learning_rate': 2.683833721011086e-06, 'epoch': 2.17}
{'loss': 0.3633, 'learning_rate': 2.680212544112589e-06, 'epoch': 2.17}
{'loss': 0.3322, 'learning_rate': 2.6765929170800755e-06, 'epoch': 2.17}
{'loss': 0.3374, 'learning_rate': 2.6729748423318418e-06, 'epoch': 2.17}
{'loss': 0.3304, 'learning_rate': 2.6693583222851473e-06, 'epoch': 2.17}
{'loss': 0.3422, 'learning_rate': 2.6657433593562163e-06, 'epoch': 2.17}
{'loss': 0.352, 'learning_rate': 2.6621299559602285e-06, 'epoch': 2.17}
{'loss': 0.3919, 'learning_rate': 2.6585181145113257e-06, 'epoch': 2.17}
{'loss': 0.3345, 'learning_rate': 2.6549078374226035e-06, 'epoch': 2.17}
{'loss': 0.3113, 'learning_rate': 2.6512991271061106e-06, 'epoch': 2.17}
{'loss': 0.3501, 'learning_rate': 2.6476919859728543e-06, 'epoch': 2.17}
{'loss': 0.3089, 'learning_rate': 2.6440864164327894e-06, 'epoch': 2.17}
{'loss': 0.2849, 'learning_rate': 2.6404824208948193e-06, 'epoch': 2.18}
{'loss': 0.3895, 'learning_rate': 2.6368800017668023e-06, 'epoch': 2.18}
{'loss': 0.3862, 'learning_rate': 2.6332791614555377e-06, 'epoch': 2.18}
{'loss': 0.3611, 'learning_rate': 2.6296799023667696e-06, 'epoch': 2.18}
{'loss': 0.331, 'learning_rate': 2.626082226905191e-06, 'epoch': 2.18}
{'loss': 0.2933, 'learning_rate': 2.6224861374744336e-06, 'epoch': 2.18}
{'loss': 0.3157, 'learning_rate': 2.6188916364770657e-06, 'epoch': 2.18}
{'loss': 0.3754, 'learning_rate': 2.6152987263146024e-06, 'epoch': 2.18}
{'loss': 0.3616, 'learning_rate': 2.6117074093874888e-06, 'epoch': 2.18}
{'loss': 0.3691, 'learning_rate': 2.608117688095112e-06, 'epoch': 2.18}
{'loss': 0.3008, 'learning_rate': 2.6045295648357864e-06, 'epoch': 2.18}
{'loss': 0.3243, 'learning_rate': 2.6009430420067615e-06, 'epoch': 2.18}
{'loss': 0.3902, 'learning_rate': 2.597358122004221e-06, 'epoch': 2.18}
{'loss': 0.3385, 'learning_rate': 2.593774807223273e-06, 'epoch': 2.18}
{'loss': 0.3178, 'learning_rate': 2.590193100057953e-06, 'epoch': 2.18}
{'loss': 0.3637, 'learning_rate': 2.5866130029012273e-06, 'epoch': 2.18}
{'loss': 0.371, 'learning_rate': 2.583034518144982e-06, 'epoch': 2.19}
{'loss': 0.3384, 'learning_rate': 2.5794576481800264e-06, 'epoch': 2.19}
{'loss': 0.3483, 'learning_rate': 2.575882395396094e-06, 'epoch': 2.19}
{'loss': 0.3527, 'learning_rate': 2.5723087621818344e-06, 'epoch': 2.19}
{'loss': 0.3231, 'learning_rate': 2.5687367509248174e-06, 'epoch': 2.19}
{'loss': 0.2914, 'learning_rate': 2.565166364011529e-06, 'epoch': 2.19}
{'loss': 0.3239, 'learning_rate': 2.561597603827366e-06, 'epoch': 2.19}
{'loss': 0.3903, 'learning_rate': 2.5580304727566464e-06, 'epoch': 2.19}
{'loss': 0.3113, 'learning_rate': 2.554464973182592e-06, 'epoch': 2.19}
{'loss': 0.317, 'learning_rate': 2.5509011074873365e-06, 'epoch': 2.19}
{'loss': 0.3291, 'learning_rate': 2.5473388780519265e-06, 'epoch': 2.19}
{'loss': 0.3968, 'learning_rate': 2.543778287256311e-06, 'epoch': 2.19}
{'loss': 0.3636, 'learning_rate': 2.5402193374793423e-06, 'epoch': 2.19}
{'loss': 0.2909, 'learning_rate': 2.5366620310987833e-06, 'epoch': 2.19}
{'loss': 0.3353, 'learning_rate': 2.533106370491294e-06, 'epoch': 2.19}
{'loss': 0.3198, 'learning_rate': 2.5295523580324342e-06, 'epoch': 2.19}
{'loss': 0.3769, 'learning_rate': 2.525999996096665e-06, 'epoch': 2.2}
{'loss': 0.4, 'learning_rate': 2.522449287057342e-06, 'epoch': 2.2}
{'loss': 0.294, 'learning_rate': 2.518900233286722e-06, 'epoch': 2.2}
{'loss': 0.3381, 'learning_rate': 2.515352837155949e-06, 'epoch': 2.2}
{'loss': 0.3544, 'learning_rate': 2.511807101035065e-06, 'epoch': 2.2}
{'loss': 0.3115, 'learning_rate': 2.508263027293001e-06, 'epoch': 2.2}
{'loss': 0.2941, 'learning_rate': 2.5047206182975732e-06, 'epoch': 2.2}
{'loss': 0.3343, 'learning_rate': 2.5011798764154948e-06, 'epoch': 2.2}
{'loss': 0.3853, 'learning_rate': 2.4976408040123567e-06, 'epoch': 2.2}
{'loss': 0.3623, 'learning_rate': 2.4941034034526368e-06, 'epoch': 2.2}
{'loss': 0.3302, 'learning_rate': 2.4905676770997e-06, 'epoch': 2.2}
{'loss': 0.3481, 'learning_rate': 2.4870336273157876e-06, 'epoch': 2.2}
{'loss': 0.3638, 'learning_rate': 2.4835012564620204e-06, 'epoch': 2.2}
{'loss': 0.2855, 'learning_rate': 2.4799705668984044e-06, 'epoch': 2.2}
{'loss': 0.3669, 'learning_rate': 2.4764415609838145e-06, 'epoch': 2.2}
{'loss': 0.2743, 'learning_rate': 2.4729142410760025e-06, 'epoch': 2.2}
{'loss': 0.3185, 'learning_rate': 2.4693886095315992e-06, 'epoch': 2.21}
{'loss': 0.2791, 'learning_rate': 2.4658646687061e-06, 'epoch': 2.21}
{'loss': 0.3593, 'learning_rate': 2.4623424209538767e-06, 'epoch': 2.21}
{'loss': 0.3761, 'learning_rate': 2.4588218686281658e-06, 'epoch': 2.21}
{'loss': 0.4015, 'learning_rate': 2.455303014081071e-06, 'epoch': 2.21}
{'loss': 0.4484, 'learning_rate': 2.4517858596635665e-06, 'epoch': 2.21}
{'loss': 0.3642, 'learning_rate': 2.448270407725486e-06, 'epoch': 2.21}
{'loss': 0.3497, 'learning_rate': 2.444756660615525e-06, 'epoch': 2.21}
{'loss': 0.3348, 'learning_rate': 2.4412446206812463e-06, 'epoch': 2.21}
{'loss': 0.3545, 'learning_rate': 2.4377342902690656e-06, 'epoch': 2.21}
{'loss': 0.2732, 'learning_rate': 2.4342256717242568e-06, 'epoch': 2.21}
{'loss': 0.273, 'learning_rate': 2.4307187673909572e-06, 'epoch': 2.21}
{'loss': 0.3534, 'learning_rate': 2.4272135796121482e-06, 'epoch': 2.21}
{'loss': 0.3064, 'learning_rate': 2.4237101107296746e-06, 'epoch': 2.21}
{'loss': 0.3225, 'learning_rate': 2.4202083630842265e-06, 'epoch': 2.21}
{'loss': 0.3872, 'learning_rate': 2.4167083390153427e-06, 'epoch': 2.21}
{'loss': 0.3548, 'learning_rate': 2.4132100408614186e-06, 'epoch': 2.22}
{'loss': 0.3067, 'learning_rate': 2.4097134709596883e-06, 'epoch': 2.22}
{'loss': 0.4012, 'learning_rate': 2.4062186316462326e-06, 'epoch': 2.22}
{'loss': 0.3078, 'learning_rate': 2.402725525255982e-06, 'epoch': 2.22}
{'loss': 0.3072, 'learning_rate': 2.3992341541227023e-06, 'epoch': 2.22}
{'loss': 0.3296, 'learning_rate': 2.3957445205790007e-06, 'epoch': 2.22}
{'loss': 0.3302, 'learning_rate': 2.3922566269563302e-06, 'epoch': 2.22}
{'loss': 0.3796, 'learning_rate': 2.3887704755849737e-06, 'epoch': 2.22}
{'loss': 0.3368, 'learning_rate': 2.3852860687940516e-06, 'epoch': 2.22}
{'loss': 0.3098, 'learning_rate': 2.3818034089115234e-06, 'epoch': 2.22}
{'loss': 0.3225, 'learning_rate': 2.378322498264175e-06, 'epoch': 2.22}
{'loss': 0.3944, 'learning_rate': 2.37484333917763e-06, 'epoch': 2.22}
{'loss': 0.3129, 'learning_rate': 2.3713659339763366e-06, 'epoch': 2.22}
{'loss': 0.3649, 'learning_rate': 2.3678902849835723e-06, 'epoch': 2.22}
{'loss': 0.3719, 'learning_rate': 2.3644163945214442e-06, 'epoch': 2.22}
{'loss': 0.3462, 'learning_rate': 2.360944264910882e-06, 'epoch': 2.22}
{'loss': 0.337, 'learning_rate': 2.357473898471637e-06, 'epoch': 2.23}
{'loss': 0.3407, 'learning_rate': 2.3540052975222893e-06, 'epoch': 2.23}
{'loss': 0.304, 'learning_rate': 2.350538464380232e-06, 'epoch': 2.23}
{'loss': 0.2961, 'learning_rate': 2.3470734013616796e-06, 'epoch': 2.23}
{'loss': 0.2966, 'learning_rate': 2.3436101107816673e-06, 'epoch': 2.23}
{'loss': 0.3532, 'learning_rate': 2.3401485949540405e-06, 'epoch': 2.23}
{'loss': 0.3451, 'learning_rate': 2.336688856191465e-06, 'epoch': 2.23}
{'loss': 0.3514, 'learning_rate': 2.3332308968054134e-06, 'epoch': 2.23}
{'loss': 0.2468, 'learning_rate': 2.3297747191061743e-06, 'epoch': 2.23}
{'loss': 0.3831, 'learning_rate': 2.326320325402842e-06, 'epoch': 2.23}
{'loss': 0.3203, 'learning_rate': 2.3228677180033193e-06, 'epoch': 2.23}
{'loss': 0.3023, 'learning_rate': 2.319416899214322e-06, 'epoch': 2.23}
{'loss': 0.323, 'learning_rate': 2.315967871341362e-06, 'epoch': 2.23}
{'loss': 0.3586, 'learning_rate': 2.3125206366887583e-06, 'epoch': 2.23}
{'loss': 0.3128, 'learning_rate': 2.309075197559635e-06, 'epoch': 2.23}
{'loss': 0.371, 'learning_rate': 2.3056315562559116e-06, 'epoch': 2.23}
{'loss': 0.2752, 'learning_rate': 2.302189715078308e-06, 'epoch': 2.24}
{'loss': 0.3425, 'learning_rate': 2.298749676326345e-06, 'epoch': 2.24}
{'loss': 0.2869, 'learning_rate': 2.2953114422983335e-06, 'epoch': 2.24}
{'loss': 0.3125, 'learning_rate': 2.291875015291381e-06, 'epoch': 2.24}
{'loss': 0.3779, 'learning_rate': 2.2884403976013907e-06, 'epoch': 2.24}
{'loss': 0.3337, 'learning_rate': 2.285007591523051e-06, 'epoch': 2.24}
{'loss': 0.3598, 'learning_rate': 2.2815765993498473e-06, 'epoch': 2.24}
{'loss': 0.3595, 'learning_rate': 2.278147423374047e-06, 'epoch': 2.24}
{'loss': 0.3391, 'learning_rate': 2.274720065886704e-06, 'epoch': 2.24}
{'loss': 0.3209, 'learning_rate': 2.271294529177663e-06, 'epoch': 2.24}
{'loss': 0.3654, 'learning_rate': 2.2678708155355485e-06, 'epoch': 2.24}
{'loss': 0.2981, 'learning_rate': 2.264448927247763e-06, 'epoch': 2.24}
{'loss': 0.2789, 'learning_rate': 2.261028866600499e-06, 'epoch': 2.24}
{'loss': 0.3227, 'learning_rate': 2.25761063587872e-06, 'epoch': 2.24}
{'loss': 0.3296, 'learning_rate': 2.2541942373661674e-06, 'epoch': 2.24}
{'loss': 0.4029, 'learning_rate': 2.2507796733453654e-06, 'epoch': 2.24}
{'loss': 0.3354, 'learning_rate': 2.2473669460976028e-06, 'epoch': 2.25}
{'loss': 0.3425, 'learning_rate': 2.243956057902951e-06, 'epoch': 2.25}
{'loss': 0.3607, 'learning_rate': 2.2405470110402446e-06, 'epoch': 2.25}
{'loss': 0.3209, 'learning_rate': 2.2371398077870908e-06, 'epoch': 2.25}
{'loss': 0.3299, 'learning_rate': 2.233734450419869e-06, 'epoch': 2.25}
{'loss': 0.4031, 'learning_rate': 2.230330941213719e-06, 'epoch': 2.25}
{'loss': 0.3075, 'learning_rate': 2.226929282442549e-06, 'epoch': 2.25}
{'loss': 0.3399, 'learning_rate': 2.223529476379032e-06, 'epoch': 2.25}
{'loss': 0.3333, 'learning_rate': 2.220131525294602e-06, 'epoch': 2.25}
{'loss': 0.267, 'learning_rate': 2.2167354314594503e-06, 'epoch': 2.25}
{'loss': 0.3239, 'learning_rate': 2.213341197142535e-06, 'epoch': 2.25}
{'loss': 0.2692, 'learning_rate': 2.2099488246115657e-06, 'epoch': 2.25}
{'loss': 0.352, 'learning_rate': 2.2065583161330072e-06, 'epoch': 2.25}
{'loss': 0.3503, 'learning_rate': 2.203169673972086e-06, 'epoch': 2.25}
{'loss': 0.3602, 'learning_rate': 2.1997829003927733e-06, 'epoch': 2.25}
{'loss': 0.3598, 'learning_rate': 2.196397997657799e-06, 'epoch': 2.25}
{'loss': 0.3311, 'learning_rate': 2.1930149680286396e-06, 'epoch': 2.26}
{'loss': 0.3396, 'learning_rate': 2.189633813765518e-06, 'epoch': 2.26}
{'loss': 0.3375, 'learning_rate': 2.1862545371274093e-06, 'epoch': 2.26}
{'loss': 0.383, 'learning_rate': 2.1828771403720304e-06, 'epoch': 2.26}
{'loss': 0.336, 'learning_rate': 2.1795016257558417e-06, 'epoch': 2.26}
{'loss': 0.276, 'learning_rate': 2.1761279955340515e-06, 'epoch': 2.26}
{'loss': 0.312, 'learning_rate': 2.172756251960603e-06, 'epoch': 2.26}
{'loss': 0.2467, 'learning_rate': 2.1693863972881805e-06, 'epoch': 2.26}
{'loss': 0.2663, 'learning_rate': 2.16601843376821e-06, 'epoch': 2.26}
{'loss': 0.3655, 'learning_rate': 2.162652363650847e-06, 'epoch': 2.26}
{'loss': 0.3731, 'learning_rate': 2.1592881891849908e-06, 'epoch': 2.26}
{'loss': 0.3094, 'learning_rate': 2.1559259126182675e-06, 'epoch': 2.26}
{'loss': 0.3022, 'learning_rate': 2.152565536197035e-06, 'epoch': 2.26}
{'loss': 0.2799, 'learning_rate': 2.149207062166388e-06, 'epoch': 2.26}
{'loss': 0.3083, 'learning_rate': 2.145850492770144e-06, 'epoch': 2.26}
{'loss': 0.308, 'learning_rate': 2.1424958302508485e-06, 'epoch': 2.26}
{'loss': 0.3444, 'learning_rate': 2.1391430768497786e-06, 'epoch': 2.27}
{'loss': 0.3025, 'learning_rate': 2.135792234806929e-06, 'epoch': 2.27}
{'loss': 0.3047, 'learning_rate': 2.132443306361021e-06, 'epoch': 2.27}
{'loss': 0.3134, 'learning_rate': 2.1290962937494976e-06, 'epoch': 2.27}
{'loss': 0.3788, 'learning_rate': 2.1257511992085185e-06, 'epoch': 2.27}
{'loss': 0.3502, 'learning_rate': 2.1224080249729674e-06, 'epoch': 2.27}
{'loss': 0.2563, 'learning_rate': 2.1190667732764413e-06, 'epoch': 2.27}
{'loss': 0.3613, 'learning_rate': 2.1157274463512508e-06, 'epoch': 2.27}
{'loss': 0.3208, 'learning_rate': 2.1123900464284276e-06, 'epoch': 2.27}
{'loss': 0.3884, 'learning_rate': 2.109054575737707e-06, 'epoch': 2.27}
{'loss': 0.369, 'learning_rate': 2.1057210365075448e-06, 'epoch': 2.27}
{'loss': 0.28, 'learning_rate': 2.1023894309650987e-06, 'epoch': 2.27}
{'loss': 0.3464, 'learning_rate': 2.099059761336236e-06, 'epoch': 2.27}
{'loss': 0.3234, 'learning_rate': 2.095732029845536e-06, 'epoch': 2.27}
{'loss': 0.2473, 'learning_rate': 2.0924062387162757e-06, 'epoch': 2.27}
{'loss': 0.3156, 'learning_rate': 2.0890823901704386e-06, 'epoch': 2.27}
{'loss': 0.4449, 'learning_rate': 2.0857604864287147e-06, 'epoch': 2.28}
{'loss': 0.3561, 'learning_rate': 2.0824405297104875e-06, 'epoch': 2.28}
{'loss': 0.3395, 'learning_rate': 2.0791225222338424e-06, 'epoch': 2.28}
{'loss': 0.3403, 'learning_rate': 2.0758064662155657e-06, 'epoch': 2.28}
{'loss': 0.336, 'learning_rate': 2.0724923638711365e-06, 'epoch': 2.28}
{'loss': 0.2929, 'learning_rate': 2.069180217414727e-06, 'epoch': 2.28}
{'loss': 0.3841, 'learning_rate': 2.065870029059209e-06, 'epoch': 2.28}
{'loss': 0.2757, 'learning_rate': 2.0625618010161374e-06, 'epoch': 2.28}
{'loss': 0.2886, 'learning_rate': 2.0592555354957676e-06, 'epoch': 2.28}
{'loss': 0.3413, 'learning_rate': 2.0559512347070356e-06, 'epoch': 2.28}
{'loss': 0.3494, 'learning_rate': 2.052648900857565e-06, 'epoch': 2.28}
{'loss': 0.3106, 'learning_rate': 2.049348536153673e-06, 'epoch': 2.28}
{'loss': 0.3579, 'learning_rate': 2.0460501428003534e-06, 'epoch': 2.28}
{'loss': 0.3385, 'learning_rate': 2.042753723001283e-06, 'epoch': 2.28}
{'loss': 0.4195, 'learning_rate': 2.039459278958827e-06, 'epoch': 2.28}
{'loss': 0.2819, 'learning_rate': 2.036166812874025e-06, 'epoch': 2.28}
{'loss': 0.2908, 'learning_rate': 2.0328763269465927e-06, 'epoch': 2.29}
{'loss': 0.3944, 'learning_rate': 2.0295878233749315e-06, 'epoch': 2.29}
{'loss': 0.3336, 'learning_rate': 2.0263013043561092e-06, 'epoch': 2.29}
{'loss': 0.361, 'learning_rate': 2.023016772085876e-06, 'epoch': 2.29}
{'loss': 0.3756, 'learning_rate': 2.0197342287586467e-06, 'epoch': 2.29}
{'loss': 0.2988, 'learning_rate': 2.016453676567512e-06, 'epoch': 2.29}
{'loss': 0.3424, 'learning_rate': 2.0131751177042337e-06, 'epoch': 2.29}
{'loss': 0.3009, 'learning_rate': 2.0098985543592373e-06, 'epoch': 2.29}
{'loss': 0.3034, 'learning_rate': 2.0066239887216168e-06, 'epoch': 2.29}
{'loss': 0.3539, 'learning_rate': 2.003351422979134e-06, 'epoch': 2.29}
{'loss': 0.3164, 'learning_rate': 2.0000808593182123e-06, 'epoch': 2.29}
{'loss': 0.3514, 'learning_rate': 1.996812299923936e-06, 'epoch': 2.29}
{'loss': 0.3459, 'learning_rate': 1.9935457469800546e-06, 'epoch': 2.29}
{'loss': 0.3828, 'learning_rate': 1.990281202668974e-06, 'epoch': 2.29}
{'loss': 0.3788, 'learning_rate': 1.987018669171756e-06, 'epoch': 2.29}
{'loss': 0.2851, 'learning_rate': 1.983758148668126e-06, 'epoch': 2.29}
{'loss': 0.2776, 'learning_rate': 1.980499643336456e-06, 'epoch': 2.3}
{'loss': 0.3104, 'learning_rate': 1.9772431553537797e-06, 'epoch': 2.3}
{'loss': 0.3798, 'learning_rate': 1.973988686895778e-06, 'epoch': 2.3}
{'loss': 0.291, 'learning_rate': 1.970736240136781e-06, 'epoch': 2.3}
{'loss': 0.3781, 'learning_rate': 1.967485817249775e-06, 'epoch': 2.3}
{'loss': 0.3693, 'learning_rate': 1.964237420406388e-06, 'epoch': 2.3}
{'loss': 0.3066, 'learning_rate': 1.9609910517768937e-06, 'epoch': 2.3}
{'loss': 0.3615, 'learning_rate': 1.9577467135302188e-06, 'epoch': 2.3}
{'loss': 0.3359, 'learning_rate': 1.9545044078339244e-06, 'epoch': 2.3}
{'loss': 0.3153, 'learning_rate': 1.9512641368542156e-06, 'epoch': 2.3}
{'loss': 0.3874, 'learning_rate': 1.948025902755946e-06, 'epoch': 2.3}
{'loss': 0.342, 'learning_rate': 1.9447897077025952e-06, 'epoch': 2.3}
{'loss': 0.3507, 'learning_rate': 1.941555553856292e-06, 'epoch': 2.3}
{'loss': 0.3237, 'learning_rate': 1.9383234433777955e-06, 'epoch': 2.3}
{'loss': 0.3341, 'learning_rate': 1.9350933784264987e-06, 'epoch': 2.3}
{'loss': 0.3481, 'learning_rate': 1.9318653611604337e-06, 'epoch': 2.3}
{'loss': 0.2926, 'learning_rate': 1.9286393937362585e-06, 'epoch': 2.31}
{'loss': 0.345, 'learning_rate': 1.9254154783092672e-06, 'epoch': 2.31}
{'loss': 0.3435, 'learning_rate': 1.9221936170333778e-06, 'epoch': 2.31}
{'loss': 0.305, 'learning_rate': 1.9189738120611368e-06, 'epoch': 2.31}
{'loss': 0.3232, 'learning_rate': 1.915756065543721e-06, 'epoch': 2.31}
{'loss': 0.3662, 'learning_rate': 1.9125403796309277e-06, 'epoch': 2.31}
{'loss': 0.3767, 'learning_rate': 1.9093267564711775e-06, 'epoch': 2.31}
{'loss': 0.3169, 'learning_rate': 1.9061151982115167e-06, 'epoch': 2.31}
{'loss': 0.3629, 'learning_rate': 1.902905706997608e-06, 'epoch': 2.31}
{'loss': 0.3949, 'learning_rate': 1.8996982849737333e-06, 'epoch': 2.31}
{'loss': 0.3751, 'learning_rate': 1.8964929342827965e-06, 'epoch': 2.31}
{'loss': 0.3608, 'learning_rate': 1.8932896570663113e-06, 'epoch': 2.31}
{'loss': 0.3502, 'learning_rate': 1.8900884554644121e-06, 'epoch': 2.31}
{'loss': 0.3042, 'learning_rate': 1.8868893316158425e-06, 'epoch': 2.31}
{'loss': 0.329, 'learning_rate': 1.8836922876579578e-06, 'epoch': 2.31}
{'loss': 0.3083, 'learning_rate': 1.8804973257267278e-06, 'epoch': 2.31}
{'loss': 0.3693, 'learning_rate': 1.8773044479567277e-06, 'epoch': 2.32}
{'loss': 0.3511, 'learning_rate': 1.8741136564811386e-06, 'epoch': 2.32}
{'loss': 0.3205, 'learning_rate': 1.8709249534317536e-06, 'epoch': 2.32}
{'loss': 0.2609, 'learning_rate': 1.8677383409389666e-06, 'epoch': 2.32}
{'loss': 0.3242, 'learning_rate': 1.864553821131772e-06, 'epoch': 2.32}
{'loss': 0.2376, 'learning_rate': 1.8613713961377744e-06, 'epoch': 2.32}
{'loss': 0.2993, 'learning_rate': 1.85819106808317e-06, 'epoch': 2.32}
{'loss': 0.3139, 'learning_rate': 1.8550128390927608e-06, 'epoch': 2.32}
{'loss': 0.2788, 'learning_rate': 1.8518367112899422e-06, 'epoch': 2.32}
{'loss': 0.2858, 'learning_rate': 1.8486626867967056e-06, 'epoch': 2.32}
{'loss': 0.3491, 'learning_rate': 1.8454907677336409e-06, 'epoch': 2.32}
{'loss': 0.3289, 'learning_rate': 1.842320956219929e-06, 'epoch': 2.32}
{'loss': 0.3347, 'learning_rate': 1.8391532543733399e-06, 'epoch': 2.32}
{'loss': 0.3116, 'learning_rate': 1.8359876643102409e-06, 'epoch': 2.32}
{'loss': 0.3253, 'learning_rate': 1.8328241881455826e-06, 'epoch': 2.32}
{'loss': 0.272, 'learning_rate': 1.829662827992904e-06, 'epoch': 2.32}
{'loss': 0.3217, 'learning_rate': 1.8265035859643343e-06, 'epoch': 2.33}
{'loss': 0.3168, 'learning_rate': 1.823346464170584e-06, 'epoch': 2.33}
{'loss': 0.3057, 'learning_rate': 1.820191464720945e-06, 'epoch': 2.33}
{'loss': 0.3074, 'learning_rate': 1.8170385897232988e-06, 'epoch': 2.33}
{'loss': 0.297, 'learning_rate': 1.8138878412840992e-06, 'epoch': 2.33}
{'loss': 0.2909, 'learning_rate': 1.8107392215083864e-06, 'epoch': 2.33}
{'loss': 0.3644, 'learning_rate': 1.8075927324997723e-06, 'epoch': 2.33}
{'loss': 0.3417, 'learning_rate': 1.8044483763604476e-06, 'epoch': 2.33}
{'loss': 0.2393, 'learning_rate': 1.8013061551911804e-06, 'epoch': 2.33}
{'loss': 0.3235, 'learning_rate': 1.7981660710913096e-06, 'epoch': 2.33}
{'loss': 0.3557, 'learning_rate': 1.795028126158745e-06, 'epoch': 2.33}
{'loss': 0.3341, 'learning_rate': 1.7918923224899726e-06, 'epoch': 2.33}
{'loss': 0.3135, 'learning_rate': 1.7887586621800429e-06, 'epoch': 2.33}
{'loss': 0.4003, 'learning_rate': 1.7856271473225739e-06, 'epoch': 2.33}
{'loss': 0.2866, 'learning_rate': 1.7824977800097554e-06, 'epoch': 2.33}
{'loss': 0.3161, 'learning_rate': 1.779370562332337e-06, 'epoch': 2.33}
{'loss': 0.339, 'learning_rate': 1.7762454963796367e-06, 'epoch': 2.34}
{'loss': 0.3069, 'learning_rate': 1.7731225842395312e-06, 'epoch': 2.34}
{'loss': 0.28, 'learning_rate': 1.7700018279984582e-06, 'epoch': 2.34}
{'loss': 0.3455, 'learning_rate': 1.7668832297414196e-06, 'epoch': 2.34}
{'loss': 0.3285, 'learning_rate': 1.7637667915519708e-06, 'epoch': 2.34}
{'loss': 0.3264, 'learning_rate': 1.7606525155122251e-06, 'epoch': 2.34}
{'loss': 0.3427, 'learning_rate': 1.7575404037028525e-06, 'epoch': 2.34}
{'loss': 0.3928, 'learning_rate': 1.754430458203074e-06, 'epoch': 2.34}
{'loss': 0.299, 'learning_rate': 1.7513226810906697e-06, 'epoch': 2.34}
{'loss': 0.2875, 'learning_rate': 1.7482170744419652e-06, 'epoch': 2.34}
{'loss': 0.3411, 'learning_rate': 1.7451136403318353e-06, 'epoch': 2.34}
{'loss': 0.3436, 'learning_rate': 1.7420123808337091e-06, 'epoch': 2.34}
{'loss': 0.2698, 'learning_rate': 1.7389132980195588e-06, 'epoch': 2.34}
{'loss': 0.3, 'learning_rate': 1.7358163939599003e-06, 'epoch': 2.34}
{'loss': 0.3176, 'learning_rate': 1.7327216707238004e-06, 'epoch': 2.34}
{'loss': 0.2536, 'learning_rate': 1.729629130378861e-06, 'epoch': 2.34}
{'loss': 0.4109, 'learning_rate': 1.7265387749912337e-06, 'epoch': 2.35}
{'loss': 0.3061, 'learning_rate': 1.7234506066256046e-06, 'epoch': 2.35}
{'loss': 0.3445, 'learning_rate': 1.7203646273451979e-06, 'epoch': 2.35}
{'loss': 0.3861, 'learning_rate': 1.7172808392117812e-06, 'epoch': 2.35}
{'loss': 0.3078, 'learning_rate': 1.7141992442856537e-06, 'epoch': 2.35}
{'loss': 0.3085, 'learning_rate': 1.7111198446256471e-06, 'epoch': 2.35}
{'loss': 0.3565, 'learning_rate': 1.7080426422891344e-06, 'epoch': 2.35}
{'loss': 0.3738, 'learning_rate': 1.704967639332013e-06, 'epoch': 2.35}
{'loss': 0.3315, 'learning_rate': 1.7018948378087119e-06, 'epoch': 2.35}
{'loss': 0.3333, 'learning_rate': 1.698824239772195e-06, 'epoch': 2.35}
{'loss': 0.3026, 'learning_rate': 1.6957558472739478e-06, 'epoch': 2.35}
{'loss': 0.2756, 'learning_rate': 1.6926896623639826e-06, 'epoch': 2.35}
{'loss': 0.3396, 'learning_rate': 1.6896256870908428e-06, 'epoch': 2.35}
{'loss': 0.2858, 'learning_rate': 1.6865639235015875e-06, 'epoch': 2.35}
{'loss': 0.338, 'learning_rate': 1.683504373641805e-06, 'epoch': 2.35}
{'loss': 0.3238, 'learning_rate': 1.6804470395556006e-06, 'epoch': 2.35}
{'loss': 0.4307, 'learning_rate': 1.6773919232855984e-06, 'epoch': 2.36}
{'loss': 0.4016, 'learning_rate': 1.6743390268729466e-06, 'epoch': 2.36}
{'loss': 0.2886, 'learning_rate': 1.6712883523573032e-06, 'epoch': 2.36}
{'loss': 0.3258, 'learning_rate': 1.6682399017768446e-06, 'epoch': 2.36}
{'loss': 0.3469, 'learning_rate': 1.6651936771682641e-06, 'epoch': 2.36}
{'loss': 0.2757, 'learning_rate': 1.662149680566764e-06, 'epoch': 2.36}
{'loss': 0.3347, 'learning_rate': 1.6591079140060584e-06, 'epoch': 2.36}
{'loss': 0.3088, 'learning_rate': 1.6560683795183747e-06, 'epoch': 2.36}
{'loss': 0.3086, 'learning_rate': 1.6530310791344435e-06, 'epoch': 2.36}
{'loss': 0.2879, 'learning_rate': 1.6499960148835104e-06, 'epoch': 2.36}
{'loss': 0.3027, 'learning_rate': 1.6469631887933208e-06, 'epoch': 2.36}
{'loss': 0.3222, 'learning_rate': 1.6439326028901242e-06, 'epoch': 2.36}
{'loss': 0.3986, 'learning_rate': 1.6409042591986802e-06, 'epoch': 2.36}
{'loss': 0.3084, 'learning_rate': 1.6378781597422445e-06, 'epoch': 2.36}
{'loss': 0.2916, 'learning_rate': 1.634854306542572e-06, 'epoch': 2.36}
{'loss': 0.2824, 'learning_rate': 1.6318327016199247e-06, 'epoch': 2.36}
{'loss': 0.3099, 'learning_rate': 1.6288133469930556e-06, 'epoch': 2.37}
{'loss': 0.2974, 'learning_rate': 1.6257962446792142e-06, 'epoch': 2.37}
{'loss': 0.323, 'learning_rate': 1.6227813966941507e-06, 'epoch': 2.37}
{'loss': 0.3777, 'learning_rate': 1.619768805052105e-06, 'epoch': 2.37}
{'loss': 0.3318, 'learning_rate': 1.6167584717658075e-06, 'epoch': 2.37}
{'loss': 0.2739, 'learning_rate': 1.613750398846487e-06, 'epoch': 2.37}
{'loss': 0.3591, 'learning_rate': 1.6107445883038536e-06, 'epoch': 2.37}
{'loss': 0.3081, 'learning_rate': 1.6077410421461137e-06, 'epoch': 2.37}
{'loss': 0.3258, 'learning_rate': 1.6047397623799554e-06, 'epoch': 2.37}
{'loss': 0.2879, 'learning_rate': 1.6017407510105531e-06, 'epoch': 2.37}
{'loss': 0.3207, 'learning_rate': 1.5987440100415696e-06, 'epoch': 2.37}
{'loss': 0.2778, 'learning_rate': 1.5957495414751472e-06, 'epoch': 2.37}
{'loss': 0.3394, 'learning_rate': 1.592757347311909e-06, 'epoch': 2.37}
{'loss': 0.3611, 'learning_rate': 1.5897674295509658e-06, 'epoch': 2.37}
{'loss': 0.3534, 'learning_rate': 1.5867797901898952e-06, 'epoch': 2.37}
{'loss': 0.3576, 'learning_rate': 1.5837944312247644e-06, 'epoch': 2.37}
{'loss': 0.3199, 'learning_rate': 1.5808113546501114e-06, 'epoch': 2.38}
{'loss': 0.3048, 'learning_rate': 1.5778305624589486e-06, 'epoch': 2.38}
{'loss': 0.2622, 'learning_rate': 1.5748520566427662e-06, 'epoch': 2.38}
{'loss': 0.3685, 'learning_rate': 1.5718758391915233e-06, 'epoch': 2.38}
{'loss': 0.3791, 'learning_rate': 1.5689019120936493e-06, 'epoch': 2.38}
{'loss': 0.2942, 'learning_rate': 1.5659302773360497e-06, 'epoch': 2.38}
{'loss': 0.3036, 'learning_rate': 1.5629609369040898e-06, 'epoch': 2.38}
{'loss': 0.2568, 'learning_rate': 1.5599938927816104e-06, 'epoch': 2.38}
{'loss': 0.3117, 'learning_rate': 1.557029146950912e-06, 'epoch': 2.38}
{'loss': 0.3143, 'learning_rate': 1.5540667013927602e-06, 'epoch': 2.38}
{'loss': 0.3741, 'learning_rate': 1.5511065580863888e-06, 'epoch': 2.38}
{'loss': 0.3157, 'learning_rate': 1.548148719009488e-06, 'epoch': 2.38}
{'loss': 0.365, 'learning_rate': 1.5451931861382086e-06, 'epoch': 2.38}
{'loss': 0.3025, 'learning_rate': 1.542239961447166e-06, 'epoch': 2.38}
{'loss': 0.344, 'learning_rate': 1.539289046909429e-06, 'epoch': 2.38}
{'loss': 0.4462, 'learning_rate': 1.5363404444965214e-06, 'epoch': 2.38}
{'loss': 0.3128, 'learning_rate': 1.5333941561784283e-06, 'epoch': 2.39}
{'loss': 0.3293, 'learning_rate': 1.5304501839235825e-06, 'epoch': 2.39}
{'loss': 0.3311, 'learning_rate': 1.527508529698874e-06, 'epoch': 2.39}
{'loss': 0.3324, 'learning_rate': 1.5245691954696422e-06, 'epoch': 2.39}
{'loss': 0.3471, 'learning_rate': 1.521632183199674e-06, 'epoch': 2.39}
{'loss': 0.2842, 'learning_rate': 1.5186974948512111e-06, 'epoch': 2.39}
{'loss': 0.3637, 'learning_rate': 1.5157651323849376e-06, 'epoch': 2.39}
{'loss': 0.339, 'learning_rate': 1.5128350977599826e-06, 'epoch': 2.39}
{'loss': 0.2644, 'learning_rate': 1.509907392933927e-06, 'epoch': 2.39}
{'loss': 0.317, 'learning_rate': 1.5069820198627878e-06, 'epoch': 2.39}
{'loss': 0.3696, 'learning_rate': 1.5040589805010253e-06, 'epoch': 2.39}
{'loss': 0.3009, 'learning_rate': 1.5011382768015465e-06, 'epoch': 2.39}
{'loss': 0.3032, 'learning_rate': 1.4982199107156892e-06, 'epoch': 2.39}
{'loss': 0.3318, 'learning_rate': 1.4953038841932383e-06, 'epoch': 2.39}
{'loss': 0.3284, 'learning_rate': 1.4923901991824086e-06, 'epoch': 2.39}
{'loss': 0.3553, 'learning_rate': 1.489478857629852e-06, 'epoch': 2.39}
{'loss': 0.3348, 'learning_rate': 1.486569861480659e-06, 'epoch': 2.4}
{'loss': 0.3364, 'learning_rate': 1.4836632126783479e-06, 'epoch': 2.4}
{'loss': 0.3581, 'learning_rate': 1.4807589131648703e-06, 'epoch': 2.4}
{'loss': 0.3441, 'learning_rate': 1.4778569648806106e-06, 'epoch': 2.4}
{'loss': 0.299, 'learning_rate': 1.4749573697643798e-06, 'epoch': 2.4}
{'loss': 0.3803, 'learning_rate': 1.4720601297534159e-06, 'epoch': 2.4}
{'loss': 0.3431, 'learning_rate': 1.4691652467833873e-06, 'epoch': 2.4}
{'loss': 0.3024, 'learning_rate': 1.4662727227883837e-06, 'epoch': 2.4}
{'loss': 0.3474, 'learning_rate': 1.46338255970092e-06, 'epoch': 2.4}
{'loss': 0.3171, 'learning_rate': 1.4604947594519353e-06, 'epoch': 2.4}
{'loss': 0.3658, 'learning_rate': 1.4576093239707873e-06, 'epoch': 2.4}
{'loss': 0.3008, 'learning_rate': 1.4547262551852576e-06, 'epoch': 2.4}
{'loss': 0.3302, 'learning_rate': 1.4518455550215426e-06, 'epoch': 2.4}
{'loss': 0.2909, 'learning_rate': 1.4489672254042575e-06, 'epoch': 2.4}
{'loss': 0.3289, 'learning_rate': 1.446091268256436e-06, 'epoch': 2.4}
{'loss': 0.2968, 'learning_rate': 1.4432176854995244e-06, 'epoch': 2.4}
{'loss': 0.3755, 'learning_rate': 1.4403464790533806e-06, 'epoch': 2.41}
{'loss': 0.3623, 'learning_rate': 1.437477650836281e-06, 'epoch': 2.41}
{'loss': 0.3643, 'learning_rate': 1.4346112027649078e-06, 'epoch': 2.41}
{'loss': 0.3232, 'learning_rate': 1.4317471367543534e-06, 'epoch': 2.41}
{'loss': 0.3032, 'learning_rate': 1.4288854547181236e-06, 'epoch': 2.41}
{'loss': 0.4146, 'learning_rate': 1.4260261585681234e-06, 'epoch': 2.41}
{'loss': 0.3278, 'learning_rate': 1.4231692502146738e-06, 'epoch': 2.41}
{'loss': 0.3453, 'learning_rate': 1.4203147315664905e-06, 'epoch': 2.41}
{'loss': 0.3748, 'learning_rate': 1.4174626045306967e-06, 'epoch': 2.41}
{'loss': 0.2883, 'learning_rate': 1.4146128710128209e-06, 'epoch': 2.41}
{'loss': 0.3365, 'learning_rate': 1.4117655329167873e-06, 'epoch': 2.41}
{'loss': 0.3386, 'learning_rate': 1.4089205921449251e-06, 'epoch': 2.41}
{'loss': 0.3662, 'learning_rate': 1.4060780505979565e-06, 'epoch': 2.41}
{'loss': 0.3847, 'learning_rate': 1.4032379101750026e-06, 'epoch': 2.41}
{'loss': 0.313, 'learning_rate': 1.4004001727735833e-06, 'epoch': 2.41}
{'loss': 0.3327, 'learning_rate': 1.3975648402896092e-06, 'epoch': 2.41}
{'loss': 0.3319, 'learning_rate': 1.3947319146173832e-06, 'epoch': 2.42}
{'loss': 0.4214, 'learning_rate': 1.3919013976496066e-06, 'epoch': 2.42}
{'loss': 0.3488, 'learning_rate': 1.3890732912773651e-06, 'epoch': 2.42}
{'loss': 0.3309, 'learning_rate': 1.386247597390135e-06, 'epoch': 2.42}
{'loss': 0.3662, 'learning_rate': 1.3834243178757844e-06, 'epoch': 2.42}
{'loss': 0.3553, 'learning_rate': 1.3806034546205626e-06, 'epoch': 2.42}
{'loss': 0.3368, 'learning_rate': 1.3777850095091116e-06, 'epoch': 2.42}
{'loss': 0.3165, 'learning_rate': 1.374968984424452e-06, 'epoch': 2.42}
{'loss': 0.2938, 'learning_rate': 1.3721553812479882e-06, 'epoch': 2.42}
{'loss': 0.3367, 'learning_rate': 1.3693442018595105e-06, 'epoch': 2.42}
{'loss': 0.2917, 'learning_rate': 1.366535448137186e-06, 'epoch': 2.42}
{'loss': 0.3533, 'learning_rate': 1.363729121957561e-06, 'epoch': 2.42}
{'loss': 0.3236, 'learning_rate': 1.3609252251955645e-06, 'epoch': 2.42}
{'loss': 0.3081, 'learning_rate': 1.3581237597244972e-06, 'epoch': 2.42}
{'loss': 0.3169, 'learning_rate': 1.3553247274160363e-06, 'epoch': 2.42}
{'loss': 0.3552, 'learning_rate': 1.3525281301402377e-06, 'epoch': 2.42}
{'loss': 0.3591, 'learning_rate': 1.3497339697655254e-06, 'epoch': 2.43}
{'loss': 0.364, 'learning_rate': 1.3469422481586964e-06, 'epoch': 2.43}
{'loss': 0.3799, 'learning_rate': 1.3441529671849212e-06, 'epoch': 2.43}
{'loss': 0.2961, 'learning_rate': 1.3413661287077356e-06, 'epoch': 2.43}
{'loss': 0.3263, 'learning_rate': 1.3385817345890479e-06, 'epoch': 2.43}
{'loss': 0.2864, 'learning_rate': 1.3357997866891298e-06, 'epoch': 2.43}
{'loss': 0.2818, 'learning_rate': 1.3330202868666186e-06, 'epoch': 2.43}
{'loss': 0.2874, 'learning_rate': 1.3302432369785195e-06, 'epoch': 2.43}
{'loss': 0.3674, 'learning_rate': 1.3274686388801976e-06, 'epoch': 2.43}
{'loss': 0.356, 'learning_rate': 1.32469649442538e-06, 'epoch': 2.43}
{'loss': 0.2725, 'learning_rate': 1.3219268054661577e-06, 'epoch': 2.43}
{'loss': 0.2968, 'learning_rate': 1.3191595738529778e-06, 'epoch': 2.43}
{'loss': 0.3612, 'learning_rate': 1.3163948014346451e-06, 'epoch': 2.43}
{'loss': 0.3492, 'learning_rate': 1.313632490058327e-06, 'epoch': 2.43}
{'loss': 0.3161, 'learning_rate': 1.3108726415695384e-06, 'epoch': 2.43}
{'loss': 0.322, 'learning_rate': 1.308115257812157e-06, 'epoch': 2.43}
{'loss': 0.3655, 'learning_rate': 1.3053603406284082e-06, 'epoch': 2.44}
{'loss': 0.3761, 'learning_rate': 1.3026078918588698e-06, 'epoch': 2.44}
{'loss': 0.3348, 'learning_rate': 1.2998579133424744e-06, 'epoch': 2.44}
{'loss': 0.3573, 'learning_rate': 1.2971104069165003e-06, 'epoch': 2.44}
{'loss': 0.337, 'learning_rate': 1.294365374416574e-06, 'epoch': 2.44}
{'loss': 0.3334, 'learning_rate': 1.2916228176766738e-06, 'epoch': 2.44}
{'loss': 0.3505, 'learning_rate': 1.2888827385291185e-06, 'epoch': 2.44}
{'loss': 0.3159, 'learning_rate': 1.2861451388045736e-06, 'epoch': 2.44}
{'loss': 0.3472, 'learning_rate': 1.2834100203320505e-06, 'epoch': 2.44}
{'loss': 0.3984, 'learning_rate': 1.2806773849388992e-06, 'epoch': 2.44}
{'loss': 0.3011, 'learning_rate': 1.277947234450811e-06, 'epoch': 2.44}
{'loss': 0.358, 'learning_rate': 1.2752195706918209e-06, 'epoch': 2.44}
{'loss': 0.3313, 'learning_rate': 1.2724943954842966e-06, 'epoch': 2.44}
{'loss': 0.2951, 'learning_rate': 1.269771710648951e-06, 'epoch': 2.44}
{'loss': 0.3116, 'learning_rate': 1.2670515180048253e-06, 'epoch': 2.44}
{'loss': 0.3567, 'learning_rate': 1.2643338193692984e-06, 'epoch': 2.44}
{'loss': 0.353, 'learning_rate': 1.2616186165580875e-06, 'epoch': 2.45}
{'loss': 0.3415, 'learning_rate': 1.2589059113852326e-06, 'epoch': 2.45}
{'loss': 0.3105, 'learning_rate': 1.2561957056631151e-06, 'epoch': 2.45}
{'loss': 0.3029, 'learning_rate': 1.2534880012024408e-06, 'epoch': 2.45}
{'loss': 0.327, 'learning_rate': 1.250782799812244e-06, 'epoch': 2.45}
{'loss': 0.3161, 'learning_rate': 1.248080103299892e-06, 'epoch': 2.45}
{'loss': 0.3281, 'learning_rate': 1.245379913471072e-06, 'epoch': 2.45}
{'loss': 0.3041, 'learning_rate': 1.2426822321297992e-06, 'epoch': 2.45}
{'loss': 0.3871, 'learning_rate': 1.2399870610784166e-06, 'epoch': 2.45}
{'loss': 0.3318, 'learning_rate': 1.237294402117583e-06, 'epoch': 2.45}
{'loss': 0.3663, 'learning_rate': 1.234604257046283e-06, 'epoch': 2.45}
{'loss': 0.3338, 'learning_rate': 1.2319166276618223e-06, 'epoch': 2.45}
{'loss': 0.2943, 'learning_rate': 1.2292315157598227e-06, 'epoch': 2.45}
{'loss': 0.3647, 'learning_rate': 1.2265489231342293e-06, 'epoch': 2.45}
{'loss': 0.3926, 'learning_rate': 1.2238688515772979e-06, 'epoch': 2.45}
{'loss': 0.3572, 'learning_rate': 1.2211913028796025e-06, 'epoch': 2.45}
{'loss': 0.3312, 'learning_rate': 1.2185162788300343e-06, 'epoch': 2.46}
{'loss': 0.3604, 'learning_rate': 1.2158437812157937e-06, 'epoch': 2.46}
{'loss': 0.3104, 'learning_rate': 1.2131738118223935e-06, 'epoch': 2.46}
{'loss': 0.3779, 'learning_rate': 1.2105063724336613e-06, 'epoch': 2.46}
{'loss': 0.2993, 'learning_rate': 1.207841464831731e-06, 'epoch': 2.46}
{'loss': 0.3002, 'learning_rate': 1.2051790907970435e-06, 'epoch': 2.46}
{'loss': 0.3557, 'learning_rate': 1.2025192521083523e-06, 'epoch': 2.46}
{'loss': 0.3319, 'learning_rate': 1.1998619505427111e-06, 'epoch': 2.46}
{'loss': 0.2859, 'learning_rate': 1.1972071878754842e-06, 'epoch': 2.46}
{'loss': 0.4116, 'learning_rate': 1.1945549658803363e-06, 'epoch': 2.46}
{'loss': 0.304, 'learning_rate': 1.1919052863292325e-06, 'epoch': 2.46}
{'loss': 0.3172, 'learning_rate': 1.189258150992445e-06, 'epoch': 2.46}
{'loss': 0.3846, 'learning_rate': 1.186613561638542e-06, 'epoch': 2.46}
{'loss': 0.2737, 'learning_rate': 1.183971520034391e-06, 'epoch': 2.46}
{'loss': 0.3672, 'learning_rate': 1.18133202794516e-06, 'epoch': 2.46}
{'loss': 0.324, 'learning_rate': 1.1786950871343116e-06, 'epoch': 2.46}
{'loss': 0.3683, 'learning_rate': 1.176060699363602e-06, 'epoch': 2.47}
{'loss': 0.3573, 'learning_rate': 1.173428866393086e-06, 'epoch': 2.47}
{'loss': 0.36, 'learning_rate': 1.1707995899811076e-06, 'epoch': 2.47}
{'loss': 0.3446, 'learning_rate': 1.168172871884307e-06, 'epoch': 2.47}
{'loss': 0.2634, 'learning_rate': 1.1655487138576116e-06, 'epoch': 2.47}
{'loss': 0.2784, 'learning_rate': 1.1629271176542367e-06, 'epoch': 2.47}
{'loss': 0.291, 'learning_rate': 1.1603080850256932e-06, 'epoch': 2.47}
{'loss': 0.3296, 'learning_rate': 1.1576916177217728e-06, 'epoch': 2.47}
{'loss': 0.3107, 'learning_rate': 1.1550777174905535e-06, 'epoch': 2.47}
{'loss': 0.3099, 'learning_rate': 1.1524663860784035e-06, 'epoch': 2.47}
{'loss': 0.4109, 'learning_rate': 1.1498576252299691e-06, 'epoch': 2.47}
{'loss': 0.414, 'learning_rate': 1.1472514366881815e-06, 'epoch': 2.47}
{'loss': 0.3027, 'learning_rate': 1.1446478221942548e-06, 'epoch': 2.47}
{'loss': 0.3337, 'learning_rate': 1.1420467834876803e-06, 'epoch': 2.47}
{'loss': 0.405, 'learning_rate': 1.1394483223062287e-06, 'epoch': 2.47}
{'loss': 0.2866, 'learning_rate': 1.1368524403859532e-06, 'epoch': 2.47}
{'loss': 0.4458, 'learning_rate': 1.1342591394611768e-06, 'epoch': 2.48}
{'loss': 0.3422, 'learning_rate': 1.1316684212645051e-06, 'epoch': 2.48}
{'loss': 0.3012, 'learning_rate': 1.129080287526813e-06, 'epoch': 2.48}
{'loss': 0.4267, 'learning_rate': 1.1264947399772497e-06, 'epoch': 2.48}
{'loss': 0.2824, 'learning_rate': 1.1239117803432393e-06, 'epoch': 2.48}
{'loss': 0.3179, 'learning_rate': 1.121331410350474e-06, 'epoch': 2.48}
{'loss': 0.3384, 'learning_rate': 1.1187536317229153e-06, 'epoch': 2.48}
{'loss': 0.3298, 'learning_rate': 1.1161784461827973e-06, 'epoch': 2.48}
{'loss': 0.3456, 'learning_rate': 1.1136058554506185e-06, 'epoch': 2.48}
{'loss': 0.338, 'learning_rate': 1.1110358612451438e-06, 'epoch': 2.48}
{'loss': 0.3114, 'learning_rate': 1.1084684652834044e-06, 'epoch': 2.48}
{'loss': 0.3008, 'learning_rate': 1.105903669280694e-06, 'epoch': 2.48}
{'loss': 0.3348, 'learning_rate': 1.1033414749505728e-06, 'epoch': 2.48}
{'loss': 0.3085, 'learning_rate': 1.1007818840048595e-06, 'epoch': 2.48}
{'loss': 0.2954, 'learning_rate': 1.0982248981536325e-06, 'epoch': 2.48}
{'loss': 0.3581, 'learning_rate': 1.0956705191052352e-06, 'epoch': 2.48}
{'loss': 0.3909, 'learning_rate': 1.0931187485662625e-06, 'epoch': 2.49}
{'loss': 0.2534, 'learning_rate': 1.0905695882415734e-06, 'epoch': 2.49}
{'loss': 0.3983, 'learning_rate': 1.0880230398342773e-06, 'epoch': 2.49}
{'loss': 0.3298, 'learning_rate': 1.085479105045739e-06, 'epoch': 2.49}
{'loss': 0.3144, 'learning_rate': 1.082937785575583e-06, 'epoch': 2.49}
{'loss': 0.369, 'learning_rate': 1.08039908312168e-06, 'epoch': 2.49}
{'loss': 0.2959, 'learning_rate': 1.077862999380153e-06, 'epoch': 2.49}
{'loss': 0.3272, 'learning_rate': 1.0753295360453807e-06, 'epoch': 2.49}
{'loss': 0.2927, 'learning_rate': 1.0727986948099855e-06, 'epoch': 2.49}
{'loss': 0.3316, 'learning_rate': 1.0702704773648388e-06, 'epoch': 2.49}
{'loss': 0.3013, 'learning_rate': 1.0677448853990618e-06, 'epoch': 2.49}
{'loss': 0.3645, 'learning_rate': 1.0652219206000181e-06, 'epoch': 2.49}
{'loss': 0.2767, 'learning_rate': 1.0627015846533206e-06, 'epoch': 2.49}
{'loss': 0.3915, 'learning_rate': 1.0601838792428216e-06, 'epoch': 2.49}
{'loss': 0.3134, 'learning_rate': 1.0576688060506157e-06, 'epoch': 2.49}
{'loss': 0.2682, 'learning_rate': 1.0551563667570441e-06, 'epoch': 2.49}
{'loss': 0.3762, 'learning_rate': 1.052646563040683e-06, 'epoch': 2.5}
{'loss': 0.3325, 'learning_rate': 1.050139396578348e-06, 'epoch': 2.5}
{'loss': 0.3991, 'learning_rate': 1.0476348690450972e-06, 'epoch': 2.5}
{'loss': 0.2884, 'learning_rate': 1.0451329821142209e-06, 'epoch': 2.5}
{'loss': 0.2613, 'learning_rate': 1.042633737457247e-06, 'epoch': 2.5}
{'loss': 0.3546, 'learning_rate': 1.0401371367439395e-06, 'epoch': 2.5}
{'loss': 0.3137, 'learning_rate': 1.0376431816422933e-06, 'epoch': 2.5}
{'loss': 0.3112, 'learning_rate': 1.0351518738185363e-06, 'epoch': 2.5}
{'loss': 0.3558, 'learning_rate': 1.0326632149371302e-06, 'epoch': 2.5}
{'loss': 0.4094, 'learning_rate': 1.0301772066607634e-06, 'epoch': 2.5}
{'loss': 0.3425, 'learning_rate': 1.0276938506503575e-06, 'epoch': 2.5}
{'loss': 0.3639, 'learning_rate': 1.025213148565058e-06, 'epoch': 2.5}
{'loss': 0.359, 'learning_rate': 1.0227351020622383e-06, 'epoch': 2.5}
{'loss': 0.3868, 'learning_rate': 1.0202597127975005e-06, 'epoch': 2.5}
{'loss': 0.3616, 'learning_rate': 1.0177869824246682e-06, 'epoch': 2.5}
{'loss': 0.3521, 'learning_rate': 1.0153169125957886e-06, 'epoch': 2.5}
{'loss': 0.2932, 'learning_rate': 1.0128495049611343e-06, 'epoch': 2.51}
{'loss': 0.3329, 'learning_rate': 1.010384761169197e-06, 'epoch': 2.51}
{'loss': 0.334, 'learning_rate': 1.007922682866686e-06, 'epoch': 2.51}
{'loss': 0.3118, 'learning_rate': 1.0054632716985375e-06, 'epoch': 2.51}
{'loss': 0.2782, 'learning_rate': 1.0030065293078967e-06, 'epoch': 2.51}
{'loss': 0.3587, 'learning_rate': 1.0005524573361336e-06, 'epoch': 2.51}
{'loss': 0.3356, 'learning_rate': 9.981010574228288e-07, 'epoch': 2.51}
{'loss': 0.2734, 'learning_rate': 9.956523312057793e-07, 'epoch': 2.51}
{'loss': 0.3831, 'learning_rate': 9.932062803209969e-07, 'epoch': 2.51}
{'loss': 0.359, 'learning_rate': 9.907629064027053e-07, 'epoch': 2.51}
{'loss': 0.3062, 'learning_rate': 9.883222110833367e-07, 'epoch': 2.51}
{'loss': 0.388, 'learning_rate': 9.858841959935401e-07, 'epoch': 2.51}
{'loss': 0.2683, 'learning_rate': 9.834488627621685e-07, 'epoch': 2.51}
{'loss': 0.3356, 'learning_rate': 9.810162130162836e-07, 'epoch': 2.51}
{'loss': 0.3487, 'learning_rate': 9.785862483811586e-07, 'epoch': 2.51}
{'loss': 0.3751, 'learning_rate': 9.761589704802671e-07, 'epoch': 2.51}
{'loss': 0.3082, 'learning_rate': 9.737343809352894e-07, 'epoch': 2.52}
{'loss': 0.3265, 'learning_rate': 9.71312481366114e-07, 'epoch': 2.52}
{'loss': 0.3605, 'learning_rate': 9.688932733908246e-07, 'epoch': 2.52}
{'loss': 0.3761, 'learning_rate': 9.664767586257157e-07, 'epoch': 2.52}
{'loss': 0.3754, 'learning_rate': 9.640629386852717e-07, 'epoch': 2.52}
{'loss': 0.3494, 'learning_rate': 9.616518151821869e-07, 'epoch': 2.52}
{'loss': 0.3174, 'learning_rate': 9.592433897273468e-07, 'epoch': 2.52}
{'loss': 0.3438, 'learning_rate': 9.568376639298376e-07, 'epoch': 2.52}
{'loss': 0.4105, 'learning_rate': 9.544346393969422e-07, 'epoch': 2.52}
{'loss': 0.2999, 'learning_rate': 9.520343177341379e-07, 'epoch': 2.52}
{'loss': 0.3376, 'learning_rate': 9.496367005450941e-07, 'epoch': 2.52}
{'loss': 0.3451, 'learning_rate': 9.472417894316783e-07, 'epoch': 2.52}
{'loss': 0.3246, 'learning_rate': 9.448495859939455e-07, 'epoch': 2.52}
{'loss': 0.2825, 'learning_rate': 9.424600918301419e-07, 'epoch': 2.52}
{'loss': 0.2741, 'learning_rate': 9.400733085367081e-07, 'epoch': 2.52}
{'loss': 0.3032, 'learning_rate': 9.376892377082686e-07, 'epoch': 2.52}
{'loss': 0.3491, 'learning_rate': 9.353078809376371e-07, 'epoch': 2.53}
{'loss': 0.4076, 'learning_rate': 9.329292398158157e-07, 'epoch': 2.53}
{'loss': 0.3679, 'learning_rate': 9.305533159319896e-07, 'epoch': 2.53}
{'loss': 0.3065, 'learning_rate': 9.281801108735322e-07, 'epoch': 2.53}
{'loss': 0.2969, 'learning_rate': 9.258096262259969e-07, 'epoch': 2.53}
{'loss': 0.2939, 'learning_rate': 9.234418635731191e-07, 'epoch': 2.53}
{'loss': 0.3339, 'learning_rate': 9.210768244968199e-07, 'epoch': 2.53}
{'loss': 0.2607, 'learning_rate': 9.187145105771972e-07, 'epoch': 2.53}
{'loss': 0.3027, 'learning_rate': 9.163549233925284e-07, 'epoch': 2.53}
{'loss': 0.2663, 'learning_rate': 9.139980645192715e-07, 'epoch': 2.53}
{'loss': 0.2315, 'learning_rate': 9.116439355320594e-07, 'epoch': 2.53}
{'loss': 0.3518, 'learning_rate': 9.09292538003701e-07, 'epoch': 2.53}
{'loss': 0.3466, 'learning_rate': 9.069438735051833e-07, 'epoch': 2.53}
{'loss': 0.3673, 'learning_rate': 9.045979436056624e-07, 'epoch': 2.53}
{'loss': 0.3829, 'learning_rate': 9.022547498724731e-07, 'epoch': 2.53}
{'loss': 0.3234, 'learning_rate': 8.999142938711186e-07, 'epoch': 2.53}
{'loss': 0.3081, 'learning_rate': 8.975765771652711e-07, 'epoch': 2.54}
{'loss': 0.3356, 'learning_rate': 8.952416013167792e-07, 'epoch': 2.54}
{'loss': 0.3232, 'learning_rate': 8.929093678856538e-07, 'epoch': 2.54}
{'loss': 0.3696, 'learning_rate': 8.905798784300756e-07, 'epoch': 2.54}
{'loss': 0.3681, 'learning_rate': 8.882531345063949e-07, 'epoch': 2.54}
{'loss': 0.286, 'learning_rate': 8.859291376691243e-07, 'epoch': 2.54}
{'loss': 0.303, 'learning_rate': 8.836078894709405e-07, 'epoch': 2.54}
{'loss': 0.3124, 'learning_rate': 8.81289391462688e-07, 'epoch': 2.54}
{'loss': 0.3779, 'learning_rate': 8.789736451933689e-07, 'epoch': 2.54}
{'loss': 0.2989, 'learning_rate': 8.766606522101517e-07, 'epoch': 2.54}
{'loss': 0.3244, 'learning_rate': 8.74350414058362e-07, 'epoch': 2.54}
{'loss': 0.3257, 'learning_rate': 8.720429322814838e-07, 'epoch': 2.54}
{'loss': 0.4193, 'learning_rate': 8.697382084211653e-07, 'epoch': 2.54}
{'loss': 0.3036, 'learning_rate': 8.674362440172057e-07, 'epoch': 2.54}
{'loss': 0.3359, 'learning_rate': 8.651370406075626e-07, 'epoch': 2.54}
{'loss': 0.3872, 'learning_rate': 8.628405997283528e-07, 'epoch': 2.54}
{'loss': 0.2419, 'learning_rate': 8.605469229138425e-07, 'epoch': 2.55}
{'loss': 0.3688, 'learning_rate': 8.582560116964511e-07, 'epoch': 2.55}
{'loss': 0.2954, 'learning_rate': 8.559678676067557e-07, 'epoch': 2.55}
{'loss': 0.3044, 'learning_rate': 8.536824921734793e-07, 'epoch': 2.55}
{'loss': 0.3812, 'learning_rate': 8.513998869234963e-07, 'epoch': 2.55}
{'loss': 0.3448, 'learning_rate': 8.491200533818328e-07, 'epoch': 2.55}
{'loss': 0.3005, 'learning_rate': 8.468429930716588e-07, 'epoch': 2.55}
{'loss': 0.3723, 'learning_rate': 8.445687075142972e-07, 'epoch': 2.55}
{'loss': 0.3199, 'learning_rate': 8.422971982292122e-07, 'epoch': 2.55}
{'loss': 0.3362, 'learning_rate': 8.400284667340131e-07, 'epoch': 2.55}
{'loss': 0.2733, 'learning_rate': 8.377625145444579e-07, 'epoch': 2.55}
{'loss': 0.2839, 'learning_rate': 8.35499343174444e-07, 'epoch': 2.55}
{'loss': 0.3387, 'learning_rate': 8.332389541360114e-07, 'epoch': 2.55}
{'loss': 0.328, 'learning_rate': 8.309813489393415e-07, 'epoch': 2.55}
{'loss': 0.3868, 'learning_rate': 8.287265290927549e-07, 'epoch': 2.55}
{'loss': 0.3093, 'learning_rate': 8.264744961027149e-07, 'epoch': 2.55}
{'loss': 0.3487, 'learning_rate': 8.242252514738186e-07, 'epoch': 2.56}
{'loss': 0.336, 'learning_rate': 8.219787967088005e-07, 'epoch': 2.56}
{'loss': 0.3498, 'learning_rate': 8.197351333085357e-07, 'epoch': 2.56}
{'loss': 0.3181, 'learning_rate': 8.17494262772029e-07, 'epoch': 2.56}
{'loss': 0.25, 'learning_rate': 8.152561865964209e-07, 'epoch': 2.56}
{'loss': 0.3437, 'learning_rate': 8.130209062769878e-07, 'epoch': 2.56}
{'loss': 0.3231, 'learning_rate': 8.107884233071334e-07, 'epoch': 2.56}
{'loss': 0.328, 'learning_rate': 8.085587391783972e-07, 'epoch': 2.56}
{'loss': 0.2616, 'learning_rate': 8.063318553804455e-07, 'epoch': 2.56}
{'loss': 0.3321, 'learning_rate': 8.041077734010738e-07, 'epoch': 2.56}
{'loss': 0.3102, 'learning_rate': 8.018864947262089e-07, 'epoch': 2.56}
{'loss': 0.4028, 'learning_rate': 7.996680208399005e-07, 'epoch': 2.56}
{'loss': 0.3544, 'learning_rate': 7.974523532243261e-07, 'epoch': 2.56}
{'loss': 0.3984, 'learning_rate': 7.952394933597901e-07, 'epoch': 2.56}
{'loss': 0.322, 'learning_rate': 7.930294427247181e-07, 'epoch': 2.56}
{'loss': 0.4093, 'learning_rate': 7.908222027956596e-07, 'epoch': 2.56}
{'loss': 0.3558, 'learning_rate': 7.886177750472895e-07, 'epoch': 2.57}
{'loss': 0.397, 'learning_rate': 7.864161609523974e-07, 'epoch': 2.57}
{'loss': 0.3176, 'learning_rate': 7.842173619819004e-07, 'epoch': 2.57}
{'loss': 0.3392, 'learning_rate': 7.820213796048304e-07, 'epoch': 2.57}
{'loss': 0.381, 'learning_rate': 7.798282152883357e-07, 'epoch': 2.57}
{'loss': 0.3483, 'learning_rate': 7.776378704976878e-07, 'epoch': 2.57}
{'loss': 0.3732, 'learning_rate': 7.754503466962699e-07, 'epoch': 2.57}
{'loss': 0.3356, 'learning_rate': 7.7326564534558e-07, 'epoch': 2.57}
{'loss': 0.3151, 'learning_rate': 7.710837679052358e-07, 'epoch': 2.57}
{'loss': 0.317, 'learning_rate': 7.689047158329622e-07, 'epoch': 2.57}
{'loss': 0.365, 'learning_rate': 7.667284905845979e-07, 'epoch': 2.57}
{'loss': 0.2856, 'learning_rate': 7.645550936140967e-07, 'epoch': 2.57}
{'loss': 0.3103, 'learning_rate': 7.623845263735185e-07, 'epoch': 2.57}
{'loss': 0.2803, 'learning_rate': 7.602167903130336e-07, 'epoch': 2.57}
{'loss': 0.3522, 'learning_rate': 7.58051886880924e-07, 'epoch': 2.57}
{'loss': 0.39, 'learning_rate': 7.558898175235729e-07, 'epoch': 2.57}
{'loss': 0.3074, 'learning_rate': 7.537305836854775e-07, 'epoch': 2.58}
{'loss': 0.3368, 'learning_rate': 7.515741868092346e-07, 'epoch': 2.58}
{'loss': 0.3551, 'learning_rate': 7.494206283355476e-07, 'epoch': 2.58}
{'loss': 0.3244, 'learning_rate': 7.472699097032254e-07, 'epoch': 2.58}
{'loss': 0.3815, 'learning_rate': 7.451220323491765e-07, 'epoch': 2.58}
{'loss': 0.3267, 'learning_rate': 7.429769977084122e-07, 'epoch': 2.58}
{'loss': 0.3426, 'learning_rate': 7.40834807214047e-07, 'epoch': 2.58}
{'loss': 0.334, 'learning_rate': 7.386954622972919e-07, 'epoch': 2.58}
{'loss': 0.2991, 'learning_rate': 7.365589643874566e-07, 'epoch': 2.58}
{'loss': 0.3358, 'learning_rate': 7.344253149119523e-07, 'epoch': 2.58}
{'loss': 0.3462, 'learning_rate': 7.322945152962829e-07, 'epoch': 2.58}
{'loss': 0.3192, 'learning_rate': 7.301665669640528e-07, 'epoch': 2.58}
{'loss': 0.2574, 'learning_rate': 7.280414713369577e-07, 'epoch': 2.58}
{'loss': 0.3238, 'learning_rate': 7.259192298347873e-07, 'epoch': 2.58}
{'loss': 0.3287, 'learning_rate': 7.23799843875428e-07, 'epoch': 2.58}
{'loss': 0.2852, 'learning_rate': 7.216833148748553e-07, 'epoch': 2.58}
{'loss': 0.3617, 'learning_rate': 7.195696442471351e-07, 'epoch': 2.59}
{'loss': 0.3578, 'learning_rate': 7.174588334044286e-07, 'epoch': 2.59}
{'loss': 0.3611, 'learning_rate': 7.153508837569806e-07, 'epoch': 2.59}
{'loss': 0.3052, 'learning_rate': 7.132457967131268e-07, 'epoch': 2.59}
{'loss': 0.2734, 'learning_rate': 7.111435736792921e-07, 'epoch': 2.59}
{'loss': 0.3422, 'learning_rate': 7.090442160599853e-07, 'epoch': 2.59}
{'loss': 0.3028, 'learning_rate': 7.069477252578011e-07, 'epoch': 2.59}
{'loss': 0.3381, 'learning_rate': 7.048541026734202e-07, 'epoch': 2.59}
{'loss': 0.321, 'learning_rate': 7.027633497056047e-07, 'epoch': 2.59}
{'loss': 0.3092, 'learning_rate': 7.006754677512034e-07, 'epoch': 2.59}
{'loss': 0.3524, 'learning_rate': 6.985904582051428e-07, 'epoch': 2.59}
{'loss': 0.2903, 'learning_rate': 6.965083224604335e-07, 'epoch': 2.59}
{'loss': 0.3683, 'learning_rate': 6.944290619081645e-07, 'epoch': 2.59}
{'loss': 0.3873, 'learning_rate': 6.923526779375023e-07, 'epoch': 2.59}
{'loss': 0.3782, 'learning_rate': 6.90279171935696e-07, 'epoch': 2.59}
{'loss': 0.2996, 'learning_rate': 6.882085452880683e-07, 'epoch': 2.59}
{'loss': 0.242, 'learning_rate': 6.861407993780172e-07, 'epoch': 2.6}
{'loss': 0.3748, 'learning_rate': 6.840759355870208e-07, 'epoch': 2.6}
{'loss': 0.3056, 'learning_rate': 6.820139552946281e-07, 'epoch': 2.6}
{'loss': 0.32, 'learning_rate': 6.799548598784605e-07, 'epoch': 2.6}
{'loss': 0.3201, 'learning_rate': 6.77898650714216e-07, 'epoch': 2.6}
{'loss': 0.3961, 'learning_rate': 6.758453291756617e-07, 'epoch': 2.6}
{'loss': 0.3445, 'learning_rate': 6.737948966346347e-07, 'epoch': 2.6}
{'loss': 0.3187, 'learning_rate': 6.717473544610448e-07, 'epoch': 2.6}
{'loss': 0.3731, 'learning_rate': 6.697027040228665e-07, 'epoch': 2.6}
{'loss': 0.3457, 'learning_rate': 6.676609466861478e-07, 'epoch': 2.6}
{'loss': 0.396, 'learning_rate': 6.656220838150002e-07, 'epoch': 2.6}
{'loss': 0.3764, 'learning_rate': 6.635861167715996e-07, 'epoch': 2.6}
{'loss': 0.3625, 'learning_rate': 6.615530469161924e-07, 'epoch': 2.6}
{'loss': 0.2838, 'learning_rate': 6.59522875607086e-07, 'epoch': 2.6}
{'loss': 0.3458, 'learning_rate': 6.574956042006497e-07, 'epoch': 2.6}
{'loss': 0.3398, 'learning_rate': 6.554712340513208e-07, 'epoch': 2.6}
{'loss': 0.3489, 'learning_rate': 6.534497665115929e-07, 'epoch': 2.61}
{'loss': 0.3587, 'learning_rate': 6.514312029320219e-07, 'epoch': 2.61}
{'loss': 0.3047, 'learning_rate': 6.494155446612266e-07, 'epoch': 2.61}
{'loss': 0.2882, 'learning_rate': 6.474027930458787e-07, 'epoch': 2.61}
{'loss': 0.301, 'learning_rate': 6.453929494307143e-07, 'epoch': 2.61}
{'loss': 0.3293, 'learning_rate': 6.433860151585231e-07, 'epoch': 2.61}
{'loss': 0.3373, 'learning_rate': 6.413819915701503e-07, 'epoch': 2.61}
{'loss': 0.3889, 'learning_rate': 6.393808800044998e-07, 'epoch': 2.61}
{'loss': 0.3318, 'learning_rate': 6.373826817985269e-07, 'epoch': 2.61}
{'loss': 0.3796, 'learning_rate': 6.353873982872411e-07, 'epoch': 2.61}
{'loss': 0.3726, 'learning_rate': 6.333950308037068e-07, 'epoch': 2.61}
{'loss': 0.3176, 'learning_rate': 6.31405580679037e-07, 'epoch': 2.61}
{'loss': 0.3102, 'learning_rate': 6.294190492423968e-07, 'epoch': 2.61}
{'loss': 0.3148, 'learning_rate': 6.274354378210029e-07, 'epoch': 2.61}
{'loss': 0.3527, 'learning_rate': 6.254547477401185e-07, 'epoch': 2.61}
{'loss': 0.3674, 'learning_rate': 6.234769803230573e-07, 'epoch': 2.61}
{'loss': 0.4124, 'learning_rate': 6.215021368911795e-07, 'epoch': 2.62}
{'loss': 0.3719, 'learning_rate': 6.195302187638897e-07, 'epoch': 2.62}
{'loss': 0.3739, 'learning_rate': 6.175612272586418e-07, 'epoch': 2.62}
{'loss': 0.3626, 'learning_rate': 6.155951636909324e-07, 'epoch': 2.62}
{'loss': 0.3475, 'learning_rate': 6.136320293743009e-07, 'epoch': 2.62}
{'loss': 0.3432, 'learning_rate': 6.116718256203325e-07, 'epoch': 2.62}
{'loss': 0.349, 'learning_rate': 6.097145537386522e-07, 'epoch': 2.62}
{'loss': 0.3184, 'learning_rate': 6.077602150369261e-07, 'epoch': 2.62}
{'loss': 0.293, 'learning_rate': 6.05808810820862e-07, 'epoch': 2.62}
{'loss': 0.3495, 'learning_rate': 6.038603423942074e-07, 'epoch': 2.62}
{'loss': 0.3746, 'learning_rate': 6.019148110587448e-07, 'epoch': 2.62}
{'loss': 0.369, 'learning_rate': 5.999722181143003e-07, 'epoch': 2.62}
{'loss': 0.3023, 'learning_rate': 5.98032564858731e-07, 'epoch': 2.62}
{'loss': 0.321, 'learning_rate': 5.960958525879346e-07, 'epoch': 2.62}
{'loss': 0.3499, 'learning_rate': 5.94162082595841e-07, 'epoch': 2.62}
{'loss': 0.3174, 'learning_rate': 5.92231256174416e-07, 'epoch': 2.62}
{'loss': 0.3846, 'learning_rate': 5.903033746136566e-07, 'epoch': 2.63}
{'loss': 0.2663, 'learning_rate': 5.883784392015934e-07, 'epoch': 2.63}
{'loss': 0.3711, 'learning_rate': 5.864564512242915e-07, 'epoch': 2.63}
{'loss': 0.3629, 'learning_rate': 5.845374119658431e-07, 'epoch': 2.63}
{'loss': 0.3795, 'learning_rate': 5.826213227083699e-07, 'epoch': 2.63}
{'loss': 0.3202, 'learning_rate': 5.807081847320273e-07, 'epoch': 2.63}
{'loss': 0.3871, 'learning_rate': 5.787979993149939e-07, 'epoch': 2.63}
{'loss': 0.4117, 'learning_rate': 5.768907677334778e-07, 'epoch': 2.63}
{'loss': 0.4045, 'learning_rate': 5.749864912617148e-07, 'epoch': 2.63}
{'loss': 0.3842, 'learning_rate': 5.730851711719648e-07, 'epoch': 2.63}
{'loss': 0.3591, 'learning_rate': 5.711868087345112e-07, 'epoch': 2.63}
{'loss': 0.2798, 'learning_rate': 5.692914052176652e-07, 'epoch': 2.63}
{'loss': 0.39, 'learning_rate': 5.673989618877568e-07, 'epoch': 2.63}
{'loss': 0.3652, 'learning_rate': 5.655094800091432e-07, 'epoch': 2.63}
{'loss': 0.2799, 'learning_rate': 5.636229608441984e-07, 'epoch': 2.63}
{'loss': 0.3516, 'learning_rate': 5.617394056533182e-07, 'epoch': 2.63}
{'loss': 0.3157, 'learning_rate': 5.598588156949209e-07, 'epoch': 2.64}
{'loss': 0.3831, 'learning_rate': 5.579811922254402e-07, 'epoch': 2.64}
{'loss': 0.3036, 'learning_rate': 5.561065364993284e-07, 'epoch': 2.64}
{'loss': 0.3475, 'learning_rate': 5.542348497690586e-07, 'epoch': 2.64}
{'loss': 0.3855, 'learning_rate': 5.52366133285116e-07, 'epoch': 2.64}
{'loss': 0.3068, 'learning_rate': 5.505003882960014e-07, 'epoch': 2.64}
{'loss': 0.2865, 'learning_rate': 5.486376160482348e-07, 'epoch': 2.64}
{'loss': 0.3763, 'learning_rate': 5.467778177863453e-07, 'epoch': 2.64}
{'loss': 0.3118, 'learning_rate': 5.449209947528783e-07, 'epoch': 2.64}
{'loss': 0.2992, 'learning_rate': 5.430671481883892e-07, 'epoch': 2.64}
{'loss': 0.386, 'learning_rate': 5.412162793314446e-07, 'epoch': 2.64}
{'loss': 0.3336, 'learning_rate': 5.393683894186247e-07, 'epoch': 2.64}
{'loss': 0.2931, 'learning_rate': 5.37523479684517e-07, 'epoch': 2.64}
{'loss': 0.35, 'learning_rate': 5.35681551361717e-07, 'epoch': 2.64}
{'loss': 0.3239, 'learning_rate': 5.338426056808316e-07, 'epoch': 2.64}
{'loss': 0.3737, 'learning_rate': 5.320066438704724e-07, 'epoch': 2.64}
{'loss': 0.3222, 'learning_rate': 5.301736671572572e-07, 'epoch': 2.65}
{'loss': 0.2879, 'learning_rate': 5.283436767658117e-07, 'epoch': 2.65}
{'loss': 0.3567, 'learning_rate': 5.265166739187643e-07, 'epoch': 2.65}
{'loss': 0.3035, 'learning_rate': 5.24692659836748e-07, 'epoch': 2.65}
{'loss': 0.352, 'learning_rate': 5.228716357384e-07, 'epoch': 2.65}
{'loss': 0.2934, 'learning_rate': 5.210536028403584e-07, 'epoch': 2.65}
{'loss': 0.3635, 'learning_rate': 5.192385623572644e-07, 'epoch': 2.65}
{'loss': 0.3272, 'learning_rate': 5.174265155017582e-07, 'epoch': 2.65}
{'loss': 0.3502, 'learning_rate': 5.156174634844802e-07, 'epoch': 2.65}
{'loss': 0.3729, 'learning_rate': 5.138114075140721e-07, 'epoch': 2.65}
{'loss': 0.35, 'learning_rate': 5.120083487971716e-07, 'epoch': 2.65}
{'loss': 0.3401, 'learning_rate': 5.102082885384135e-07, 'epoch': 2.65}
{'loss': 0.3576, 'learning_rate': 5.08411227940433e-07, 'epoch': 2.65}
{'loss': 0.248, 'learning_rate': 5.066171682038568e-07, 'epoch': 2.65}
{'loss': 0.3416, 'learning_rate': 5.048261105273078e-07, 'epoch': 2.65}
{'loss': 0.2909, 'learning_rate': 5.030380561074066e-07, 'epoch': 2.65}
{'loss': 0.3812, 'learning_rate': 5.012530061387622e-07, 'epoch': 2.66}
{'loss': 0.3517, 'learning_rate': 4.994709618139804e-07, 'epoch': 2.66}
{'loss': 0.3772, 'learning_rate': 4.976919243236572e-07, 'epoch': 2.66}
{'loss': 0.3287, 'learning_rate': 4.95915894856378e-07, 'epoch': 2.66}
{'loss': 0.3761, 'learning_rate': 4.941428745987232e-07, 'epoch': 2.66}
{'loss': 0.3662, 'learning_rate': 4.923728647352577e-07, 'epoch': 2.66}
{'loss': 0.4205, 'learning_rate': 4.906058664485369e-07, 'epoch': 2.66}
{'loss': 0.282, 'learning_rate': 4.888418809191064e-07, 'epoch': 2.66}
{'loss': 0.3929, 'learning_rate': 4.870809093254969e-07, 'epoch': 2.66}
{'loss': 0.3226, 'learning_rate': 4.853229528442244e-07, 'epoch': 2.66}
{'loss': 0.2981, 'learning_rate': 4.835680126497921e-07, 'epoch': 2.66}
{'loss': 0.3546, 'learning_rate': 4.818160899146873e-07, 'epoch': 2.66}
{'loss': 0.3379, 'learning_rate': 4.80067185809383e-07, 'epoch': 2.66}
{'loss': 0.2845, 'learning_rate': 4.78321301502333e-07, 'epoch': 2.66}
{'loss': 0.3556, 'learning_rate': 4.765784381599742e-07, 'epoch': 2.66}
{'loss': 0.3512, 'learning_rate': 4.7483859694672727e-07, 'epoch': 2.66}
{'loss': 0.3035, 'learning_rate': 4.7310177902498976e-07, 'epoch': 2.67}
{'loss': 0.3275, 'learning_rate': 4.713679855551445e-07, 'epoch': 2.67}
{'loss': 0.3035, 'learning_rate': 4.696372176955488e-07, 'epoch': 2.67}
{'loss': 0.3494, 'learning_rate': 4.6790947660254103e-07, 'epoch': 2.67}
{'loss': 0.3552, 'learning_rate': 4.661847634304378e-07, 'epoch': 2.67}
{'loss': 0.3493, 'learning_rate': 4.644630793315308e-07, 'epoch': 2.67}
{'loss': 0.3931, 'learning_rate': 4.627444254560887e-07, 'epoch': 2.67}
{'loss': 0.3309, 'learning_rate': 4.610288029523574e-07, 'epoch': 2.67}
{'loss': 0.3634, 'learning_rate': 4.593162129665557e-07, 'epoch': 2.67}
{'loss': 0.3705, 'learning_rate': 4.5760665664287553e-07, 'epoch': 2.67}
{'loss': 0.3245, 'learning_rate': 4.559001351234854e-07, 'epoch': 2.67}
{'loss': 0.372, 'learning_rate': 4.541966495485223e-07, 'epoch': 2.67}
{'loss': 0.2704, 'learning_rate': 4.524962010560968e-07, 'epoch': 2.67}
{'loss': 0.2828, 'learning_rate': 4.507987907822914e-07, 'epoch': 2.67}
{'loss': 0.3322, 'learning_rate': 4.4910441986115606e-07, 'epoch': 2.67}
{'loss': 0.3167, 'learning_rate': 4.4741308942471306e-07, 'epoch': 2.67}
{'loss': 0.3352, 'learning_rate': 4.4572480060295187e-07, 'epoch': 2.67}
{'loss': 0.3382, 'learning_rate': 4.4403955452382854e-07, 'epoch': 2.68}
{'loss': 0.3634, 'learning_rate': 4.42357352313269e-07, 'epoch': 2.68}
{'loss': 0.3378, 'learning_rate': 4.4067819509516385e-07, 'epoch': 2.68}
{'loss': 0.3428, 'learning_rate': 4.3900208399136835e-07, 'epoch': 2.68}
{'loss': 0.2805, 'learning_rate': 4.373290201217056e-07, 'epoch': 2.68}
{'loss': 0.2808, 'learning_rate': 4.356590046039605e-07, 'epoch': 2.68}
{'loss': 0.3079, 'learning_rate': 4.3399203855388095e-07, 'epoch': 2.68}
{'loss': 0.3075, 'learning_rate': 4.3232812308518004e-07, 'epoch': 2.68}
{'loss': 0.2991, 'learning_rate': 4.306672593095296e-07, 'epoch': 2.68}
{'loss': 0.3582, 'learning_rate': 4.290094483365659e-07, 'epoch': 2.68}
{'loss': 0.4418, 'learning_rate': 4.273546912738824e-07, 'epoch': 2.68}
{'loss': 0.3917, 'learning_rate': 4.2570298922703426e-07, 'epoch': 2.68}
{'loss': 0.3628, 'learning_rate': 4.2405434329953533e-07, 'epoch': 2.68}
{'loss': 0.3965, 'learning_rate': 4.224087545928568e-07, 'epoch': 2.68}
{'loss': 0.3329, 'learning_rate': 4.20766224206427e-07, 'epoch': 2.68}
{'loss': 0.3785, 'learning_rate': 4.191267532376342e-07, 'epoch': 2.68}
{'loss': 0.3047, 'learning_rate': 4.1749034278181833e-07, 'epoch': 2.69}
{'loss': 0.3698, 'learning_rate': 4.158569939322765e-07, 'epoch': 2.69}
{'loss': 0.2183, 'learning_rate': 4.1422670778026144e-07, 'epoch': 2.69}
{'loss': 0.3267, 'learning_rate': 4.1259948541497675e-07, 'epoch': 2.69}
{'loss': 0.3417, 'learning_rate': 4.109753279235834e-07, 'epoch': 2.69}
{'loss': 0.2829, 'learning_rate': 4.0935423639119064e-07, 'epoch': 2.69}
{'loss': 0.3218, 'learning_rate': 4.0773621190086045e-07, 'epoch': 2.69}
{'loss': 0.3668, 'learning_rate': 4.0612125553360803e-07, 'epoch': 2.69}
{'loss': 0.3426, 'learning_rate': 4.0450936836839485e-07, 'epoch': 2.69}
{'loss': 0.3259, 'learning_rate': 4.0290055148213436e-07, 'epoch': 2.69}
{'loss': 0.323, 'learning_rate': 4.012948059496891e-07, 'epoch': 2.69}
{'loss': 0.3066, 'learning_rate': 3.9969213284386796e-07, 'epoch': 2.69}
{'loss': 0.3299, 'learning_rate': 3.980925332354274e-07, 'epoch': 2.69}
{'loss': 0.3571, 'learning_rate': 3.9649600819307243e-07, 'epoch': 2.69}
{'loss': 0.3585, 'learning_rate': 3.949025587834515e-07, 'epoch': 2.69}
{'loss': 0.3253, 'learning_rate': 3.933121860711581e-07, 'epoch': 2.69}
{'loss': 0.3404, 'learning_rate': 3.9172489111873435e-07, 'epoch': 2.7}
{'loss': 0.3696, 'learning_rate': 3.901406749866593e-07, 'epoch': 2.7}
{'loss': 0.3769, 'learning_rate': 3.885595387333607e-07, 'epoch': 2.7}
{'loss': 0.2725, 'learning_rate': 3.8698148341520636e-07, 'epoch': 2.7}
{'loss': 0.3455, 'learning_rate': 3.854065100865045e-07, 'epoch': 2.7}
{'loss': 0.297, 'learning_rate': 3.83834619799508e-07, 'epoch': 2.7}
{'loss': 0.3825, 'learning_rate': 3.822658136044055e-07, 'epoch': 2.7}
{'loss': 0.3789, 'learning_rate': 3.8070009254932927e-07, 'epoch': 2.7}
{'loss': 0.3576, 'learning_rate': 3.7913745768034695e-07, 'epoch': 2.7}
{'loss': 0.2746, 'learning_rate': 3.7757791004146503e-07, 'epoch': 2.7}
{'loss': 0.3092, 'learning_rate': 3.7602145067463016e-07, 'epoch': 2.7}
{'loss': 0.2596, 'learning_rate': 3.744680806197215e-07, 'epoch': 2.7}
{'loss': 0.2936, 'learning_rate': 3.729178009145573e-07, 'epoch': 2.7}
{'loss': 0.3129, 'learning_rate': 3.7137061259489016e-07, 'epoch': 2.7}
{'loss': 0.347, 'learning_rate': 3.6982651669440707e-07, 'epoch': 2.7}
{'loss': 0.2488, 'learning_rate': 3.6828551424472836e-07, 'epoch': 2.7}
{'loss': 0.3331, 'learning_rate': 3.6674760627540993e-07, 'epoch': 2.71}
{'loss': 0.4225, 'learning_rate': 3.6521279381393714e-07, 'epoch': 2.71}
{'loss': 0.3452, 'learning_rate': 3.6368107788573026e-07, 'epoch': 2.71}
{'loss': 0.3881, 'learning_rate': 3.621524595141385e-07, 'epoch': 2.71}
{'loss': 0.2702, 'learning_rate': 3.6062693972044147e-07, 'epoch': 2.71}
{'loss': 0.3801, 'learning_rate': 3.591045195238507e-07, 'epoch': 2.71}
{'loss': 0.3069, 'learning_rate': 3.575851999415059e-07, 'epoch': 2.71}
{'loss': 0.2686, 'learning_rate': 3.560689819884733e-07, 'epoch': 2.71}
{'loss': 0.3192, 'learning_rate': 3.5455586667775045e-07, 'epoch': 2.71}
{'loss': 0.4107, 'learning_rate': 3.5304585502025923e-07, 'epoch': 2.71}
{'loss': 0.3264, 'learning_rate': 3.515389480248477e-07, 'epoch': 2.71}
{'loss': 0.3395, 'learning_rate': 3.5003514669829264e-07, 'epoch': 2.71}
{'loss': 0.3554, 'learning_rate': 3.4853445204529325e-07, 'epoch': 2.71}
{'loss': 0.3422, 'learning_rate': 3.470368650684741e-07, 'epoch': 2.71}
{'loss': 0.3058, 'learning_rate': 3.455423867683838e-07, 'epoch': 2.71}
{'loss': 0.3206, 'learning_rate': 3.4405101814349193e-07, 'epoch': 2.71}
{'loss': 0.3606, 'learning_rate': 3.425627601901943e-07, 'epoch': 2.72}
{'loss': 0.3213, 'learning_rate': 3.4107761390280547e-07, 'epoch': 2.72}
{'loss': 0.3383, 'learning_rate': 3.395955802735612e-07, 'epoch': 2.72}
{'loss': 0.3269, 'learning_rate': 3.3811666029261946e-07, 'epoch': 2.72}
{'loss': 0.4144, 'learning_rate': 3.3664085494805656e-07, 'epoch': 2.72}
{'loss': 0.367, 'learning_rate': 3.35168165225867e-07, 'epoch': 2.72}
{'loss': 0.359, 'learning_rate': 3.336985921099667e-07, 'epoch': 2.72}
{'loss': 0.3068, 'learning_rate': 3.322321365821873e-07, 'epoch': 2.72}
{'loss': 0.2772, 'learning_rate': 3.307687996222764e-07, 'epoch': 2.72}
{'loss': 0.3657, 'learning_rate': 3.293085822079012e-07, 'epoch': 2.72}
{'loss': 0.3138, 'learning_rate': 3.278514853146414e-07, 'epoch': 2.72}
{'loss': 0.3272, 'learning_rate': 3.263975099159955e-07, 'epoch': 2.72}
{'loss': 0.2745, 'learning_rate': 3.249466569833731e-07, 'epoch': 2.72}
{'loss': 0.3331, 'learning_rate': 3.2349892748609837e-07, 'epoch': 2.72}
{'loss': 0.3757, 'learning_rate': 3.2205432239141134e-07, 'epoch': 2.72}
{'loss': 0.2904, 'learning_rate': 3.2061284266446166e-07, 'epoch': 2.72}
{'loss': 0.3576, 'learning_rate': 3.1917448926831076e-07, 'epoch': 2.73}
{'loss': 0.3367, 'learning_rate': 3.1773926316393424e-07, 'epoch': 2.73}
{'loss': 0.3535, 'learning_rate': 3.163071653102162e-07, 'epoch': 2.73}
{'loss': 0.3161, 'learning_rate': 3.148781966639497e-07, 'epoch': 2.73}
{'loss': 0.338, 'learning_rate': 3.134523581798399e-07, 'epoch': 2.73}
{'loss': 0.2537, 'learning_rate': 3.1202965081049864e-07, 'epoch': 2.73}
{'loss': 0.3221, 'learning_rate': 3.106100755064473e-07, 'epoch': 2.73}
{'loss': 0.3372, 'learning_rate': 3.0919363321611387e-07, 'epoch': 2.73}
{'loss': 0.3271, 'learning_rate': 3.077803248858313e-07, 'epoch': 2.73}
{'loss': 0.2743, 'learning_rate': 3.0637015145984326e-07, 'epoch': 2.73}
{'loss': 0.3236, 'learning_rate': 3.049631138802955e-07, 'epoch': 2.73}
{'loss': 0.3353, 'learning_rate': 3.0355921308723836e-07, 'epoch': 2.73}
{'loss': 0.3064, 'learning_rate': 3.021584500186292e-07, 'epoch': 2.73}
{'loss': 0.3514, 'learning_rate': 3.007608256103256e-07, 'epoch': 2.73}
{'loss': 0.3331, 'learning_rate': 2.993663407960917e-07, 'epoch': 2.73}
{'loss': 0.3373, 'learning_rate': 2.979749965075923e-07, 'epoch': 2.73}
{'loss': 0.3224, 'learning_rate': 2.965867936743927e-07, 'epoch': 2.74}
{'loss': 0.322, 'learning_rate': 2.9520173322396264e-07, 'epoch': 2.74}
{'loss': 0.3054, 'learning_rate': 2.9381981608166963e-07, 'epoch': 2.74}
{'loss': 0.2862, 'learning_rate': 2.924410431707814e-07, 'epoch': 2.74}
{'loss': 0.3613, 'learning_rate': 2.91065415412467e-07, 'epoch': 2.74}
{'loss': 0.343, 'learning_rate': 2.89692933725792e-07, 'epoch': 2.74}
{'loss': 0.3622, 'learning_rate': 2.883235990277211e-07, 'epoch': 2.74}
{'loss': 0.3712, 'learning_rate': 2.869574122331159e-07, 'epoch': 2.74}
{'loss': 0.3811, 'learning_rate': 2.8559437425473514e-07, 'epoch': 2.74}
{'loss': 0.2964, 'learning_rate': 2.842344860032348e-07, 'epoch': 2.74}
{'loss': 0.3899, 'learning_rate': 2.828777483871653e-07, 'epoch': 2.74}
{'loss': 0.2954, 'learning_rate': 2.815241623129711e-07, 'epoch': 2.74}
{'loss': 0.3683, 'learning_rate': 2.8017372868499424e-07, 'epoch': 2.74}
{'loss': 0.3057, 'learning_rate': 2.7882644840546757e-07, 'epoch': 2.74}
{'loss': 0.3445, 'learning_rate': 2.7748232237451824e-07, 'epoch': 2.74}
{'loss': 0.3693, 'learning_rate': 2.7614135149016676e-07, 'epoch': 2.74}
{'loss': 0.413, 'learning_rate': 2.748035366483248e-07, 'epoch': 2.75}
{'loss': 0.3109, 'learning_rate': 2.7346887874279525e-07, 'epoch': 2.75}
{'loss': 0.3226, 'learning_rate': 2.7213737866527314e-07, 'epoch': 2.75}
{'loss': 0.3163, 'learning_rate': 2.708090373053418e-07, 'epoch': 2.75}
{'loss': 0.259, 'learning_rate': 2.694838555504764e-07, 'epoch': 2.75}
{'loss': 0.3715, 'learning_rate': 2.6816183428603924e-07, 'epoch': 2.75}
{'loss': 0.3345, 'learning_rate': 2.6684297439528107e-07, 'epoch': 2.75}
{'loss': 0.2919, 'learning_rate': 2.655272767593431e-07, 'epoch': 2.75}
{'loss': 0.2869, 'learning_rate': 2.6421474225725106e-07, 'epoch': 2.75}
{'loss': 0.3445, 'learning_rate': 2.62905371765918e-07, 'epoch': 2.75}
{'loss': 0.3353, 'learning_rate': 2.615991661601436e-07, 'epoch': 2.75}
{'loss': 0.3289, 'learning_rate': 2.602961263126136e-07, 'epoch': 2.75}
{'loss': 0.352, 'learning_rate': 2.589962530938961e-07, 'epoch': 2.75}
{'loss': 0.2751, 'learning_rate': 2.5769954737244693e-07, 'epoch': 2.75}
{'loss': 0.331, 'learning_rate': 2.564060100146032e-07, 'epoch': 2.75}
{'loss': 0.2774, 'learning_rate': 2.5511564188458683e-07, 'epoch': 2.75}
{'loss': 0.3628, 'learning_rate': 2.538284438445021e-07, 'epoch': 2.76}
{'loss': 0.2704, 'learning_rate': 2.5254441675433286e-07, 'epoch': 2.76}
{'loss': 0.3106, 'learning_rate': 2.5126356147194885e-07, 'epoch': 2.76}
{'loss': 0.3193, 'learning_rate': 2.4998587885309676e-07, 'epoch': 2.76}
{'loss': 0.3499, 'learning_rate': 2.487113697514054e-07, 'epoch': 2.76}
{'loss': 0.3263, 'learning_rate': 2.4744003501838365e-07, 'epoch': 2.76}
{'loss': 0.2695, 'learning_rate': 2.461718755034187e-07, 'epoch': 2.76}
{'loss': 0.3466, 'learning_rate': 2.4490689205377615e-07, 'epoch': 2.76}
{'loss': 0.3305, 'learning_rate': 2.436450855146011e-07, 'epoch': 2.76}
{'loss': 0.3837, 'learning_rate': 2.4238645672891356e-07, 'epoch': 2.76}
{'loss': 0.351, 'learning_rate': 2.411310065376149e-07, 'epoch': 2.76}
{'loss': 0.264, 'learning_rate': 2.398787357794774e-07, 'epoch': 2.76}
{'loss': 0.2984, 'learning_rate': 2.3862964529115296e-07, 'epoch': 2.76}
{'loss': 0.3375, 'learning_rate': 2.3738373590716736e-07, 'epoch': 2.76}
{'loss': 0.3313, 'learning_rate': 2.361410084599214e-07, 'epoch': 2.76}
{'loss': 0.327, 'learning_rate': 2.3490146377968925e-07, 'epoch': 2.76}
{'loss': 0.3752, 'learning_rate': 2.3366510269462016e-07, 'epoch': 2.77}
{'loss': 0.3191, 'learning_rate': 2.3243192603073506e-07, 'epoch': 2.77}
{'loss': 0.2936, 'learning_rate': 2.3120193461192707e-07, 'epoch': 2.77}
{'loss': 0.3331, 'learning_rate': 2.299751292599639e-07, 'epoch': 2.77}
{'loss': 0.3629, 'learning_rate': 2.2875151079447988e-07, 'epoch': 2.77}
{'loss': 0.314, 'learning_rate': 2.2753108003298497e-07, 'epoch': 2.77}
{'loss': 0.3604, 'learning_rate': 2.2631383779085692e-07, 'epoch': 2.77}
{'loss': 0.2666, 'learning_rate': 2.2509978488134298e-07, 'epoch': 2.77}
{'loss': 0.2814, 'learning_rate': 2.2388892211556156e-07, 'epoch': 2.77}
{'loss': 0.3238, 'learning_rate': 2.2268125030249777e-07, 'epoch': 2.77}
{'loss': 0.2401, 'learning_rate': 2.214767702490045e-07, 'epoch': 2.77}
{'loss': 0.406, 'learning_rate': 2.202754827598047e-07, 'epoch': 2.77}
{'loss': 0.3026, 'learning_rate': 2.1907738863748528e-07, 'epoch': 2.77}
{'loss': 0.3276, 'learning_rate': 2.1788248868250317e-07, 'epoch': 2.77}
{'loss': 0.3193, 'learning_rate': 2.1669078369317754e-07, 'epoch': 2.77}
{'loss': 0.356, 'learning_rate': 2.155022744656954e-07, 'epoch': 2.77}
{'loss': 0.353, 'learning_rate': 2.143169617941082e-07, 'epoch': 2.78}
{'loss': 0.3815, 'learning_rate': 2.1313484647033088e-07, 'epoch': 2.78}
{'loss': 0.3437, 'learning_rate': 2.1195592928414276e-07, 'epoch': 2.78}
{'loss': 0.3736, 'learning_rate': 2.107802110231877e-07, 'epoch': 2.78}
{'loss': 0.3478, 'learning_rate': 2.0960769247297007e-07, 'epoch': 2.78}
{'loss': 0.2998, 'learning_rate': 2.0843837441685777e-07, 'epoch': 2.78}
{'loss': 0.2885, 'learning_rate': 2.0727225763608083e-07, 'epoch': 2.78}
{'loss': 0.3877, 'learning_rate': 2.061093429097283e-07, 'epoch': 2.78}
{'loss': 0.3, 'learning_rate': 2.0494963101475362e-07, 'epoch': 2.78}
{'loss': 0.2957, 'learning_rate': 2.0379312272596764e-07, 'epoch': 2.78}
{'loss': 0.3307, 'learning_rate': 2.0263981881604e-07, 'epoch': 2.78}
{'loss': 0.3643, 'learning_rate': 2.0148972005550327e-07, 'epoch': 2.78}
{'loss': 0.4473, 'learning_rate': 2.0034282721274555e-07, 'epoch': 2.78}
{'loss': 0.3776, 'learning_rate': 1.991991410540123e-07, 'epoch': 2.78}
{'loss': 0.3348, 'learning_rate': 1.9805866234341053e-07, 'epoch': 2.78}
{'loss': 0.3086, 'learning_rate': 1.969213918429008e-07, 'epoch': 2.78}
{'loss': 0.339, 'learning_rate': 1.9578733031230034e-07, 'epoch': 2.79}
{'loss': 0.3228, 'learning_rate': 1.9465647850928526e-07, 'epoch': 2.79}
{'loss': 0.3333, 'learning_rate': 1.9352883718938453e-07, 'epoch': 2.79}
{'loss': 0.3375, 'learning_rate': 1.924044071059833e-07, 'epoch': 2.79}
{'loss': 0.3027, 'learning_rate': 1.9128318901032174e-07, 'epoch': 2.79}
{'loss': 0.2913, 'learning_rate': 1.9016518365149117e-07, 'epoch': 2.79}
{'loss': 0.2992, 'learning_rate': 1.8905039177644136e-07, 'epoch': 2.79}
{'loss': 0.3681, 'learning_rate': 1.8793881412997095e-07, 'epoch': 2.79}
{'loss': 0.2802, 'learning_rate': 1.8683045145473256e-07, 'epoch': 2.79}
{'loss': 0.3022, 'learning_rate': 1.8572530449123162e-07, 'epoch': 2.79}
{'loss': 0.3194, 'learning_rate': 1.8462337397782415e-07, 'epoch': 2.79}
{'loss': 0.2852, 'learning_rate': 1.8352466065071684e-07, 'epoch': 2.79}
{'loss': 0.291, 'learning_rate': 1.8242916524396914e-07, 'epoch': 2.79}
{'loss': 0.3675, 'learning_rate': 1.8133688848948782e-07, 'epoch': 2.79}
{'loss': 0.4017, 'learning_rate': 1.8024783111703026e-07, 'epoch': 2.79}
{'loss': 0.3571, 'learning_rate': 1.7916199385420496e-07, 'epoch': 2.79}
{'loss': 0.3666, 'learning_rate': 1.7807937742646498e-07, 'epoch': 2.8}
{'loss': 0.362, 'learning_rate': 1.769999825571156e-07, 'epoch': 2.8}
{'loss': 0.3343, 'learning_rate': 1.7592380996730774e-07, 'epoch': 2.8}
{'loss': 0.3893, 'learning_rate': 1.7485086037603848e-07, 'epoch': 2.8}
{'loss': 0.2945, 'learning_rate': 1.737811345001539e-07, 'epoch': 2.8}
{'loss': 0.3694, 'learning_rate': 1.7271463305434554e-07, 'epoch': 2.8}
{'loss': 0.3999, 'learning_rate': 1.7165135675114908e-07, 'epoch': 2.8}
{'loss': 0.3038, 'learning_rate': 1.705913063009479e-07, 'epoch': 2.8}
{'loss': 0.3638, 'learning_rate': 1.6953448241196878e-07, 'epoch': 2.8}
{'loss': 0.3527, 'learning_rate': 1.68480885790282e-07, 'epoch': 2.8}
{'loss': 0.3653, 'learning_rate': 1.674305171398044e-07, 'epoch': 2.8}
{'loss': 0.3155, 'learning_rate': 1.6638337716229303e-07, 'epoch': 2.8}
{'loss': 0.3234, 'learning_rate': 1.65339466557351e-07, 'epoch': 2.8}
{'loss': 0.3496, 'learning_rate': 1.6429878602242043e-07, 'epoch': 2.8}
{'loss': 0.3559, 'learning_rate': 1.6326133625278795e-07, 'epoch': 2.8}
{'loss': 0.3768, 'learning_rate': 1.6222711794158074e-07, 'epoch': 2.8}
{'loss': 0.3295, 'learning_rate': 1.6119613177976724e-07, 'epoch': 2.81}
{'loss': 0.3717, 'learning_rate': 1.6016837845615697e-07, 'epoch': 2.81}
{'loss': 0.2996, 'learning_rate': 1.591438586573979e-07, 'epoch': 2.81}
{'loss': 0.2899, 'learning_rate': 1.581225730679792e-07, 'epoch': 2.81}
{'loss': 0.3508, 'learning_rate': 1.5710452237022944e-07, 'epoch': 2.81}
{'loss': 0.3709, 'learning_rate': 1.5608970724431515e-07, 'epoch': 2.81}
{'loss': 0.3196, 'learning_rate': 1.550781283682401e-07, 'epoch': 2.81}
{'loss': 0.2931, 'learning_rate': 1.5406978641784865e-07, 'epoch': 2.81}
{'loss': 0.4484, 'learning_rate': 1.5306468206682024e-07, 'epoch': 2.81}
{'loss': 0.3828, 'learning_rate': 1.5206281598667162e-07, 'epoch': 2.81}
{'loss': 0.3279, 'learning_rate': 1.5106418884675732e-07, 'epoch': 2.81}
{'loss': 0.346, 'learning_rate': 1.5006880131426594e-07, 'epoch': 2.81}
{'loss': 0.3651, 'learning_rate': 1.4907665405422434e-07, 'epoch': 2.81}
{'loss': 0.2462, 'learning_rate': 1.4808774772949175e-07, 'epoch': 2.81}
{'loss': 0.4133, 'learning_rate': 1.4710208300076302e-07, 'epoch': 2.81}
{'loss': 0.332, 'learning_rate': 1.4611966052656856e-07, 'epoch': 2.81}
{'loss': 0.3036, 'learning_rate': 1.4514048096327115e-07, 'epoch': 2.82}
{'loss': 0.2798, 'learning_rate': 1.441645449650675e-07, 'epoch': 2.82}
{'loss': 0.3545, 'learning_rate': 1.4319185318398654e-07, 'epoch': 2.82}
{'loss': 0.3194, 'learning_rate': 1.4222240626989125e-07, 'epoch': 2.82}
{'loss': 0.3451, 'learning_rate': 1.412562048704752e-07, 'epoch': 2.82}
{'loss': 0.3282, 'learning_rate': 1.4029324963126478e-07, 'epoch': 2.82}
{'loss': 0.3884, 'learning_rate': 1.393335411956165e-07, 'epoch': 2.82}
{'loss': 0.3566, 'learning_rate': 1.3837708020471796e-07, 'epoch': 2.82}
{'loss': 0.3717, 'learning_rate': 1.3742386729758805e-07, 'epoch': 2.82}
{'loss': 0.377, 'learning_rate': 1.36473903111074e-07, 'epoch': 2.82}
{'loss': 0.2969, 'learning_rate': 1.3552718827985422e-07, 'epoch': 2.82}
{'loss': 0.369, 'learning_rate': 1.3458372343643556e-07, 'epoch': 2.82}
{'loss': 0.3694, 'learning_rate': 1.3364350921115266e-07, 'epoch': 2.82}
{'loss': 0.3447, 'learning_rate': 1.3270654623216916e-07, 'epoch': 2.82}
{'loss': 0.3292, 'learning_rate': 1.3177283512547767e-07, 'epoch': 2.82}
{'loss': 0.337, 'learning_rate': 1.3084237651489472e-07, 'epoch': 2.82}
{'loss': 0.3297, 'learning_rate': 1.2991517102206864e-07, 'epoch': 2.83}
{'loss': 0.3289, 'learning_rate': 1.2899121926647052e-07, 'epoch': 2.83}
{'loss': 0.3697, 'learning_rate': 1.2807052186539825e-07, 'epoch': 2.83}
{'loss': 0.2641, 'learning_rate': 1.271530794339776e-07, 'epoch': 2.83}
{'loss': 0.3053, 'learning_rate': 1.262388925851571e-07, 'epoch': 2.83}
{'loss': 0.3051, 'learning_rate': 1.2532796192971208e-07, 'epoch': 2.83}
{'loss': 0.3377, 'learning_rate': 1.2442028807624073e-07, 'epoch': 2.83}
{'loss': 0.3335, 'learning_rate': 1.2351587163116685e-07, 'epoch': 2.83}
{'loss': 0.3246, 'learning_rate': 1.2261471319873707e-07, 'epoch': 2.83}
{'loss': 0.3405, 'learning_rate': 1.2171681338102148e-07, 'epoch': 2.83}
{'loss': 0.3586, 'learning_rate': 1.2082217277791298e-07, 'epoch': 2.83}
{'loss': 0.3621, 'learning_rate': 1.1993079198712788e-07, 'epoch': 2.83}
{'loss': 0.3315, 'learning_rate': 1.1904267160420369e-07, 'epoch': 2.83}
{'loss': 0.2662, 'learning_rate': 1.18157812222498e-07, 'epoch': 2.83}
{'loss': 0.3233, 'learning_rate': 1.1727621443319403e-07, 'epoch': 2.83}
{'loss': 0.3067, 'learning_rate': 1.1639787882529119e-07, 'epoch': 2.83}
{'loss': 0.3415, 'learning_rate': 1.1552280598561339e-07, 'epoch': 2.84}
{'loss': 0.395, 'learning_rate': 1.1465099649880184e-07, 'epoch': 2.84}
{'loss': 0.3553, 'learning_rate': 1.1378245094731787e-07, 'epoch': 2.84}
{'loss': 0.3082, 'learning_rate': 1.1291716991144398e-07, 'epoch': 2.84}
{'loss': 0.301, 'learning_rate': 1.1205515396927991e-07, 'epoch': 2.84}
{'loss': 0.3327, 'learning_rate': 1.111964036967439e-07, 'epoch': 2.84}
{'loss': 0.4127, 'learning_rate': 1.1034091966757421e-07, 'epoch': 2.84}
{'loss': 0.3594, 'learning_rate': 1.0948870245332421e-07, 'epoch': 2.84}
{'loss': 0.3426, 'learning_rate': 1.0863975262336679e-07, 'epoch': 2.84}
{'loss': 0.3261, 'learning_rate': 1.0779407074489101e-07, 'epoch': 2.84}
{'loss': 0.3006, 'learning_rate': 1.0695165738290269e-07, 'epoch': 2.84}
{'loss': 0.3589, 'learning_rate': 1.0611251310022442e-07, 'epoch': 2.84}
{'loss': 0.3121, 'learning_rate': 1.0527663845749436e-07, 'epoch': 2.84}
{'loss': 0.3338, 'learning_rate': 1.0444403401316527e-07, 'epoch': 2.84}
{'loss': 0.3083, 'learning_rate': 1.0361470032350662e-07, 'epoch': 2.84}
{'loss': 0.2492, 'learning_rate': 1.0278863794260185e-07, 'epoch': 2.84}
{'loss': 0.2822, 'learning_rate': 1.0196584742234784e-07, 'epoch': 2.85}
{'loss': 0.3509, 'learning_rate': 1.0114632931245872e-07, 'epoch': 2.85}
{'loss': 0.2764, 'learning_rate': 1.003300841604582e-07, 'epoch': 2.85}
{'loss': 0.2453, 'learning_rate': 9.951711251168727e-08, 'epoch': 2.85}
{'loss': 0.3059, 'learning_rate': 9.870741490929592e-08, 'epoch': 2.85}
{'loss': 0.3663, 'learning_rate': 9.790099189424973e-08, 'epoch': 2.85}
{'loss': 0.2836, 'learning_rate': 9.709784400532551e-08, 'epoch': 2.85}
{'loss': 0.3983, 'learning_rate': 9.629797177911126e-08, 'epoch': 2.85}
{'loss': 0.3079, 'learning_rate': 9.550137575000784e-08, 'epoch': 2.85}
{'loss': 0.3423, 'learning_rate': 9.470805645022618e-08, 'epoch': 2.85}
{'loss': 0.3398, 'learning_rate': 9.391801440978843e-08, 'epoch': 2.85}
{'loss': 0.2975, 'learning_rate': 9.31312501565268e-08, 'epoch': 2.85}
{'loss': 0.3115, 'learning_rate': 9.234776421608471e-08, 'epoch': 2.85}
{'loss': 0.3238, 'learning_rate': 9.1567557111914e-08, 'epoch': 2.85}
{'loss': 0.3242, 'learning_rate': 9.07906293652766e-08, 'epoch': 2.85}
{'loss': 0.4276, 'learning_rate': 9.001698149524285e-08, 'epoch': 2.85}
{'loss': 0.3408, 'learning_rate': 8.924661401869205e-08, 'epoch': 2.86}
{'loss': 0.354, 'learning_rate': 8.847952745031363e-08, 'epoch': 2.86}
{'loss': 0.2959, 'learning_rate': 8.77157223026015e-08, 'epoch': 2.86}
{'loss': 0.3673, 'learning_rate': 8.69551990858597e-08, 'epoch': 2.86}
{'loss': 0.344, 'learning_rate': 8.619795830819955e-08, 'epoch': 2.86}
{'loss': 0.3282, 'learning_rate': 8.544400047553914e-08, 'epoch': 2.86}
{'loss': 0.2948, 'learning_rate': 8.469332609160108e-08, 'epoch': 2.86}
{'loss': 0.3139, 'learning_rate': 8.394593565791809e-08, 'epoch': 2.86}
{'loss': 0.3842, 'learning_rate': 8.320182967382573e-08, 'epoch': 2.86}
{'loss': 0.3221, 'learning_rate': 8.246100863646689e-08, 'epoch': 2.86}
{'loss': 0.4028, 'learning_rate': 8.172347304078898e-08, 'epoch': 2.86}
{'loss': 0.3595, 'learning_rate': 8.098922337954452e-08, 'epoch': 2.86}
{'loss': 0.3541, 'learning_rate': 8.025826014329052e-08, 'epoch': 2.86}
{'loss': 0.3383, 'learning_rate': 7.953058382038969e-08, 'epoch': 2.86}
{'loss': 0.3887, 'learning_rate': 7.880619489700592e-08, 'epoch': 2.86}
{'loss': 0.3271, 'learning_rate': 7.808509385711038e-08, 'epoch': 2.86}
{'loss': 0.2781, 'learning_rate': 7.736728118247383e-08, 'epoch': 2.87}
{'loss': 0.3508, 'learning_rate': 7.665275735267263e-08, 'epoch': 2.87}
{'loss': 0.4084, 'learning_rate': 7.594152284508549e-08, 'epoch': 2.87}
{'loss': 0.2774, 'learning_rate': 7.523357813489229e-08, 'epoch': 2.87}
{'loss': 0.2806, 'learning_rate': 7.452892369507637e-08, 'epoch': 2.87}
{'loss': 0.2842, 'learning_rate': 7.382755999642222e-08, 'epoch': 2.87}
{'loss': 0.3404, 'learning_rate': 7.312948750751448e-08, 'epoch': 2.87}
{'loss': 0.332, 'learning_rate': 7.243470669474228e-08, 'epoch': 2.87}
{'loss': 0.3666, 'learning_rate': 7.174321802229211e-08, 'epoch': 2.87}
{'loss': 0.2905, 'learning_rate': 7.105502195215275e-08, 'epoch': 2.87}
{'loss': 0.2779, 'learning_rate': 7.03701189441125e-08, 'epoch': 2.87}
{'loss': 0.314, 'learning_rate': 6.968850945576033e-08, 'epoch': 2.87}
{'loss': 0.3305, 'learning_rate': 6.90101939424831e-08, 'epoch': 2.87}
{'loss': 0.3353, 'learning_rate': 6.833517285746883e-08, 'epoch': 2.87}
{'loss': 0.3126, 'learning_rate': 6.766344665170399e-08, 'epoch': 2.87}
{'loss': 0.3169, 'learning_rate': 6.69950157739735e-08, 'epoch': 2.87}
{'loss': 0.3767, 'learning_rate': 6.63298806708601e-08, 'epoch': 2.88}
{'loss': 0.3806, 'learning_rate': 6.566804178674501e-08, 'epoch': 2.88}
{'loss': 0.3931, 'learning_rate': 6.500949956380842e-08, 'epoch': 2.88}
{'loss': 0.3582, 'learning_rate': 6.435425444202559e-08, 'epoch': 2.88}
{'loss': 0.3896, 'learning_rate': 6.370230685917078e-08, 'epoch': 2.88}
{'loss': 0.2992, 'learning_rate': 6.305365725081558e-08, 'epoch': 2.88}
{'loss': 0.3331, 'learning_rate': 6.240830605032555e-08, 'epoch': 2.88}
{'loss': 0.3836, 'learning_rate': 6.17662536888658e-08, 'epoch': 2.88}
{'loss': 0.2738, 'learning_rate': 6.112750059539541e-08, 'epoch': 2.88}
{'loss': 0.3175, 'learning_rate': 6.049204719666968e-08, 'epoch': 2.88}
{'loss': 0.346, 'learning_rate': 5.985989391723901e-08, 'epoch': 2.88}
{'loss': 0.3583, 'learning_rate': 5.923104117945055e-08, 'epoch': 2.88}
{'loss': 0.3169, 'learning_rate': 5.860548940344324e-08, 'epoch': 2.88}
{'loss': 0.3509, 'learning_rate': 5.7983239007154415e-08, 'epoch': 2.88}
{'loss': 0.3603, 'learning_rate': 5.736429040631264e-08, 'epoch': 2.88}
{'loss': 0.345, 'learning_rate': 5.6748644014442137e-08, 'epoch': 2.88}
{'loss': 0.3165, 'learning_rate': 5.61363002428611e-08, 'epoch': 2.89}
{'loss': 0.3001, 'learning_rate': 5.55272595006795e-08, 'epoch': 2.89}
{'loss': 0.3301, 'learning_rate': 5.4921522194802404e-08, 'epoch': 2.89}
{'loss': 0.3325, 'learning_rate': 5.4319088729927194e-08, 'epoch': 2.89}
{'loss': 0.2545, 'learning_rate': 5.371995950854303e-08, 'epoch': 2.89}
{'loss': 0.3038, 'learning_rate': 5.3124134930933046e-08, 'epoch': 2.89}
{'loss': 0.349, 'learning_rate': 5.253161539517104e-08, 'epoch': 2.89}
{'loss': 0.2893, 'learning_rate': 5.1942401297124244e-08, 'epoch': 2.89}
{'loss': 0.3194, 'learning_rate': 5.135649303044998e-08, 'epoch': 2.89}
{'loss': 0.2611, 'learning_rate': 5.0773890986597904e-08, 'epoch': 2.89}
{'loss': 0.3881, 'learning_rate': 5.019459555480832e-08, 'epoch': 2.89}
{'loss': 0.3382, 'learning_rate': 4.961860712211275e-08, 'epoch': 2.89}
{'loss': 0.3156, 'learning_rate': 4.904592607333281e-08, 'epoch': 2.89}
{'loss': 0.3898, 'learning_rate': 4.8476552791080215e-08, 'epoch': 2.89}
{'loss': 0.3666, 'learning_rate': 4.791048765575845e-08, 'epoch': 2.89}
{'loss': 0.3567, 'learning_rate': 4.7347731045557785e-08, 'epoch': 2.89}
{'loss': 0.2946, 'learning_rate': 4.6788283336461904e-08, 'epoch': 2.9}
{'loss': 0.3086, 'learning_rate': 4.6232144902239596e-08, 'epoch': 2.9}
{'loss': 0.3619, 'learning_rate': 4.5679316114451975e-08, 'epoch': 2.9}
{'loss': 0.3387, 'learning_rate': 4.512979734244749e-08, 'epoch': 2.9}
{'loss': 0.3351, 'learning_rate': 4.4583588953363566e-08, 'epoch': 2.9}
{'loss': 0.326, 'learning_rate': 4.4040691312125514e-08, 'epoch': 2.9}
{'loss': 0.3311, 'learning_rate': 4.350110478144709e-08, 'epoch': 2.9}
{'loss': 0.2888, 'learning_rate': 4.2964829721829913e-08, 'epoch': 2.9}
{'loss': 0.37, 'learning_rate': 4.243186649156295e-08, 'epoch': 2.9}
{'loss': 0.2929, 'learning_rate': 4.190221544672246e-08, 'epoch': 2.9}
{'loss': 0.3329, 'learning_rate': 4.137587694117207e-08, 'epoch': 2.9}
{'loss': 0.28, 'learning_rate': 4.0852851326562135e-08, 'epoch': 2.9}
{'loss': 0.369, 'learning_rate': 4.033313895232982e-08, 'epoch': 2.9}
{'loss': 0.3699, 'learning_rate': 3.981674016569847e-08, 'epoch': 2.9}
{'loss': 0.4104, 'learning_rate': 3.930365531167768e-08, 'epoch': 2.9}
{'loss': 0.4142, 'learning_rate': 3.879388473306267e-08, 'epoch': 2.9}
{'loss': 0.3249, 'learning_rate': 3.82874287704349e-08, 'epoch': 2.91}
{'loss': 0.3552, 'learning_rate': 3.7784287762161475e-08, 'epoch': 2.91}
{'loss': 0.3515, 'learning_rate': 3.728446204439406e-08, 'epoch': 2.91}
{'loss': 0.3144, 'learning_rate': 3.678795195106943e-08, 'epoch': 2.91}
{'loss': 0.3171, 'learning_rate': 3.629475781390945e-08, 'epoch': 2.91}
{'loss': 0.3318, 'learning_rate': 3.5804879962420546e-08, 'epoch': 2.91}
{'loss': 0.3228, 'learning_rate': 3.531831872389424e-08, 'epoch': 2.91}
{'loss': 0.3305, 'learning_rate': 3.483507442340439e-08, 'epoch': 2.91}
{'loss': 0.4028, 'learning_rate': 3.435514738380996e-08, 'epoch': 2.91}
{'loss': 0.3655, 'learning_rate': 3.3878537925754465e-08, 'epoch': 2.91}
{'loss': 0.2784, 'learning_rate': 3.340524636766318e-08, 'epoch': 2.91}
{'loss': 0.3495, 'learning_rate': 3.2935273025745395e-08, 'epoch': 2.91}
{'loss': 0.3147, 'learning_rate': 3.246861821399383e-08, 'epoch': 2.91}
{'loss': 0.3495, 'learning_rate': 3.200528224418353e-08, 'epoch': 2.91}
{'loss': 0.3417, 'learning_rate': 3.154526542587244e-08, 'epoch': 2.91}
{'loss': 0.3444, 'learning_rate': 3.108856806640137e-08, 'epoch': 2.91}
{'loss': 0.3107, 'learning_rate': 3.0635190470892916e-08, 'epoch': 2.92}
{'loss': 0.3275, 'learning_rate': 3.018513294225145e-08, 'epoch': 2.92}
{'loss': 0.3975, 'learning_rate': 2.9738395781163663e-08, 'epoch': 2.92}
{'loss': 0.3371, 'learning_rate': 2.929497928609748e-08, 'epoch': 2.92}
{'loss': 0.2956, 'learning_rate': 2.8854883753303142e-08, 'epoch': 2.92}
{'loss': 0.3761, 'learning_rate': 2.8418109476810452e-08, 'epoch': 2.92}
{'loss': 0.2825, 'learning_rate': 2.798465674843265e-08, 'epoch': 2.92}
{'loss': 0.297, 'learning_rate': 2.7554525857761415e-08, 'epoch': 2.92}
{'loss': 0.3104, 'learning_rate': 2.712771709217077e-08, 'epoch': 2.92}
{'loss': 0.3663, 'learning_rate': 2.6704230736814273e-08, 'epoch': 2.92}
{'loss': 0.3437, 'learning_rate': 2.6284067074626164e-08, 'epoch': 2.92}
{'loss': 0.3382, 'learning_rate': 2.5867226386320777e-08, 'epoch': 2.92}
{'loss': 0.3998, 'learning_rate': 2.5453708950392007e-08, 'epoch': 2.92}
{'loss': 0.4032, 'learning_rate': 2.504351504311442e-08, 'epoch': 2.92}
{'loss': 0.3097, 'learning_rate': 2.4636644938540454e-08, 'epoch': 2.92}
{'loss': 0.2901, 'learning_rate': 2.4233098908503228e-08, 'epoch': 2.92}
{'loss': 0.3868, 'learning_rate': 2.3832877222614294e-08, 'epoch': 2.93}
{'loss': 0.2813, 'learning_rate': 2.3435980148265315e-08, 'epoch': 2.93}
{'loss': 0.3783, 'learning_rate': 2.3042407950625288e-08, 'epoch': 2.93}
{'loss': 0.2602, 'learning_rate': 2.2652160892642215e-08, 'epoch': 2.93}
{'loss': 0.3136, 'learning_rate': 2.22652392350442e-08, 'epoch': 2.93}
{'loss': 0.3488, 'learning_rate': 2.1881643236335016e-08, 'epoch': 2.93}
{'loss': 0.2922, 'learning_rate': 2.150137315279799e-08, 'epoch': 2.93}
{'loss': 0.2453, 'learning_rate': 2.1124429238494894e-08, 'epoch': 2.93}
{'loss': 0.3001, 'learning_rate': 2.0750811745263723e-08, 'epoch': 2.93}
{'loss': 0.2847, 'learning_rate': 2.0380520922720914e-08, 'epoch': 2.93}
{'loss': 0.3167, 'learning_rate': 2.0013557018260797e-08, 'epoch': 2.93}
{'loss': 0.3726, 'learning_rate': 1.964992027705448e-08, 'epoch': 2.93}
{'loss': 0.3034, 'learning_rate': 1.928961094204984e-08, 'epoch': 2.93}
{'loss': 0.3425, 'learning_rate': 1.89326292539721e-08, 'epoch': 2.93}
{'loss': 0.323, 'learning_rate': 1.8578975451323254e-08, 'epoch': 2.93}
{'loss': 0.3498, 'learning_rate': 1.822864977038208e-08, 'epoch': 2.93}
{'loss': 0.4059, 'learning_rate': 1.7881652445203567e-08, 'epoch': 2.94}
{'loss': 0.3529, 'learning_rate': 1.7537983707618387e-08, 'epoch': 2.94}
{'loss': 0.3319, 'learning_rate': 1.719764378723454e-08, 'epoch': 2.94}
{'loss': 0.3314, 'learning_rate': 1.686063291143514e-08, 'epoch': 2.94}
{'loss': 0.3652, 'learning_rate': 1.6526951305380068e-08, 'epoch': 2.94}
{'loss': 0.3174, 'learning_rate': 1.619659919200378e-08, 'epoch': 2.94}
{'loss': 0.2924, 'learning_rate': 1.586957679201695e-08, 'epoch': 2.94}
{'loss': 0.2995, 'learning_rate': 1.5545884323904802e-08, 'epoch': 2.94}
{'loss': 0.3116, 'learning_rate': 1.5225522003929905e-08, 'epoch': 2.94}
{'loss': 0.3234, 'learning_rate': 1.490849004612771e-08, 'epoch': 2.94}
{'loss': 0.3583, 'learning_rate': 1.4594788662309345e-08, 'epoch': 2.94}
{'loss': 0.316, 'learning_rate': 1.42844180620616e-08, 'epoch': 2.94}
{'loss': 0.3365, 'learning_rate': 1.397737845274416e-08, 'epoch': 2.94}
{'loss': 0.3149, 'learning_rate': 1.3673670039492937e-08, 'epoch': 2.94}
{'loss': 0.2838, 'learning_rate': 1.3373293025217282e-08, 'epoch': 2.94}
{'loss': 0.3751, 'learning_rate': 1.3076247610601666e-08, 'epoch': 2.94}
{'loss': 0.2653, 'learning_rate': 1.2782533994104007e-08, 'epoch': 2.95}
{'loss': 0.3518, 'learning_rate': 1.2492152371956224e-08, 'epoch': 2.95}
{'loss': 0.2786, 'learning_rate': 1.2205102938164238e-08, 'epoch': 2.95}
{'loss': 0.3408, 'learning_rate': 1.1921385884507419e-08, 'epoch': 2.95}
{'loss': 0.3681, 'learning_rate': 1.1641001400540253e-08, 'epoch': 2.95}
{'loss': 0.3006, 'learning_rate': 1.1363949673588448e-08, 'epoch': 2.95}
{'loss': 0.3268, 'learning_rate': 1.1090230888752274e-08, 'epoch': 2.95}
{'loss': 0.3521, 'learning_rate': 1.0819845228905445e-08, 'epoch': 2.95}
{'loss': 0.3294, 'learning_rate': 1.0552792874694573e-08, 'epoch': 2.95}
{'loss': 0.3685, 'learning_rate': 1.0289074004539156e-08, 'epoch': 2.95}
{'loss': 0.3198, 'learning_rate': 1.0028688794631037e-08, 'epoch': 2.95}
{'loss': 0.3439, 'learning_rate': 9.771637418936608e-09, 'epoch': 2.95}
{'loss': 0.3259, 'learning_rate': 9.517920049191831e-09, 'epoch': 2.95}
{'loss': 0.3278, 'learning_rate': 9.267536854908888e-09, 'epoch': 2.95}
{'loss': 0.3678, 'learning_rate': 9.020488003368965e-09, 'epoch': 2.95}
{'loss': 0.3368, 'learning_rate': 8.776773659628369e-09, 'epoch': 2.95}
{'loss': 0.337, 'learning_rate': 8.536393986513514e-09, 'epoch': 2.96}
{'loss': 0.2953, 'learning_rate': 8.299349144624269e-09, 'epoch': 2.96}
{'loss': 0.3005, 'learning_rate': 8.065639292331174e-09, 'epoch': 2.96}
{'loss': 0.3798, 'learning_rate': 7.835264585777657e-09, 'epoch': 2.96}
{'loss': 0.3596, 'learning_rate': 7.608225178879492e-09, 'epoch': 2.96}
{'loss': 0.3353, 'learning_rate': 7.384521223322561e-09, 'epoch': 2.96}
{'loss': 0.3471, 'learning_rate': 7.164152868564533e-09, 'epoch': 2.96}
{'loss': 0.3167, 'learning_rate': 6.9471202618359714e-09, 'epoch': 2.96}
{'loss': 0.327, 'learning_rate': 6.733423548137552e-09, 'epoch': 2.96}
{'loss': 0.3244, 'learning_rate': 6.523062870241182e-09, 'epoch': 2.96}
{'loss': 0.3487, 'learning_rate': 6.316038368690547e-09, 'epoch': 2.96}
{'loss': 0.3241, 'learning_rate': 6.1123501818000086e-09, 'epoch': 2.96}
{'loss': 0.3038, 'learning_rate': 5.911998445655154e-09, 'epoch': 2.96}
{'loss': 0.3762, 'learning_rate': 5.7149832941122416e-09, 'epoch': 2.96}
{'loss': 0.3517, 'learning_rate': 5.521304858799315e-09, 'epoch': 2.96}
{'loss': 0.3851, 'learning_rate': 5.330963269112866e-09, 'epoch': 2.96}
{'loss': 0.3027, 'learning_rate': 5.143958652222281e-09, 'epoch': 2.97}
{'loss': 0.3581, 'learning_rate': 4.960291133065953e-09, 'epoch': 2.97}
{'loss': 0.2821, 'learning_rate': 4.779960834354614e-09, 'epoch': 2.97}
{'loss': 0.3881, 'learning_rate': 4.6029678765668886e-09, 'epoch': 2.97}
{'loss': 0.4111, 'learning_rate': 4.429312377953743e-09, 'epoch': 2.97}
{'loss': 0.3514, 'learning_rate': 4.258994454535703e-09, 'epoch': 2.97}
{'loss': 0.3576, 'learning_rate': 4.092014220102858e-09, 'epoch': 2.97}
{'loss': 0.3416, 'learning_rate': 3.928371786215967e-09, 'epoch': 2.97}
{'loss': 0.3302, 'learning_rate': 3.76806726220591e-09, 'epoch': 2.97}
{'loss': 0.2945, 'learning_rate': 3.6111007551731246e-09, 'epoch': 2.97}
{'loss': 0.3674, 'learning_rate': 3.4574723699881685e-09, 'epoch': 2.97}
{'loss': 0.4008, 'learning_rate': 3.307182209290605e-09, 'epoch': 2.97}
{'loss': 0.2586, 'learning_rate': 3.1602303734912243e-09, 'epoch': 2.97}
{'loss': 0.3552, 'learning_rate': 3.0166169607687146e-09, 'epoch': 2.97}
{'loss': 0.3402, 'learning_rate': 2.8763420670724353e-09, 'epoch': 2.97}
{'loss': 0.3532, 'learning_rate': 2.7394057861218628e-09, 'epoch': 2.97}
{'loss': 0.2993, 'learning_rate': 2.605808209403815e-09, 'epoch': 2.98}
{'loss': 0.3445, 'learning_rate': 2.475549426176338e-09, 'epoch': 2.98}
{'loss': 0.2772, 'learning_rate': 2.3486295234664835e-09, 'epoch': 2.98}
{'loss': 0.3429, 'learning_rate': 2.2250485860697556e-09, 'epoch': 2.98}
{'loss': 0.3897, 'learning_rate': 2.1048066965517757e-09, 'epoch': 2.98}
{'loss': 0.3127, 'learning_rate': 1.9879039352466156e-09, 'epoch': 2.98}
{'loss': 0.3432, 'learning_rate': 1.874340380258466e-09, 'epoch': 2.98}
{'loss': 0.3253, 'learning_rate': 1.7641161074594127e-09, 'epoch': 2.98}
{'loss': 0.3303, 'learning_rate': 1.6572311904911042e-09, 'epoch': 2.98}
{'loss': 0.2975, 'learning_rate': 1.5536857007641959e-09, 'epoch': 2.98}
{'loss': 0.38, 'learning_rate': 1.4534797074583496e-09, 'epoch': 2.98}
{'loss': 0.3784, 'learning_rate': 1.3566132775216789e-09, 'epoch': 2.98}
{'loss': 0.3018, 'learning_rate': 1.2630864756707495e-09, 'epoch': 2.98}
{'loss': 0.3836, 'learning_rate': 1.1728993643927989e-09, 'epoch': 2.98}
{'loss': 0.3692, 'learning_rate': 1.0860520039407408e-09, 'epoch': 2.98}
{'loss': 0.3117, 'learning_rate': 1.0025444523392714e-09, 'epoch': 2.98}
{'loss': 0.321, 'learning_rate': 9.223767653798732e-10, 'epoch': 2.99}
{'loss': 0.3484, 'learning_rate': 8.455489966230357e-10, 'epoch': 2.99}
{'loss': 0.3108, 'learning_rate': 7.720611973982551e-10, 'epoch': 2.99}
{'loss': 0.3615, 'learning_rate': 7.01913416802924e-10, 'epoch': 2.99}
{'loss': 0.3602, 'learning_rate': 6.351057017034424e-10, 'epoch': 2.99}
{'loss': 0.3788, 'learning_rate': 5.716380967341062e-10, 'epoch': 2.99}
{'loss': 0.3168, 'learning_rate': 5.115106442987739e-10, 'epoch': 2.99}
{'loss': 0.3416, 'learning_rate': 4.5472338456808986e-10, 'epoch': 2.99}
{'loss': 0.3608, 'learning_rate': 4.0127635548281584e-10, 'epoch': 2.99}
{'loss': 0.3644, 'learning_rate': 3.51169592751055e-10, 'epoch': 2.99}
{'loss': 0.3031, 'learning_rate': 3.044031298493622e-10, 'epoch': 2.99}
{'loss': 0.3614, 'learning_rate': 2.609769980227439e-10, 'epoch': 2.99}
{'loss': 0.3052, 'learning_rate': 2.2089122628465854e-10, 'epoch': 2.99}
{'loss': 0.2854, 'learning_rate': 1.8414584141646096e-10, 'epoch': 2.99}
{'loss': 0.4203, 'learning_rate': 1.5074086796851295e-10, 'epoch': 2.99}
{'loss': 0.3727, 'learning_rate': 1.206763282579626e-10, 'epoch': 2.99}
{'loss': 0.3305, 'learning_rate': 9.395224237207512e-11, 'epoch': 3.0}
{'loss': 0.3109, 'learning_rate': 7.056862816490207e-11, 'epoch': 3.0}
{'loss': 0.3332, 'learning_rate': 5.052550125894673e-11, 'epoch': 3.0}
{'loss': 0.3655, 'learning_rate': 3.382287504571924e-11, 'epoch': 3.0}
{'loss': 0.3076, 'learning_rate': 2.0460760684071212e-11, 'epoch': 3.0}
{'loss': 0.3237, 'learning_rate': 1.0439167101861104e-11, 'epoch': 3.0}
{'loss': 0.3726, 'learning_rate': 3.758100993733749e-12, 'epoch': 3.0}
{'loss': 0.3829, 'learning_rate': 4.1756682334082033e-13, 'epoch': 3.0}
{'eval_loss': 0.3343997299671173, 'eval_runtime': 326.7484, 'eval_samples_per_second': 51.664, 'eval_steps_per_second': 3.232, 'epoch': 3.0}
{'train_runtime': 40628.5566, 'train_samples_per_second': 15.136, 'train_steps_per_second': 0.237, 'train_loss': 0.42315319705262544, 'epoch': 3.0}
start testing...
path: output/cn15k_cp/model_name_llm_ds_llm_model_name_7b_chat_llm_frozen_False_max_txt_len_1200_max_new_tokens_32_gnn_model_name_gt_patience_2_num_epochs_3_seed0_fp16_False/test_result.csv
Loading checkpoint from output/cn15k_cp/model_name_llm_ds_llm_model_name_7b_chat_llm_frozen_False_max_txt_len_1200_max_new_tokens_32_gnn_model_name_gt_patience_2_num_epochs_3_seed0_fp16_False/checkpoint_best.pth.
start testing...
path: output/cn15k_cp/model_name_llm_ds_llm_model_name_7b_chat_llm_frozen_False_max_txt_len_1200_max_new_tokens_32_gnn_model_name_gt_patience_2_num_epochs_3_seed0_fp16_False/test_result.csv
Loading checkpoint from output/cn15k_cp/model_name_llm_ds_llm_model_name_7b_chat_llm_frozen_False_max_txt_len_1200_max_new_tokens_32_gnn_model_name_gt_patience_2_num_epochs_3_seed0_fp16_False/checkpoint_best.pth.
MSE: 0.04988
MAE: 0.12579
valid_ratio: 1.00000
Test Acc 0.049883201420204214
MSE: 0.05031
MAE: 0.12634
valid_ratio: 1.00000
Test Acc 0.050308680868708856
[2025-11-17 08:55:57,130] [INFO] [launch.py:347:main] Process 1388381 exits successfully.
[2025-11-17 08:55:59,132] [INFO] [launch.py:347:main] Process 1388382 exits successfully.
