W&B offline. Running your script from this directory will only write metadata locally. Use wandb disabled to completely turn off W&B.
nl27k_tc, llm_frozen=False, fp32, zero2_nocpu, mbs=8 
[2025-11-18 14:35:47,938] [INFO] [real_accelerator.py:158:get_accelerator] Setting ds_accelerator to cuda (auto detect)
[2025-11-18 14:35:49,956] [WARNING] [runner.py:203:fetch_hostfile] Unable to find hostfile, will proceed with training with local resources only.
Detected CUDA_VISIBLE_DEVICES=0,1 but ignoring it because one or several of --include/--exclude/--num_gpus/--num_nodes cl args were used. If you want to use CUDA_VISIBLE_DEVICES don't pass any of these arguments to deepspeed.
[2025-11-18 14:35:49,969] [INFO] [runner.py:570:main] cmd = /seu_share/home/qiguilin/220236147/.conda/envs/g_retriever/bin/python3.9 -u -m deepspeed.launcher.launch --world_info=eyJsb2NhbGhvc3QiOiBbMCwgMV19 --master_addr=127.0.0.1 --master_port=29510 --enable_each_rank_log=None train_ds_customtrainer.py --dataset nl27k_tc --model_name graph_llm_ds_customtrainer --num_epochs 1 --batch_size 32 --micro_batch_size 8 --max_txt_len 1500 --llm_frozen False --fp16 --deepspeed ds_config_zero2_nocpu.json
[2025-11-18 14:35:51,426] [INFO] [real_accelerator.py:158:get_accelerator] Setting ds_accelerator to cuda (auto detect)
[2025-11-18 14:35:52,744] [INFO] [launch.py:145:main] WORLD INFO DICT: {'localhost': [0, 1]}
[2025-11-18 14:35:52,744] [INFO] [launch.py:151:main] nnodes=1, num_local_procs=2, node_rank=0
[2025-11-18 14:35:52,744] [INFO] [launch.py:162:main] global_rank_mapping=defaultdict(<class 'list'>, {'localhost': [0, 1]})
[2025-11-18 14:35:52,744] [INFO] [launch.py:163:main] dist_world_size=2
[2025-11-18 14:35:52,744] [INFO] [launch.py:165:main] Setting CUDA_VISIBLE_DEVICES=0,1
start import from src/ ...
start import from src/ ...
end import from src! cost 174.6s
start load args ...
end load args! cost 0.0s
Namespace(model_name='graph_llm_ds_customtrainer', project='project_g_retriever', seed=0, dataset='nl27k_tc', lr=1e-05, wd=0.05, patience=2, batch_size=32, micro_batch_size=8, grad_steps=2, num_epochs=1, warmup_epochs=1, eval_batch_size=16, llm_model_name='7b_chat', llm_model_path='', llm_frozen='False', llm_num_virtual_tokens=10, output_dir='output', max_txt_len=1500, max_new_tokens=32, max_memory=[80, 80], gnn_model_name='gt', gnn_num_layers=4, gnn_in_dim=1024, gnn_hidden_dim=1024, gnn_num_heads=4, gnn_dropout=0.0, local_rank=0, deepspeed='ds_config_zero2_nocpu.json', fp16=True)
start load model...
world_size: 2, ddp: True
device_map: {'': 0}
end import from src! cost 174.7s
start load args ...
end load args! cost 0.0s
Namespace(model_name='graph_llm_ds_customtrainer', project='project_g_retriever', seed=0, dataset='nl27k_tc', lr=1e-05, wd=0.05, patience=2, batch_size=32, micro_batch_size=8, grad_steps=2, num_epochs=1, warmup_epochs=1, eval_batch_size=16, llm_model_name='7b_chat', llm_model_path='', llm_frozen='False', llm_num_virtual_tokens=10, output_dir='output', max_txt_len=1500, max_new_tokens=32, max_memory=[80, 80], gnn_model_name='gt', gnn_num_layers=4, gnn_in_dim=1024, gnn_hidden_dim=1024, gnn_num_heads=4, gnn_dropout=0.0, local_rank=1, deepspeed='ds_config_zero2_nocpu.json', fp16=True)
start load model...
world_size: 2, ddp: True
device_map: {'': 1}
Training LLAMA with LORA!
Training LLAMA with LORA!
trainable params: 4,194,304 || all params: 6,742,609,920 || trainable%: 0.06220594176090199
start init dataset class...
trainable params: 4,194,304 || all params: 6,742,609,920 || trainable%: 0.06220594176090199
start init dataset class...
end init dataset class! cost 195.1 s
end init dataset class! cost 194.0 s
True token id: 5852, False token id: 7700
end load model! cost 265.5s
True token id: 5852, False token id: 7700
end load model! cost 265.3s
sp_model trainable params: 35680256 || all params: 6774095872 || trainable%: 0.5267161356171607
start load dataset...
sp_model trainable params: 35680256 || all params: 6774095872 || trainable%: 0.5267161356171607
start load dataset...
end load dataset! cost 630.1s
start training...
output_path: output/nl27k_tc/model_name_graph_llm_ds_customtrainer_llm_model_name_7b_chat_llm_frozen_False_max_txt_len_1500_max_new_tokens_32_gnn_model_name_gt_patience_2_num_epochs_1_seed0_fp16_True/
batch_size: 32, micro_batch_size: 8, grad_steps: 2, world_size: 2
end load dataset! cost 633.5s
start training...
output_path: output/nl27k_tc/model_name_graph_llm_ds_customtrainer_llm_model_name_7b_chat_llm_frozen_False_max_txt_len_1500_max_new_tokens_32_gnn_model_name_gt_patience_2_num_epochs_1_seed0_fp16_True/
batch_size: 32, micro_batch_size: 8, grad_steps: 2, world_size: 2
[2025-11-18 14:53:57,531] [INFO] [real_accelerator.py:158:get_accelerator] Setting ds_accelerator to cuda (auto detect)
[2025-11-18 14:54:00,072] [INFO] [comm.py:637:init_distributed] cdb=None
[2025-11-18 14:54:00,072] [INFO] [comm.py:668:init_distributed] Initializing TorchBackend in DeepSpeed with backend nccl
[2025-11-18 14:54:00,532] [INFO] [real_accelerator.py:158:get_accelerator] Setting ds_accelerator to cuda (auto detect)
[2025-11-18 14:54:02,852] [INFO] [comm.py:637:init_distributed] cdb=None
True token id: 5852
False token id: 7700
Custom loss weight: 0.5
True token id: 5852
False token id: 7700
Custom loss weight: 0.5
{'loss': 9.5547, 'learning_rate': 0.0, 'epoch': 0.0}
{'loss': 9.7256, 'learning_rate': 0.0, 'epoch': 0.0}
{'loss': 9.7002, 'learning_rate': 0.0, 'epoch': 0.0}
{'loss': 9.8936, 'learning_rate': 0.0, 'epoch': 0.0}
{'loss': 9.6309, 'learning_rate': 0.0, 'epoch': 0.0}
{'loss': 9.541, 'learning_rate': 0.0, 'epoch': 0.0}
{'loss': 9.668, 'learning_rate': 0.0, 'epoch': 0.0}
{'loss': 9.7324, 'learning_rate': 0.0, 'epoch': 0.0}
{'loss': 9.5176, 'learning_rate': 0.0, 'epoch': 0.0}
{'loss': 9.8223, 'learning_rate': 2.1482277121374867e-08, 'epoch': 0.0}
{'loss': 9.9775, 'learning_rate': 4.2964554242749734e-08, 'epoch': 0.0}
{'loss': 9.8184, 'learning_rate': 6.44468313641246e-08, 'epoch': 0.01}
{'loss': 9.8545, 'learning_rate': 8.592910848549947e-08, 'epoch': 0.01}
{'loss': 9.583, 'learning_rate': 9.667024704618691e-08, 'epoch': 0.01}
{'loss': 9.8584, 'learning_rate': 1.1815252416756177e-07, 'epoch': 0.01}
{'loss': 9.3848, 'learning_rate': 1.3963480128893664e-07, 'epoch': 0.01}
{'loss': 9.3701, 'learning_rate': 1.611170784103115e-07, 'epoch': 0.01}
{'loss': 9.9248, 'learning_rate': 1.825993555316864e-07, 'epoch': 0.01}
{'loss': 9.8818, 'learning_rate': 2.0408163265306121e-07, 'epoch': 0.01}
{'loss': 9.3115, 'learning_rate': 2.255639097744361e-07, 'epoch': 0.01}
{'loss': 9.8037, 'learning_rate': 2.4704618689581094e-07, 'epoch': 0.01}
{'loss': 9.5469, 'learning_rate': 2.6852846401718585e-07, 'epoch': 0.01}
{'loss': 9.751, 'learning_rate': 2.900107411385607e-07, 'epoch': 0.01}
{'loss': 9.4375, 'learning_rate': 3.114930182599356e-07, 'epoch': 0.01}
{'loss': 9.0498, 'learning_rate': 3.329752953813104e-07, 'epoch': 0.01}
{'loss': 9.2275, 'learning_rate': 3.544575725026853e-07, 'epoch': 0.01}
{'loss': 8.8828, 'learning_rate': 3.7593984962406015e-07, 'epoch': 0.01}
{'loss': 8.7324, 'learning_rate': 3.9742212674543505e-07, 'epoch': 0.01}
{'loss': 8.7817, 'learning_rate': 4.189044038668099e-07, 'epoch': 0.01}
{'loss': 7.9395, 'learning_rate': 4.403866809881848e-07, 'epoch': 0.01}
{'loss': 7.6147, 'learning_rate': 4.6186895810955966e-07, 'epoch': 0.01}
{'loss': 7.3843, 'learning_rate': 4.833512352309346e-07, 'epoch': 0.01}
{'loss': 7.334, 'learning_rate': 5.048335123523094e-07, 'epoch': 0.01}
{'loss': 6.8877, 'learning_rate': 5.263157894736843e-07, 'epoch': 0.01}
{'loss': 6.6997, 'learning_rate': 5.477980665950591e-07, 'epoch': 0.02}
{'loss': 6.3203, 'learning_rate': 5.69280343716434e-07, 'epoch': 0.02}
{'loss': 6.2432, 'learning_rate': 5.907626208378089e-07, 'epoch': 0.02}
{'loss': 6.1372, 'learning_rate': 6.015037593984962e-07, 'epoch': 0.02}
{'loss': 5.9463, 'learning_rate': 6.229860365198712e-07, 'epoch': 0.02}
{'loss': 5.5806, 'learning_rate': 6.44468313641246e-07, 'epoch': 0.02}
{'loss': 5.3838, 'learning_rate': 6.659505907626208e-07, 'epoch': 0.02}
{'loss': 5.1289, 'learning_rate': 6.874328678839958e-07, 'epoch': 0.02}
{'loss': 4.7744, 'learning_rate': 7.089151450053706e-07, 'epoch': 0.02}
{'loss': 4.6792, 'learning_rate': 7.303974221267456e-07, 'epoch': 0.02}
{'loss': 4.4771, 'learning_rate': 7.518796992481203e-07, 'epoch': 0.02}
{'loss': 4.3459, 'learning_rate': 7.733619763694953e-07, 'epoch': 0.02}
{'loss': 4.3218, 'learning_rate': 7.948442534908701e-07, 'epoch': 0.02}
{'loss': 3.9749, 'learning_rate': 8.163265306122449e-07, 'epoch': 0.02}
{'loss': 4.0093, 'learning_rate': 8.378088077336198e-07, 'epoch': 0.02}
{'loss': 3.7268, 'learning_rate': 8.592910848549947e-07, 'epoch': 0.02}
{'loss': 3.5637, 'learning_rate': 8.807733619763696e-07, 'epoch': 0.02}
{'loss': 3.4333, 'learning_rate': 9.022556390977444e-07, 'epoch': 0.02}
{'loss': 3.2739, 'learning_rate': 9.237379162191193e-07, 'epoch': 0.02}
{'loss': 3.229, 'learning_rate': 9.452201933404942e-07, 'epoch': 0.02}
{'loss': 3.0674, 'learning_rate': 9.667024704618691e-07, 'epoch': 0.02}
{'loss': 2.9893, 'learning_rate': 9.881847475832438e-07, 'epoch': 0.02}
{'loss': 2.7244, 'learning_rate': 1.0096670247046188e-06, 'epoch': 0.02}
{'loss': 2.6963, 'learning_rate': 1.0311493018259937e-06, 'epoch': 0.02}
{'loss': 2.5625, 'learning_rate': 1.0526315789473685e-06, 'epoch': 0.03}
{'loss': 2.4441, 'learning_rate': 1.0741138560687434e-06, 'epoch': 0.03}
{'loss': 2.321, 'learning_rate': 1.0955961331901182e-06, 'epoch': 0.03}
{'loss': 2.1173, 'learning_rate': 1.117078410311493e-06, 'epoch': 0.03}
{'loss': 1.986, 'learning_rate': 1.138560687432868e-06, 'epoch': 0.03}
{'loss': 1.8008, 'learning_rate': 1.1600429645542428e-06, 'epoch': 0.03}
{'loss': 1.5825, 'learning_rate': 1.1815252416756178e-06, 'epoch': 0.03}
{'loss': 1.3503, 'learning_rate': 1.2030075187969925e-06, 'epoch': 0.03}
{'loss': 1.2789, 'learning_rate': 1.2244897959183673e-06, 'epoch': 0.03}
{'loss': 0.997, 'learning_rate': 1.2459720730397424e-06, 'epoch': 0.03}
{'loss': 0.8067, 'learning_rate': 1.2674543501611172e-06, 'epoch': 0.03}
{'loss': 0.71, 'learning_rate': 1.288936627282492e-06, 'epoch': 0.03}
{'loss': 0.6201, 'learning_rate': 1.310418904403867e-06, 'epoch': 0.03}
{'loss': 0.6038, 'learning_rate': 1.3319011815252416e-06, 'epoch': 0.03}
{'loss': 0.5463, 'learning_rate': 1.3533834586466167e-06, 'epoch': 0.03}
{'loss': 0.4544, 'learning_rate': 1.3748657357679915e-06, 'epoch': 0.03}
{'loss': 0.4466, 'learning_rate': 1.3963480128893664e-06, 'epoch': 0.03}
{'loss': 0.4403, 'learning_rate': 1.4178302900107412e-06, 'epoch': 0.03}
{'loss': 0.4316, 'learning_rate': 1.4393125671321163e-06, 'epoch': 0.03}
{'loss': 0.4554, 'learning_rate': 1.4607948442534911e-06, 'epoch': 0.03}
{'loss': 0.4533, 'learning_rate': 1.4822771213748658e-06, 'epoch': 0.03}
{'loss': 0.3758, 'learning_rate': 1.5037593984962406e-06, 'epoch': 0.03}
{'loss': 0.4802, 'learning_rate': 1.5252416756176155e-06, 'epoch': 0.03}
{'loss': 0.3705, 'learning_rate': 1.5467239527389905e-06, 'epoch': 0.04}
{'loss': 0.396, 'learning_rate': 1.5682062298603654e-06, 'epoch': 0.04}
{'loss': 0.4758, 'learning_rate': 1.5896885069817402e-06, 'epoch': 0.04}
{'loss': 0.4043, 'learning_rate': 1.611170784103115e-06, 'epoch': 0.04}
{'loss': 0.4889, 'learning_rate': 1.6326530612244897e-06, 'epoch': 0.04}
{'loss': 0.447, 'learning_rate': 1.6541353383458648e-06, 'epoch': 0.04}
{'loss': 0.4489, 'learning_rate': 1.6756176154672396e-06, 'epoch': 0.04}
{'loss': 0.4558, 'learning_rate': 1.6970998925886145e-06, 'epoch': 0.04}
{'loss': 0.3749, 'learning_rate': 1.7185821697099893e-06, 'epoch': 0.04}
{'loss': 0.4346, 'learning_rate': 1.7400644468313644e-06, 'epoch': 0.04}
{'loss': 0.3822, 'learning_rate': 1.7615467239527392e-06, 'epoch': 0.04}
{'loss': 0.3343, 'learning_rate': 1.7830290010741139e-06, 'epoch': 0.04}
{'loss': 0.4392, 'learning_rate': 1.8045112781954887e-06, 'epoch': 0.04}
{'loss': 0.3562, 'learning_rate': 1.8259935553168636e-06, 'epoch': 0.04}
{'loss': 0.3604, 'learning_rate': 1.8474758324382386e-06, 'epoch': 0.04}
{'loss': 0.345, 'learning_rate': 1.8689581095596135e-06, 'epoch': 0.04}
{'loss': 0.3723, 'learning_rate': 1.8904403866809883e-06, 'epoch': 0.04}
{'loss': 0.398, 'learning_rate': 1.9119226638023634e-06, 'epoch': 0.04}
{'loss': 0.376, 'learning_rate': 1.9334049409237383e-06, 'epoch': 0.04}
{'loss': 0.3408, 'learning_rate': 1.9548872180451127e-06, 'epoch': 0.04}
{'loss': 0.4249, 'learning_rate': 1.9763694951664875e-06, 'epoch': 0.04}
{'loss': 0.3593, 'learning_rate': 1.997851772287863e-06, 'epoch': 0.04}
{'loss': 0.3674, 'learning_rate': 2.0193340494092377e-06, 'epoch': 0.04}
{'loss': 0.4331, 'learning_rate': 2.0408163265306125e-06, 'epoch': 0.05}
{'loss': 0.3954, 'learning_rate': 2.0622986036519874e-06, 'epoch': 0.05}
{'loss': 0.3806, 'learning_rate': 2.083780880773362e-06, 'epoch': 0.05}
{'loss': 0.3535, 'learning_rate': 2.105263157894737e-06, 'epoch': 0.05}
{'loss': 0.3688, 'learning_rate': 2.126745435016112e-06, 'epoch': 0.05}
{'loss': 0.383, 'learning_rate': 2.1482277121374868e-06, 'epoch': 0.05}
{'loss': 0.3918, 'learning_rate': 2.1697099892588616e-06, 'epoch': 0.05}
{'loss': 0.3625, 'learning_rate': 2.1911922663802365e-06, 'epoch': 0.05}
{'loss': 0.3269, 'learning_rate': 2.2126745435016113e-06, 'epoch': 0.05}
{'loss': 0.3941, 'learning_rate': 2.234156820622986e-06, 'epoch': 0.05}
{'loss': 0.3451, 'learning_rate': 2.255639097744361e-06, 'epoch': 0.05}
{'loss': 0.3993, 'learning_rate': 2.277121374865736e-06, 'epoch': 0.05}
{'loss': 0.4343, 'learning_rate': 2.2986036519871107e-06, 'epoch': 0.05}
{'loss': 0.3463, 'learning_rate': 2.3200859291084856e-06, 'epoch': 0.05}
{'loss': 0.3312, 'learning_rate': 2.3415682062298604e-06, 'epoch': 0.05}
{'loss': 0.3494, 'learning_rate': 2.3630504833512357e-06, 'epoch': 0.05}
{'loss': 0.3168, 'learning_rate': 2.3845327604726105e-06, 'epoch': 0.05}
{'loss': 0.3111, 'learning_rate': 2.406015037593985e-06, 'epoch': 0.05}
{'loss': 0.3831, 'learning_rate': 2.42749731471536e-06, 'epoch': 0.05}
{'loss': 0.3704, 'learning_rate': 2.4489795918367347e-06, 'epoch': 0.05}
{'loss': 0.3432, 'learning_rate': 2.47046186895811e-06, 'epoch': 0.05}
{'loss': 0.284, 'learning_rate': 2.491944146079485e-06, 'epoch': 0.05}
{'loss': 0.3366, 'learning_rate': 2.5134264232008592e-06, 'epoch': 0.05}
{'loss': 0.2943, 'learning_rate': 2.5349087003222345e-06, 'epoch': 0.05}
{'loss': 0.3084, 'learning_rate': 2.556390977443609e-06, 'epoch': 0.06}
{'loss': 0.3878, 'learning_rate': 2.577873254564984e-06, 'epoch': 0.06}
{'loss': 0.3077, 'learning_rate': 2.599355531686359e-06, 'epoch': 0.06}
{'loss': 0.3385, 'learning_rate': 2.620837808807734e-06, 'epoch': 0.06}
{'loss': 0.3634, 'learning_rate': 2.6423200859291087e-06, 'epoch': 0.06}
{'loss': 0.3336, 'learning_rate': 2.663802363050483e-06, 'epoch': 0.06}
{'loss': 0.333, 'learning_rate': 2.6852846401718585e-06, 'epoch': 0.06}
{'loss': 0.3661, 'learning_rate': 2.7067669172932333e-06, 'epoch': 0.06}
{'loss': 0.3799, 'learning_rate': 2.728249194414608e-06, 'epoch': 0.06}
{'loss': 0.3508, 'learning_rate': 2.749731471535983e-06, 'epoch': 0.06}
{'loss': 0.3787, 'learning_rate': 2.7712137486573583e-06, 'epoch': 0.06}
{'loss': 0.3484, 'learning_rate': 2.7926960257787327e-06, 'epoch': 0.06}
{'loss': 0.3589, 'learning_rate': 2.8141783029001076e-06, 'epoch': 0.06}
{'loss': 0.3115, 'learning_rate': 2.8356605800214824e-06, 'epoch': 0.06}
{'loss': 0.3513, 'learning_rate': 2.8571428571428573e-06, 'epoch': 0.06}
{'loss': 0.3214, 'learning_rate': 2.8786251342642325e-06, 'epoch': 0.06}
{'loss': 0.3376, 'learning_rate': 2.900107411385607e-06, 'epoch': 0.06}
{'loss': 0.3746, 'learning_rate': 2.9215896885069822e-06, 'epoch': 0.06}
{'loss': 0.3508, 'learning_rate': 2.9430719656283567e-06, 'epoch': 0.06}
{'loss': 0.3122, 'learning_rate': 2.9645542427497315e-06, 'epoch': 0.06}
{'loss': 0.3076, 'learning_rate': 2.9860365198711068e-06, 'epoch': 0.06}
{'loss': 0.3791, 'learning_rate': 3.007518796992481e-06, 'epoch': 0.06}
{'loss': 0.3657, 'learning_rate': 3.0290010741138565e-06, 'epoch': 0.06}
{'loss': 0.3155, 'learning_rate': 3.050483351235231e-06, 'epoch': 0.07}
{'loss': 0.311, 'learning_rate': 3.071965628356606e-06, 'epoch': 0.07}
{'loss': 0.3604, 'learning_rate': 3.093447905477981e-06, 'epoch': 0.07}
{'loss': 0.3279, 'learning_rate': 3.1149301825993555e-06, 'epoch': 0.07}
{'loss': 0.3085, 'learning_rate': 3.1364124597207307e-06, 'epoch': 0.07}
{'loss': 0.3363, 'learning_rate': 3.157894736842105e-06, 'epoch': 0.07}
{'loss': 0.3187, 'learning_rate': 3.1793770139634804e-06, 'epoch': 0.07}
{'loss': 0.2949, 'learning_rate': 3.2008592910848553e-06, 'epoch': 0.07}
{'loss': 0.337, 'learning_rate': 3.22234156820623e-06, 'epoch': 0.07}
{'loss': 0.2885, 'learning_rate': 3.243823845327605e-06, 'epoch': 0.07}
{'loss': 0.3198, 'learning_rate': 3.2653061224489794e-06, 'epoch': 0.07}
{'loss': 0.292, 'learning_rate': 3.2867883995703547e-06, 'epoch': 0.07}
{'loss': 0.3315, 'learning_rate': 3.3082706766917295e-06, 'epoch': 0.07}
{'loss': 0.291, 'learning_rate': 3.3297529538131044e-06, 'epoch': 0.07}
{'loss': 0.3502, 'learning_rate': 3.3512352309344792e-06, 'epoch': 0.07}
{'loss': 0.3085, 'learning_rate': 3.3727175080558545e-06, 'epoch': 0.07}
{'loss': 0.3377, 'learning_rate': 3.394199785177229e-06, 'epoch': 0.07}
{'loss': 0.343, 'learning_rate': 3.415682062298604e-06, 'epoch': 0.07}
{'loss': 0.3595, 'learning_rate': 3.4371643394199786e-06, 'epoch': 0.07}
{'loss': 0.3098, 'learning_rate': 3.4586466165413535e-06, 'epoch': 0.07}
{'loss': 0.3852, 'learning_rate': 3.4801288936627288e-06, 'epoch': 0.07}
{'loss': 0.3869, 'learning_rate': 3.501611170784103e-06, 'epoch': 0.07}
{'loss': 0.2971, 'learning_rate': 3.5230934479054785e-06, 'epoch': 0.07}
{'loss': 0.3193, 'learning_rate': 3.544575725026853e-06, 'epoch': 0.08}
{'loss': 0.326, 'learning_rate': 3.5660580021482278e-06, 'epoch': 0.08}
{'loss': 0.3345, 'learning_rate': 3.587540279269603e-06, 'epoch': 0.08}
{'loss': 0.3097, 'learning_rate': 3.6090225563909775e-06, 'epoch': 0.08}
{'loss': 0.2998, 'learning_rate': 3.6305048335123527e-06, 'epoch': 0.08}
{'loss': 0.3001, 'learning_rate': 3.651987110633727e-06, 'epoch': 0.08}
{'loss': 0.3121, 'learning_rate': 3.6734693877551024e-06, 'epoch': 0.08}
{'loss': 0.3759, 'learning_rate': 3.6949516648764773e-06, 'epoch': 0.08}
{'loss': 0.2878, 'learning_rate': 3.7164339419978526e-06, 'epoch': 0.08}
{'loss': 0.3457, 'learning_rate': 3.737916219119227e-06, 'epoch': 0.08}
{'loss': 0.2945, 'learning_rate': 3.7593984962406014e-06, 'epoch': 0.08}
{'loss': 0.3266, 'learning_rate': 3.7808807733619767e-06, 'epoch': 0.08}
{'loss': 0.3324, 'learning_rate': 3.8023630504833515e-06, 'epoch': 0.08}
{'loss': 0.3349, 'learning_rate': 3.823845327604727e-06, 'epoch': 0.08}
{'loss': 0.2948, 'learning_rate': 3.845327604726101e-06, 'epoch': 0.08}
{'loss': 0.3423, 'learning_rate': 3.8668098818474765e-06, 'epoch': 0.08}
{'loss': 0.2876, 'learning_rate': 3.888292158968851e-06, 'epoch': 0.08}
{'loss': 0.4047, 'learning_rate': 3.909774436090225e-06, 'epoch': 0.08}
{'loss': 0.3425, 'learning_rate': 3.931256713211601e-06, 'epoch': 0.08}
{'loss': 0.3562, 'learning_rate': 3.952738990332975e-06, 'epoch': 0.08}
{'loss': 0.3059, 'learning_rate': 3.97422126745435e-06, 'epoch': 0.08}
{'loss': 0.3333, 'learning_rate': 3.995703544575726e-06, 'epoch': 0.08}
{'loss': 0.2999, 'learning_rate': 4.017185821697101e-06, 'epoch': 0.08}
{'loss': 0.3218, 'learning_rate': 4.038668098818475e-06, 'epoch': 0.09}
{'loss': 0.3347, 'learning_rate': 4.06015037593985e-06, 'epoch': 0.09}
{'loss': 0.3354, 'learning_rate': 4.081632653061225e-06, 'epoch': 0.09}
{'loss': 0.3035, 'learning_rate': 4.1031149301825994e-06, 'epoch': 0.09}
{'loss': 0.2867, 'learning_rate': 4.124597207303975e-06, 'epoch': 0.09}
{'loss': 0.3354, 'learning_rate': 4.146079484425349e-06, 'epoch': 0.09}
{'loss': 0.3497, 'learning_rate': 4.167561761546724e-06, 'epoch': 0.09}
{'loss': 0.3107, 'learning_rate': 4.189044038668099e-06, 'epoch': 0.09}
{'loss': 0.3114, 'learning_rate': 4.210526315789474e-06, 'epoch': 0.09}
{'loss': 0.2989, 'learning_rate': 4.232008592910849e-06, 'epoch': 0.09}
{'loss': 0.2982, 'learning_rate': 4.253490870032224e-06, 'epoch': 0.09}
{'loss': 0.3288, 'learning_rate': 4.274973147153599e-06, 'epoch': 0.09}
{'loss': 0.3519, 'learning_rate': 4.2964554242749735e-06, 'epoch': 0.09}
{'loss': 0.3204, 'learning_rate': 4.317937701396349e-06, 'epoch': 0.09}
{'loss': 0.3134, 'learning_rate': 4.339419978517723e-06, 'epoch': 0.09}
{'loss': 0.3643, 'learning_rate': 4.360902255639098e-06, 'epoch': 0.09}
{'loss': 0.3513, 'learning_rate': 4.382384532760473e-06, 'epoch': 0.09}
{'loss': 0.3351, 'learning_rate': 4.403866809881847e-06, 'epoch': 0.09}
{'loss': 0.3808, 'learning_rate': 4.425349087003223e-06, 'epoch': 0.09}
{'loss': 0.3725, 'learning_rate': 4.446831364124598e-06, 'epoch': 0.09}
{'loss': 0.3539, 'learning_rate': 4.468313641245972e-06, 'epoch': 0.09}
{'loss': 0.3061, 'learning_rate': 4.489795918367348e-06, 'epoch': 0.09}
{'loss': 0.2977, 'learning_rate': 4.511278195488722e-06, 'epoch': 0.09}
{'loss': 0.3188, 'learning_rate': 4.532760472610097e-06, 'epoch': 0.09}
{'loss': 0.3244, 'learning_rate': 4.554242749731472e-06, 'epoch': 0.1}
{'loss': 0.3364, 'learning_rate': 4.575725026852847e-06, 'epoch': 0.1}
{'loss': 0.325, 'learning_rate': 4.5972073039742214e-06, 'epoch': 0.1}
{'loss': 0.2995, 'learning_rate': 4.618689581095597e-06, 'epoch': 0.1}
{'loss': 0.3487, 'learning_rate': 4.640171858216971e-06, 'epoch': 0.1}
{'loss': 0.3298, 'learning_rate': 4.661654135338346e-06, 'epoch': 0.1}
{'loss': 0.3222, 'learning_rate': 4.683136412459721e-06, 'epoch': 0.1}
{'loss': 0.3008, 'learning_rate': 4.704618689581096e-06, 'epoch': 0.1}
{'loss': 0.2923, 'learning_rate': 4.726100966702471e-06, 'epoch': 0.1}
{'loss': 0.349, 'learning_rate': 4.747583243823846e-06, 'epoch': 0.1}
{'loss': 0.3067, 'learning_rate': 4.769065520945221e-06, 'epoch': 0.1}
{'loss': 0.3186, 'learning_rate': 4.7905477980665955e-06, 'epoch': 0.1}
{'loss': 0.3336, 'learning_rate': 4.81203007518797e-06, 'epoch': 0.1}
{'loss': 0.3204, 'learning_rate': 4.833512352309345e-06, 'epoch': 0.1}
{'loss': 0.3173, 'learning_rate': 4.85499462943072e-06, 'epoch': 0.1}
{'loss': 0.291, 'learning_rate': 4.876476906552095e-06, 'epoch': 0.1}
{'loss': 0.3429, 'learning_rate': 4.897959183673469e-06, 'epoch': 0.1}
{'loss': 0.3233, 'learning_rate': 4.919441460794845e-06, 'epoch': 0.1}
{'loss': 0.3056, 'learning_rate': 4.94092373791622e-06, 'epoch': 0.1}
{'loss': 0.3296, 'learning_rate': 4.962406015037594e-06, 'epoch': 0.1}
{'loss': 0.2826, 'learning_rate': 4.98388829215897e-06, 'epoch': 0.1}
{'loss': 0.3203, 'learning_rate': 5.005370569280345e-06, 'epoch': 0.1}
{'loss': 0.279, 'learning_rate': 5.0268528464017184e-06, 'epoch': 0.1}
{'loss': 0.3515, 'learning_rate': 5.048335123523094e-06, 'epoch': 0.11}
{'loss': 0.3447, 'learning_rate': 5.069817400644469e-06, 'epoch': 0.11}
{'loss': 0.3007, 'learning_rate': 5.091299677765844e-06, 'epoch': 0.11}
{'loss': 0.3341, 'learning_rate': 5.112781954887218e-06, 'epoch': 0.11}
{'loss': 0.3853, 'learning_rate': 5.134264232008593e-06, 'epoch': 0.11}
{'loss': 0.3235, 'learning_rate': 5.155746509129968e-06, 'epoch': 0.11}
{'loss': 0.3141, 'learning_rate': 5.177228786251343e-06, 'epoch': 0.11}
{'loss': 0.3499, 'learning_rate': 5.198711063372718e-06, 'epoch': 0.11}
{'loss': 0.3439, 'learning_rate': 5.220193340494093e-06, 'epoch': 0.11}
{'loss': 0.3514, 'learning_rate': 5.241675617615468e-06, 'epoch': 0.11}
{'loss': 0.2979, 'learning_rate': 5.263157894736842e-06, 'epoch': 0.11}
{'loss': 0.3651, 'learning_rate': 5.2846401718582175e-06, 'epoch': 0.11}
{'loss': 0.2914, 'learning_rate': 5.306122448979593e-06, 'epoch': 0.11}
{'loss': 0.2892, 'learning_rate': 5.327604726100966e-06, 'epoch': 0.11}
{'loss': 0.3279, 'learning_rate': 5.349087003222342e-06, 'epoch': 0.11}
{'loss': 0.3087, 'learning_rate': 5.370569280343717e-06, 'epoch': 0.11}
{'loss': 0.3134, 'learning_rate': 5.392051557465092e-06, 'epoch': 0.11}
{'loss': 0.3378, 'learning_rate': 5.413533834586467e-06, 'epoch': 0.11}
{'loss': 0.3392, 'learning_rate': 5.435016111707842e-06, 'epoch': 0.11}
{'loss': 0.3208, 'learning_rate': 5.456498388829216e-06, 'epoch': 0.11}
{'loss': 0.3063, 'learning_rate': 5.477980665950591e-06, 'epoch': 0.11}
{'loss': 0.3195, 'learning_rate': 5.499462943071966e-06, 'epoch': 0.11}
{'loss': 0.3165, 'learning_rate': 5.520945220193341e-06, 'epoch': 0.11}
{'loss': 0.3504, 'learning_rate': 5.5424274973147166e-06, 'epoch': 0.12}
{'loss': 0.2666, 'learning_rate': 5.56390977443609e-06, 'epoch': 0.12}
{'loss': 0.3404, 'learning_rate': 5.585392051557465e-06, 'epoch': 0.12}
{'loss': 0.2987, 'learning_rate': 5.606874328678841e-06, 'epoch': 0.12}
{'loss': 0.3097, 'learning_rate': 5.628356605800215e-06, 'epoch': 0.12}
{'loss': 0.3084, 'learning_rate': 5.64983888292159e-06, 'epoch': 0.12}
{'loss': 0.3026, 'learning_rate': 5.671321160042965e-06, 'epoch': 0.12}
{'loss': 0.3007, 'learning_rate': 5.69280343716434e-06, 'epoch': 0.12}
{'loss': 0.304, 'learning_rate': 5.7142857142857145e-06, 'epoch': 0.12}
{'loss': 0.2926, 'learning_rate': 5.73576799140709e-06, 'epoch': 0.12}
{'loss': 0.3547, 'learning_rate': 5.757250268528465e-06, 'epoch': 0.12}
{'loss': 0.2932, 'learning_rate': 5.778732545649839e-06, 'epoch': 0.12}
{'loss': 0.3462, 'learning_rate': 5.800214822771214e-06, 'epoch': 0.12}
{'loss': 0.282, 'learning_rate': 5.821697099892589e-06, 'epoch': 0.12}
{'loss': 0.3335, 'learning_rate': 5.8431793770139645e-06, 'epoch': 0.12}
{'loss': 0.3773, 'learning_rate': 5.864661654135339e-06, 'epoch': 0.12}
{'loss': 0.3305, 'learning_rate': 5.886143931256713e-06, 'epoch': 0.12}
{'loss': 0.3245, 'learning_rate': 5.907626208378089e-06, 'epoch': 0.12}
{'loss': 0.3006, 'learning_rate': 5.929108485499463e-06, 'epoch': 0.12}
{'loss': 0.3509, 'learning_rate': 5.950590762620838e-06, 'epoch': 0.12}
{'loss': 0.3504, 'learning_rate': 5.9720730397422136e-06, 'epoch': 0.12}
{'loss': 0.3429, 'learning_rate': 5.993555316863589e-06, 'epoch': 0.12}
{'loss': 0.3161, 'learning_rate': 6.015037593984962e-06, 'epoch': 0.12}
{'loss': 0.3009, 'learning_rate': 6.036519871106338e-06, 'epoch': 0.13}
{'loss': 0.348, 'learning_rate': 6.058002148227713e-06, 'epoch': 0.13}
{'loss': 0.3135, 'learning_rate': 6.079484425349087e-06, 'epoch': 0.13}
{'loss': 0.3417, 'learning_rate': 6.100966702470462e-06, 'epoch': 0.13}
{'loss': 0.2919, 'learning_rate': 6.122448979591837e-06, 'epoch': 0.13}
{'loss': 0.3224, 'learning_rate': 6.143931256713212e-06, 'epoch': 0.13}
{'loss': 0.2793, 'learning_rate': 6.165413533834587e-06, 'epoch': 0.13}
{'loss': 0.2958, 'learning_rate': 6.186895810955962e-06, 'epoch': 0.13}
{'loss': 0.3296, 'learning_rate': 6.208378088077337e-06, 'epoch': 0.13}
{'loss': 0.2913, 'learning_rate': 6.229860365198711e-06, 'epoch': 0.13}
{'loss': 0.2734, 'learning_rate': 6.251342642320086e-06, 'epoch': 0.13}
{'loss': 0.3628, 'learning_rate': 6.2728249194414615e-06, 'epoch': 0.13}
{'loss': 0.331, 'learning_rate': 6.294307196562837e-06, 'epoch': 0.13}
{'loss': 0.3174, 'learning_rate': 6.31578947368421e-06, 'epoch': 0.13}
{'loss': 0.3264, 'learning_rate': 6.337271750805586e-06, 'epoch': 0.13}
{'loss': 0.3069, 'learning_rate': 6.358754027926961e-06, 'epoch': 0.13}
{'loss': 0.3606, 'learning_rate': 6.380236305048335e-06, 'epoch': 0.13}
{'loss': 0.352, 'learning_rate': 6.401718582169711e-06, 'epoch': 0.13}
{'loss': 0.2979, 'learning_rate': 6.423200859291086e-06, 'epoch': 0.13}
{'loss': 0.3115, 'learning_rate': 6.44468313641246e-06, 'epoch': 0.13}
{'loss': 0.2722, 'learning_rate': 6.466165413533835e-06, 'epoch': 0.13}
{'loss': 0.3083, 'learning_rate': 6.48764769065521e-06, 'epoch': 0.13}
{'loss': 0.37, 'learning_rate': 6.509129967776585e-06, 'epoch': 0.13}
{'loss': 0.3358, 'learning_rate': 6.530612244897959e-06, 'epoch': 0.13}
{'loss': 0.3651, 'learning_rate': 6.552094522019334e-06, 'epoch': 0.14}
{'loss': 0.3185, 'learning_rate': 6.573576799140709e-06, 'epoch': 0.14}
{'loss': 0.2956, 'learning_rate': 6.595059076262085e-06, 'epoch': 0.14}
{'loss': 0.3308, 'learning_rate': 6.616541353383459e-06, 'epoch': 0.14}
{'loss': 0.3069, 'learning_rate': 6.638023630504834e-06, 'epoch': 0.14}
{'loss': 0.2903, 'learning_rate': 6.659505907626209e-06, 'epoch': 0.14}
{'loss': 0.3193, 'learning_rate': 6.680988184747583e-06, 'epoch': 0.14}
{'loss': 0.2917, 'learning_rate': 6.7024704618689585e-06, 'epoch': 0.14}
{'loss': 0.3048, 'learning_rate': 6.723952738990334e-06, 'epoch': 0.14}
{'loss': 0.3525, 'learning_rate': 6.745435016111709e-06, 'epoch': 0.14}
{'loss': 0.3349, 'learning_rate': 6.766917293233083e-06, 'epoch': 0.14}
{'loss': 0.2994, 'learning_rate': 6.788399570354458e-06, 'epoch': 0.14}
{'loss': 0.3223, 'learning_rate': 6.809881847475833e-06, 'epoch': 0.14}
{'loss': 0.2501, 'learning_rate': 6.831364124597208e-06, 'epoch': 0.14}
{'loss': 0.3052, 'learning_rate': 6.852846401718583e-06, 'epoch': 0.14}
{'loss': 0.2795, 'learning_rate': 6.874328678839957e-06, 'epoch': 0.14}
{'loss': 0.372, 'learning_rate': 6.8958109559613326e-06, 'epoch': 0.14}
{'loss': 0.2873, 'learning_rate': 6.917293233082707e-06, 'epoch': 0.14}
{'loss': 0.2663, 'learning_rate': 6.938775510204082e-06, 'epoch': 0.14}
{'loss': 0.3259, 'learning_rate': 6.9602577873254575e-06, 'epoch': 0.14}
{'loss': 0.3002, 'learning_rate': 6.981740064446831e-06, 'epoch': 0.14}
{'loss': 0.3651, 'learning_rate': 7.003222341568206e-06, 'epoch': 0.14}
{'loss': 0.3047, 'learning_rate': 7.024704618689582e-06, 'epoch': 0.14}
{'loss': 0.3187, 'learning_rate': 7.046186895810957e-06, 'epoch': 0.15}
{'loss': 0.3154, 'learning_rate': 7.067669172932331e-06, 'epoch': 0.15}
{'loss': 0.3114, 'learning_rate': 7.089151450053706e-06, 'epoch': 0.15}
{'loss': 0.2929, 'learning_rate': 7.110633727175081e-06, 'epoch': 0.15}
{'loss': 0.3251, 'learning_rate': 7.1321160042964555e-06, 'epoch': 0.15}
{'loss': 0.3059, 'learning_rate': 7.153598281417831e-06, 'epoch': 0.15}
{'loss': 0.3233, 'learning_rate': 7.175080558539206e-06, 'epoch': 0.15}
{'loss': 0.3024, 'learning_rate': 7.196562835660581e-06, 'epoch': 0.15}
{'loss': 0.3028, 'learning_rate': 7.218045112781955e-06, 'epoch': 0.15}
{'loss': 0.3362, 'learning_rate': 7.23952738990333e-06, 'epoch': 0.15}
{'loss': 0.3098, 'learning_rate': 7.2610096670247055e-06, 'epoch': 0.15}
{'loss': 0.2828, 'learning_rate': 7.282491944146081e-06, 'epoch': 0.15}
{'loss': 0.301, 'learning_rate': 7.303974221267454e-06, 'epoch': 0.15}
{'loss': 0.3136, 'learning_rate': 7.32545649838883e-06, 'epoch': 0.15}
{'loss': 0.3205, 'learning_rate': 7.346938775510205e-06, 'epoch': 0.15}
{'loss': 0.286, 'learning_rate': 7.368421052631579e-06, 'epoch': 0.15}
{'loss': 0.2841, 'learning_rate': 7.3899033297529546e-06, 'epoch': 0.15}
{'loss': 0.2647, 'learning_rate': 7.41138560687433e-06, 'epoch': 0.15}
{'loss': 0.3079, 'learning_rate': 7.432867883995705e-06, 'epoch': 0.15}
{'loss': 0.3073, 'learning_rate': 7.454350161117079e-06, 'epoch': 0.15}
{'loss': 0.3092, 'learning_rate': 7.475832438238454e-06, 'epoch': 0.15}
{'loss': 0.2856, 'learning_rate': 7.497314715359829e-06, 'epoch': 0.15}
{'loss': 0.3156, 'learning_rate': 7.518796992481203e-06, 'epoch': 0.15}
{'loss': 0.2959, 'learning_rate': 7.540279269602578e-06, 'epoch': 0.16}
{'loss': 0.2836, 'learning_rate': 7.561761546723953e-06, 'epoch': 0.16}
{'loss': 0.3231, 'learning_rate': 7.583243823845329e-06, 'epoch': 0.16}
{'loss': 0.3072, 'learning_rate': 7.604726100966703e-06, 'epoch': 0.16}
{'loss': 0.3318, 'learning_rate': 7.626208378088078e-06, 'epoch': 0.16}
{'loss': 0.3472, 'learning_rate': 7.647690655209454e-06, 'epoch': 0.16}
{'loss': 0.2999, 'learning_rate': 7.669172932330828e-06, 'epoch': 0.16}
{'loss': 0.2962, 'learning_rate': 7.690655209452202e-06, 'epoch': 0.16}
{'loss': 0.3436, 'learning_rate': 7.712137486573577e-06, 'epoch': 0.16}
{'loss': 0.3011, 'learning_rate': 7.733619763694953e-06, 'epoch': 0.16}
{'loss': 0.2733, 'learning_rate': 7.755102040816327e-06, 'epoch': 0.16}
{'loss': 0.2742, 'learning_rate': 7.776584317937702e-06, 'epoch': 0.16}
{'loss': 0.2874, 'learning_rate': 7.798066595059078e-06, 'epoch': 0.16}
{'loss': 0.3353, 'learning_rate': 7.81954887218045e-06, 'epoch': 0.16}
{'loss': 0.315, 'learning_rate': 7.841031149301827e-06, 'epoch': 0.16}
{'loss': 0.3015, 'learning_rate': 7.862513426423201e-06, 'epoch': 0.16}
{'loss': 0.2879, 'learning_rate': 7.883995703544577e-06, 'epoch': 0.16}
{'loss': 0.3217, 'learning_rate': 7.90547798066595e-06, 'epoch': 0.16}
{'loss': 0.2837, 'learning_rate': 7.926960257787326e-06, 'epoch': 0.16}
{'loss': 0.2792, 'learning_rate': 7.9484425349087e-06, 'epoch': 0.16}
{'loss': 0.3043, 'learning_rate': 7.969924812030075e-06, 'epoch': 0.16}
{'loss': 0.3266, 'learning_rate': 7.991407089151451e-06, 'epoch': 0.16}
{'loss': 0.3222, 'learning_rate': 8.012889366272826e-06, 'epoch': 0.16}
{'loss': 0.319, 'learning_rate': 8.034371643394202e-06, 'epoch': 0.16}
{'loss': 0.3311, 'learning_rate': 8.055853920515575e-06, 'epoch': 0.17}
{'loss': 0.3424, 'learning_rate': 8.07733619763695e-06, 'epoch': 0.17}
{'loss': 0.3177, 'learning_rate': 8.098818474758325e-06, 'epoch': 0.17}
{'loss': 0.3256, 'learning_rate': 8.1203007518797e-06, 'epoch': 0.17}
{'loss': 0.299, 'learning_rate': 8.141783029001074e-06, 'epoch': 0.17}
{'loss': 0.3192, 'learning_rate': 8.16326530612245e-06, 'epoch': 0.17}
{'loss': 0.3095, 'learning_rate': 8.184747583243824e-06, 'epoch': 0.17}
{'loss': 0.2793, 'learning_rate': 8.206229860365199e-06, 'epoch': 0.17}
{'loss': 0.3057, 'learning_rate': 8.227712137486575e-06, 'epoch': 0.17}
{'loss': 0.3268, 'learning_rate': 8.24919441460795e-06, 'epoch': 0.17}
{'loss': 0.3267, 'learning_rate': 8.270676691729324e-06, 'epoch': 0.17}
{'loss': 0.3094, 'learning_rate': 8.292158968850698e-06, 'epoch': 0.17}
{'loss': 0.304, 'learning_rate': 8.313641245972074e-06, 'epoch': 0.17}
{'loss': 0.3416, 'learning_rate': 8.335123523093449e-06, 'epoch': 0.17}
{'loss': 0.3192, 'learning_rate': 8.356605800214823e-06, 'epoch': 0.17}
{'loss': 0.2633, 'learning_rate': 8.378088077336198e-06, 'epoch': 0.17}
{'loss': 0.3508, 'learning_rate': 8.399570354457574e-06, 'epoch': 0.17}
{'loss': 0.3101, 'learning_rate': 8.421052631578948e-06, 'epoch': 0.17}
{'loss': 0.3346, 'learning_rate': 8.442534908700323e-06, 'epoch': 0.17}
{'loss': 0.3224, 'learning_rate': 8.464017185821699e-06, 'epoch': 0.17}
{'loss': 0.305, 'learning_rate': 8.485499462943073e-06, 'epoch': 0.17}
{'loss': 0.2945, 'learning_rate': 8.506981740064448e-06, 'epoch': 0.17}
{'loss': 0.3273, 'learning_rate': 8.528464017185822e-06, 'epoch': 0.17}
{'loss': 0.3225, 'learning_rate': 8.549946294307198e-06, 'epoch': 0.18}
{'loss': 0.3294, 'learning_rate': 8.571428571428571e-06, 'epoch': 0.18}
{'loss': 0.3601, 'learning_rate': 8.592910848549947e-06, 'epoch': 0.18}
{'loss': 0.3024, 'learning_rate': 8.614393125671321e-06, 'epoch': 0.18}
{'loss': 0.3137, 'learning_rate': 8.635875402792698e-06, 'epoch': 0.18}
{'loss': 0.2449, 'learning_rate': 8.657357679914072e-06, 'epoch': 0.18}
{'loss': 0.3252, 'learning_rate': 8.678839957035446e-06, 'epoch': 0.18}
{'loss': 0.3586, 'learning_rate': 8.700322234156821e-06, 'epoch': 0.18}
{'loss': 0.3155, 'learning_rate': 8.721804511278195e-06, 'epoch': 0.18}
{'loss': 0.3635, 'learning_rate': 8.743286788399571e-06, 'epoch': 0.18}
{'loss': 0.3203, 'learning_rate': 8.764769065520946e-06, 'epoch': 0.18}
{'loss': 0.3128, 'learning_rate': 8.786251342642322e-06, 'epoch': 0.18}
{'loss': 0.299, 'learning_rate': 8.807733619763695e-06, 'epoch': 0.18}
{'loss': 0.2866, 'learning_rate': 8.82921589688507e-06, 'epoch': 0.18}
{'loss': 0.3409, 'learning_rate': 8.850698174006445e-06, 'epoch': 0.18}
{'loss': 0.3207, 'learning_rate': 8.87218045112782e-06, 'epoch': 0.18}
{'loss': 0.3094, 'learning_rate': 8.893662728249196e-06, 'epoch': 0.18}
{'loss': 0.3192, 'learning_rate': 8.91514500537057e-06, 'epoch': 0.18}
{'loss': 0.3111, 'learning_rate': 8.936627282491945e-06, 'epoch': 0.18}
{'loss': 0.3288, 'learning_rate': 8.958109559613319e-06, 'epoch': 0.18}
{'loss': 0.2906, 'learning_rate': 8.979591836734695e-06, 'epoch': 0.18}
{'loss': 0.301, 'learning_rate': 9.00107411385607e-06, 'epoch': 0.18}
{'loss': 0.3006, 'learning_rate': 9.022556390977444e-06, 'epoch': 0.18}
{'loss': 0.3121, 'learning_rate': 9.044038668098818e-06, 'epoch': 0.19}
{'loss': 0.2833, 'learning_rate': 9.065520945220195e-06, 'epoch': 0.19}
{'loss': 0.2951, 'learning_rate': 9.087003222341569e-06, 'epoch': 0.19}
{'loss': 0.3112, 'learning_rate': 9.108485499462943e-06, 'epoch': 0.19}
{'loss': 0.3276, 'learning_rate': 9.129967776584318e-06, 'epoch': 0.19}
{'loss': 0.2984, 'learning_rate': 9.151450053705694e-06, 'epoch': 0.19}
{'loss': 0.2718, 'learning_rate': 9.172932330827068e-06, 'epoch': 0.19}
{'loss': 0.3026, 'learning_rate': 9.194414607948443e-06, 'epoch': 0.19}
{'loss': 0.2863, 'learning_rate': 9.215896885069819e-06, 'epoch': 0.19}
{'loss': 0.3582, 'learning_rate': 9.237379162191193e-06, 'epoch': 0.19}
{'loss': 0.3148, 'learning_rate': 9.258861439312568e-06, 'epoch': 0.19}
{'loss': 0.3009, 'learning_rate': 9.280343716433942e-06, 'epoch': 0.19}
{'loss': 0.2792, 'learning_rate': 9.301825993555318e-06, 'epoch': 0.19}
{'loss': 0.3234, 'learning_rate': 9.323308270676693e-06, 'epoch': 0.19}
{'loss': 0.3033, 'learning_rate': 9.344790547798067e-06, 'epoch': 0.19}
{'loss': 0.2533, 'learning_rate': 9.366272824919442e-06, 'epoch': 0.19}
{'loss': 0.3573, 'learning_rate': 9.387755102040818e-06, 'epoch': 0.19}
{'loss': 0.3129, 'learning_rate': 9.409237379162192e-06, 'epoch': 0.19}
{'loss': 0.3169, 'learning_rate': 9.430719656283567e-06, 'epoch': 0.19}
{'loss': 0.299, 'learning_rate': 9.452201933404943e-06, 'epoch': 0.19}
{'loss': 0.2966, 'learning_rate': 9.473684210526315e-06, 'epoch': 0.19}
{'loss': 0.3157, 'learning_rate': 9.495166487647692e-06, 'epoch': 0.19}
{'loss': 0.3128, 'learning_rate': 9.516648764769066e-06, 'epoch': 0.19}
{'loss': 0.3513, 'learning_rate': 9.538131041890442e-06, 'epoch': 0.2}
{'loss': 0.3138, 'learning_rate': 9.559613319011815e-06, 'epoch': 0.2}
{'loss': 0.292, 'learning_rate': 9.581095596133191e-06, 'epoch': 0.2}
{'loss': 0.2737, 'learning_rate': 9.602577873254565e-06, 'epoch': 0.2}
{'loss': 0.286, 'learning_rate': 9.62406015037594e-06, 'epoch': 0.2}
{'loss': 0.3026, 'learning_rate': 9.645542427497316e-06, 'epoch': 0.2}
{'loss': 0.328, 'learning_rate': 9.66702470461869e-06, 'epoch': 0.2}
{'loss': 0.2904, 'learning_rate': 9.688506981740065e-06, 'epoch': 0.2}
{'loss': 0.2995, 'learning_rate': 9.70998925886144e-06, 'epoch': 0.2}
{'loss': 0.3195, 'learning_rate': 9.731471535982815e-06, 'epoch': 0.2}
{'loss': 0.3201, 'learning_rate': 9.75295381310419e-06, 'epoch': 0.2}
{'loss': 0.2505, 'learning_rate': 9.774436090225564e-06, 'epoch': 0.2}
{'loss': 0.2795, 'learning_rate': 9.795918367346939e-06, 'epoch': 0.2}
{'loss': 0.3546, 'learning_rate': 9.817400644468315e-06, 'epoch': 0.2}
{'loss': 0.2663, 'learning_rate': 9.83888292158969e-06, 'epoch': 0.2}
{'loss': 0.3054, 'learning_rate': 9.860365198711064e-06, 'epoch': 0.2}
{'loss': 0.2667, 'learning_rate': 9.88184747583244e-06, 'epoch': 0.2}
{'loss': 0.3931, 'learning_rate': 9.903329752953814e-06, 'epoch': 0.2}
{'loss': 0.3126, 'learning_rate': 9.924812030075189e-06, 'epoch': 0.2}
{'loss': 0.2961, 'learning_rate': 9.946294307196563e-06, 'epoch': 0.2}
{'loss': 0.3186, 'learning_rate': 9.96777658431794e-06, 'epoch': 0.2}
{'loss': 0.2986, 'learning_rate': 9.989258861439314e-06, 'epoch': 0.2}
{'loss': 0.2505, 'learning_rate': 9.99999822081797e-06, 'epoch': 0.2}
{'loss': 0.3577, 'learning_rate': 9.999983987369321e-06, 'epoch': 0.2}
{'loss': 0.3617, 'learning_rate': 9.999955520512542e-06, 'epoch': 0.21}
{'loss': 0.3068, 'learning_rate': 9.999912820328665e-06, 'epoch': 0.21}
{'loss': 0.2892, 'learning_rate': 9.999855886939249e-06, 'epoch': 0.21}
{'loss': 0.2871, 'learning_rate': 9.999784720506364e-06, 'epoch': 0.21}
{'loss': 0.3111, 'learning_rate': 9.9996993212326e-06, 'epoch': 0.21}
{'loss': 0.2718, 'learning_rate': 9.99959968936106e-06, 'epoch': 0.21}
{'loss': 0.3357, 'learning_rate': 9.999485825175367e-06, 'epoch': 0.21}
{'loss': 0.3421, 'learning_rate': 9.999357728999657e-06, 'epoch': 0.21}
{'loss': 0.3199, 'learning_rate': 9.999215401198579e-06, 'epoch': 0.21}
{'loss': 0.319, 'learning_rate': 9.999058842177298e-06, 'epoch': 0.21}
{'loss': 0.3266, 'learning_rate': 9.998888052381489e-06, 'epoch': 0.21}
{'loss': 0.3117, 'learning_rate': 9.998703032297334e-06, 'epoch': 0.21}
{'loss': 0.3198, 'learning_rate': 9.998503782451533e-06, 'epoch': 0.21}
{'loss': 0.2983, 'learning_rate': 9.998290303411284e-06, 'epoch': 0.21}
{'loss': 0.2938, 'learning_rate': 9.9980625957843e-06, 'epoch': 0.21}
{'loss': 0.3119, 'learning_rate': 9.997820660218793e-06, 'epoch': 0.21}
{'loss': 0.2659, 'learning_rate': 9.997564497403478e-06, 'epoch': 0.21}
{'loss': 0.3483, 'learning_rate': 9.99729410806757e-06, 'epoch': 0.21}
{'loss': 0.3224, 'learning_rate': 9.997009492980787e-06, 'epoch': 0.21}
{'loss': 0.279, 'learning_rate': 9.99671065295334e-06, 'epoch': 0.21}
{'loss': 0.2782, 'learning_rate': 9.996397588835929e-06, 'epoch': 0.21}
{'loss': 0.295, 'learning_rate': 9.996070301519757e-06, 'epoch': 0.21}
{'loss': 0.2782, 'learning_rate': 9.995728791936505e-06, 'epoch': 0.21}
{'loss': 0.2743, 'learning_rate': 9.995373061058348e-06, 'epoch': 0.22}
{'loss': 0.3136, 'learning_rate': 9.995003109897942e-06, 'epoch': 0.22}
{'loss': 0.2933, 'learning_rate': 9.994618939508423e-06, 'epoch': 0.22}
{'loss': 0.2531, 'learning_rate': 9.994220550983404e-06, 'epoch': 0.22}
{'loss': 0.3358, 'learning_rate': 9.993807945456976e-06, 'epoch': 0.22}
{'loss': 0.317, 'learning_rate': 9.993381124103698e-06, 'epoch': 0.22}
{'loss': 0.2437, 'learning_rate': 9.992940088138598e-06, 'epoch': 0.22}
{'loss': 0.3013, 'learning_rate': 9.992484838817169e-06, 'epoch': 0.22}
{'loss': 0.3083, 'learning_rate': 9.992015377435367e-06, 'epoch': 0.22}
{'loss': 0.3016, 'learning_rate': 9.991531705329601e-06, 'epoch': 0.22}
{'loss': 0.3237, 'learning_rate': 9.991033823876737e-06, 'epoch': 0.22}
{'loss': 0.3469, 'learning_rate': 9.99052173449409e-06, 'epoch': 0.22}
{'loss': 0.3091, 'learning_rate': 9.989995438639419e-06, 'epoch': 0.22}
{'loss': 0.306, 'learning_rate': 9.989454937810926e-06, 'epoch': 0.22}
{'loss': 0.3082, 'learning_rate': 9.98890023354725e-06, 'epoch': 0.22}
{'loss': 0.267, 'learning_rate': 9.988331327427462e-06, 'epoch': 0.22}
{'loss': 0.3505, 'learning_rate': 9.987748221071061e-06, 'epoch': 0.22}
{'loss': 0.2703, 'learning_rate': 9.987150916137972e-06, 'epoch': 0.22}
{'loss': 0.3418, 'learning_rate': 9.98653941432854e-06, 'epoch': 0.22}
{'loss': 0.2834, 'learning_rate': 9.985913717383515e-06, 'epoch': 0.22}
{'loss': 0.2803, 'learning_rate': 9.985273827084068e-06, 'epoch': 0.22}
{'loss': 0.3495, 'learning_rate': 9.984619745251767e-06, 'epoch': 0.22}
{'loss': 0.3044, 'learning_rate': 9.983951473748579e-06, 'epoch': 0.22}
{'loss': 0.3021, 'learning_rate': 9.983269014476869e-06, 'epoch': 0.23}
{'loss': 0.2524, 'learning_rate': 9.982572369379386e-06, 'epoch': 0.23}
{'loss': 0.3043, 'learning_rate': 9.981861540439265e-06, 'epoch': 0.23}
{'loss': 0.2651, 'learning_rate': 9.981136529680014e-06, 'epoch': 0.23}
{'loss': 0.2981, 'learning_rate': 9.980397339165514e-06, 'epoch': 0.23}
{'loss': 0.2694, 'learning_rate': 9.979643971000015e-06, 'epoch': 0.23}
{'loss': 0.2675, 'learning_rate': 9.97887642732812e-06, 'epoch': 0.23}
{'loss': 0.3204, 'learning_rate': 9.97809471033479e-06, 'epoch': 0.23}
{'loss': 0.2973, 'learning_rate': 9.97729882224533e-06, 'epoch': 0.23}
{'loss': 0.2971, 'learning_rate': 9.97648876532539e-06, 'epoch': 0.23}
{'loss': 0.2846, 'learning_rate': 9.975664541880949e-06, 'epoch': 0.23}
{'loss': 0.2885, 'learning_rate': 9.974826154258318e-06, 'epoch': 0.23}
{'loss': 0.3372, 'learning_rate': 9.973973604844126e-06, 'epoch': 0.23}
{'loss': 0.311, 'learning_rate': 9.973106896065319e-06, 'epoch': 0.23}
{'loss': 0.3348, 'learning_rate': 9.972226030389145e-06, 'epoch': 0.23}
{'loss': 0.2978, 'learning_rate': 9.971331010323162e-06, 'epoch': 0.23}
{'loss': 0.3569, 'learning_rate': 9.970421838415211e-06, 'epoch': 0.23}
{'loss': 0.3053, 'learning_rate': 9.969498517253425e-06, 'epoch': 0.23}
{'loss': 0.3247, 'learning_rate': 9.968561049466214e-06, 'epoch': 0.23}
{'loss': 0.2905, 'learning_rate': 9.967609437722257e-06, 'epoch': 0.23}
{'loss': 0.3333, 'learning_rate': 9.9666436847305e-06, 'epoch': 0.23}
{'loss': 0.279, 'learning_rate': 9.965663793240144e-06, 'epoch': 0.23}
{'loss': 0.2613, 'learning_rate': 9.964669766040636e-06, 'epoch': 0.23}
{'loss': 0.2846, 'learning_rate': 9.96366160596166e-06, 'epoch': 0.24}
{'loss': 0.2727, 'learning_rate': 9.962639315873143e-06, 'epoch': 0.24}
{'loss': 0.2782, 'learning_rate': 9.961602898685225e-06, 'epoch': 0.24}
{'loss': 0.2941, 'learning_rate': 9.960552357348268e-06, 'epoch': 0.24}
{'loss': 0.3133, 'learning_rate': 9.959487694852832e-06, 'epoch': 0.24}
{'loss': 0.3073, 'learning_rate': 9.958408914229688e-06, 'epoch': 0.24}
{'loss': 0.2347, 'learning_rate': 9.957316018549789e-06, 'epoch': 0.24}
{'loss': 0.3047, 'learning_rate': 9.95620901092427e-06, 'epoch': 0.24}
{'loss': 0.2738, 'learning_rate': 9.955087894504441e-06, 'epoch': 0.24}
{'loss': 0.3418, 'learning_rate': 9.95395267248177e-06, 'epoch': 0.24}
{'loss': 0.3059, 'learning_rate': 9.952803348087889e-06, 'epoch': 0.24}
{'loss': 0.297, 'learning_rate': 9.951639924594565e-06, 'epoch': 0.24}
{'loss': 0.3079, 'learning_rate': 9.950462405313705e-06, 'epoch': 0.24}
{'loss': 0.2688, 'learning_rate': 9.949270793597343e-06, 'epoch': 0.24}
{'loss': 0.3197, 'learning_rate': 9.948065092837631e-06, 'epoch': 0.24}
{'loss': 0.2545, 'learning_rate': 9.946845306466823e-06, 'epoch': 0.24}
{'loss': 0.3048, 'learning_rate': 9.945611437957274e-06, 'epoch': 0.24}
{'loss': 0.2591, 'learning_rate': 9.944363490821428e-06, 'epoch': 0.24}
{'loss': 0.3128, 'learning_rate': 9.943101468611804e-06, 'epoch': 0.24}
{'loss': 0.3371, 'learning_rate': 9.941825374920988e-06, 'epoch': 0.24}
{'loss': 0.2912, 'learning_rate': 9.940535213381623e-06, 'epoch': 0.24}
{'loss': 0.2816, 'learning_rate': 9.939230987666404e-06, 'epoch': 0.24}
{'loss': 0.2777, 'learning_rate': 9.937912701488053e-06, 'epoch': 0.24}
{'loss': 0.2691, 'learning_rate': 9.936580358599327e-06, 'epoch': 0.24}
{'loss': 0.2989, 'learning_rate': 9.935233962792994e-06, 'epoch': 0.25}
{'loss': 0.2687, 'learning_rate': 9.933873517901825e-06, 'epoch': 0.25}
{'loss': 0.3251, 'learning_rate': 9.932499027798585e-06, 'epoch': 0.25}
{'loss': 0.2503, 'learning_rate': 9.931110496396026e-06, 'epoch': 0.25}
{'loss': 0.2506, 'learning_rate': 9.929707927646863e-06, 'epoch': 0.25}
{'loss': 0.2886, 'learning_rate': 9.928291325543777e-06, 'epoch': 0.25}
{'loss': 0.3082, 'learning_rate': 9.9268606941194e-06, 'epoch': 0.25}
{'loss': 0.2667, 'learning_rate': 9.92541603744629e-06, 'epoch': 0.25}
{'loss': 0.2545, 'learning_rate': 9.923957359636944e-06, 'epoch': 0.25}
{'loss': 0.288, 'learning_rate': 9.922484664843763e-06, 'epoch': 0.25}
{'loss': 0.3377, 'learning_rate': 9.920997957259055e-06, 'epoch': 0.25}
{'loss': 0.2563, 'learning_rate': 9.919497241115017e-06, 'epoch': 0.25}
{'loss': 0.2824, 'learning_rate': 9.917982520683724e-06, 'epoch': 0.25}
{'loss': 0.2606, 'learning_rate': 9.916453800277115e-06, 'epoch': 0.25}
{'loss': 0.2679, 'learning_rate': 9.914911084246985e-06, 'epoch': 0.25}
{'loss': 0.3502, 'learning_rate': 9.91335437698497e-06, 'epoch': 0.25}
{'loss': 0.2649, 'learning_rate': 9.911783682922534e-06, 'epoch': 0.25}
{'loss': 0.3102, 'learning_rate': 9.910199006530955e-06, 'epoch': 0.25}
{'loss': 0.2594, 'learning_rate': 9.908600352321322e-06, 'epoch': 0.25}
{'loss': 0.2354, 'learning_rate': 9.906987724844504e-06, 'epoch': 0.25}
{'loss': 0.3123, 'learning_rate': 9.905361128691156e-06, 'epoch': 0.25}
{'loss': 0.3035, 'learning_rate': 9.90372056849169e-06, 'epoch': 0.25}
{'loss': 0.3001, 'learning_rate': 9.90206604891628e-06, 'epoch': 0.25}
{'loss': 0.3075, 'learning_rate': 9.900397574674825e-06, 'epoch': 0.26}
{'loss': 0.2994, 'learning_rate': 9.898715150516957e-06, 'epoch': 0.26}
{'loss': 0.2901, 'learning_rate': 9.897018781232022e-06, 'epoch': 0.26}
{'loss': 0.2617, 'learning_rate': 9.895308471649052e-06, 'epoch': 0.26}
{'loss': 0.3049, 'learning_rate': 9.893584226636773e-06, 'epoch': 0.26}
{'loss': 0.3011, 'learning_rate': 9.891846051103578e-06, 'epoch': 0.26}
{'loss': 0.306, 'learning_rate': 9.890093949997513e-06, 'epoch': 0.26}
{'loss': 0.2898, 'learning_rate': 9.888327928306269e-06, 'epoch': 0.26}
{'loss': 0.3078, 'learning_rate': 9.886547991057162e-06, 'epoch': 0.26}
{'loss': 0.2617, 'learning_rate': 9.884754143317127e-06, 'epoch': 0.26}
{'loss': 0.2947, 'learning_rate': 9.882946390192692e-06, 'epoch': 0.26}
{'loss': 0.2878, 'learning_rate': 9.881124736829968e-06, 'epoch': 0.26}
{'loss': 0.219, 'learning_rate': 9.879289188414641e-06, 'epoch': 0.26}
{'loss': 0.2883, 'learning_rate': 9.877439750171951e-06, 'epoch': 0.26}
{'loss': 0.2646, 'learning_rate': 9.875576427366676e-06, 'epoch': 0.26}
{'loss': 0.2768, 'learning_rate': 9.873699225303118e-06, 'epoch': 0.26}
{'loss': 0.2496, 'learning_rate': 9.871808149325091e-06, 'epoch': 0.26}
{'loss': 0.2849, 'learning_rate': 9.869903204815907e-06, 'epoch': 0.26}
{'loss': 0.3348, 'learning_rate': 9.867984397198349e-06, 'epoch': 0.26}
{'loss': 0.2781, 'learning_rate': 9.866051731934673e-06, 'epoch': 0.26}
{'loss': 0.2837, 'learning_rate': 9.864105214526577e-06, 'epoch': 0.26}
{'loss': 0.2906, 'learning_rate': 9.862144850515193e-06, 'epoch': 0.26}
{'loss': 0.2714, 'learning_rate': 9.860170645481075e-06, 'epoch': 0.26}
{'loss': 0.3341, 'learning_rate': 9.858182605044171e-06, 'epoch': 0.27}
{'loss': 0.2877, 'learning_rate': 9.85618073486382e-06, 'epoch': 0.27}
{'loss': 0.3076, 'learning_rate': 9.854165040638724e-06, 'epoch': 0.27}
{'loss': 0.3276, 'learning_rate': 9.852135528106942e-06, 'epoch': 0.27}
{'loss': 0.3105, 'learning_rate': 9.850092203045872e-06, 'epoch': 0.27}
{'loss': 0.3315, 'learning_rate': 9.848035071272222e-06, 'epoch': 0.27}
{'loss': 0.2821, 'learning_rate': 9.845964138642016e-06, 'epoch': 0.27}
{'loss': 0.2836, 'learning_rate': 9.843879411050556e-06, 'epoch': 0.27}
{'loss': 0.2179, 'learning_rate': 9.841780894432416e-06, 'epoch': 0.27}
{'loss': 0.3192, 'learning_rate': 9.839668594761427e-06, 'epoch': 0.27}
{'loss': 0.2505, 'learning_rate': 9.83754251805065e-06, 'epoch': 0.27}
{'loss': 0.2906, 'learning_rate': 9.835402670352369e-06, 'epoch': 0.27}
{'loss': 0.2889, 'learning_rate': 9.833249057758067e-06, 'epoch': 0.27}
{'loss': 0.337, 'learning_rate': 9.831081686398417e-06, 'epoch': 0.27}
{'loss': 0.3172, 'learning_rate': 9.828900562443252e-06, 'epoch': 0.27}
{'loss': 0.3174, 'learning_rate': 9.826705692101555e-06, 'epoch': 0.27}
{'loss': 0.3508, 'learning_rate': 9.824497081621449e-06, 'epoch': 0.27}
{'loss': 0.3007, 'learning_rate': 9.82227473729016e-06, 'epoch': 0.27}
{'loss': 0.3423, 'learning_rate': 9.820038665434018e-06, 'epoch': 0.27}
{'loss': 0.2916, 'learning_rate': 9.817788872418428e-06, 'epoch': 0.27}
{'loss': 0.267, 'learning_rate': 9.815525364647853e-06, 'epoch': 0.27}
{'loss': 0.2951, 'learning_rate': 9.8132481485658e-06, 'epoch': 0.27}
{'loss': 0.2921, 'learning_rate': 9.8109572306548e-06, 'epoch': 0.27}
{'loss': 0.3412, 'learning_rate': 9.808652617436386e-06, 'epoch': 0.27}
{'loss': 0.3161, 'learning_rate': 9.806334315471085e-06, 'epoch': 0.28}
{'loss': 0.2802, 'learning_rate': 9.804002331358378e-06, 'epoch': 0.28}
{'loss': 0.2927, 'learning_rate': 9.801656671736705e-06, 'epoch': 0.28}
{'loss': 0.342, 'learning_rate': 9.799297343283436e-06, 'epoch': 0.28}
{'loss': 0.335, 'learning_rate': 9.796924352714846e-06, 'epoch': 0.28}
{'loss': 0.2913, 'learning_rate': 9.794537706786108e-06, 'epoch': 0.28}
{'loss': 0.3315, 'learning_rate': 9.792137412291265e-06, 'epoch': 0.28}
{'loss': 0.322, 'learning_rate': 9.789723476063211e-06, 'epoch': 0.28}
{'loss': 0.2782, 'learning_rate': 9.787295904973677e-06, 'epoch': 0.28}
{'loss': 0.3425, 'learning_rate': 9.784854705933207e-06, 'epoch': 0.28}
{'loss': 0.3004, 'learning_rate': 9.782399885891141e-06, 'epoch': 0.28}
{'loss': 0.3487, 'learning_rate': 9.77993145183559e-06, 'epoch': 0.28}
{'loss': 0.2747, 'learning_rate': 9.777449410793423e-06, 'epoch': 0.28}
{'loss': 0.2719, 'learning_rate': 9.774953769830245e-06, 'epoch': 0.28}
{'loss': 0.2951, 'learning_rate': 9.772444536050374e-06, 'epoch': 0.28}
{'loss': 0.2527, 'learning_rate': 9.76992171659682e-06, 'epoch': 0.28}
{'loss': 0.28, 'learning_rate': 9.767385318651272e-06, 'epoch': 0.28}
{'loss': 0.2859, 'learning_rate': 9.76483534943407e-06, 'epoch': 0.28}
{'loss': 0.3349, 'learning_rate': 9.762271816204187e-06, 'epoch': 0.28}
{'loss': 0.259, 'learning_rate': 9.759694726259211e-06, 'epoch': 0.28}
{'loss': 0.3114, 'learning_rate': 9.757104086935319e-06, 'epoch': 0.28}
{'loss': 0.3089, 'learning_rate': 9.75449990560726e-06, 'epoch': 0.28}
{'loss': 0.3083, 'learning_rate': 9.751882189688332e-06, 'epoch': 0.28}
{'loss': 0.308, 'learning_rate': 9.749250946630364e-06, 'epoch': 0.29}
{'loss': 0.3159, 'learning_rate': 9.746606183923691e-06, 'epoch': 0.29}
{'loss': 0.2988, 'learning_rate': 9.743947909097135e-06, 'epoch': 0.29}
{'loss': 0.3015, 'learning_rate': 9.74127612971798e-06, 'epoch': 0.29}
{'loss': 0.3036, 'learning_rate': 9.738590853391959e-06, 'epoch': 0.29}
{'loss': 0.2885, 'learning_rate': 9.73589208776322e-06, 'epoch': 0.29}
{'loss': 0.2638, 'learning_rate': 9.733179840514317e-06, 'epoch': 0.29}
{'loss': 0.3013, 'learning_rate': 9.730454119366179e-06, 'epoch': 0.29}
{'loss': 0.26, 'learning_rate': 9.727714932078088e-06, 'epoch': 0.29}
{'loss': 0.3102, 'learning_rate': 9.724962286447666e-06, 'epoch': 0.29}
{'loss': 0.2724, 'learning_rate': 9.722196190310841e-06, 'epoch': 0.29}
{'loss': 0.3571, 'learning_rate': 9.719416651541839e-06, 'epoch': 0.29}
{'loss': 0.2853, 'learning_rate': 9.716623678053141e-06, 'epoch': 0.29}
{'loss': 0.3073, 'learning_rate': 9.713817277795482e-06, 'epoch': 0.29}
{'loss': 0.3524, 'learning_rate': 9.710997458757814e-06, 'epoch': 0.29}
{'loss': 0.3057, 'learning_rate': 9.708164228967291e-06, 'epoch': 0.29}
{'loss': 0.3136, 'learning_rate': 9.705317596489243e-06, 'epoch': 0.29}
{'loss': 0.3118, 'learning_rate': 9.70245756942715e-06, 'epoch': 0.29}
{'loss': 0.286, 'learning_rate': 9.699584155922625e-06, 'epoch': 0.29}
{'loss': 0.3178, 'learning_rate': 9.69669736415539e-06, 'epoch': 0.29}
{'loss': 0.2711, 'learning_rate': 9.693797202343244e-06, 'epoch': 0.29}
{'loss': 0.3042, 'learning_rate': 9.690883678742055e-06, 'epoch': 0.29}
{'loss': 0.2791, 'learning_rate': 9.687956801645721e-06, 'epoch': 0.29}
{'loss': 0.2587, 'learning_rate': 9.685016579386159e-06, 'epoch': 0.3}
{'loss': 0.3392, 'learning_rate': 9.682063020333269e-06, 'epoch': 0.3}
{'loss': 0.2613, 'learning_rate': 9.679096132894922e-06, 'epoch': 0.3}
{'loss': 0.33, 'learning_rate': 9.67611592551693e-06, 'epoch': 0.3}
{'loss': 0.2765, 'learning_rate': 9.673122406683018e-06, 'epoch': 0.3}
{'loss': 0.3115, 'learning_rate': 9.67011558491481e-06, 'epoch': 0.3}
{'loss': 0.2878, 'learning_rate': 9.667095468771801e-06, 'epoch': 0.3}
{'loss': 0.292, 'learning_rate': 9.664062066851325e-06, 'epoch': 0.3}
{'loss': 0.2906, 'learning_rate': 9.66101538778854e-06, 'epoch': 0.3}
{'loss': 0.2894, 'learning_rate': 9.657955440256396e-06, 'epoch': 0.3}
{'loss': 0.3383, 'learning_rate': 9.654882232965621e-06, 'epoch': 0.3}
{'loss': 0.3202, 'learning_rate': 9.651795774664684e-06, 'epoch': 0.3}
{'loss': 0.3558, 'learning_rate': 9.648696074139778e-06, 'epoch': 0.3}
{'loss': 0.2903, 'learning_rate': 9.645583140214791e-06, 'epoch': 0.3}
{'loss': 0.2966, 'learning_rate': 9.642456981751285e-06, 'epoch': 0.3}
{'loss': 0.2696, 'learning_rate': 9.639317607648464e-06, 'epoch': 0.3}
{'loss': 0.2694, 'learning_rate': 9.636165026843155e-06, 'epoch': 0.3}
{'loss': 0.2893, 'learning_rate': 9.632999248309785e-06, 'epoch': 0.3}
{'loss': 0.2942, 'learning_rate': 9.629820281060342e-06, 'epoch': 0.3}
{'loss': 0.2892, 'learning_rate': 9.626628134144364e-06, 'epoch': 0.3}
{'loss': 0.2912, 'learning_rate': 9.623422816648905e-06, 'epoch': 0.3}
{'loss': 0.3112, 'learning_rate': 9.620204337698515e-06, 'epoch': 0.3}
{'loss': 0.3712, 'learning_rate': 9.616972706455205e-06, 'epoch': 0.3}
{'loss': 0.2693, 'learning_rate': 9.613727932118435e-06, 'epoch': 0.31}
{'loss': 0.2686, 'learning_rate': 9.610470023925067e-06, 'epoch': 0.31}
{'loss': 0.2785, 'learning_rate': 9.607198991149365e-06, 'epoch': 0.31}
{'loss': 0.3628, 'learning_rate': 9.603914843102941e-06, 'epoch': 0.31}
{'loss': 0.3132, 'learning_rate': 9.600617589134755e-06, 'epoch': 0.31}
{'loss': 0.2689, 'learning_rate': 9.597307238631066e-06, 'epoch': 0.31}
{'loss': 0.3137, 'learning_rate': 9.59398380101542e-06, 'epoch': 0.31}
{'loss': 0.2649, 'learning_rate': 9.590647285748614e-06, 'epoch': 0.31}
{'loss': 0.2537, 'learning_rate': 9.587297702328675e-06, 'epoch': 0.31}
{'loss': 0.3228, 'learning_rate': 9.583935060290833e-06, 'epoch': 0.31}
{'loss': 0.3035, 'learning_rate': 9.58055936920749e-06, 'epoch': 0.31}
{'loss': 0.3311, 'learning_rate': 9.577170638688192e-06, 'epoch': 0.31}
{'loss': 0.2825, 'learning_rate': 9.57376887837961e-06, 'epoch': 0.31}
{'loss': 0.2809, 'learning_rate': 9.570354097965501e-06, 'epoch': 0.31}
{'loss': 0.2631, 'learning_rate': 9.56692630716669e-06, 'epoch': 0.31}
{'loss': 0.2747, 'learning_rate': 9.563485515741038e-06, 'epoch': 0.31}
{'loss': 0.2663, 'learning_rate': 9.560031733483413e-06, 'epoch': 0.31}
{'loss': 0.2729, 'learning_rate': 9.556564970225666e-06, 'epoch': 0.31}
{'loss': 0.2427, 'learning_rate': 9.553085235836597e-06, 'epoch': 0.31}
{'loss': 0.2601, 'learning_rate': 9.549592540221938e-06, 'epoch': 0.31}
{'loss': 0.27, 'learning_rate': 9.546086893324311e-06, 'epoch': 0.31}
{'loss': 0.2995, 'learning_rate': 9.542568305123207e-06, 'epoch': 0.31}
{'loss': 0.3069, 'learning_rate': 9.539036785634961e-06, 'epoch': 0.31}
{'loss': 0.3254, 'learning_rate': 9.535492344912716e-06, 'epoch': 0.31}
{'loss': 0.2585, 'learning_rate': 9.531934993046398e-06, 'epoch': 0.32}
{'loss': 0.3156, 'learning_rate': 9.52836474016269e-06, 'epoch': 0.32}
{'loss': 0.283, 'learning_rate': 9.524781596424994e-06, 'epoch': 0.32}
{'loss': 0.2986, 'learning_rate': 9.521185572033416e-06, 'epoch': 0.32}
{'loss': 0.2784, 'learning_rate': 9.517576677224723e-06, 'epoch': 0.32}
{'loss': 0.3609, 'learning_rate': 9.51395492227232e-06, 'epoch': 0.32}
{'loss': 0.2711, 'learning_rate': 9.51032031748623e-06, 'epoch': 0.32}
{'loss': 0.3011, 'learning_rate': 9.506672873213045e-06, 'epoch': 0.32}
{'loss': 0.2812, 'learning_rate': 9.503012599835907e-06, 'epoch': 0.32}
{'loss': 0.2624, 'learning_rate': 9.49933950777449e-06, 'epoch': 0.32}
{'loss': 0.2918, 'learning_rate': 9.495653607484946e-06, 'epoch': 0.32}
{'loss': 0.273, 'learning_rate': 9.491954909459895e-06, 'epoch': 0.32}
{'loss': 0.2584, 'learning_rate': 9.488243424228386e-06, 'epoch': 0.32}
{'loss': 0.3092, 'learning_rate': 9.48451916235587e-06, 'epoch': 0.32}
{'loss': 0.2575, 'learning_rate': 9.480782134444168e-06, 'epoch': 0.32}
{'loss': 0.3079, 'learning_rate': 9.477032351131442e-06, 'epoch': 0.32}
{'loss': 0.268, 'learning_rate': 9.473269823092169e-06, 'epoch': 0.32}
{'loss': 0.358, 'learning_rate': 9.469494561037097e-06, 'epoch': 0.32}
{'loss': 0.2792, 'learning_rate': 9.465706575713235e-06, 'epoch': 0.32}
{'loss': 0.3074, 'learning_rate': 9.461905877903805e-06, 'epoch': 0.32}
{'loss': 0.2429, 'learning_rate': 9.458092478428217e-06, 'epoch': 0.32}
{'loss': 0.3147, 'learning_rate': 9.454266388142039e-06, 'epoch': 0.32}
{'loss': 0.2948, 'learning_rate': 9.450427617936968e-06, 'epoch': 0.32}
{'loss': 0.2982, 'learning_rate': 9.446576178740796e-06, 'epoch': 0.33}
{'loss': 0.3011, 'learning_rate': 9.442712081517377e-06, 'epoch': 0.33}
{'loss': 0.2606, 'learning_rate': 9.438835337266603e-06, 'epoch': 0.33}
{'loss': 0.3284, 'learning_rate': 9.434945957024366e-06, 'epoch': 0.33}
{'loss': 0.3038, 'learning_rate': 9.431043951862527e-06, 'epoch': 0.33}
{'loss': 0.3051, 'learning_rate': 9.42712933288889e-06, 'epoch': 0.33}
{'loss': 0.2976, 'learning_rate': 9.423202111247165e-06, 'epoch': 0.33}
{'loss': 0.2979, 'learning_rate': 9.419262298116936e-06, 'epoch': 0.33}
{'loss': 0.2779, 'learning_rate': 9.41530990471363e-06, 'epoch': 0.33}
{'loss': 0.3019, 'learning_rate': 9.411344942288493e-06, 'epoch': 0.33}
{'loss': 0.2808, 'learning_rate': 9.407367422128548e-06, 'epoch': 0.33}
{'loss': 0.2889, 'learning_rate': 9.40337735555656e-06, 'epoch': 0.33}
{'loss': 0.2779, 'learning_rate': 9.399374753931017e-06, 'epoch': 0.33}
{'loss': 0.2591, 'learning_rate': 9.395359628646087e-06, 'epoch': 0.33}
{'loss': 0.2248, 'learning_rate': 9.39133199113159e-06, 'epoch': 0.33}
{'loss': 0.2384, 'learning_rate': 9.387291852852968e-06, 'epoch': 0.33}
{'loss': 0.2507, 'learning_rate': 9.38323922531124e-06, 'epoch': 0.33}
{'loss': 0.2549, 'learning_rate': 9.379174120042987e-06, 'epoch': 0.33}
{'loss': 0.2722, 'learning_rate': 9.375096548620304e-06, 'epoch': 0.33}
{'loss': 0.2786, 'learning_rate': 9.371006522650779e-06, 'epoch': 0.33}
{'loss': 0.2184, 'learning_rate': 9.366904053777449e-06, 'epoch': 0.33}
{'loss': 0.2472, 'learning_rate': 9.362789153678771e-06, 'epoch': 0.33}
{'loss': 0.2804, 'learning_rate': 9.358661834068599e-06, 'epoch': 0.33}
{'loss': 0.2673, 'learning_rate': 9.354522106696133e-06, 'epoch': 0.34}
{'loss': 0.2264, 'learning_rate': 9.350369983345895e-06, 'epoch': 0.34}
{'loss': 0.325, 'learning_rate': 9.3462054758377e-06, 'epoch': 0.34}
{'loss': 0.2437, 'learning_rate': 9.342028596026608e-06, 'epoch': 0.34}
{'loss': 0.2668, 'learning_rate': 9.337839355802907e-06, 'epoch': 0.34}
{'loss': 0.2585, 'learning_rate': 9.33363776709207e-06, 'epoch': 0.34}
{'loss': 0.2631, 'learning_rate': 9.329423841854715e-06, 'epoch': 0.34}
{'loss': 0.2577, 'learning_rate': 9.32519759208659e-06, 'epoch': 0.34}
{'loss': 0.276, 'learning_rate': 9.32095902981852e-06, 'epoch': 0.34}
{'loss': 0.2588, 'learning_rate': 9.316708167116377e-06, 'epoch': 0.34}
{'loss': 0.3065, 'learning_rate': 9.312445016081055e-06, 'epoch': 0.34}
{'loss': 0.2995, 'learning_rate': 9.308169588848428e-06, 'epoch': 0.34}
{'loss': 0.2738, 'learning_rate': 9.303881897589315e-06, 'epoch': 0.34}
{'loss': 0.2566, 'learning_rate': 9.299581954509444e-06, 'epoch': 0.34}
{'loss': 0.2668, 'learning_rate': 9.295269771849426e-06, 'epoch': 0.34}
{'loss': 0.2814, 'learning_rate': 9.29094536188471e-06, 'epoch': 0.34}
{'loss': 0.2853, 'learning_rate': 9.286608736925556e-06, 'epoch': 0.34}
{'loss': 0.2753, 'learning_rate': 9.282259909316991e-06, 'epoch': 0.34}
{'loss': 0.2997, 'learning_rate': 9.277898891438784e-06, 'epoch': 0.34}
{'loss': 0.256, 'learning_rate': 9.273525695705404e-06, 'epoch': 0.34}
{'loss': 0.2865, 'learning_rate': 9.269140334565986e-06, 'epoch': 0.34}
{'loss': 0.3054, 'learning_rate': 9.2647428205043e-06, 'epoch': 0.34}
{'loss': 0.284, 'learning_rate': 9.260333166038704e-06, 'epoch': 0.34}
{'loss': 0.3183, 'learning_rate': 9.255911383722124e-06, 'epoch': 0.35}
{'loss': 0.2615, 'learning_rate': 9.251477486142004e-06, 'epoch': 0.35}
{'loss': 0.2534, 'learning_rate': 9.247031485920284e-06, 'epoch': 0.35}
{'loss': 0.3472, 'learning_rate': 9.242573395713345e-06, 'epoch': 0.35}
{'loss': 0.2777, 'learning_rate': 9.238103228211996e-06, 'epoch': 0.35}
{'loss': 0.3078, 'learning_rate': 9.233620996141421e-06, 'epoch': 0.35}
{'loss': 0.307, 'learning_rate': 9.229126712261148e-06, 'epoch': 0.35}
{'loss': 0.2851, 'learning_rate': 9.224620389365013e-06, 'epoch': 0.35}
{'loss': 0.3046, 'learning_rate': 9.220102040281122e-06, 'epoch': 0.35}
{'loss': 0.2888, 'learning_rate': 9.215571677871819e-06, 'epoch': 0.35}
{'loss': 0.3113, 'learning_rate': 9.211029315033647e-06, 'epoch': 0.35}
{'loss': 0.2789, 'learning_rate': 9.206474964697304e-06, 'epoch': 0.35}
{'loss': 0.2981, 'learning_rate': 9.201908639827619e-06, 'epoch': 0.35}
{'loss': 0.3269, 'learning_rate': 9.197330353423507e-06, 'epoch': 0.35}
{'loss': 0.2728, 'learning_rate': 9.192740118517936e-06, 'epoch': 0.35}
{'loss': 0.2624, 'learning_rate': 9.18813794817788e-06, 'epoch': 0.35}
{'loss': 0.2942, 'learning_rate': 9.183523855504297e-06, 'epoch': 0.35}
{'loss': 0.2182, 'learning_rate': 9.178897853632084e-06, 'epoch': 0.35}
{'loss': 0.2815, 'learning_rate': 9.174259955730033e-06, 'epoch': 0.35}
{'loss': 0.2078, 'learning_rate': 9.169610175000812e-06, 'epoch': 0.35}
{'loss': 0.265, 'learning_rate': 9.1649485246809e-06, 'epoch': 0.35}
{'loss': 0.2257, 'learning_rate': 9.160275018040581e-06, 'epoch': 0.35}
{'loss': 0.276, 'learning_rate': 9.15558966838388e-06, 'epoch': 0.35}
{'loss': 0.2638, 'learning_rate': 9.15089248904854e-06, 'epoch': 0.35}
{'loss': 0.2554, 'learning_rate': 9.146183493405976e-06, 'epoch': 0.36}
{'loss': 0.2685, 'learning_rate': 9.141462694861244e-06, 'epoch': 0.36}
{'loss': 0.2507, 'learning_rate': 9.136730106852995e-06, 'epoch': 0.36}
{'loss': 0.3031, 'learning_rate': 9.131985742853447e-06, 'epoch': 0.36}
{'loss': 0.2672, 'learning_rate': 9.127229616368334e-06, 'epoch': 0.36}
{'loss': 0.2785, 'learning_rate': 9.12246174093688e-06, 'epoch': 0.36}
{'loss': 0.2671, 'learning_rate': 9.11768213013175e-06, 'epoch': 0.36}
{'loss': 0.2858, 'learning_rate': 9.112890797559018e-06, 'epoch': 0.36}
{'loss': 0.2917, 'learning_rate': 9.108087756858126e-06, 'epoch': 0.36}
{'loss': 0.3083, 'learning_rate': 9.103273021701846e-06, 'epoch': 0.36}
{'loss': 0.3036, 'learning_rate': 9.09844660579624e-06, 'epoch': 0.36}
{'loss': 0.2715, 'learning_rate': 9.093608522880622e-06, 'epoch': 0.36}
{'loss': 0.2393, 'learning_rate': 9.088758786727515e-06, 'epoch': 0.36}
{'loss': 0.2355, 'learning_rate': 9.083897411142621e-06, 'epoch': 0.36}
{'loss': 0.2497, 'learning_rate': 9.079024409964774e-06, 'epoch': 0.36}
{'loss': 0.2437, 'learning_rate': 9.074139797065898e-06, 'epoch': 0.36}
{'loss': 0.3129, 'learning_rate': 9.069243586350976e-06, 'epoch': 0.36}
{'loss': 0.2854, 'learning_rate': 9.064335791758006e-06, 'epoch': 0.36}
{'loss': 0.2968, 'learning_rate': 9.059416427257963e-06, 'epoch': 0.36}
{'loss': 0.3294, 'learning_rate': 9.054485506854756e-06, 'epoch': 0.36}
{'loss': 0.2544, 'learning_rate': 9.049543044585188e-06, 'epoch': 0.36}
{'loss': 0.2537, 'learning_rate': 9.044589054518925e-06, 'epoch': 0.36}
{'loss': 0.3195, 'learning_rate': 9.039623550758439e-06, 'epoch': 0.36}
{'loss': 0.2716, 'learning_rate': 9.034646547438987e-06, 'epoch': 0.37}
{'loss': 0.2627, 'learning_rate': 9.02965805872856e-06, 'epoch': 0.37}
{'loss': 0.2699, 'learning_rate': 9.024658098827837e-06, 'epoch': 0.37}
{'loss': 0.2796, 'learning_rate': 9.019646681970163e-06, 'epoch': 0.37}
{'loss': 0.2826, 'learning_rate': 9.014623822421492e-06, 'epoch': 0.37}
{'loss': 0.3121, 'learning_rate': 9.009589534480347e-06, 'epoch': 0.37}
{'loss': 0.2475, 'learning_rate': 9.004543832477791e-06, 'epoch': 0.37}
{'loss': 0.2251, 'learning_rate': 8.99948673077738e-06, 'epoch': 0.37}
{'loss': 0.2644, 'learning_rate': 8.994418243775116e-06, 'epoch': 0.37}
{'loss': 0.281, 'learning_rate': 8.989338385899413e-06, 'epoch': 0.37}
{'loss': 0.2607, 'learning_rate': 8.984247171611058e-06, 'epoch': 0.37}
{'loss': 0.3213, 'learning_rate': 8.979144615403162e-06, 'epoch': 0.37}
{'loss': 0.2582, 'learning_rate': 8.974030731801126e-06, 'epoch': 0.37}
{'loss': 0.2448, 'learning_rate': 8.968905535362594e-06, 'epoch': 0.37}
{'loss': 0.2856, 'learning_rate': 8.963769040677413e-06, 'epoch': 0.37}
{'loss': 0.3161, 'learning_rate': 8.9586212623676e-06, 'epoch': 0.37}
{'loss': 0.2964, 'learning_rate': 8.953462215087282e-06, 'epoch': 0.37}
{'loss': 0.2594, 'learning_rate': 8.948291913522678e-06, 'epoch': 0.37}
{'loss': 0.3112, 'learning_rate': 8.943110372392031e-06, 'epoch': 0.37}
{'loss': 0.3088, 'learning_rate': 8.937917606445591e-06, 'epoch': 0.37}
{'loss': 0.2301, 'learning_rate': 8.932713630465553e-06, 'epoch': 0.37}
{'loss': 0.2637, 'learning_rate': 8.92749845926603e-06, 'epoch': 0.37}
{'loss': 0.2837, 'learning_rate': 8.922272107693e-06, 'epoch': 0.37}
{'loss': 0.2654, 'learning_rate': 8.917034590624269e-06, 'epoch': 0.38}
{'loss': 0.2675, 'learning_rate': 8.911785922969431e-06, 'epoch': 0.38}
{'loss': 0.2621, 'learning_rate': 8.906526119669819e-06, 'epoch': 0.38}
{'loss': 0.2392, 'learning_rate': 8.901255195698464e-06, 'epoch': 0.38}
{'loss': 0.33, 'learning_rate': 8.89597316606006e-06, 'epoch': 0.38}
{'loss': 0.2567, 'learning_rate': 8.890680045790907e-06, 'epoch': 0.38}
{'loss': 0.2196, 'learning_rate': 8.885375849958887e-06, 'epoch': 0.38}
{'loss': 0.3039, 'learning_rate': 8.8800605936634e-06, 'epoch': 0.38}
{'loss': 0.1707, 'learning_rate': 8.87473429203534e-06, 'epoch': 0.38}
{'loss': 0.3112, 'learning_rate': 8.86939696023704e-06, 'epoch': 0.38}
{'loss': 0.3387, 'learning_rate': 8.864048613462235e-06, 'epoch': 0.38}
{'loss': 0.2626, 'learning_rate': 8.85868926693601e-06, 'epoch': 0.38}
{'loss': 0.2327, 'learning_rate': 8.85331893591477e-06, 'epoch': 0.38}
{'loss': 0.3428, 'learning_rate': 8.847937635686185e-06, 'epoch': 0.38}
{'loss': 0.3001, 'learning_rate': 8.842545381569156e-06, 'epoch': 0.38}
{'loss': 0.2788, 'learning_rate': 8.837142188913759e-06, 'epoch': 0.38}
{'loss': 0.2496, 'learning_rate': 8.831728073101214e-06, 'epoch': 0.38}
{'loss': 0.2949, 'learning_rate': 8.826303049543833e-06, 'epoch': 0.38}
{'loss': 0.2731, 'learning_rate': 8.820867133684983e-06, 'epoch': 0.38}
{'loss': 0.3058, 'learning_rate': 8.815420340999034e-06, 'epoch': 0.38}
{'loss': 0.2426, 'learning_rate': 8.80996268699132e-06, 'epoch': 0.38}
{'loss': 0.2696, 'learning_rate': 8.804494187198093e-06, 'epoch': 0.38}
{'loss': 0.2607, 'learning_rate': 8.799014857186484e-06, 'epoch': 0.38}
{'loss': 0.2972, 'learning_rate': 8.793524712554448e-06, 'epoch': 0.38}
{'loss': 0.2655, 'learning_rate': 8.788023768930732e-06, 'epoch': 0.39}
{'loss': 0.2894, 'learning_rate': 8.782512041974818e-06, 'epoch': 0.39}
{'loss': 0.2649, 'learning_rate': 8.77698954737689e-06, 'epoch': 0.39}
{'loss': 0.3079, 'learning_rate': 8.77145630085778e-06, 'epoch': 0.39}
{'loss': 0.2376, 'learning_rate': 8.765912318168932e-06, 'epoch': 0.39}
{'loss': 0.3008, 'learning_rate': 8.760357615092352e-06, 'epoch': 0.39}
{'loss': 0.2495, 'learning_rate': 8.754792207440557e-06, 'epoch': 0.39}
{'loss': 0.2413, 'learning_rate': 8.749216111056544e-06, 'epoch': 0.39}
{'loss': 0.2114, 'learning_rate': 8.743629341813735e-06, 'epoch': 0.39}
{'loss': 0.3054, 'learning_rate': 8.738031915615934e-06, 'epoch': 0.39}
{'loss': 0.2134, 'learning_rate': 8.732423848397283e-06, 'epoch': 0.39}
{'loss': 0.2893, 'learning_rate': 8.726805156122216e-06, 'epoch': 0.39}
{'loss': 0.227, 'learning_rate': 8.721175854785408e-06, 'epoch': 0.39}
{'loss': 0.2566, 'learning_rate': 8.715535960411743e-06, 'epoch': 0.39}
{'loss': 0.233, 'learning_rate': 8.709885489056253e-06, 'epoch': 0.39}
{'loss': 0.3144, 'learning_rate': 8.704224456804087e-06, 'epoch': 0.39}
{'loss': 0.3224, 'learning_rate': 8.69855287977045e-06, 'epoch': 0.39}
{'loss': 0.2607, 'learning_rate': 8.692870774100567e-06, 'epoch': 0.39}
{'loss': 0.2881, 'learning_rate': 8.687178155969639e-06, 'epoch': 0.39}
{'loss': 0.2851, 'learning_rate': 8.681475041582783e-06, 'epoch': 0.39}
{'loss': 0.2533, 'learning_rate': 8.675761447175011e-06, 'epoch': 0.39}
{'loss': 0.2791, 'learning_rate': 8.670037389011153e-06, 'epoch': 0.39}
{'loss': 0.254, 'learning_rate': 8.664302883385833e-06, 'epoch': 0.39}
{'loss': 0.278, 'learning_rate': 8.658557946623416e-06, 'epoch': 0.4}
{'loss': 0.2683, 'learning_rate': 8.65280259507796e-06, 'epoch': 0.4}
{'loss': 0.2465, 'learning_rate': 8.647036845133171e-06, 'epoch': 0.4}
{'loss': 0.3149, 'learning_rate': 8.641260713202357e-06, 'epoch': 0.4}
{'loss': 0.2826, 'learning_rate': 8.63547421572838e-06, 'epoch': 0.4}
{'loss': 0.2641, 'learning_rate': 8.629677369183605e-06, 'epoch': 0.4}
{'loss': 0.3217, 'learning_rate': 8.623870190069863e-06, 'epoch': 0.4}
{'loss': 0.2404, 'learning_rate': 8.6180526949184e-06, 'epoch': 0.4}
{'loss': 0.283, 'learning_rate': 8.612224900289823e-06, 'epoch': 0.4}
{'loss': 0.2426, 'learning_rate': 8.60638682277406e-06, 'epoch': 0.4}
{'loss': 0.222, 'learning_rate': 8.600538478990314e-06, 'epoch': 0.4}
{'loss': 0.2381, 'learning_rate': 8.594679885587012e-06, 'epoch': 0.4}
{'loss': 0.3164, 'learning_rate': 8.588811059241755e-06, 'epoch': 0.4}
{'loss': 0.2697, 'learning_rate': 8.582932016661278e-06, 'epoch': 0.4}
{'loss': 0.255, 'learning_rate': 8.577042774581397e-06, 'epoch': 0.4}
{'loss': 0.2154, 'learning_rate': 8.571143349766962e-06, 'epoch': 0.4}
{'loss': 0.2401, 'learning_rate': 8.565233759011813e-06, 'epoch': 0.4}
{'loss': 0.2965, 'learning_rate': 8.559314019138728e-06, 'epoch': 0.4}
{'loss': 0.2135, 'learning_rate': 8.553384146999371e-06, 'epoch': 0.4}
{'loss': 0.2455, 'learning_rate': 8.547444159474258e-06, 'epoch': 0.4}
{'loss': 0.2322, 'learning_rate': 8.541494073472696e-06, 'epoch': 0.4}
{'loss': 0.3072, 'learning_rate': 8.535533905932739e-06, 'epoch': 0.4}
{'loss': 0.2768, 'learning_rate': 8.529563673821141e-06, 'epoch': 0.4}
{'loss': 0.2653, 'learning_rate': 8.523583394133305e-06, 'epoch': 0.41}
{'loss': 0.2624, 'learning_rate': 8.51759308389324e-06, 'epoch': 0.41}
{'loss': 0.2622, 'learning_rate': 8.51159276015351e-06, 'epoch': 0.41}
{'loss': 0.2194, 'learning_rate': 8.505582439995172e-06, 'epoch': 0.41}
{'loss': 0.2866, 'learning_rate': 8.499562140527755e-06, 'epoch': 0.41}
{'loss': 0.3216, 'learning_rate': 8.49353187888919e-06, 'epoch': 0.41}
{'loss': 0.2672, 'learning_rate': 8.487491672245764e-06, 'epoch': 0.41}
{'loss': 0.2496, 'learning_rate': 8.481441537792081e-06, 'epoch': 0.41}
{'loss': 0.2911, 'learning_rate': 8.475381492750998e-06, 'epoch': 0.41}
{'loss': 0.2487, 'learning_rate': 8.469311554373593e-06, 'epoch': 0.41}
{'loss': 0.2438, 'learning_rate': 8.463231739939104e-06, 'epoch': 0.41}
{'loss': 0.2343, 'learning_rate': 8.457142066754877e-06, 'epoch': 0.41}
{'loss': 0.2651, 'learning_rate': 8.451042552156335e-06, 'epoch': 0.41}
{'loss': 0.2647, 'learning_rate': 8.444933213506906e-06, 'epoch': 0.41}
{'loss': 0.2822, 'learning_rate': 8.438814068197988e-06, 'epoch': 0.41}
{'loss': 0.3419, 'learning_rate': 8.432685133648896e-06, 'epoch': 0.41}
{'loss': 0.2388, 'learning_rate': 8.426546427306811e-06, 'epoch': 0.41}
{'loss': 0.2353, 'learning_rate': 8.420397966646732e-06, 'epoch': 0.41}
{'loss': 0.2555, 'learning_rate': 8.414239769171424e-06, 'epoch': 0.41}
{'loss': 0.2687, 'learning_rate': 8.40807185241137e-06, 'epoch': 0.41}
{'loss': 0.2649, 'learning_rate': 8.401894233924725e-06, 'epoch': 0.41}
{'loss': 0.2575, 'learning_rate': 8.395706931297253e-06, 'epoch': 0.41}
{'loss': 0.3182, 'learning_rate': 8.389509962142298e-06, 'epoch': 0.41}
{'loss': 0.3037, 'learning_rate': 8.38330334410071e-06, 'epoch': 0.42}
{'loss': 0.3066, 'learning_rate': 8.377087094840813e-06, 'epoch': 0.42}
{'loss': 0.3309, 'learning_rate': 8.370861232058343e-06, 'epoch': 0.42}
{'loss': 0.2922, 'learning_rate': 8.36462577347641e-06, 'epoch': 0.42}
{'loss': 0.2789, 'learning_rate': 8.358380736845434e-06, 'epoch': 0.42}
{'loss': 0.2897, 'learning_rate': 8.352126139943103e-06, 'epoch': 0.42}
{'loss': 0.2943, 'learning_rate': 8.345862000574322e-06, 'epoch': 0.42}
{'loss': 0.2452, 'learning_rate': 8.339588336571157e-06, 'epoch': 0.42}
{'loss': 0.2495, 'learning_rate': 8.333305165792788e-06, 'epoch': 0.42}
{'loss': 0.267, 'learning_rate': 8.327012506125462e-06, 'epoch': 0.42}
{'loss': 0.2997, 'learning_rate': 8.320710375482432e-06, 'epoch': 0.42}
{'loss': 0.2839, 'learning_rate': 8.314398791803916e-06, 'epoch': 0.42}
{'loss': 0.2895, 'learning_rate': 8.308077773057043e-06, 'epoch': 0.42}
{'loss': 0.2836, 'learning_rate': 8.301747337235798e-06, 'epoch': 0.42}
{'loss': 0.2938, 'learning_rate': 8.29540750236097e-06, 'epoch': 0.42}
{'loss': 0.2638, 'learning_rate': 8.289058286480114e-06, 'epoch': 0.42}
{'loss': 0.2893, 'learning_rate': 8.282699707667479e-06, 'epoch': 0.42}
{'loss': 0.2746, 'learning_rate': 8.276331784023976e-06, 'epoch': 0.42}
{'loss': 0.2542, 'learning_rate': 8.269954533677114e-06, 'epoch': 0.42}
{'loss': 0.29, 'learning_rate': 8.26356797478095e-06, 'epoch': 0.42}
{'loss': 0.293, 'learning_rate': 8.257172125516044e-06, 'epoch': 0.42}
{'loss': 0.281, 'learning_rate': 8.2507670040894e-06, 'epoch': 0.42}
{'loss': 0.2878, 'learning_rate': 8.244352628734417e-06, 'epoch': 0.42}
{'loss': 0.3159, 'learning_rate': 8.237929017710841e-06, 'epoch': 0.42}
{'loss': 0.3006, 'learning_rate': 8.231496189304704e-06, 'epoch': 0.43}
{'loss': 0.2366, 'learning_rate': 8.225054161828282e-06, 'epoch': 0.43}
{'loss': 0.2522, 'learning_rate': 8.21860295362003e-06, 'epoch': 0.43}
{'loss': 0.2383, 'learning_rate': 8.212142583044545e-06, 'epoch': 0.43}
{'loss': 0.2608, 'learning_rate': 8.205673068492503e-06, 'epoch': 0.43}
{'loss': 0.2751, 'learning_rate': 8.199194428380614e-06, 'epoch': 0.43}
{'loss': 0.2657, 'learning_rate': 8.192706681151562e-06, 'epoch': 0.43}
{'loss': 0.2461, 'learning_rate': 8.186209845273954e-06, 'epoch': 0.43}
{'loss': 0.2465, 'learning_rate': 8.179703939242276e-06, 'epoch': 0.43}
{'loss': 0.2362, 'learning_rate': 8.17318898157683e-06, 'epoch': 0.43}
{'loss': 0.2772, 'learning_rate': 8.166664990823684e-06, 'epoch': 0.43}
{'loss': 0.2531, 'learning_rate': 8.160131985554623e-06, 'epoch': 0.43}
{'loss': 0.2638, 'learning_rate': 8.153589984367092e-06, 'epoch': 0.43}
{'loss': 0.2848, 'learning_rate': 8.147039005884148e-06, 'epoch': 0.43}
{'loss': 0.2117, 'learning_rate': 8.140479068754396e-06, 'epoch': 0.43}
{'loss': 0.2886, 'learning_rate': 8.133910191651952e-06, 'epoch': 0.43}
{'loss': 0.3144, 'learning_rate': 8.127332393276378e-06, 'epoch': 0.43}
{'loss': 0.2484, 'learning_rate': 8.120745692352627e-06, 'epoch': 0.43}
{'loss': 0.3249, 'learning_rate': 8.114150107631005e-06, 'epoch': 0.43}
{'loss': 0.237, 'learning_rate': 8.1075456578871e-06, 'epoch': 0.43}
{'loss': 0.2706, 'learning_rate': 8.100932361921737e-06, 'epoch': 0.43}
{'loss': 0.2566, 'learning_rate': 8.094310238560926e-06, 'epoch': 0.43}
{'loss': 0.2639, 'learning_rate': 8.087679306655803e-06, 'epoch': 0.43}
{'loss': 0.2972, 'learning_rate': 8.08103958508258e-06, 'epoch': 0.44}
{'loss': 0.2943, 'learning_rate': 8.074391092742493e-06, 'epoch': 0.44}
{'loss': 0.2719, 'learning_rate': 8.067733848561743e-06, 'epoch': 0.44}
{'loss': 0.2787, 'learning_rate': 8.061067871491443e-06, 'epoch': 0.44}
{'loss': 0.2496, 'learning_rate': 8.054393180507572e-06, 'epoch': 0.44}
{'loss': 0.263, 'learning_rate': 8.047709794610907e-06, 'epoch': 0.44}
{'loss': 0.2643, 'learning_rate': 8.041017732826986e-06, 'epoch': 0.44}
{'loss': 0.2442, 'learning_rate': 8.034317014206035e-06, 'epoch': 0.44}
{'loss': 0.2397, 'learning_rate': 8.027607657822927e-06, 'epoch': 0.44}
{'loss': 0.2575, 'learning_rate': 8.020889682777128e-06, 'epoch': 0.44}
{'loss': 0.2521, 'learning_rate': 8.014163108192634e-06, 'epoch': 0.44}
{'loss': 0.267, 'learning_rate': 8.007427953217922e-06, 'epoch': 0.44}
{'loss': 0.2592, 'learning_rate': 8.000684237025894e-06, 'epoch': 0.44}
{'loss': 0.2375, 'learning_rate': 7.99393197881383e-06, 'epoch': 0.44}
{'loss': 0.2709, 'learning_rate': 7.987171197803316e-06, 'epoch': 0.44}
{'loss': 0.2156, 'learning_rate': 7.980401913240204e-06, 'epoch': 0.44}
{'loss': 0.28, 'learning_rate': 7.973624144394559e-06, 'epoch': 0.44}
{'loss': 0.2841, 'learning_rate': 7.966837910560587e-06, 'epoch': 0.44}
{'loss': 0.2572, 'learning_rate': 7.9600432310566e-06, 'epoch': 0.44}
{'loss': 0.2648, 'learning_rate': 7.953240125224948e-06, 'epoch': 0.44}
{'loss': 0.2888, 'learning_rate': 7.94642861243197e-06, 'epoch': 0.44}
{'loss': 0.2543, 'learning_rate': 7.93960871206794e-06, 'epoch': 0.44}
{'loss': 0.2888, 'learning_rate': 7.932780443546999e-06, 'epoch': 0.44}
{'loss': 0.2499, 'learning_rate': 7.925943826307119e-06, 'epoch': 0.45}
{'loss': 0.2579, 'learning_rate': 7.919098879810035e-06, 'epoch': 0.45}
{'loss': 0.2546, 'learning_rate': 7.912245623541193e-06, 'epoch': 0.45}
{'loss': 0.2485, 'learning_rate': 7.905384077009693e-06, 'epoch': 0.45}
{'loss': 0.347, 'learning_rate': 7.898514259748236e-06, 'epoch': 0.45}
{'loss': 0.2447, 'learning_rate': 7.891636191313068e-06, 'epoch': 0.45}
{'loss': 0.2207, 'learning_rate': 7.884749891283922e-06, 'epoch': 0.45}
{'loss': 0.2539, 'learning_rate': 7.877855379263967e-06, 'epoch': 0.45}
{'loss': 0.276, 'learning_rate': 7.870952674879743e-06, 'epoch': 0.45}
{'loss': 0.3093, 'learning_rate': 7.864041797781117e-06, 'epoch': 0.45}
{'loss': 0.2184, 'learning_rate': 7.857122767641218e-06, 'epoch': 0.45}
{'loss': 0.3295, 'learning_rate': 7.850195604156385e-06, 'epoch': 0.45}
{'loss': 0.2247, 'learning_rate': 7.843260327046111e-06, 'epoch': 0.45}
{'loss': 0.2807, 'learning_rate': 7.836316956052984e-06, 'epoch': 0.45}
{'loss': 0.3083, 'learning_rate': 7.829365510942636e-06, 'epoch': 0.45}
{'loss': 0.3313, 'learning_rate': 7.822406011503678e-06, 'epoch': 0.45}
{'loss': 0.2899, 'learning_rate': 7.815438477547655e-06, 'epoch': 0.45}
{'loss': 0.2571, 'learning_rate': 7.808462928908982e-06, 'epoch': 0.45}
{'loss': 0.3138, 'learning_rate': 7.801479385444886e-06, 'epoch': 0.45}
{'loss': 0.251, 'learning_rate': 7.794487867035358e-06, 'epoch': 0.45}
{'loss': 0.3027, 'learning_rate': 7.78748839358309e-06, 'epoch': 0.45}
{'loss': 0.1932, 'learning_rate': 7.780480985013413e-06, 'epoch': 0.45}
{'loss': 0.2567, 'learning_rate': 7.773465661274257e-06, 'epoch': 0.45}
{'loss': 0.2882, 'learning_rate': 7.766442442336078e-06, 'epoch': 0.45}
{'loss': 0.2501, 'learning_rate': 7.759411348191806e-06, 'epoch': 0.46}
{'loss': 0.3056, 'learning_rate': 7.752372398856794e-06, 'epoch': 0.46}
{'loss': 0.2928, 'learning_rate': 7.745325614368755e-06, 'epoch': 0.46}
{'loss': 0.2491, 'learning_rate': 7.738271014787702e-06, 'epoch': 0.46}
{'loss': 0.2807, 'learning_rate': 7.731208620195901e-06, 'epoch': 0.46}
{'loss': 0.2844, 'learning_rate': 7.724138450697802e-06, 'epoch': 0.46}
{'loss': 0.2536, 'learning_rate': 7.717060526419996e-06, 'epoch': 0.46}
{'loss': 0.233, 'learning_rate': 7.709974867511139e-06, 'epoch': 0.46}
{'loss': 0.2887, 'learning_rate': 7.702881494141915e-06, 'epoch': 0.46}
{'loss': 0.3091, 'learning_rate': 7.695780426504962e-06, 'epoch': 0.46}
{'loss': 0.2198, 'learning_rate': 7.688671684814824e-06, 'epoch': 0.46}
{'loss': 0.2915, 'learning_rate': 7.68155528930789e-06, 'epoch': 0.46}
{'loss': 0.2626, 'learning_rate': 7.674431260242339e-06, 'epoch': 0.46}
{'loss': 0.2916, 'learning_rate': 7.667299617898078e-06, 'epoch': 0.46}
{'loss': 0.2622, 'learning_rate': 7.660160382576683e-06, 'epoch': 0.46}
{'loss': 0.2067, 'learning_rate': 7.653013574601356e-06, 'epoch': 0.46}
{'loss': 0.2467, 'learning_rate': 7.645859214316844e-06, 'epoch': 0.46}
{'loss': 0.3339, 'learning_rate': 7.6386973220894e-06, 'epoch': 0.46}
{'loss': 0.2397, 'learning_rate': 7.631527918306714e-06, 'epoch': 0.46}
{'loss': 0.2641, 'learning_rate': 7.624351023377866e-06, 'epoch': 0.46}
{'loss': 0.2299, 'learning_rate': 7.617166657733253e-06, 'epoch': 0.46}
{'loss': 0.2679, 'learning_rate': 7.609974841824543e-06, 'epoch': 0.46}
{'loss': 0.2604, 'learning_rate': 7.6027755961246115e-06, 'epoch': 0.46}
{'loss': 0.2652, 'learning_rate': 7.595568941127485e-06, 'epoch': 0.47}
{'loss': 0.2247, 'learning_rate': 7.588354897348282e-06, 'epoch': 0.47}
{'loss': 0.2305, 'learning_rate': 7.581133485323154e-06, 'epoch': 0.47}
{'loss': 0.2724, 'learning_rate': 7.573904725609226e-06, 'epoch': 0.47}
{'loss': 0.2806, 'learning_rate': 7.566668638784542e-06, 'epoch': 0.47}
{'loss': 0.2365, 'learning_rate': 7.559425245448006e-06, 'epoch': 0.47}
{'loss': 0.253, 'learning_rate': 7.552174566219316e-06, 'epoch': 0.47}
{'loss': 0.288, 'learning_rate': 7.544916621738915e-06, 'epoch': 0.47}
{'loss': 0.2042, 'learning_rate': 7.537651432667924e-06, 'epoch': 0.47}
{'loss': 0.3084, 'learning_rate': 7.5303790196880925e-06, 'epoch': 0.47}
{'loss': 0.3021, 'learning_rate': 7.52309940350173e-06, 'epoch': 0.47}
{'loss': 0.2602, 'learning_rate': 7.5158126048316505e-06, 'epoch': 0.47}
{'loss': 0.2456, 'learning_rate': 7.508518644421119e-06, 'epoch': 0.47}
{'loss': 0.2876, 'learning_rate': 7.501217543033785e-06, 'epoch': 0.47}
{'loss': 0.208, 'learning_rate': 7.493909321453625e-06, 'epoch': 0.47}
{'loss': 0.2361, 'learning_rate': 7.4865940004848856e-06, 'epoch': 0.47}
{'loss': 0.2658, 'learning_rate': 7.479271600952025e-06, 'epoch': 0.47}
{'loss': 0.2471, 'learning_rate': 7.471942143699649e-06, 'epoch': 0.47}
{'loss': 0.2517, 'learning_rate': 7.464605649592455e-06, 'epoch': 0.47}
{'loss': 0.2099, 'learning_rate': 7.457262139515172e-06, 'epoch': 0.47}
{'loss': 0.2822, 'learning_rate': 7.4499116343725065e-06, 'epoch': 0.47}
{'loss': 0.2242, 'learning_rate': 7.44255415508907e-06, 'epoch': 0.47}
{'loss': 0.265, 'learning_rate': 7.43518972260933e-06, 'epoch': 0.47}
{'loss': 0.2562, 'learning_rate': 7.427818357897551e-06, 'epoch': 0.48}
{'loss': 0.2404, 'learning_rate': 7.4204400819377275e-06, 'epoch': 0.48}
{'loss': 0.2298, 'learning_rate': 7.413054915733527e-06, 'epoch': 0.48}
{'loss': 0.2374, 'learning_rate': 7.405662880308239e-06, 'epoch': 0.48}
{'loss': 0.2937, 'learning_rate': 7.398263996704698e-06, 'epoch': 0.48}
{'loss': 0.3092, 'learning_rate': 7.390858285985237e-06, 'epoch': 0.48}
{'loss': 0.2689, 'learning_rate': 7.383445769231628e-06, 'epoch': 0.48}
{'loss': 0.3038, 'learning_rate': 7.3760264675450095e-06, 'epoch': 0.48}
{'loss': 0.2858, 'learning_rate': 7.3686004020458436e-06, 'epoch': 0.48}
{'loss': 0.2782, 'learning_rate': 7.3611675938738394e-06, 'epoch': 0.48}
{'loss': 0.2475, 'learning_rate': 7.353728064187901e-06, 'epoch': 0.48}
{'loss': 0.2417, 'learning_rate': 7.346281834166075e-06, 'epoch': 0.48}
{'loss': 0.3117, 'learning_rate': 7.338828925005469e-06, 'epoch': 0.48}
{'loss': 0.2302, 'learning_rate': 7.331369357922213e-06, 'epoch': 0.48}
{'loss': 0.2783, 'learning_rate': 7.323903154151389e-06, 'epoch': 0.48}
{'loss': 0.2933, 'learning_rate': 7.316430334946969e-06, 'epoch': 0.48}
{'loss': 0.2435, 'learning_rate': 7.308950921581757e-06, 'epoch': 0.48}
{'loss': 0.2746, 'learning_rate': 7.301464935347331e-06, 'epoch': 0.48}
{'loss': 0.2603, 'learning_rate': 7.293972397553979e-06, 'epoch': 0.48}
{'loss': 0.2677, 'learning_rate': 7.286473329530638e-06, 'epoch': 0.48}
{'loss': 0.2379, 'learning_rate': 7.278967752624837e-06, 'epoch': 0.48}
{'loss': 0.2708, 'learning_rate': 7.27145568820263e-06, 'epoch': 0.48}
{'loss': 0.258, 'learning_rate': 7.263937157648544e-06, 'epoch': 0.48}
{'loss': 0.2826, 'learning_rate': 7.256412182365508e-06, 'epoch': 0.49}
{'loss': 0.2643, 'learning_rate': 7.248880783774801e-06, 'epoch': 0.49}
{'loss': 0.235, 'learning_rate': 7.241342983315985e-06, 'epoch': 0.49}
{'loss': 0.2844, 'learning_rate': 7.233798802446848e-06, 'epoch': 0.49}
{'loss': 0.2663, 'learning_rate': 7.226248262643337e-06, 'epoch': 0.49}
{'loss': 0.2929, 'learning_rate': 7.218691385399507e-06, 'epoch': 0.49}
{'loss': 0.2937, 'learning_rate': 7.211128192227448e-06, 'epoch': 0.49}
{'loss': 0.2463, 'learning_rate': 7.203558704657233e-06, 'epoch': 0.49}
{'loss': 0.2217, 'learning_rate': 7.195982944236853e-06, 'epoch': 0.49}
{'loss': 0.2919, 'learning_rate': 7.188400932532154e-06, 'epoch': 0.49}
{'loss': 0.2633, 'learning_rate': 7.1808126911267774e-06, 'epoch': 0.49}
{'loss': 0.2343, 'learning_rate': 7.173218241622102e-06, 'epoch': 0.49}
{'loss': 0.2413, 'learning_rate': 7.165617605637175e-06, 'epoch': 0.49}
{'loss': 0.3601, 'learning_rate': 7.1580108048086595e-06, 'epoch': 0.49}
{'loss': 0.2831, 'learning_rate': 7.150397860790763e-06, 'epoch': 0.49}
{'loss': 0.2432, 'learning_rate': 7.14277879525518e-06, 'epoch': 0.49}
{'loss': 0.2057, 'learning_rate': 7.13515362989104e-06, 'epoch': 0.49}
{'loss': 0.2022, 'learning_rate': 7.127522386404826e-06, 'epoch': 0.49}
{'loss': 0.2351, 'learning_rate': 7.1198850865203295e-06, 'epoch': 0.49}
{'loss': 0.2916, 'learning_rate': 7.11224175197858e-06, 'epoch': 0.49}
{'loss': 0.2889, 'learning_rate': 7.104592404537791e-06, 'epoch': 0.49}
{'loss': 0.2405, 'learning_rate': 7.096937065973285e-06, 'epoch': 0.49}
{'loss': 0.2267, 'learning_rate': 7.0892757580774455e-06, 'epoch': 0.49}
{'loss': 0.2906, 'learning_rate': 7.081608502659646e-06, 'epoch': 0.49}
{'loss': 0.2914, 'learning_rate': 7.073935321546191e-06, 'epoch': 0.5}
{'loss': 0.3159, 'learning_rate': 7.066256236580255e-06, 'epoch': 0.5}
{'loss': 0.324, 'learning_rate': 7.05857126962182e-06, 'epoch': 0.5}
{'loss': 0.2366, 'learning_rate': 7.050880442547607e-06, 'epoch': 0.5}
{'loss': 0.2797, 'learning_rate': 7.043183777251024e-06, 'epoch': 0.5}
{'loss': 0.2558, 'learning_rate': 7.035481295642096e-06, 'epoch': 0.5}
{'loss': 0.2648, 'learning_rate': 7.027773019647406e-06, 'epoch': 0.5}
{'loss': 0.1821, 'learning_rate': 7.020058971210033e-06, 'epoch': 0.5}
{'loss': 0.2717, 'learning_rate': 7.012339172289486e-06, 'epoch': 0.5}
{'loss': 0.2098, 'learning_rate': 7.004613644861647e-06, 'epoch': 0.5}
{'loss': 0.2929, 'learning_rate': 6.9968824109187015e-06, 'epoch': 0.5}
{'loss': 0.2443, 'learning_rate': 6.989145492469083e-06, 'epoch': 0.5}
{'loss': 0.2355, 'learning_rate': 6.981402911537405e-06, 'epoch': 0.5}
{'loss': 0.2254, 'learning_rate': 6.973654690164399e-06, 'epoch': 0.5}
{'loss': 0.2648, 'learning_rate': 6.9659008504068596e-06, 'epoch': 0.5}
{'loss': 0.2446, 'learning_rate': 6.9581414143375655e-06, 'epoch': 0.5}
{'loss': 0.2613, 'learning_rate': 6.950376404045235e-06, 'epoch': 0.5}
{'loss': 0.2986, 'learning_rate': 6.942605841634451e-06, 'epoch': 0.5}
{'loss': 0.2301, 'learning_rate': 6.9348297492256e-06, 'epoch': 0.5}
{'loss': 0.259, 'learning_rate': 6.9270481489548125e-06, 'epoch': 0.5}
{'loss': 0.2272, 'learning_rate': 6.9192610629738985e-06, 'epoch': 0.5}
{'loss': 0.294, 'learning_rate': 6.911468513450285e-06, 'epoch': 0.5}
{'loss': 0.2692, 'learning_rate': 6.903670522566947e-06, 'epoch': 0.5}
{'loss': 0.2603, 'learning_rate': 6.895867112522356e-06, 'epoch': 0.51}
{'loss': 0.256, 'learning_rate': 6.888058305530406e-06, 'epoch': 0.51}
{'loss': 0.2189, 'learning_rate': 6.8802441238203555e-06, 'epoch': 0.51}
{'loss': 0.2288, 'learning_rate': 6.8724245896367636e-06, 'epoch': 0.51}
{'loss': 0.2391, 'learning_rate': 6.864599725239427e-06, 'epoch': 0.51}
{'loss': 0.2794, 'learning_rate': 6.8567695529033105e-06, 'epoch': 0.51}
{'loss': 0.3051, 'learning_rate': 6.848934094918499e-06, 'epoch': 0.51}
{'loss': 0.3011, 'learning_rate': 6.841093373590113e-06, 'epoch': 0.51}
{'loss': 0.2703, 'learning_rate': 6.833247411238266e-06, 'epoch': 0.51}
{'loss': 0.2977, 'learning_rate': 6.825396230197984e-06, 'epoch': 0.51}
{'loss': 0.2922, 'learning_rate': 6.817539852819149e-06, 'epoch': 0.51}
{'loss': 0.2554, 'learning_rate': 6.8096783014664426e-06, 'epoch': 0.51}
{'loss': 0.2685, 'learning_rate': 6.801811598519268e-06, 'epoch': 0.51}
{'loss': 0.2727, 'learning_rate': 6.793939766371694e-06, 'epoch': 0.51}
{'loss': 0.2713, 'learning_rate': 6.786062827432396e-06, 'epoch': 0.51}
{'loss': 0.2206, 'learning_rate': 6.778180804124579e-06, 'epoch': 0.51}
{'loss': 0.2259, 'learning_rate': 6.770293718885928e-06, 'epoch': 0.51}
{'loss': 0.3038, 'learning_rate': 6.762401594168537e-06, 'epoch': 0.51}
{'loss': 0.2597, 'learning_rate': 6.754504452438842e-06, 'epoch': 0.51}
{'loss': 0.3, 'learning_rate': 6.746602316177563e-06, 'epoch': 0.51}
{'loss': 0.2673, 'learning_rate': 6.73869520787964e-06, 'epoch': 0.51}
{'loss': 0.2492, 'learning_rate': 6.730783150054163e-06, 'epoch': 0.51}
{'loss': 0.2163, 'learning_rate': 6.722866165224317e-06, 'epoch': 0.51}
{'loss': 0.2355, 'learning_rate': 6.714944275927307e-06, 'epoch': 0.52}
{'loss': 0.2645, 'learning_rate': 6.707017504714299e-06, 'epoch': 0.52}
{'loss': 0.2396, 'learning_rate': 6.699085874150366e-06, 'epoch': 0.52}
{'loss': 0.2141, 'learning_rate': 6.691149406814404e-06, 'epoch': 0.52}
{'loss': 0.2384, 'learning_rate': 6.6832081252990775e-06, 'epoch': 0.52}
{'loss': 0.3209, 'learning_rate': 6.675262052210765e-06, 'epoch': 0.52}
{'loss': 0.2647, 'learning_rate': 6.667311210169477e-06, 'epoch': 0.52}
{'loss': 0.2684, 'learning_rate': 6.6593556218087996e-06, 'epoch': 0.52}
{'loss': 0.2877, 'learning_rate': 6.651395309775837e-06, 'epoch': 0.52}
{'loss': 0.2065, 'learning_rate': 6.6434302967311305e-06, 'epoch': 0.52}
{'loss': 0.2278, 'learning_rate': 6.635460605348614e-06, 'epoch': 0.52}
{'loss': 0.2514, 'learning_rate': 6.627486258315532e-06, 'epoch': 0.52}
{'loss': 0.2984, 'learning_rate': 6.619507278332382e-06, 'epoch': 0.52}
{'loss': 0.2478, 'learning_rate': 6.6115236881128575e-06, 'epoch': 0.52}
{'loss': 0.2408, 'learning_rate': 6.6035355103837676e-06, 'epoch': 0.52}
{'loss': 0.2372, 'learning_rate': 6.595542767884984e-06, 'epoch': 0.52}
{'loss': 0.2476, 'learning_rate': 6.587545483369373e-06, 'epoch': 0.52}
{'loss': 0.2652, 'learning_rate': 6.579543679602731e-06, 'epoch': 0.52}
{'loss': 0.2774, 'learning_rate': 6.571537379363718e-06, 'epoch': 0.52}
{'loss': 0.2755, 'learning_rate': 6.563526605443796e-06, 'epoch': 0.52}
{'loss': 0.2687, 'learning_rate': 6.555511380647161e-06, 'epoch': 0.52}
{'loss': 0.2683, 'learning_rate': 6.547491727790675e-06, 'epoch': 0.52}
{'loss': 0.2247, 'learning_rate': 6.539467669703816e-06, 'epoch': 0.52}
{'loss': 0.2015, 'learning_rate': 6.531439229228591e-06, 'epoch': 0.53}
{'loss': 0.2633, 'learning_rate': 6.5234064292194895e-06, 'epoch': 0.53}
{'loss': 0.2909, 'learning_rate': 6.51536929254341e-06, 'epoch': 0.53}
{'loss': 0.2474, 'learning_rate': 6.50732784207959e-06, 'epoch': 0.53}
{'loss': 0.2903, 'learning_rate': 6.499282100719558e-06, 'epoch': 0.53}
{'loss': 0.2735, 'learning_rate': 6.491232091367049e-06, 'epoch': 0.53}
{'loss': 0.2817, 'learning_rate': 6.48317783693795e-06, 'epoch': 0.53}
{'loss': 0.2523, 'learning_rate': 6.475119360360231e-06, 'epoch': 0.53}
{'loss': 0.3087, 'learning_rate': 6.467056684573887e-06, 'epoch': 0.53}
{'loss': 0.2312, 'learning_rate': 6.4589898325308574e-06, 'epoch': 0.53}
{'loss': 0.2653, 'learning_rate': 6.450918827194979e-06, 'epoch': 0.53}
{'loss': 0.2563, 'learning_rate': 6.442843691541907e-06, 'epoch': 0.53}
{'loss': 0.3027, 'learning_rate': 6.434764448559054e-06, 'epoch': 0.53}
{'loss': 0.1932, 'learning_rate': 6.426681121245527e-06, 'epoch': 0.53}
{'loss': 0.2304, 'learning_rate': 6.41859373261206e-06, 'epoch': 0.53}
{'loss': 0.2705, 'learning_rate': 6.410502305680946e-06, 'epoch': 0.53}
{'loss': 0.2547, 'learning_rate': 6.402406863485975e-06, 'epoch': 0.53}
{'loss': 0.2363, 'learning_rate': 6.394307429072369e-06, 'epoch': 0.53}
{'loss': 0.241, 'learning_rate': 6.3862040254967124e-06, 'epoch': 0.53}
{'loss': 0.2539, 'learning_rate': 6.378096675826888e-06, 'epoch': 0.53}
{'loss': 0.2329, 'learning_rate': 6.369985403142014e-06, 'epoch': 0.53}
{'loss': 0.2919, 'learning_rate': 6.361870230532375e-06, 'epoch': 0.53}
{'loss': 0.2202, 'learning_rate': 6.353751181099357e-06, 'epoch': 0.53}
{'loss': 0.218, 'learning_rate': 6.345628277955384e-06, 'epoch': 0.53}
{'loss': 0.2705, 'learning_rate': 6.337501544223851e-06, 'epoch': 0.54}
{'loss': 0.2556, 'learning_rate': 6.329371003039052e-06, 'epoch': 0.54}
{'loss': 0.224, 'learning_rate': 6.321236677546124e-06, 'epoch': 0.54}
{'loss': 0.2636, 'learning_rate': 6.313098590900978e-06, 'epoch': 0.54}
{'loss': 0.1971, 'learning_rate': 6.304956766270228e-06, 'epoch': 0.54}
{'loss': 0.2086, 'learning_rate': 6.296811226831132e-06, 'epoch': 0.54}
{'loss': 0.2743, 'learning_rate': 6.288661995771522e-06, 'epoch': 0.54}
{'loss': 0.2745, 'learning_rate': 6.280509096289737e-06, 'epoch': 0.54}
{'loss': 0.2781, 'learning_rate': 6.272352551594563e-06, 'epoch': 0.54}
{'loss': 0.2797, 'learning_rate': 6.264192384905158e-06, 'epoch': 0.54}
{'loss': 0.247, 'learning_rate': 6.256028619450993e-06, 'epoch': 0.54}
{'loss': 0.2397, 'learning_rate': 6.247861278471785e-06, 'epoch': 0.54}
{'loss': 0.2305, 'learning_rate': 6.239690385217427e-06, 'epoch': 0.54}
{'loss': 0.3345, 'learning_rate': 6.231515962947925e-06, 'epoch': 0.54}
{'loss': 0.2491, 'learning_rate': 6.223338034933333e-06, 'epoch': 0.54}
{'loss': 0.2659, 'learning_rate': 6.215156624453681e-06, 'epoch': 0.54}
{'loss': 0.2632, 'learning_rate': 6.206971754798914e-06, 'epoch': 0.54}
{'loss': 0.2709, 'learning_rate': 6.198783449268827e-06, 'epoch': 0.54}
{'loss': 0.2587, 'learning_rate': 6.1905917311729915e-06, 'epoch': 0.54}
{'loss': 0.268, 'learning_rate': 6.182396623830697e-06, 'epoch': 0.54}
{'loss': 0.2625, 'learning_rate': 6.174198150570879e-06, 'epoch': 0.54}
{'loss': 0.2961, 'learning_rate': 6.165996334732055e-06, 'epoch': 0.54}
{'loss': 0.2602, 'learning_rate': 6.15779119966226e-06, 'epoch': 0.54}
{'loss': 0.2438, 'learning_rate': 6.149582768718973e-06, 'epoch': 0.55}
{'loss': 0.215, 'learning_rate': 6.141371065269061e-06, 'epoch': 0.55}
{'loss': 0.2064, 'learning_rate': 6.133156112688704e-06, 'epoch': 0.55}
{'loss': 0.28, 'learning_rate': 6.124937934363331e-06, 'epoch': 0.55}
{'loss': 0.3216, 'learning_rate': 6.1167165536875515e-06, 'epoch': 0.55}
{'loss': 0.2716, 'learning_rate': 6.108491994065099e-06, 'epoch': 0.55}
{'loss': 0.2448, 'learning_rate': 6.100264278908747e-06, 'epoch': 0.55}
{'loss': 0.2353, 'learning_rate': 6.092033431640259e-06, 'epoch': 0.55}
{'loss': 0.2325, 'learning_rate': 6.08379947569031e-06, 'epoch': 0.55}
{'loss': 0.2207, 'learning_rate': 6.0755624344984245e-06, 'epoch': 0.55}
{'loss': 0.2088, 'learning_rate': 6.067322331512915e-06, 'epoch': 0.55}
{'loss': 0.2452, 'learning_rate': 6.0590791901908054e-06, 'epoch': 0.55}
{'loss': 0.2418, 'learning_rate': 6.050833033997767e-06, 'epoch': 0.55}
{'loss': 0.2574, 'learning_rate': 6.0425838864080596e-06, 'epoch': 0.55}
{'loss': 0.205, 'learning_rate': 6.034331770904455e-06, 'epoch': 0.55}
{'loss': 0.2466, 'learning_rate': 6.026076710978172e-06, 'epoch': 0.55}
{'loss': 0.2636, 'learning_rate': 6.017818730128815e-06, 'epoch': 0.55}
{'loss': 0.2206, 'learning_rate': 6.009557851864302e-06, 'epoch': 0.55}
{'loss': 0.1885, 'learning_rate': 6.001294099700795e-06, 'epoch': 0.55}
{'loss': 0.2816, 'learning_rate': 5.993027497162646e-06, 'epoch': 0.55}
{'loss': 0.3233, 'learning_rate': 5.984758067782312e-06, 'epoch': 0.55}
{'loss': 0.2117, 'learning_rate': 5.976485835100303e-06, 'epoch': 0.55}
{'loss': 0.259, 'learning_rate': 5.9682108226651084e-06, 'epoch': 0.55}
{'loss': 0.2341, 'learning_rate': 5.959933054033124e-06, 'epoch': 0.56}
{'loss': 0.3006, 'learning_rate': 5.9516525527686044e-06, 'epoch': 0.56}
{'loss': 0.2187, 'learning_rate': 5.943369342443571e-06, 'epoch': 0.56}
{'loss': 0.2552, 'learning_rate': 5.935083446637764e-06, 'epoch': 0.56}
{'loss': 0.2467, 'learning_rate': 5.926794888938565e-06, 'epoch': 0.56}
{'loss': 0.2832, 'learning_rate': 5.918503692940937e-06, 'epoch': 0.56}
{'loss': 0.2145, 'learning_rate': 5.910209882247346e-06, 'epoch': 0.56}
{'loss': 0.228, 'learning_rate': 5.901913480467711e-06, 'epoch': 0.56}
{'loss': 0.2561, 'learning_rate': 5.893614511219321e-06, 'epoch': 0.56}
{'loss': 0.2586, 'learning_rate': 5.885312998126772e-06, 'epoch': 0.56}
{'loss': 0.2875, 'learning_rate': 5.877008964821909e-06, 'epoch': 0.56}
{'loss': 0.2333, 'learning_rate': 5.868702434943744e-06, 'epoch': 0.56}
{'loss': 0.2382, 'learning_rate': 5.860393432138398e-06, 'epoch': 0.56}
{'loss': 0.2169, 'learning_rate': 5.8520819800590345e-06, 'epoch': 0.56}
{'loss': 0.2838, 'learning_rate': 5.843768102365786e-06, 'epoch': 0.56}
{'loss': 0.275, 'learning_rate': 5.835451822725691e-06, 'epoch': 0.56}
{'loss': 0.2865, 'learning_rate': 5.827133164812626e-06, 'epoch': 0.56}
{'loss': 0.2597, 'learning_rate': 5.8188121523072385e-06, 'epoch': 0.56}
{'loss': 0.3026, 'learning_rate': 5.810488808896877e-06, 'epoch': 0.56}
{'loss': 0.2316, 'learning_rate': 5.802163158275526e-06, 'epoch': 0.56}
{'loss': 0.263, 'learning_rate': 5.793835224143737e-06, 'epoch': 0.56}
{'loss': 0.2318, 'learning_rate': 5.785505030208565e-06, 'epoch': 0.56}
{'loss': 0.2163, 'learning_rate': 5.7771726001834945e-06, 'epoch': 0.56}
{'loss': 0.2144, 'learning_rate': 5.768837957788378e-06, 'epoch': 0.56}
{'loss': 0.2565, 'learning_rate': 5.760501126749365e-06, 'epoch': 0.57}
{'loss': 0.2459, 'learning_rate': 5.752162130798833e-06, 'epoch': 0.57}
{'loss': 0.254, 'learning_rate': 5.743820993675326e-06, 'epoch': 0.57}
{'loss': 0.2794, 'learning_rate': 5.735477739123484e-06, 'epoch': 0.57}
{'loss': 0.2378, 'learning_rate': 5.72713239089397e-06, 'epoch': 0.57}
{'loss': 0.2995, 'learning_rate': 5.71878497274341e-06, 'epoch': 0.57}
{'loss': 0.2974, 'learning_rate': 5.71043550843432e-06, 'epoch': 0.57}
{'loss': 0.293, 'learning_rate': 5.702084021735047e-06, 'epoch': 0.57}
{'loss': 0.2887, 'learning_rate': 5.693730536419688e-06, 'epoch': 0.57}
{'loss': 0.2043, 'learning_rate': 5.685375076268031e-06, 'epoch': 0.57}
{'loss': 0.2682, 'learning_rate': 5.677017665065492e-06, 'epoch': 0.57}
{'loss': 0.2608, 'learning_rate': 5.668658326603033e-06, 'epoch': 0.57}
{'loss': 0.2782, 'learning_rate': 5.660297084677104e-06, 'epoch': 0.57}
{'loss': 0.2629, 'learning_rate': 5.651933963089577e-06, 'epoch': 0.57}
{'loss': 0.262, 'learning_rate': 5.643568985647673e-06, 'epoch': 0.57}
{'loss': 0.2686, 'learning_rate': 5.635202176163894e-06, 'epoch': 0.57}
{'loss': 0.238, 'learning_rate': 5.62683355845596e-06, 'epoch': 0.57}
{'loss': 0.2642, 'learning_rate': 5.61846315634674e-06, 'epoch': 0.57}
{'loss': 0.2619, 'learning_rate': 5.610090993664176e-06, 'epoch': 0.57}
{'loss': 0.2935, 'learning_rate': 5.6017170942412295e-06, 'epoch': 0.57}
{'loss': 0.3194, 'learning_rate': 5.5933414819158e-06, 'epoch': 0.57}
{'loss': 0.2518, 'learning_rate': 5.584964180530665e-06, 'epoch': 0.57}
{'loss': 0.2237, 'learning_rate': 5.576585213933416e-06, 'epoch': 0.57}
{'loss': 0.273, 'learning_rate': 5.568204605976374e-06, 'epoch': 0.58}
{'loss': 0.2249, 'learning_rate': 5.559822380516539e-06, 'epoch': 0.58}
{'loss': 0.2863, 'learning_rate': 5.551438561415518e-06, 'epoch': 0.58}
{'loss': 0.2861, 'learning_rate': 5.5430531725394485e-06, 'epoch': 0.58}
{'loss': 0.2789, 'learning_rate': 5.53466623775894e-06, 'epoch': 0.58}
{'loss': 0.2857, 'learning_rate': 5.526277780949001e-06, 'epoch': 0.58}
{'loss': 0.2991, 'learning_rate': 5.517887825988975e-06, 'epoch': 0.58}
{'loss': 0.2837, 'learning_rate': 5.509496396762469e-06, 'epoch': 0.58}
{'loss': 0.2444, 'learning_rate': 5.501103517157288e-06, 'epoch': 0.58}
{'loss': 0.241, 'learning_rate': 5.4927092110653626e-06, 'epoch': 0.58}
{'loss': 0.3097, 'learning_rate': 5.484313502382686e-06, 'epoch': 0.58}
{'loss': 0.2507, 'learning_rate': 5.475916415009248e-06, 'epoch': 0.58}
{'loss': 0.243, 'learning_rate': 5.467517972848955e-06, 'epoch': 0.58}
{'loss': 0.2278, 'learning_rate': 5.459118199809578e-06, 'epoch': 0.58}
{'loss': 0.2037, 'learning_rate': 5.4507171198026706e-06, 'epoch': 0.58}
{'loss': 0.2656, 'learning_rate': 5.442314756743511e-06, 'epoch': 0.58}
{'loss': 0.2599, 'learning_rate': 5.4339111345510285e-06, 'epoch': 0.58}
{'loss': 0.2535, 'learning_rate': 5.425506277147736e-06, 'epoch': 0.58}
{'loss': 0.2696, 'learning_rate': 5.417100208459663e-06, 'epoch': 0.58}
{'loss': 0.2508, 'learning_rate': 5.408692952416288e-06, 'epoch': 0.58}
{'loss': 0.2631, 'learning_rate': 5.4002845329504675e-06, 'epoch': 0.58}
{'loss': 0.2355, 'learning_rate': 5.391874973998374e-06, 'epoch': 0.58}
{'loss': 0.2106, 'learning_rate': 5.383464299499419e-06, 'epoch': 0.58}
{'loss': 0.2656, 'learning_rate': 5.375052533396191e-06, 'epoch': 0.59}
{'loss': 0.1921, 'learning_rate': 5.366639699634391e-06, 'epoch': 0.59}
{'loss': 0.2321, 'learning_rate': 5.35822582216275e-06, 'epoch': 0.59}
{'loss': 0.2724, 'learning_rate': 5.349810924932977e-06, 'epoch': 0.59}
{'loss': 0.2644, 'learning_rate': 5.341395031899684e-06, 'epoch': 0.59}
{'loss': 0.2045, 'learning_rate': 5.332978167020314e-06, 'epoch': 0.59}
{'loss': 0.1976, 'learning_rate': 5.324560354255077e-06, 'epoch': 0.59}
{'loss': 0.2451, 'learning_rate': 5.316141617566886e-06, 'epoch': 0.59}
{'loss': 0.3359, 'learning_rate': 5.307721980921277e-06, 'epoch': 0.59}
{'loss': 0.2311, 'learning_rate': 5.299301468286353e-06, 'epoch': 0.59}
{'loss': 0.3251, 'learning_rate': 5.2908801036327115e-06, 'epoch': 0.59}
{'loss': 0.2652, 'learning_rate': 5.282457910933371e-06, 'epoch': 0.59}
{'loss': 0.2579, 'learning_rate': 5.27403491416371e-06, 'epoch': 0.59}
{'loss': 0.2683, 'learning_rate': 5.265611137301397e-06, 'epoch': 0.59}
{'loss': 0.2836, 'learning_rate': 5.257186604326316e-06, 'epoch': 0.59}
{'loss': 0.2211, 'learning_rate': 5.2487613392205116e-06, 'epoch': 0.59}
{'loss': 0.3036, 'learning_rate': 5.240335365968104e-06, 'epoch': 0.59}
{'loss': 0.2469, 'learning_rate': 5.231908708555236e-06, 'epoch': 0.59}
{'loss': 0.276, 'learning_rate': 5.223481390969993e-06, 'epoch': 0.59}
{'loss': 0.2341, 'learning_rate': 5.215053437202345e-06, 'epoch': 0.59}
{'loss': 0.2508, 'learning_rate': 5.206624871244066e-06, 'epoch': 0.59}
{'loss': 0.2326, 'learning_rate': 5.19819571708868e-06, 'epoch': 0.59}
{'loss': 0.2908, 'learning_rate': 5.189765998731382e-06, 'epoch': 0.59}
{'loss': 0.2308, 'learning_rate': 5.181335740168969e-06, 'epoch': 0.6}
{'loss': 0.2619, 'learning_rate': 5.172904965399785e-06, 'epoch': 0.6}
{'loss': 0.2548, 'learning_rate': 5.164473698423636e-06, 'epoch': 0.6}
{'loss': 0.2118, 'learning_rate': 5.156041963241733e-06, 'epoch': 0.6}
{'loss': 0.2329, 'learning_rate': 5.147609783856619e-06, 'epoch': 0.6}
{'loss': 0.2816, 'learning_rate': 5.1391771842720976e-06, 'epoch': 0.6}
{'loss': 0.3032, 'learning_rate': 5.130744188493174e-06, 'epoch': 0.6}
{'loss': 0.2382, 'learning_rate': 5.122310820525981e-06, 'epoch': 0.6}
{'loss': 0.2665, 'learning_rate': 5.113877104377706e-06, 'epoch': 0.6}
{'loss': 0.2238, 'learning_rate': 5.105443064056533e-06, 'epoch': 0.6}
{'loss': 0.2466, 'learning_rate': 5.097008723571566e-06, 'epoch': 0.6}
{'loss': 0.2824, 'learning_rate': 5.088574106932762e-06, 'epoch': 0.6}
{'loss': 0.2623, 'learning_rate': 5.080139238150869e-06, 'epoch': 0.6}
{'loss': 0.2835, 'learning_rate': 5.071704141237349e-06, 'epoch': 0.6}
{'loss': 0.2652, 'learning_rate': 5.063268840204313e-06, 'epoch': 0.6}
{'loss': 0.2565, 'learning_rate': 5.054833359064455e-06, 'epoch': 0.6}
{'loss': 0.2341, 'learning_rate': 5.046397721830983e-06, 'epoch': 0.6}
{'loss': 0.2397, 'learning_rate': 5.037961952517544e-06, 'epoch': 0.6}
{'loss': 0.2282, 'learning_rate': 5.029526075138167e-06, 'epoch': 0.6}
{'loss': 0.238, 'learning_rate': 5.021090113707185e-06, 'epoch': 0.6}
{'loss': 0.2505, 'learning_rate': 5.012654092239171e-06, 'epoch': 0.6}
{'loss': 0.2074, 'learning_rate': 5.0042180347488714e-06, 'epoch': 0.6}
{'loss': 0.2171, 'learning_rate': 4.99578196525113e-06, 'epoch': 0.6}
{'loss': 0.2811, 'learning_rate': 4.98734590776083e-06, 'epoch': 0.6}
{'loss': 0.3139, 'learning_rate': 4.978909886292816e-06, 'epoch': 0.61}
{'loss': 0.2466, 'learning_rate': 4.970473924861835e-06, 'epoch': 0.61}
{'loss': 0.2382, 'learning_rate': 4.962038047482458e-06, 'epoch': 0.61}
{'loss': 0.2577, 'learning_rate': 4.953602278169018e-06, 'epoch': 0.61}
{'loss': 0.2549, 'learning_rate': 4.945166640935546e-06, 'epoch': 0.61}
{'loss': 0.2795, 'learning_rate': 4.936731159795689e-06, 'epoch': 0.61}
{'loss': 0.265, 'learning_rate': 4.928295858762653e-06, 'epoch': 0.61}
{'loss': 0.2071, 'learning_rate': 4.919860761849132e-06, 'epoch': 0.61}
{'loss': 0.267, 'learning_rate': 4.911425893067239e-06, 'epoch': 0.61}
{'loss': 0.1927, 'learning_rate': 4.902991276428436e-06, 'epoch': 0.61}
{'loss': 0.2163, 'learning_rate': 4.894556935943468e-06, 'epoch': 0.61}
{'loss': 0.2405, 'learning_rate': 4.886122895622296e-06, 'epoch': 0.61}
{'loss': 0.3069, 'learning_rate': 4.8776891794740205e-06, 'epoch': 0.61}
{'loss': 0.2722, 'learning_rate': 4.8692558115068256e-06, 'epoch': 0.61}
{'loss': 0.2777, 'learning_rate': 4.860822815727904e-06, 'epoch': 0.61}
{'loss': 0.2583, 'learning_rate': 4.852390216143383e-06, 'epoch': 0.61}
{'loss': 0.2609, 'learning_rate': 4.843958036758267e-06, 'epoch': 0.61}
{'loss': 0.2284, 'learning_rate': 4.8355263015763645e-06, 'epoch': 0.61}
{'loss': 0.2652, 'learning_rate': 4.8270950346002155e-06, 'epoch': 0.61}
{'loss': 0.2221, 'learning_rate': 4.818664259831031e-06, 'epoch': 0.61}
{'loss': 0.2835, 'learning_rate': 4.810234001268621e-06, 'epoch': 0.61}
{'loss': 0.2973, 'learning_rate': 4.801804282911321e-06, 'epoch': 0.61}
{'loss': 0.2865, 'learning_rate': 4.793375128755934e-06, 'epoch': 0.61}
{'loss': 0.2208, 'learning_rate': 4.7849465627976575e-06, 'epoch': 0.62}
{'loss': 0.31, 'learning_rate': 4.776518609030008e-06, 'epoch': 0.62}
{'loss': 0.3119, 'learning_rate': 4.768091291444764e-06, 'epoch': 0.62}
{'loss': 0.2538, 'learning_rate': 4.759664634031897e-06, 'epoch': 0.62}
{'loss': 0.3261, 'learning_rate': 4.75123866077949e-06, 'epoch': 0.62}
{'loss': 0.2431, 'learning_rate': 4.7428133956736836e-06, 'epoch': 0.62}
{'loss': 0.2287, 'learning_rate': 4.734388862698605e-06, 'epoch': 0.62}
{'loss': 0.2648, 'learning_rate': 4.725965085836291e-06, 'epoch': 0.62}
{'loss': 0.3121, 'learning_rate': 4.71754208906663e-06, 'epoch': 0.62}
{'loss': 0.2049, 'learning_rate': 4.709119896367291e-06, 'epoch': 0.62}
{'loss': 0.2497, 'learning_rate': 4.7006985317136486e-06, 'epoch': 0.62}
{'loss': 0.2705, 'learning_rate': 4.692278019078724e-06, 'epoch': 0.62}
{'loss': 0.2164, 'learning_rate': 4.683858382433118e-06, 'epoch': 0.62}
{'loss': 0.2119, 'learning_rate': 4.675439645744924e-06, 'epoch': 0.62}
{'loss': 0.287, 'learning_rate': 4.667021832979688e-06, 'epoch': 0.62}
{'loss': 0.292, 'learning_rate': 4.658604968100318e-06, 'epoch': 0.62}
{'loss': 0.2751, 'learning_rate': 4.6501890750670234e-06, 'epoch': 0.62}
{'loss': 0.2243, 'learning_rate': 4.6417741778372506e-06, 'epoch': 0.62}
{'loss': 0.2295, 'learning_rate': 4.63336030036561e-06, 'epoch': 0.62}
{'loss': 0.2284, 'learning_rate': 4.6249474666038095e-06, 'epoch': 0.62}
{'loss': 0.2158, 'learning_rate': 4.616535700500583e-06, 'epoch': 0.62}
{'loss': 0.2628, 'learning_rate': 4.608125026001627e-06, 'epoch': 0.62}
{'loss': 0.2755, 'learning_rate': 4.599715467049534e-06, 'epoch': 0.62}
{'loss': 0.2618, 'learning_rate': 4.591307047583714e-06, 'epoch': 0.63}
{'loss': 0.2459, 'learning_rate': 4.582899791540338e-06, 'epoch': 0.63}
{'loss': 0.2757, 'learning_rate': 4.574493722852267e-06, 'epoch': 0.63}
{'loss': 0.2324, 'learning_rate': 4.566088865448972e-06, 'epoch': 0.63}
{'loss': 0.2391, 'learning_rate': 4.5576852432564896e-06, 'epoch': 0.63}
{'loss': 0.2216, 'learning_rate': 4.549282880197331e-06, 'epoch': 0.63}
{'loss': 0.2932, 'learning_rate': 4.540881800190424e-06, 'epoch': 0.63}
{'loss': 0.226, 'learning_rate': 4.532482027151045e-06, 'epoch': 0.63}
{'loss': 0.3029, 'learning_rate': 4.524083584990754e-06, 'epoch': 0.63}
{'loss': 0.2612, 'learning_rate': 4.5156864976173145e-06, 'epoch': 0.63}
{'loss': 0.269, 'learning_rate': 4.507290788934638e-06, 'epoch': 0.63}
{'loss': 0.2375, 'learning_rate': 4.498896482842715e-06, 'epoch': 0.63}
{'loss': 0.2328, 'learning_rate': 4.490503603237532e-06, 'epoch': 0.63}
{'loss': 0.22, 'learning_rate': 4.482112174011025e-06, 'epoch': 0.63}
{'loss': 0.1771, 'learning_rate': 4.473722219051001e-06, 'epoch': 0.63}
{'loss': 0.2521, 'learning_rate': 4.465333762241062e-06, 'epoch': 0.63}
{'loss': 0.2901, 'learning_rate': 4.456946827460552e-06, 'epoch': 0.63}
{'loss': 0.2668, 'learning_rate': 4.448561438584484e-06, 'epoch': 0.63}
{'loss': 0.2816, 'learning_rate': 4.4401776194834615e-06, 'epoch': 0.63}
{'loss': 0.2575, 'learning_rate': 4.431795394023627e-06, 'epoch': 0.63}
{'loss': 0.2276, 'learning_rate': 4.423414786066586e-06, 'epoch': 0.63}
{'loss': 0.2473, 'learning_rate': 4.4150358194693356e-06, 'epoch': 0.63}
{'loss': 0.2798, 'learning_rate': 4.406658518084201e-06, 'epoch': 0.63}
{'loss': 0.2324, 'learning_rate': 4.398282905758773e-06, 'epoch': 0.64}
{'loss': 0.2638, 'learning_rate': 4.3899090063358265e-06, 'epoch': 0.64}
{'loss': 0.2479, 'learning_rate': 4.381536843653262e-06, 'epoch': 0.64}
{'loss': 0.2322, 'learning_rate': 4.373166441544041e-06, 'epoch': 0.64}
{'loss': 0.2758, 'learning_rate': 4.364797823836108e-06, 'epoch': 0.64}
{'loss': 0.2521, 'learning_rate': 4.356431014352329e-06, 'epoch': 0.64}
{'loss': 0.2308, 'learning_rate': 4.348066036910425e-06, 'epoch': 0.64}
{'loss': 0.2583, 'learning_rate': 4.339702915322898e-06, 'epoch': 0.64}
{'loss': 0.214, 'learning_rate': 4.331341673396969e-06, 'epoch': 0.64}
{'loss': 0.2457, 'learning_rate': 4.322982334934509e-06, 'epoch': 0.64}
{'loss': 0.2262, 'learning_rate': 4.3146249237319695e-06, 'epoch': 0.64}
{'loss': 0.2605, 'learning_rate': 4.306269463580314e-06, 'epoch': 0.64}
{'loss': 0.2841, 'learning_rate': 4.2979159782649546e-06, 'epoch': 0.64}
{'loss': 0.2939, 'learning_rate': 4.289564491565681e-06, 'epoch': 0.64}
{'loss': 0.249, 'learning_rate': 4.281215027256592e-06, 'epoch': 0.64}
{'loss': 0.2774, 'learning_rate': 4.2728676091060315e-06, 'epoch': 0.64}
{'loss': 0.2452, 'learning_rate': 4.264522260876518e-06, 'epoch': 0.64}
{'loss': 0.2968, 'learning_rate': 4.256179006324675e-06, 'epoch': 0.64}
{'loss': 0.3032, 'learning_rate': 4.247837869201168e-06, 'epoch': 0.64}
{'loss': 0.3095, 'learning_rate': 4.239498873250637e-06, 'epoch': 0.64}
{'loss': 0.2909, 'learning_rate': 4.231162042211624e-06, 'epoch': 0.64}
{'loss': 0.265, 'learning_rate': 4.222827399816506e-06, 'epoch': 0.64}
{'loss': 0.2504, 'learning_rate': 4.214494969791437e-06, 'epoch': 0.64}
{'loss': 0.2135, 'learning_rate': 4.206164775856265e-06, 'epoch': 0.64}
{'loss': 0.2288, 'learning_rate': 4.197836841724476e-06, 'epoch': 0.65}
{'loss': 0.2551, 'learning_rate': 4.189511191103124e-06, 'epoch': 0.65}
{'loss': 0.2257, 'learning_rate': 4.181187847692764e-06, 'epoch': 0.65}
{'loss': 0.203, 'learning_rate': 4.172866835187375e-06, 'epoch': 0.65}
{'loss': 0.2287, 'learning_rate': 4.164548177274309e-06, 'epoch': 0.65}
{'loss': 0.2192, 'learning_rate': 4.156231897634216e-06, 'epoch': 0.65}
{'loss': 0.2725, 'learning_rate': 4.147918019940967e-06, 'epoch': 0.65}
{'loss': 0.256, 'learning_rate': 4.139606567861603e-06, 'epoch': 0.65}
{'loss': 0.3208, 'learning_rate': 4.131297565056258e-06, 'epoch': 0.65}
{'loss': 0.2852, 'learning_rate': 4.122991035178093e-06, 'epoch': 0.65}
{'loss': 0.1996, 'learning_rate': 4.114687001873228e-06, 'epoch': 0.65}
{'loss': 0.2552, 'learning_rate': 4.106385488780682e-06, 'epoch': 0.65}
{'loss': 0.2146, 'learning_rate': 4.09808651953229e-06, 'epoch': 0.65}
{'loss': 0.2462, 'learning_rate': 4.089790117752655e-06, 'epoch': 0.65}
{'loss': 0.3218, 'learning_rate': 4.081496307059066e-06, 'epoch': 0.65}
{'loss': 0.2283, 'learning_rate': 4.073205111061436e-06, 'epoch': 0.65}
{'loss': 0.2819, 'learning_rate': 4.064916553362237e-06, 'epoch': 0.65}
{'loss': 0.2805, 'learning_rate': 4.05663065755643e-06, 'epoch': 0.65}
{'loss': 0.2418, 'learning_rate': 4.048347447231397e-06, 'epoch': 0.65}
{'loss': 0.2749, 'learning_rate': 4.040066945966876e-06, 'epoch': 0.65}
{'loss': 0.3011, 'learning_rate': 4.031789177334895e-06, 'epoch': 0.65}
{'loss': 0.232, 'learning_rate': 4.023514164899698e-06, 'epoch': 0.65}
{'loss': 0.2355, 'learning_rate': 4.0152419322176885e-06, 'epoch': 0.65}
{'loss': 0.2153, 'learning_rate': 4.006972502837357e-06, 'epoch': 0.66}
{'loss': 0.2435, 'learning_rate': 3.998705900299206e-06, 'epoch': 0.66}
{'loss': 0.2174, 'learning_rate': 3.9904421481357006e-06, 'epoch': 0.66}
{'loss': 0.2588, 'learning_rate': 3.982181269871187e-06, 'epoch': 0.66}
{'loss': 0.2701, 'learning_rate': 3.973923289021829e-06, 'epoch': 0.66}
{'loss': 0.229, 'learning_rate': 3.965668229095546e-06, 'epoch': 0.66}
{'loss': 0.2335, 'learning_rate': 3.95741611359194e-06, 'epoch': 0.66}
{'loss': 0.2626, 'learning_rate': 3.9491669660022345e-06, 'epoch': 0.66}
{'loss': 0.2695, 'learning_rate': 3.940920809809197e-06, 'epoch': 0.66}
{'loss': 0.2344, 'learning_rate': 3.932677668487086e-06, 'epoch': 0.66}
{'loss': 0.2058, 'learning_rate': 3.924437565501577e-06, 'epoch': 0.66}
{'loss': 0.2191, 'learning_rate': 3.916200524309693e-06, 'epoch': 0.66}
{'loss': 0.271, 'learning_rate': 3.907966568359742e-06, 'epoch': 0.66}
{'loss': 0.3115, 'learning_rate': 3.899735721091255e-06, 'epoch': 0.66}
{'loss': 0.2183, 'learning_rate': 3.8915080059349025e-06, 'epoch': 0.66}
{'loss': 0.2106, 'learning_rate': 3.883283446312448e-06, 'epoch': 0.66}
{'loss': 0.2362, 'learning_rate': 3.875062065636672e-06, 'epoch': 0.66}
{'loss': 0.2164, 'learning_rate': 3.866843887311297e-06, 'epoch': 0.66}
{'loss': 0.2647, 'learning_rate': 3.858628934730939e-06, 'epoch': 0.66}
{'loss': 0.2494, 'learning_rate': 3.8504172312810285e-06, 'epoch': 0.66}
{'loss': 0.2438, 'learning_rate': 3.8422088003377425e-06, 'epoch': 0.66}
{'loss': 0.23, 'learning_rate': 3.8340036652679454e-06, 'epoch': 0.66}
{'loss': 0.2032, 'learning_rate': 3.825801849429123e-06, 'epoch': 0.66}
{'loss': 0.271, 'learning_rate': 3.817603376169304e-06, 'epoch': 0.67}
{'loss': 0.2367, 'learning_rate': 3.809408268827009e-06, 'epoch': 0.67}
{'loss': 0.2807, 'learning_rate': 3.8012165507311756e-06, 'epoch': 0.67}
{'loss': 0.2445, 'learning_rate': 3.7930282452010875e-06, 'epoch': 0.67}
{'loss': 0.2562, 'learning_rate': 3.7848433755463202e-06, 'epoch': 0.67}
{'loss': 0.2358, 'learning_rate': 3.7766619650666697e-06, 'epoch': 0.67}
{'loss': 0.2541, 'learning_rate': 3.768484037052076e-06, 'epoch': 0.67}
{'loss': 0.3248, 'learning_rate': 3.7603096147825735e-06, 'epoch': 0.67}
{'loss': 0.2647, 'learning_rate': 3.752138721528217e-06, 'epoch': 0.67}
{'loss': 0.2628, 'learning_rate': 3.7439713805490087e-06, 'epoch': 0.67}
{'loss': 0.1976, 'learning_rate': 3.735807615094843e-06, 'epoch': 0.67}
{'loss': 0.2178, 'learning_rate': 3.7276474484054385e-06, 'epoch': 0.67}
{'loss': 0.175, 'learning_rate': 3.719490903710264e-06, 'epoch': 0.67}
{'loss': 0.3065, 'learning_rate': 3.7113380042284784e-06, 'epoch': 0.67}
{'loss': 0.3044, 'learning_rate': 3.7031887731688685e-06, 'epoch': 0.67}
{'loss': 0.2238, 'learning_rate': 3.6950432337297737e-06, 'epoch': 0.67}
{'loss': 0.2742, 'learning_rate': 3.686901409099023e-06, 'epoch': 0.67}
{'loss': 0.2824, 'learning_rate': 3.6787633224538775e-06, 'epoch': 0.67}
{'loss': 0.2483, 'learning_rate': 3.6706289969609506e-06, 'epoch': 0.67}
{'loss': 0.2571, 'learning_rate': 3.6624984557761508e-06, 'epoch': 0.67}
{'loss': 0.2741, 'learning_rate': 3.654371722044616e-06, 'epoch': 0.67}
{'loss': 0.2587, 'learning_rate': 3.646248818900644e-06, 'epoch': 0.67}
{'loss': 0.2478, 'learning_rate': 3.6381297694676264e-06, 'epoch': 0.67}
{'loss': 0.2249, 'learning_rate': 3.6300145968579876e-06, 'epoch': 0.67}
{'loss': 0.2849, 'learning_rate': 3.621903324173114e-06, 'epoch': 0.68}
{'loss': 0.286, 'learning_rate': 3.6137959745032892e-06, 'epoch': 0.68}
{'loss': 0.2619, 'learning_rate': 3.605692570927632e-06, 'epoch': 0.68}
{'loss': 0.2758, 'learning_rate': 3.597593136514026e-06, 'epoch': 0.68}
{'loss': 0.2192, 'learning_rate': 3.5894976943190553e-06, 'epoch': 0.68}
{'loss': 0.261, 'learning_rate': 3.581406267387941e-06, 'epoch': 0.68}
{'loss': 0.2676, 'learning_rate': 3.573318878754475e-06, 'epoch': 0.68}
{'loss': 0.2234, 'learning_rate': 3.5652355514409472e-06, 'epoch': 0.68}
{'loss': 0.2716, 'learning_rate': 3.5571563084580944e-06, 'epoch': 0.68}
{'loss': 0.2376, 'learning_rate': 3.549081172805022e-06, 'epoch': 0.68}
{'loss': 0.2728, 'learning_rate': 3.541010167469144e-06, 'epoch': 0.68}
{'loss': 0.2046, 'learning_rate': 3.5329433154261145e-06, 'epoch': 0.68}
{'loss': 0.2505, 'learning_rate': 3.5248806396397696e-06, 'epoch': 0.68}
{'loss': 0.2545, 'learning_rate': 3.516822163062052e-06, 'epoch': 0.68}
{'loss': 0.2478, 'learning_rate': 3.508767908632952e-06, 'epoch': 0.68}
{'loss': 0.2478, 'learning_rate': 3.500717899280442e-06, 'epoch': 0.68}
{'loss': 0.2135, 'learning_rate': 3.4926721579204107e-06, 'epoch': 0.68}
{'loss': 0.2298, 'learning_rate': 3.484630707456592e-06, 'epoch': 0.68}
{'loss': 0.1999, 'learning_rate': 3.4765935707805104e-06, 'epoch': 0.68}
{'loss': 0.2687, 'learning_rate': 3.468560770771411e-06, 'epoch': 0.68}
{'loss': 0.197, 'learning_rate': 3.4605323302961857e-06, 'epoch': 0.68}
{'loss': 0.262, 'learning_rate': 3.452508272209325e-06, 'epoch': 0.68}
{'loss': 0.293, 'learning_rate': 3.4444886193528427e-06, 'epoch': 0.68}
{'loss': 0.2289, 'learning_rate': 3.4364733945562058e-06, 'epoch': 0.69}
{'loss': 0.2179, 'learning_rate': 3.4284626206362825e-06, 'epoch': 0.69}
{'loss': 0.2828, 'learning_rate': 3.420456320397271e-06, 'epoch': 0.69}
{'loss': 0.2414, 'learning_rate': 3.412454516630629e-06, 'epoch': 0.69}
{'loss': 0.2027, 'learning_rate': 3.404457232115017e-06, 'epoch': 0.69}
{'loss': 0.2532, 'learning_rate': 3.3964644896162354e-06, 'epoch': 0.69}
{'loss': 0.2096, 'learning_rate': 3.3884763118871446e-06, 'epoch': 0.69}
{'loss': 0.2795, 'learning_rate': 3.380492721667618e-06, 'epoch': 0.69}
{'loss': 0.2604, 'learning_rate': 3.372513741684471e-06, 'epoch': 0.69}
{'loss': 0.2404, 'learning_rate': 3.3645393946513875e-06, 'epoch': 0.69}
{'loss': 0.2355, 'learning_rate': 3.35656970326887e-06, 'epoch': 0.69}
{'loss': 0.287, 'learning_rate': 3.3486046902241663e-06, 'epoch': 0.69}
{'loss': 0.2473, 'learning_rate': 3.3406443781912017e-06, 'epoch': 0.69}
{'loss': 0.2231, 'learning_rate': 3.332688789830525e-06, 'epoch': 0.69}
{'loss': 0.2516, 'learning_rate': 3.324737947789237e-06, 'epoch': 0.69}
{'loss': 0.2615, 'learning_rate': 3.3167918747009237e-06, 'epoch': 0.69}
{'loss': 0.2, 'learning_rate': 3.3088505931855985e-06, 'epoch': 0.69}
{'loss': 0.3123, 'learning_rate': 3.3009141258496345e-06, 'epoch': 0.69}
{'loss': 0.2678, 'learning_rate': 3.2929824952857014e-06, 'epoch': 0.69}
{'loss': 0.2333, 'learning_rate': 3.2850557240726953e-06, 'epoch': 0.69}
{'loss': 0.2685, 'learning_rate': 3.2771338347756845e-06, 'epoch': 0.69}
{'loss': 0.222, 'learning_rate': 3.269216849945838e-06, 'epoch': 0.69}
{'loss': 0.2289, 'learning_rate': 3.2613047921203613e-06, 'epoch': 0.69}
{'loss': 0.2692, 'learning_rate': 3.253397683822438e-06, 'epoch': 0.7}
{'loss': 0.2836, 'learning_rate': 3.2454955475611603e-06, 'epoch': 0.7}
{'loss': 0.2196, 'learning_rate': 3.2375984058314647e-06, 'epoch': 0.7}
{'loss': 0.2476, 'learning_rate': 3.2297062811140725e-06, 'epoch': 0.7}
{'loss': 0.249, 'learning_rate': 3.221819195875423e-06, 'epoch': 0.7}
{'loss': 0.2829, 'learning_rate': 3.213937172567606e-06, 'epoch': 0.7}
{'loss': 0.332, 'learning_rate': 3.2060602336283063e-06, 'epoch': 0.7}
{'loss': 0.2335, 'learning_rate': 3.198188401480734e-06, 'epoch': 0.7}
{'loss': 0.2037, 'learning_rate': 3.1903216985335582e-06, 'epoch': 0.7}
{'loss': 0.2854, 'learning_rate': 3.1824601471808504e-06, 'epoch': 0.7}
{'loss': 0.3096, 'learning_rate': 3.1746037698020187e-06, 'epoch': 0.7}
{'loss': 0.3166, 'learning_rate': 3.1667525887617357e-06, 'epoch': 0.7}
{'loss': 0.2666, 'learning_rate': 3.1589066264098865e-06, 'epoch': 0.7}
{'loss': 0.289, 'learning_rate': 3.1510659050815033e-06, 'epoch': 0.7}
{'loss': 0.2382, 'learning_rate': 3.14323044709669e-06, 'epoch': 0.7}
{'loss': 0.2426, 'learning_rate': 3.135400274760575e-06, 'epoch': 0.7}
{'loss': 0.2101, 'learning_rate': 3.1275754103632385e-06, 'epoch': 0.7}
{'loss': 0.2605, 'learning_rate': 3.1197558761796457e-06, 'epoch': 0.7}
{'loss': 0.2681, 'learning_rate': 3.1119416944695947e-06, 'epoch': 0.7}
{'loss': 0.2089, 'learning_rate': 3.1041328874776466e-06, 'epoch': 0.7}
{'loss': 0.2449, 'learning_rate': 3.0963294774330545e-06, 'epoch': 0.7}
{'loss': 0.2603, 'learning_rate': 3.088531486549716e-06, 'epoch': 0.7}
{'loss': 0.1834, 'learning_rate': 3.080738937026101e-06, 'epoch': 0.7}
{'loss': 0.2856, 'learning_rate': 3.0729518510451888e-06, 'epoch': 0.71}
{'loss': 0.2588, 'learning_rate': 3.065170250774401e-06, 'epoch': 0.71}
{'loss': 0.2339, 'learning_rate': 3.0573941583655497e-06, 'epoch': 0.71}
{'loss': 0.298, 'learning_rate': 3.049623595954766e-06, 'epoch': 0.71}
{'loss': 0.2646, 'learning_rate': 3.041858585662435e-06, 'epoch': 0.71}
{'loss': 0.2425, 'learning_rate': 3.0340991495931425e-06, 'epoch': 0.71}
{'loss': 0.2126, 'learning_rate': 3.0263453098356023e-06, 'epoch': 0.71}
{'loss': 0.234, 'learning_rate': 3.018597088462597e-06, 'epoch': 0.71}
{'loss': 0.2748, 'learning_rate': 3.0108545075309186e-06, 'epoch': 0.71}
{'loss': 0.2739, 'learning_rate': 3.0031175890813e-06, 'epoch': 0.71}
{'loss': 0.2973, 'learning_rate': 2.9953863551383543e-06, 'epoch': 0.71}
{'loss': 0.1782, 'learning_rate': 2.9876608277105146e-06, 'epoch': 0.71}
{'loss': 0.2988, 'learning_rate': 2.979941028789969e-06, 'epoch': 0.71}
{'loss': 0.2176, 'learning_rate': 2.972226980352595e-06, 'epoch': 0.71}
{'loss': 0.2468, 'learning_rate': 2.964518704357906e-06, 'epoch': 0.71}
{'loss': 0.2319, 'learning_rate': 2.9568162227489783e-06, 'epoch': 0.71}
{'loss': 0.2332, 'learning_rate': 2.9491195574523943e-06, 'epoch': 0.71}
{'loss': 0.2547, 'learning_rate': 2.9414287303781817e-06, 'epoch': 0.71}
{'loss': 0.2692, 'learning_rate': 2.933743763419746e-06, 'epoch': 0.71}
{'loss': 0.2283, 'learning_rate': 2.9260646784538096e-06, 'epoch': 0.71}
{'loss': 0.2535, 'learning_rate': 2.918391497340355e-06, 'epoch': 0.71}
{'loss': 0.282, 'learning_rate': 2.910724241922558e-06, 'epoch': 0.71}
{'loss': 0.196, 'learning_rate': 2.9030629340267165e-06, 'epoch': 0.71}
{'loss': 0.1986, 'learning_rate': 2.8954075954622106e-06, 'epoch': 0.71}
{'loss': 0.2023, 'learning_rate': 2.8877582480214205e-06, 'epoch': 0.72}
{'loss': 0.2518, 'learning_rate': 2.880114913479673e-06, 'epoch': 0.72}
{'loss': 0.2467, 'learning_rate': 2.872477613595175e-06, 'epoch': 0.72}
{'loss': 0.3006, 'learning_rate': 2.8648463701089606e-06, 'epoch': 0.72}
{'loss': 0.2463, 'learning_rate': 2.8572212047448196e-06, 'epoch': 0.72}
{'loss': 0.2301, 'learning_rate': 2.8496021392092388e-06, 'epoch': 0.72}
{'loss': 0.2486, 'learning_rate': 2.8419891951913396e-06, 'epoch': 0.72}
{'loss': 0.1999, 'learning_rate': 2.8343823943628255e-06, 'epoch': 0.72}
{'loss': 0.2698, 'learning_rate': 2.8267817583778985e-06, 'epoch': 0.72}
{'loss': 0.2719, 'learning_rate': 2.8191873088732234e-06, 'epoch': 0.72}
{'loss': 0.2277, 'learning_rate': 2.8115990674678485e-06, 'epoch': 0.72}
{'loss': 0.2346, 'learning_rate': 2.804017055763149e-06, 'epoch': 0.72}
{'loss': 0.223, 'learning_rate': 2.7964412953427667e-06, 'epoch': 0.72}
{'loss': 0.2211, 'learning_rate': 2.788871807772554e-06, 'epoch': 0.72}
{'loss': 0.285, 'learning_rate': 2.7813086146004943e-06, 'epoch': 0.72}
{'loss': 0.2754, 'learning_rate': 2.7737517373566637e-06, 'epoch': 0.72}
{'loss': 0.2296, 'learning_rate': 2.7662011975531535e-06, 'epoch': 0.72}
{'loss': 0.2859, 'learning_rate': 2.7586570166840154e-06, 'epoch': 0.72}
{'loss': 0.238, 'learning_rate': 2.751119216225198e-06, 'epoch': 0.72}
{'loss': 0.2656, 'learning_rate': 2.7435878176344934e-06, 'epoch': 0.72}
{'loss': 0.2923, 'learning_rate': 2.736062842351457e-06, 'epoch': 0.72}
{'loss': 0.2648, 'learning_rate': 2.7285443117973703e-06, 'epoch': 0.72}
{'loss': 0.2898, 'learning_rate': 2.721032247375165e-06, 'epoch': 0.72}
{'loss': 0.2363, 'learning_rate': 2.713526670469363e-06, 'epoch': 0.73}
{'loss': 0.2499, 'learning_rate': 2.706027602446021e-06, 'epoch': 0.73}
{'loss': 0.2212, 'learning_rate': 2.6985350646526713e-06, 'epoch': 0.73}
{'loss': 0.2137, 'learning_rate': 2.6910490784182442e-06, 'epoch': 0.73}
{'loss': 0.2306, 'learning_rate': 2.683569665053033e-06, 'epoch': 0.73}
{'loss': 0.2463, 'learning_rate': 2.6760968458486126e-06, 'epoch': 0.73}
{'loss': 0.2521, 'learning_rate': 2.668630642077788e-06, 'epoch': 0.73}
{'loss': 0.1878, 'learning_rate': 2.661171074994531e-06, 'epoch': 0.73}
{'loss': 0.2728, 'learning_rate': 2.653718165833926e-06, 'epoch': 0.73}
{'loss': 0.2231, 'learning_rate': 2.6462719358120983e-06, 'epoch': 0.73}
{'loss': 0.2196, 'learning_rate': 2.6388324061261622e-06, 'epoch': 0.73}
{'loss': 0.2987, 'learning_rate': 2.6313995979541572e-06, 'epoch': 0.73}
{'loss': 0.2559, 'learning_rate': 2.623973532454991e-06, 'epoch': 0.73}
{'loss': 0.2215, 'learning_rate': 2.6165542307683744e-06, 'epoch': 0.73}
{'loss': 0.2895, 'learning_rate': 2.6091417140147634e-06, 'epoch': 0.73}
{'loss': 0.2218, 'learning_rate': 2.6017360032953043e-06, 'epoch': 0.73}
{'loss': 0.2415, 'learning_rate': 2.5943371196917633e-06, 'epoch': 0.73}
{'loss': 0.2418, 'learning_rate': 2.586945084266474e-06, 'epoch': 0.73}
{'loss': 0.2657, 'learning_rate': 2.5795599180622755e-06, 'epoch': 0.73}
{'loss': 0.2784, 'learning_rate': 2.5721816421024514e-06, 'epoch': 0.73}
{'loss': 0.31, 'learning_rate': 2.56481027739067e-06, 'epoch': 0.73}
{'loss': 0.2263, 'learning_rate': 2.557445844910932e-06, 'epoch': 0.73}
{'loss': 0.2258, 'learning_rate': 2.5500883656274955e-06, 'epoch': 0.73}
{'loss': 0.2176, 'learning_rate': 2.5427378604848285e-06, 'epoch': 0.74}
{'loss': 0.2952, 'learning_rate': 2.5353943504075477e-06, 'epoch': 0.74}
{'loss': 0.2743, 'learning_rate': 2.5280578563003545e-06, 'epoch': 0.74}
{'loss': 0.2011, 'learning_rate': 2.520728399047976e-06, 'epoch': 0.74}
{'loss': 0.2959, 'learning_rate': 2.513405999515115e-06, 'epoch': 0.74}
{'loss': 0.232, 'learning_rate': 2.506090678546377e-06, 'epoch': 0.74}
{'loss': 0.2477, 'learning_rate': 2.498782456966217e-06, 'epoch': 0.74}
{'loss': 0.2862, 'learning_rate': 2.4914813555788827e-06, 'epoch': 0.74}
{'loss': 0.1934, 'learning_rate': 2.484187395168352e-06, 'epoch': 0.74}
{'loss': 0.2169, 'learning_rate': 2.4769005964982718e-06, 'epoch': 0.74}
{'loss': 0.3498, 'learning_rate': 2.469620980311911e-06, 'epoch': 0.74}
{'loss': 0.233, 'learning_rate': 2.4623485673320774e-06, 'epoch': 0.74}
{'loss': 0.2576, 'learning_rate': 2.455083378261088e-06, 'epoch': 0.74}
{'loss': 0.2193, 'learning_rate': 2.4478254337806844e-06, 'epoch': 0.74}
{'loss': 0.2721, 'learning_rate': 2.4405747545519966e-06, 'epoch': 0.74}
{'loss': 0.2948, 'learning_rate': 2.4333313612154587e-06, 'epoch': 0.74}
{'loss': 0.2114, 'learning_rate': 2.4260952743907756e-06, 'epoch': 0.74}
{'loss': 0.231, 'learning_rate': 2.4188665146768485e-06, 'epoch': 0.74}
{'loss': 0.2881, 'learning_rate': 2.41164510265172e-06, 'epoch': 0.74}
{'loss': 0.2069, 'learning_rate': 2.404431058872515e-06, 'epoch': 0.74}
{'loss': 0.22, 'learning_rate': 2.397224403875391e-06, 'epoch': 0.74}
{'loss': 0.2538, 'learning_rate': 2.390025158175458e-06, 'epoch': 0.74}
{'loss': 0.1856, 'learning_rate': 2.382833342266749e-06, 'epoch': 0.74}
{'loss': 0.2448, 'learning_rate': 2.375648976622136e-06, 'epoch': 0.75}
{'loss': 0.2424, 'learning_rate': 2.3684720816932877e-06, 'epoch': 0.75}
{'loss': 0.2903, 'learning_rate': 2.361302677910602e-06, 'epoch': 0.75}
{'loss': 0.3021, 'learning_rate': 2.35414078568316e-06, 'epoch': 0.75}
{'loss': 0.2735, 'learning_rate': 2.3469864253986462e-06, 'epoch': 0.75}
{'loss': 0.2301, 'learning_rate': 2.339839617423318e-06, 'epoch': 0.75}
{'loss': 0.2319, 'learning_rate': 2.332700382101925e-06, 'epoch': 0.75}
{'loss': 0.2047, 'learning_rate': 2.3255687397576625e-06, 'epoch': 0.75}
{'loss': 0.2348, 'learning_rate': 2.3184447106921092e-06, 'epoch': 0.75}
{'loss': 0.2584, 'learning_rate': 2.3113283151851785e-06, 'epoch': 0.75}
{'loss': 0.2281, 'learning_rate': 2.3042195734950396e-06, 'epoch': 0.75}
{'loss': 0.1512, 'learning_rate': 2.297118505858087e-06, 'epoch': 0.75}
{'loss': 0.2455, 'learning_rate': 2.2900251324888627e-06, 'epoch': 0.75}
{'loss': 0.3089, 'learning_rate': 2.2829394735800076e-06, 'epoch': 0.75}
{'loss': 0.2689, 'learning_rate': 2.2758615493021983e-06, 'epoch': 0.75}
{'loss': 0.2583, 'learning_rate': 2.268791379804101e-06, 'epoch': 0.75}
{'loss': 0.2244, 'learning_rate': 2.2617289852123e-06, 'epoch': 0.75}
{'loss': 0.227, 'learning_rate': 2.2546743856312474e-06, 'epoch': 0.75}
{'loss': 0.211, 'learning_rate': 2.2476276011432057e-06, 'epoch': 0.75}
{'loss': 0.2086, 'learning_rate': 2.2405886518081967e-06, 'epoch': 0.75}
{'loss': 0.1815, 'learning_rate': 2.233557557663924e-06, 'epoch': 0.75}
{'loss': 0.2258, 'learning_rate': 2.2265343387257442e-06, 'epoch': 0.75}
{'loss': 0.2921, 'learning_rate': 2.2195190149865882e-06, 'epoch': 0.75}
{'loss': 0.2551, 'learning_rate': 2.212511606416913e-06, 'epoch': 0.75}
{'loss': 0.2118, 'learning_rate': 2.2055121329646416e-06, 'epoch': 0.76}
{'loss': 0.2171, 'learning_rate': 2.198520614555116e-06, 'epoch': 0.76}
{'loss': 0.2426, 'learning_rate': 2.1915370710910188e-06, 'epoch': 0.76}
{'loss': 0.2506, 'learning_rate': 2.1845615224523454e-06, 'epoch': 0.76}
{'loss': 0.2553, 'learning_rate': 2.177593988496323e-06, 'epoch': 0.76}
{'loss': 0.2961, 'learning_rate': 2.1706344890573662e-06, 'epoch': 0.76}
{'loss': 0.2681, 'learning_rate': 2.163683043947015e-06, 'epoch': 0.76}
{'loss': 0.2451, 'learning_rate': 2.1567396729538908e-06, 'epoch': 0.76}
{'loss': 0.2031, 'learning_rate': 2.149804395843615e-06, 'epoch': 0.76}
{'loss': 0.2041, 'learning_rate': 2.1428772323587827e-06, 'epoch': 0.76}
{'loss': 0.295, 'learning_rate': 2.135958202218884e-06, 'epoch': 0.76}
{'loss': 0.2899, 'learning_rate': 2.1290473251202583e-06, 'epoch': 0.76}
{'loss': 0.2537, 'learning_rate': 2.1221446207360336e-06, 'epoch': 0.76}
{'loss': 0.2538, 'learning_rate': 2.1152501087160793e-06, 'epoch': 0.76}
{'loss': 0.2124, 'learning_rate': 2.1083638086869327e-06, 'epoch': 0.76}
{'loss': 0.2366, 'learning_rate': 2.1014857402517654e-06, 'epoch': 0.76}
{'loss': 0.2571, 'learning_rate': 2.094615922990309e-06, 'epoch': 0.76}
{'loss': 0.238, 'learning_rate': 2.087754376458809e-06, 'epoch': 0.76}
{'loss': 0.3098, 'learning_rate': 2.0809011201899654e-06, 'epoch': 0.76}
{'loss': 0.2237, 'learning_rate': 2.074056173692881e-06, 'epoch': 0.76}
{'loss': 0.2574, 'learning_rate': 2.0672195564530018e-06, 'epoch': 0.76}
{'loss': 0.2917, 'learning_rate': 2.0603912879320616e-06, 'epoch': 0.76}
{'loss': 0.2234, 'learning_rate': 2.05357138756803e-06, 'epoch': 0.76}
{'loss': 0.227, 'learning_rate': 2.0467598747750533e-06, 'epoch': 0.77}
{'loss': 0.2612, 'learning_rate': 2.039956768943401e-06, 'epoch': 0.77}
{'loss': 0.1717, 'learning_rate': 2.0331620894394143e-06, 'epoch': 0.77}
{'loss': 0.2155, 'learning_rate': 2.026375855605443e-06, 'epoch': 0.77}
{'loss': 0.2488, 'learning_rate': 2.0195980867597963e-06, 'epoch': 0.77}
{'loss': 0.2546, 'learning_rate': 2.0128288021966862e-06, 'epoch': 0.77}
{'loss': 0.2108, 'learning_rate': 2.006068021186172e-06, 'epoch': 0.77}
{'loss': 0.279, 'learning_rate': 1.999315762974107e-06, 'epoch': 0.77}
{'loss': 0.2715, 'learning_rate': 1.9925720467820793e-06, 'epoch': 0.77}
{'loss': 0.2831, 'learning_rate': 1.985836891807368e-06, 'epoch': 0.77}
{'loss': 0.1901, 'learning_rate': 1.9791103172228737e-06, 'epoch': 0.77}
{'loss': 0.2105, 'learning_rate': 1.9723923421770747e-06, 'epoch': 0.77}
{'loss': 0.2594, 'learning_rate': 1.965682985793968e-06, 'epoch': 0.77}
{'loss': 0.2263, 'learning_rate': 1.958982267173017e-06, 'epoch': 0.77}
{'loss': 0.2229, 'learning_rate': 1.9522902053890925e-06, 'epoch': 0.77}
{'loss': 0.2586, 'learning_rate': 1.945606819492429e-06, 'epoch': 0.77}
{'loss': 0.2135, 'learning_rate': 1.938932128508557e-06, 'epoch': 0.77}
{'loss': 0.2464, 'learning_rate': 1.9322661514382585e-06, 'epoch': 0.77}
{'loss': 0.243, 'learning_rate': 1.925608907257508e-06, 'epoch': 0.77}
{'loss': 0.2411, 'learning_rate': 1.9189604149174213e-06, 'epoch': 0.77}
{'loss': 0.2411, 'learning_rate': 1.912320693344198e-06, 'epoch': 0.77}
{'loss': 0.276, 'learning_rate': 1.905689761439075e-06, 'epoch': 0.77}
{'loss': 0.2132, 'learning_rate': 1.899067638078264e-06, 'epoch': 0.77}
{'loss': 0.2685, 'learning_rate': 1.8924543421129015e-06, 'epoch': 0.78}
{'loss': 0.2931, 'learning_rate': 1.885849892368995e-06, 'epoch': 0.78}
{'loss': 0.2535, 'learning_rate': 1.8792543076473747e-06, 'epoch': 0.78}
{'loss': 0.2249, 'learning_rate': 1.8726676067236244e-06, 'epoch': 0.78}
{'loss': 0.1836, 'learning_rate': 1.866089808348049e-06, 'epoch': 0.78}
{'loss': 0.2518, 'learning_rate': 1.8595209312456052e-06, 'epoch': 0.78}
{'loss': 0.2341, 'learning_rate': 1.8529609941158549e-06, 'epoch': 0.78}
{'loss': 0.2056, 'learning_rate': 1.846410015632908e-06, 'epoch': 0.78}
{'loss': 0.242, 'learning_rate': 1.8398680144453796e-06, 'epoch': 0.78}
{'loss': 0.2578, 'learning_rate': 1.8333350091763168e-06, 'epoch': 0.78}
{'loss': 0.2962, 'learning_rate': 1.8268110184231713e-06, 'epoch': 0.78}
{'loss': 0.2177, 'learning_rate': 1.8202960607577246e-06, 'epoch': 0.78}
{'loss': 0.2601, 'learning_rate': 1.8137901547260472e-06, 'epoch': 0.78}
{'loss': 0.2337, 'learning_rate': 1.8072933188484388e-06, 'epoch': 0.78}
{'loss': 0.253, 'learning_rate': 1.800805571619388e-06, 'epoch': 0.78}
{'loss': 0.259, 'learning_rate': 1.7943269315074973e-06, 'epoch': 0.78}
{'loss': 0.2685, 'learning_rate': 1.787857416955457e-06, 'epoch': 0.78}
{'loss': 0.2255, 'learning_rate': 1.7813970463799723e-06, 'epoch': 0.78}
{'loss': 0.2793, 'learning_rate': 1.774945838171721e-06, 'epoch': 0.78}
{'loss': 0.2348, 'learning_rate': 1.7685038106952952e-06, 'epoch': 0.78}
{'loss': 0.1844, 'learning_rate': 1.7620709822891608e-06, 'epoch': 0.78}
{'loss': 0.2723, 'learning_rate': 1.7556473712655831e-06, 'epoch': 0.78}
{'loss': 0.2458, 'learning_rate': 1.749232995910602e-06, 'epoch': 0.78}
{'loss': 0.234, 'learning_rate': 1.7428278744839584e-06, 'epoch': 0.78}
{'loss': 0.2193, 'learning_rate': 1.7364320252190525e-06, 'epoch': 0.79}
{'loss': 0.2329, 'learning_rate': 1.7300454663228872e-06, 'epoch': 0.79}
{'loss': 0.2619, 'learning_rate': 1.723668215976026e-06, 'epoch': 0.79}
{'loss': 0.2059, 'learning_rate': 1.717300292332521e-06, 'epoch': 0.79}
{'loss': 0.2125, 'learning_rate': 1.7109417135198874e-06, 'epoch': 0.79}
{'loss': 0.2579, 'learning_rate': 1.7045924976390287e-06, 'epoch': 0.79}
{'loss': 0.2386, 'learning_rate': 1.6982526627642043e-06, 'epoch': 0.79}
{'loss': 0.3117, 'learning_rate': 1.6919222269429565e-06, 'epoch': 0.79}
{'loss': 0.3193, 'learning_rate': 1.6856012081960838e-06, 'epoch': 0.79}
{'loss': 0.2967, 'learning_rate': 1.6792896245175693e-06, 'epoch': 0.79}
{'loss': 0.2971, 'learning_rate': 1.6729874938745405e-06, 'epoch': 0.79}
{'loss': 0.2179, 'learning_rate': 1.6666948342072126e-06, 'epoch': 0.79}
{'loss': 0.2509, 'learning_rate': 1.6604116634288465e-06, 'epoch': 0.79}
{'loss': 0.2943, 'learning_rate': 1.6541379994256796e-06, 'epoch': 0.79}
{'loss': 0.2605, 'learning_rate': 1.6478738600568977e-06, 'epoch': 0.79}
{'loss': 0.2513, 'learning_rate': 1.641619263154568e-06, 'epoch': 0.79}
{'loss': 0.236, 'learning_rate': 1.6353742265235923e-06, 'epoch': 0.79}
{'loss': 0.2567, 'learning_rate': 1.629138767941657e-06, 'epoch': 0.79}
{'loss': 0.2692, 'learning_rate': 1.6229129051591902e-06, 'epoch': 0.79}
{'loss': 0.2643, 'learning_rate': 1.6166966558992908e-06, 'epoch': 0.79}
{'loss': 0.1879, 'learning_rate': 1.6104900378577026e-06, 'epoch': 0.79}
{'loss': 0.2756, 'learning_rate': 1.6042930687027463e-06, 'epoch': 0.79}
{'loss': 0.1972, 'learning_rate': 1.5981057660752768e-06, 'epoch': 0.79}
{'loss': 0.1998, 'learning_rate': 1.59192814758863e-06, 'epoch': 0.8}
{'loss': 0.2072, 'learning_rate': 1.5857602308285791e-06, 'epoch': 0.8}
{'loss': 0.2164, 'learning_rate': 1.5796020333532696e-06, 'epoch': 0.8}
{'loss': 0.2537, 'learning_rate': 1.57345357269319e-06, 'epoch': 0.8}
{'loss': 0.2365, 'learning_rate': 1.567314866351105e-06, 'epoch': 0.8}
{'loss': 0.3027, 'learning_rate': 1.5611859318020134e-06, 'epoch': 0.8}
{'loss': 0.2364, 'learning_rate': 1.555066786493094e-06, 'epoch': 0.8}
{'loss': 0.2567, 'learning_rate': 1.5489574478436664e-06, 'epoch': 0.8}
{'loss': 0.2708, 'learning_rate': 1.542857933245122e-06, 'epoch': 0.8}
{'loss': 0.2854, 'learning_rate': 1.5367682600608973e-06, 'epoch': 0.8}
{'loss': 0.2542, 'learning_rate': 1.5306884456264077e-06, 'epoch': 0.8}
{'loss': 0.1967, 'learning_rate': 1.5246185072490028e-06, 'epoch': 0.8}
{'loss': 0.285, 'learning_rate': 1.5185584622079202e-06, 'epoch': 0.8}
{'loss': 0.299, 'learning_rate': 1.5125083277542362e-06, 'epoch': 0.8}
{'loss': 0.2018, 'learning_rate': 1.5064681211108112e-06, 'epoch': 0.8}
{'loss': 0.2439, 'learning_rate': 1.5004378594722457e-06, 'epoch': 0.8}
{'loss': 0.2213, 'learning_rate': 1.4944175600048294e-06, 'epoch': 0.8}
{'loss': 0.2332, 'learning_rate': 1.4884072398464937e-06, 'epoch': 0.8}
{'loss': 0.263, 'learning_rate': 1.4824069161067588e-06, 'epoch': 0.8}
{'loss': 0.2575, 'learning_rate': 1.476416605866695e-06, 'epoch': 0.8}
{'loss': 0.2049, 'learning_rate': 1.4704363261788607e-06, 'epoch': 0.8}
{'loss': 0.2798, 'learning_rate': 1.4644660940672628e-06, 'epoch': 0.8}
{'loss': 0.2159, 'learning_rate': 1.458505926527306e-06, 'epoch': 0.8}
{'loss': 0.2761, 'learning_rate': 1.452555840525744e-06, 'epoch': 0.81}
{'loss': 0.2705, 'learning_rate': 1.4466158530006309e-06, 'epoch': 0.81}
{'loss': 0.3287, 'learning_rate': 1.440685980861274e-06, 'epoch': 0.81}
{'loss': 0.2536, 'learning_rate': 1.434766240988187e-06, 'epoch': 0.81}
{'loss': 0.2269, 'learning_rate': 1.4288566502330381e-06, 'epoch': 0.81}
{'loss': 0.2359, 'learning_rate': 1.4229572254186047e-06, 'epoch': 0.81}
{'loss': 0.184, 'learning_rate': 1.417067983338724e-06, 'epoch': 0.81}
{'loss': 0.2358, 'learning_rate': 1.4111889407582474e-06, 'epoch': 0.81}
{'loss': 0.2469, 'learning_rate': 1.4053201144129892e-06, 'epoch': 0.81}
{'loss': 0.2394, 'learning_rate': 1.3994615210096862e-06, 'epoch': 0.81}
{'loss': 0.2232, 'learning_rate': 1.3936131772259409e-06, 'epoch': 0.81}
{'loss': 0.2397, 'learning_rate': 1.3877750997101792e-06, 'epoch': 0.81}
{'loss': 0.3135, 'learning_rate': 1.3819473050816002e-06, 'epoch': 0.81}
{'loss': 0.2254, 'learning_rate': 1.376129809930138e-06, 'epoch': 0.81}
{'loss': 0.3007, 'learning_rate': 1.3703226308163964e-06, 'epoch': 0.81}
{'loss': 0.2332, 'learning_rate': 1.364525784271622e-06, 'epoch': 0.81}
{'loss': 0.2453, 'learning_rate': 1.358739286797644e-06, 'epoch': 0.81}
{'loss': 0.2529, 'learning_rate': 1.3529631548668298e-06, 'epoch': 0.81}
{'loss': 0.2581, 'learning_rate': 1.3471974049220404e-06, 'epoch': 0.81}
{'loss': 0.264, 'learning_rate': 1.341442053376587e-06, 'epoch': 0.81}
{'loss': 0.2126, 'learning_rate': 1.3356971166141687e-06, 'epoch': 0.81}
{'loss': 0.2609, 'learning_rate': 1.3299626109888492e-06, 'epoch': 0.81}
{'loss': 0.2094, 'learning_rate': 1.3242385528249913e-06, 'epoch': 0.81}
{'loss': 0.3081, 'learning_rate': 1.3185249584172172e-06, 'epoch': 0.82}
{'loss': 0.2812, 'learning_rate': 1.3128218440303632e-06, 'epoch': 0.82}
{'loss': 0.2412, 'learning_rate': 1.307129225899435e-06, 'epoch': 0.82}
{'loss': 0.2717, 'learning_rate': 1.3014471202295514e-06, 'epoch': 0.82}
{'loss': 0.2448, 'learning_rate': 1.2957755431959141e-06, 'epoch': 0.82}
{'loss': 0.2709, 'learning_rate': 1.2901145109437474e-06, 'epoch': 0.82}
{'loss': 0.2815, 'learning_rate': 1.2844640395882591e-06, 'epoch': 0.82}
{'loss': 0.2553, 'learning_rate': 1.2788241452145928e-06, 'epoch': 0.82}
{'loss': 0.1926, 'learning_rate': 1.2731948438777874e-06, 'epoch': 0.82}
{'loss': 0.2298, 'learning_rate': 1.2675761516027175e-06, 'epoch': 0.82}
{'loss': 0.2248, 'learning_rate': 1.261968084384066e-06, 'epoch': 0.82}
{'loss': 0.2233, 'learning_rate': 1.2563706581862655e-06, 'epoch': 0.82}
{'loss': 0.2892, 'learning_rate': 1.250783888943457e-06, 'epoch': 0.82}
{'loss': 0.2434, 'learning_rate': 1.2452077925594435e-06, 'epoch': 0.82}
{'loss': 0.2478, 'learning_rate': 1.239642384907651e-06, 'epoch': 0.82}
{'loss': 0.2449, 'learning_rate': 1.2340876818310681e-06, 'epoch': 0.82}
{'loss': 0.2552, 'learning_rate': 1.2285436991422206e-06, 'epoch': 0.82}
{'loss': 0.2608, 'learning_rate': 1.2230104526231107e-06, 'epoch': 0.82}
{'loss': 0.2963, 'learning_rate': 1.2174879580251841e-06, 'epoch': 0.82}
{'loss': 0.1959, 'learning_rate': 1.211976231069269e-06, 'epoch': 0.82}
{'loss': 0.2175, 'learning_rate': 1.206475287445552e-06, 'epoch': 0.82}
{'loss': 0.2366, 'learning_rate': 1.2009851428135172e-06, 'epoch': 0.82}
{'loss': 0.2505, 'learning_rate': 1.1955058128019076e-06, 'epoch': 0.82}
{'loss': 0.2392, 'learning_rate': 1.1900373130086812e-06, 'epoch': 0.82}
{'loss': 0.2473, 'learning_rate': 1.1845796590009684e-06, 'epoch': 0.83}
{'loss': 0.2433, 'learning_rate': 1.1791328663150182e-06, 'epoch': 0.83}
{'loss': 0.1837, 'learning_rate': 1.173696950456168e-06, 'epoch': 0.83}
{'loss': 0.2248, 'learning_rate': 1.168271926898788e-06, 'epoch': 0.83}
{'loss': 0.2563, 'learning_rate': 1.1628578110862433e-06, 'epoch': 0.83}
{'loss': 0.2542, 'learning_rate': 1.1574546184308448e-06, 'epoch': 0.83}
{'loss': 0.2402, 'learning_rate': 1.1520623643138162e-06, 'epoch': 0.83}
{'loss': 0.2314, 'learning_rate': 1.146681064085231e-06, 'epoch': 0.83}
{'loss': 0.2859, 'learning_rate': 1.141310733063991e-06, 'epoch': 0.83}
{'loss': 0.2463, 'learning_rate': 1.1359513865377675e-06, 'epoch': 0.83}
{'loss': 0.2462, 'learning_rate': 1.1306030397629608e-06, 'epoch': 0.83}
{'loss': 0.2038, 'learning_rate': 1.12526570796466e-06, 'epoch': 0.83}
{'loss': 0.1975, 'learning_rate': 1.1199394063366025e-06, 'epoch': 0.83}
{'loss': 0.2508, 'learning_rate': 1.1146241500411154e-06, 'epoch': 0.83}
{'loss': 0.2332, 'learning_rate': 1.1093199542090944e-06, 'epoch': 0.83}
{'loss': 0.2801, 'learning_rate': 1.104026833939943e-06, 'epoch': 0.83}
{'loss': 0.261, 'learning_rate': 1.0987448043015374e-06, 'epoch': 0.83}
{'loss': 0.2516, 'learning_rate': 1.093473880330182e-06, 'epoch': 0.83}
{'loss': 0.3057, 'learning_rate': 1.0882140770305704e-06, 'epoch': 0.83}
{'loss': 0.2952, 'learning_rate': 1.0829654093757307e-06, 'epoch': 0.83}
{'loss': 0.2751, 'learning_rate': 1.0777278923070016e-06, 'epoch': 0.83}
{'loss': 0.1963, 'learning_rate': 1.0725015407339718e-06, 'epoch': 0.83}
{'loss': 0.3397, 'learning_rate': 1.0672863695344487e-06, 'epoch': 0.83}
{'loss': 0.2251, 'learning_rate': 1.0620823935544101e-06, 'epoch': 0.84}
{'loss': 0.2343, 'learning_rate': 1.0568896276079689e-06, 'epoch': 0.84}
{'loss': 0.2216, 'learning_rate': 1.0517080864773233e-06, 'epoch': 0.84}
{'loss': 0.2282, 'learning_rate': 1.0465377849127173e-06, 'epoch': 0.84}
{'loss': 0.2264, 'learning_rate': 1.041378737632402e-06, 'epoch': 0.84}
{'loss': 0.2802, 'learning_rate': 1.0362309593225877e-06, 'epoch': 0.84}
{'loss': 0.2224, 'learning_rate': 1.0310944646374071e-06, 'epoch': 0.84}
{'loss': 0.1835, 'learning_rate': 1.0259692681988748e-06, 'epoch': 0.84}
{'loss': 0.2188, 'learning_rate': 1.0208553845968382e-06, 'epoch': 0.84}
{'loss': 0.2268, 'learning_rate': 1.0157528283889428e-06, 'epoch': 0.84}
{'loss': 0.2158, 'learning_rate': 1.0106616141005881e-06, 'epoch': 0.84}
{'loss': 0.2218, 'learning_rate': 1.0055817562248865e-06, 'epoch': 0.84}
{'loss': 0.2431, 'learning_rate': 1.000513269222621e-06, 'epoch': 0.84}
{'loss': 0.2512, 'learning_rate': 9.954561675222091e-07, 'epoch': 0.84}
{'loss': 0.2046, 'learning_rate': 9.90410465519655e-07, 'epoch': 0.84}
{'loss': 0.2469, 'learning_rate': 9.853761775785108e-07, 'epoch': 0.84}
{'loss': 0.2534, 'learning_rate': 9.80353318029838e-07, 'epoch': 0.84}
{'loss': 0.276, 'learning_rate': 9.753419011721637e-07, 'epoch': 0.84}
{'loss': 0.2494, 'learning_rate': 9.703419412714432e-07, 'epoch': 0.84}
{'loss': 0.2159, 'learning_rate': 9.653534525610137e-07, 'epoch': 0.84}
{'loss': 0.2287, 'learning_rate': 9.603764492415623e-07, 'epoch': 0.84}
{'loss': 0.2459, 'learning_rate': 9.554109454810779e-07, 'epoch': 0.84}
{'loss': 0.2571, 'learning_rate': 9.50456955414813e-07, 'epoch': 0.84}
{'loss': 0.217, 'learning_rate': 9.455144931452459e-07, 'epoch': 0.85}
{'loss': 0.2596, 'learning_rate': 9.405835727420382e-07, 'epoch': 0.85}
{'loss': 0.2009, 'learning_rate': 9.356642082419942e-07, 'epoch': 0.85}
{'loss': 0.2734, 'learning_rate': 9.307564136490255e-07, 'epoch': 0.85}
{'loss': 0.2625, 'learning_rate': 9.258602029341041e-07, 'epoch': 0.85}
{'loss': 0.1833, 'learning_rate': 9.209755900352285e-07, 'epoch': 0.85}
{'loss': 0.2687, 'learning_rate': 9.161025888573788e-07, 'epoch': 0.85}
{'loss': 0.2477, 'learning_rate': 9.112412132724869e-07, 'epoch': 0.85}
{'loss': 0.2728, 'learning_rate': 9.063914771193799e-07, 'epoch': 0.85}
{'loss': 0.2436, 'learning_rate': 9.015533942037613e-07, 'epoch': 0.85}
{'loss': 0.246, 'learning_rate': 8.967269782981558e-07, 'epoch': 0.85}
{'loss': 0.2915, 'learning_rate': 8.919122431418758e-07, 'epoch': 0.85}
{'loss': 0.2719, 'learning_rate': 8.871092024409833e-07, 'epoch': 0.85}
{'loss': 0.2728, 'learning_rate': 8.823178698682527e-07, 'epoch': 0.85}
{'loss': 0.3207, 'learning_rate': 8.775382590631209e-07, 'epoch': 0.85}
{'loss': 0.2858, 'learning_rate': 8.727703836316664e-07, 'epoch': 0.85}
{'loss': 0.2516, 'learning_rate': 8.680142571465544e-07, 'epoch': 0.85}
{'loss': 0.2435, 'learning_rate': 8.632698931470063e-07, 'epoch': 0.85}
{'loss': 0.2289, 'learning_rate': 8.585373051387575e-07, 'epoch': 0.85}
{'loss': 0.2394, 'learning_rate': 8.538165065940263e-07, 'epoch': 0.85}
{'loss': 0.2462, 'learning_rate': 8.491075109514613e-07, 'epoch': 0.85}
{'loss': 0.2816, 'learning_rate': 8.444103316161207e-07, 'epoch': 0.85}
{'loss': 0.2995, 'learning_rate': 8.3972498195942e-07, 'epoch': 0.85}
{'loss': 0.2577, 'learning_rate': 8.350514753191008e-07, 'epoch': 0.85}
{'loss': 0.2492, 'learning_rate': 8.303898249991899e-07, 'epoch': 0.86}
{'loss': 0.2306, 'learning_rate': 8.257400442699681e-07, 'epoch': 0.86}
{'loss': 0.2711, 'learning_rate': 8.211021463679176e-07, 'epoch': 0.86}
{'loss': 0.2468, 'learning_rate': 8.164761444957037e-07, 'epoch': 0.86}
{'loss': 0.2887, 'learning_rate': 8.118620518221215e-07, 'epoch': 0.86}
{'loss': 0.2604, 'learning_rate': 8.072598814820665e-07, 'epoch': 0.86}
{'loss': 0.2444, 'learning_rate': 8.026696465764922e-07, 'epoch': 0.86}
{'loss': 0.2692, 'learning_rate': 7.980913601723811e-07, 'epoch': 0.86}
{'loss': 0.2434, 'learning_rate': 7.935250353026975e-07, 'epoch': 0.86}
{'loss': 0.2616, 'learning_rate': 7.889706849663553e-07, 'epoch': 0.86}
{'loss': 0.1917, 'learning_rate': 7.844283221281812e-07, 'epoch': 0.86}
{'loss': 0.221, 'learning_rate': 7.7989795971888e-07, 'epoch': 0.86}
{'loss': 0.1984, 'learning_rate': 7.753796106349887e-07, 'epoch': 0.86}
{'loss': 0.2487, 'learning_rate': 7.708732877388531e-07, 'epoch': 0.86}
{'loss': 0.2068, 'learning_rate': 7.663790038585794e-07, 'epoch': 0.86}
{'loss': 0.2705, 'learning_rate': 7.618967717880044e-07, 'epoch': 0.86}
{'loss': 0.3155, 'learning_rate': 7.574266042866546e-07, 'epoch': 0.86}
{'loss': 0.2843, 'learning_rate': 7.529685140797188e-07, 'epoch': 0.86}
{'loss': 0.2034, 'learning_rate': 7.48522513857996e-07, 'epoch': 0.86}
{'loss': 0.2896, 'learning_rate': 7.440886162778776e-07, 'epoch': 0.86}
{'loss': 0.2026, 'learning_rate': 7.396668339612972e-07, 'epoch': 0.86}
{'loss': 0.2286, 'learning_rate': 7.352571794957025e-07, 'epoch': 0.86}
{'loss': 0.2754, 'learning_rate': 7.308596654340138e-07, 'epoch': 0.86}
{'loss': 0.2185, 'learning_rate': 7.264743042945977e-07, 'epoch': 0.87}
{'loss': 0.2259, 'learning_rate': 7.221011085612168e-07, 'epoch': 0.87}
{'loss': 0.2424, 'learning_rate': 7.177400906830101e-07, 'epoch': 0.87}
{'loss': 0.2569, 'learning_rate': 7.133912630744455e-07, 'epoch': 0.87}
{'loss': 0.1753, 'learning_rate': 7.090546381152902e-07, 'epoch': 0.87}
{'loss': 0.1852, 'learning_rate': 7.047302281505735e-07, 'epoch': 0.87}
{'loss': 0.2636, 'learning_rate': 7.004180454905568e-07, 'epoch': 0.87}
{'loss': 0.2418, 'learning_rate': 6.961181024106855e-07, 'epoch': 0.87}
{'loss': 0.2352, 'learning_rate': 6.918304111515717e-07, 'epoch': 0.87}
{'loss': 0.2348, 'learning_rate': 6.875549839189438e-07, 'epoch': 0.87}
{'loss': 0.2714, 'learning_rate': 6.832918328836247e-07, 'epoch': 0.87}
{'loss': 0.2044, 'learning_rate': 6.790409701814815e-07, 'epoch': 0.87}
{'loss': 0.2293, 'learning_rate': 6.748024079134102e-07, 'epoch': 0.87}
{'loss': 0.2266, 'learning_rate': 6.705761581452852e-07, 'epoch': 0.87}
{'loss': 0.2977, 'learning_rate': 6.663622329079323e-07, 'epoch': 0.87}
{'loss': 0.2345, 'learning_rate': 6.62160644197094e-07, 'epoch': 0.87}
{'loss': 0.3162, 'learning_rate': 6.579714039733937e-07, 'epoch': 0.87}
{'loss': 0.1988, 'learning_rate': 6.537945241623017e-07, 'epoch': 0.87}
{'loss': 0.2558, 'learning_rate': 6.496300166541053e-07, 'epoch': 0.87}
{'loss': 0.2575, 'learning_rate': 6.454778933038681e-07, 'epoch': 0.87}
{'loss': 0.2679, 'learning_rate': 6.413381659314016e-07, 'epoch': 0.87}
{'loss': 0.2322, 'learning_rate': 6.372108463212295e-07, 'epoch': 0.87}
{'loss': 0.2569, 'learning_rate': 6.330959462225539e-07, 'epoch': 0.87}
{'loss': 0.2729, 'learning_rate': 6.289934773492223e-07, 'epoch': 0.88}
{'loss': 0.2373, 'learning_rate': 6.249034513796959e-07, 'epoch': 0.88}
{'loss': 0.2192, 'learning_rate': 6.208258799570138e-07, 'epoch': 0.88}
{'loss': 0.2607, 'learning_rate': 6.16760774688761e-07, 'epoch': 0.88}
{'loss': 0.2689, 'learning_rate': 6.127081471470337e-07, 'epoch': 0.88}
{'loss': 0.2271, 'learning_rate': 6.086680088684105e-07, 'epoch': 0.88}
{'loss': 0.2373, 'learning_rate': 6.04640371353914e-07, 'epoch': 0.88}
{'loss': 0.2707, 'learning_rate': 6.006252460689849e-07, 'epoch': 0.88}
{'loss': 0.2386, 'learning_rate': 5.966226444434415e-07, 'epoch': 0.88}
{'loss': 0.3019, 'learning_rate': 5.926325778714537e-07, 'epoch': 0.88}
{'loss': 0.2079, 'learning_rate': 5.886550577115069e-07, 'epoch': 0.88}
{'loss': 0.2458, 'learning_rate': 5.846900952863705e-07, 'epoch': 0.88}
{'loss': 0.2097, 'learning_rate': 5.807377018830668e-07, 'epoch': 0.88}
{'loss': 0.1595, 'learning_rate': 5.767978887528364e-07, 'epoch': 0.88}
{'loss': 0.2503, 'learning_rate': 5.7287066711111e-07, 'epoch': 0.88}
{'loss': 0.2343, 'learning_rate': 5.689560481374734e-07, 'epoch': 0.88}
{'loss': 0.2188, 'learning_rate': 5.650540429756357e-07, 'epoch': 0.88}
{'loss': 0.1937, 'learning_rate': 5.611646627333977e-07, 'epoch': 0.88}
{'loss': 0.2674, 'learning_rate': 5.572879184826252e-07, 'epoch': 0.88}
{'loss': 0.2229, 'learning_rate': 5.55354288304158e-07, 'epoch': 0.88}
{'loss': 0.2612, 'learning_rate': 5.514965187216287e-07, 'epoch': 0.88}
{'loss': 0.2175, 'learning_rate': 5.476514126527771e-07, 'epoch': 0.88}
{'loss': 0.2477, 'learning_rate': 5.438189810434341e-07, 'epoch': 0.88}
{'loss': 0.2117, 'learning_rate': 5.399992348033462e-07, 'epoch': 0.89}
{'loss': 0.2815, 'learning_rate': 5.361921848061491e-07, 'epoch': 0.89}
{'loss': 0.2682, 'learning_rate': 5.323978418893366e-07, 'epoch': 0.89}
{'loss': 0.1891, 'learning_rate': 5.28616216854232e-07, 'epoch': 0.89}
{'loss': 0.1992, 'learning_rate': 5.248473204659488e-07, 'epoch': 0.89}
{'loss': 0.2421, 'learning_rate': 5.210911634533722e-07, 'epoch': 0.89}
{'loss': 0.2785, 'learning_rate': 5.173477565091184e-07, 'epoch': 0.89}
{'loss': 0.212, 'learning_rate': 5.136171102895094e-07, 'epoch': 0.89}
{'loss': 0.2535, 'learning_rate': 5.098992354145404e-07, 'epoch': 0.89}
{'loss': 0.2412, 'learning_rate': 5.061941424678546e-07, 'epoch': 0.89}
{'loss': 0.1898, 'learning_rate': 5.02501841996701e-07, 'epoch': 0.89}
{'loss': 0.1969, 'learning_rate': 4.988223445119211e-07, 'epoch': 0.89}
{'loss': 0.2493, 'learning_rate': 4.951556604879049e-07, 'epoch': 0.89}
{'loss': 0.2221, 'learning_rate': 4.915018003625676e-07, 'epoch': 0.89}
{'loss': 0.2939, 'learning_rate': 4.878607745373181e-07, 'epoch': 0.89}
{'loss': 0.2065, 'learning_rate': 4.842325933770342e-07, 'epoch': 0.89}
{'loss': 0.277, 'learning_rate': 4.806172672100218e-07, 'epoch': 0.89}
{'loss': 0.2345, 'learning_rate': 4.770148063279989e-07, 'epoch': 0.89}
{'loss': 0.261, 'learning_rate': 4.7342522098605736e-07, 'epoch': 0.89}
{'loss': 0.2679, 'learning_rate': 4.698485214026349e-07, 'epoch': 0.89}
{'loss': 0.2182, 'learning_rate': 4.662847177594909e-07, 'epoch': 0.89}
{'loss': 0.2232, 'learning_rate': 4.6273382020167066e-07, 'epoch': 0.89}
{'loss': 0.2437, 'learning_rate': 4.591958388374829e-07, 'epoch': 0.89}
{'loss': 0.2641, 'learning_rate': 4.556707837384655e-07, 'epoch': 0.89}
{'loss': 0.2037, 'learning_rate': 4.5215866493936056e-07, 'epoch': 0.9}
{'loss': 0.2109, 'learning_rate': 4.486594924380838e-07, 'epoch': 0.9}
{'loss': 0.2275, 'learning_rate': 4.4517327619569784e-07, 'epoch': 0.9}
{'loss': 0.2341, 'learning_rate': 4.4170002613638017e-07, 'epoch': 0.9}
{'loss': 0.3254, 'learning_rate': 4.3823975214740246e-07, 'epoch': 0.9}
{'loss': 0.2346, 'learning_rate': 4.347924640790935e-07, 'epoch': 0.9}
{'loss': 0.2431, 'learning_rate': 4.3135817174481566e-07, 'epoch': 0.9}
{'loss': 0.2401, 'learning_rate': 4.279368849209381e-07, 'epoch': 0.9}
{'loss': 0.2489, 'learning_rate': 4.2452861334680573e-07, 'epoch': 0.9}
{'loss': 0.2112, 'learning_rate': 4.211333667247125e-07, 'epoch': 0.9}
{'loss': 0.2286, 'learning_rate': 4.1775115471987816e-07, 'epoch': 0.9}
{'loss': 0.2234, 'learning_rate': 4.143819869604132e-07, 'epoch': 0.9}
{'loss': 0.2231, 'learning_rate': 4.1102587303729566e-07, 'epoch': 0.9}
{'loss': 0.2635, 'learning_rate': 4.076828225043444e-07, 'epoch': 0.9}
{'loss': 0.1964, 'learning_rate': 4.0435284487819083e-07, 'epoch': 0.9}
{'loss': 0.2482, 'learning_rate': 4.010359496382499e-07, 'epoch': 0.9}
{'loss': 0.2325, 'learning_rate': 3.9773214622669974e-07, 'epoch': 0.9}
{'loss': 0.2457, 'learning_rate': 3.9444144404844285e-07, 'epoch': 0.9}
{'loss': 0.2497, 'learning_rate': 3.911638524710942e-07, 'epoch': 0.9}
{'loss': 0.2318, 'learning_rate': 3.878993808249415e-07, 'epoch': 0.9}
{'loss': 0.2317, 'learning_rate': 3.846480384029261e-07, 'epoch': 0.9}
{'loss': 0.2102, 'learning_rate': 3.814098344606143e-07, 'epoch': 0.9}
{'loss': 0.2485, 'learning_rate': 3.781847782161724e-07, 'epoch': 0.9}
{'loss': 0.1893, 'learning_rate': 3.7497287885033763e-07, 'epoch': 0.91}
{'loss': 0.2897, 'learning_rate': 3.7177414550639335e-07, 'epoch': 0.91}
{'loss': 0.2975, 'learning_rate': 3.685885872901446e-07, 'epoch': 0.91}
{'loss': 0.2651, 'learning_rate': 3.6541621326989183e-07, 'epoch': 0.91}
{'loss': 0.2221, 'learning_rate': 3.6225703247640023e-07, 'epoch': 0.91}
{'loss': 0.2333, 'learning_rate': 3.591110539028825e-07, 'epoch': 0.91}
{'loss': 0.2496, 'learning_rate': 3.559782865049666e-07, 'epoch': 0.91}
{'loss': 0.219, 'learning_rate': 3.528587392006716e-07, 'epoch': 0.91}
{'loss': 0.2404, 'learning_rate': 3.4975242087038343e-07, 'epoch': 0.91}
{'loss': 0.3023, 'learning_rate': 3.466593403568325e-07, 'epoch': 0.91}
{'loss': 0.2902, 'learning_rate': 3.435795064650588e-07, 'epoch': 0.91}
{'loss': 0.3214, 'learning_rate': 3.405129279623998e-07, 'epoch': 0.91}
{'loss': 0.2019, 'learning_rate': 3.374596135784547e-07, 'epoch': 0.91}
{'loss': 0.2131, 'learning_rate': 3.344195720050658e-07, 'epoch': 0.91}
{'loss': 0.31, 'learning_rate': 3.313928118962906e-07, 'epoch': 0.91}
{'loss': 0.2377, 'learning_rate': 3.2837934186838117e-07, 'epoch': 0.91}
{'loss': 0.2693, 'learning_rate': 3.2537917049975164e-07, 'epoch': 0.91}
{'loss': 0.2294, 'learning_rate': 3.2239230633096475e-07, 'epoch': 0.91}
{'loss': 0.1364, 'learning_rate': 3.194187578646979e-07, 'epoch': 0.91}
{'loss': 0.2756, 'learning_rate': 3.1645853356572387e-07, 'epoch': 0.91}
{'loss': 0.2409, 'learning_rate': 3.1351164186088525e-07, 'epoch': 0.91}
{'loss': 0.2582, 'learning_rate': 3.105780911390738e-07, 'epoch': 0.91}
{'loss': 0.3042, 'learning_rate': 3.076578897511978e-07, 'epoch': 0.91}
{'loss': 0.2773, 'learning_rate': 3.047510460101705e-07, 'epoch': 0.92}
{'loss': 0.2331, 'learning_rate': 3.018575681908753e-07, 'epoch': 0.92}
{'loss': 0.3062, 'learning_rate': 2.989774645301496e-07, 'epoch': 0.92}
{'loss': 0.2579, 'learning_rate': 2.9611074322675624e-07, 'epoch': 0.92}
{'loss': 0.2878, 'learning_rate': 2.9325741244136616e-07, 'epoch': 0.92}
{'loss': 0.2068, 'learning_rate': 2.904174802965293e-07, 'epoch': 0.92}
{'loss': 0.2458, 'learning_rate': 2.8759095487665365e-07, 'epoch': 0.92}
{'loss': 0.2982, 'learning_rate': 2.8477784422798305e-07, 'epoch': 0.92}
{'loss': 0.2641, 'learning_rate': 2.819781563585744e-07, 'epoch': 0.92}
{'loss': 0.2689, 'learning_rate': 2.791918992382714e-07, 'epoch': 0.92}
{'loss': 0.2449, 'learning_rate': 2.764190807986883e-07, 'epoch': 0.92}
{'loss': 0.2508, 'learning_rate': 2.736597089331805e-07, 'epoch': 0.92}
{'loss': 0.2199, 'learning_rate': 2.7091379149682683e-07, 'epoch': 0.92}
{'loss': 0.2017, 'learning_rate': 2.681813363064045e-07, 'epoch': 0.92}
{'loss': 0.2539, 'learning_rate': 2.6546235114036977e-07, 'epoch': 0.92}
{'loss': 0.2687, 'learning_rate': 2.627568437388306e-07, 'epoch': 0.92}
{'loss': 0.2172, 'learning_rate': 2.6006482180353175e-07, 'epoch': 0.92}
{'loss': 0.2509, 'learning_rate': 2.5738629299782604e-07, 'epoch': 0.92}
{'loss': 0.265, 'learning_rate': 2.547212649466568e-07, 'epoch': 0.92}
{'loss': 0.2822, 'learning_rate': 2.520697452365345e-07, 'epoch': 0.92}
{'loss': 0.2559, 'learning_rate': 2.494317414155167e-07, 'epoch': 0.92}
{'loss': 0.2361, 'learning_rate': 2.4680726099318317e-07, 'epoch': 0.92}
{'loss': 0.2504, 'learning_rate': 2.4419631144061875e-07, 'epoch': 0.92}
{'loss': 0.1938, 'learning_rate': 2.415989001903896e-07, 'epoch': 0.93}
{'loss': 0.2443, 'learning_rate': 2.3901503463652167e-07, 'epoch': 0.93}
{'loss': 0.2524, 'learning_rate': 2.3644472213448122e-07, 'epoch': 0.93}
{'loss': 0.1806, 'learning_rate': 2.3388797000115427e-07, 'epoch': 0.93}
{'loss': 0.2863, 'learning_rate': 2.3134478551482099e-07, 'epoch': 0.93}
{'loss': 0.1946, 'learning_rate': 2.2881517591514303e-07, 'epoch': 0.93}
{'loss': 0.2778, 'learning_rate': 2.2629914840313627e-07, 'epoch': 0.93}
{'loss': 0.2256, 'learning_rate': 2.2379671014115313e-07, 'epoch': 0.93}
{'loss': 0.2696, 'learning_rate': 2.2130786825285965e-07, 'epoch': 0.93}
{'loss': 0.2396, 'learning_rate': 2.1883262982322183e-07, 'epoch': 0.93}
{'loss': 0.2251, 'learning_rate': 2.163710018984766e-07, 'epoch': 0.93}
{'loss': 0.2441, 'learning_rate': 2.1392299148611684e-07, 'epoch': 0.93}
{'loss': 0.2667, 'learning_rate': 2.1148860555487206e-07, 'epoch': 0.93}
{'loss': 0.3249, 'learning_rate': 2.0906785103468551e-07, 'epoch': 0.93}
{'loss': 0.2846, 'learning_rate': 2.0666073481669714e-07, 'epoch': 0.93}
{'loss': 0.228, 'learning_rate': 2.042672637532217e-07, 'epoch': 0.93}
{'loss': 0.2186, 'learning_rate': 2.0188744465773237e-07, 'epoch': 0.93}
{'loss': 0.2291, 'learning_rate': 1.9952128430483718e-07, 'epoch': 0.93}
{'loss': 0.3152, 'learning_rate': 1.9716878943026263e-07, 'epoch': 0.93}
{'loss': 0.2957, 'learning_rate': 1.948299667308351e-07, 'epoch': 0.93}
{'loss': 0.2615, 'learning_rate': 1.9250482286445883e-07, 'epoch': 0.93}
{'loss': 0.258, 'learning_rate': 1.9019336445009918e-07, 'epoch': 0.93}
{'loss': 0.2444, 'learning_rate': 1.878955980677638e-07, 'epoch': 0.93}
{'loss': 0.2325, 'learning_rate': 1.8561153025848377e-07, 'epoch': 0.93}
{'loss': 0.259, 'learning_rate': 1.8334116752429243e-07, 'epoch': 0.94}
{'loss': 0.2351, 'learning_rate': 1.8108451632821045e-07, 'epoch': 0.94}
{'loss': 0.2075, 'learning_rate': 1.7884158309422694e-07, 'epoch': 0.94}
{'loss': 0.2529, 'learning_rate': 1.7661237420727783e-07, 'epoch': 0.94}
{'loss': 0.2589, 'learning_rate': 1.743968960132325e-07, 'epoch': 0.94}
{'loss': 0.2604, 'learning_rate': 1.7219515481887216e-07, 'epoch': 0.94}
{'loss': 0.2452, 'learning_rate': 1.7000715689187263e-07, 'epoch': 0.94}
{'loss': 0.2499, 'learning_rate': 1.6783290846078714e-07, 'epoch': 0.94}
{'loss': 0.2111, 'learning_rate': 1.6567241571502914e-07, 'epoch': 0.94}
{'loss': 0.2256, 'learning_rate': 1.6352568480485277e-07, 'epoch': 0.94}
{'loss': 0.2704, 'learning_rate': 1.6139272184133857e-07, 'epoch': 0.94}
{'loss': 0.2077, 'learning_rate': 1.5927353289637015e-07, 'epoch': 0.94}
{'loss': 0.2507, 'learning_rate': 1.571681240026246e-07, 'epoch': 0.94}
{'loss': 0.2664, 'learning_rate': 1.5507650115354878e-07, 'epoch': 0.94}
{'loss': 0.2374, 'learning_rate': 1.5299867030334815e-07, 'epoch': 0.94}
{'loss': 0.1773, 'learning_rate': 1.5093463736696234e-07, 'epoch': 0.94}
{'loss': 0.2468, 'learning_rate': 1.4888440822005635e-07, 'epoch': 0.94}
{'loss': 0.2668, 'learning_rate': 1.4684798869899764e-07, 'epoch': 0.94}
{'loss': 0.1914, 'learning_rate': 1.4482538460084295e-07, 'epoch': 0.94}
{'loss': 0.3049, 'learning_rate': 1.428166016833199e-07, 'epoch': 0.94}
{'loss': 0.1945, 'learning_rate': 1.4082164566481482e-07, 'epoch': 0.94}
{'loss': 0.2399, 'learning_rate': 1.388405222243472e-07, 'epoch': 0.94}
{'loss': 0.2016, 'learning_rate': 1.3687323700156518e-07, 'epoch': 0.94}
{'loss': 0.2671, 'learning_rate': 1.3491979559672075e-07, 'epoch': 0.95}
{'loss': 0.2413, 'learning_rate': 1.3298020357065678e-07, 'epoch': 0.95}
{'loss': 0.2476, 'learning_rate': 1.3105446644479214e-07, 'epoch': 0.95}
{'loss': 0.2265, 'learning_rate': 1.2914258970110672e-07, 'epoch': 0.95}
{'loss': 0.2396, 'learning_rate': 1.2724457878211915e-07, 'epoch': 0.95}
{'loss': 0.2195, 'learning_rate': 1.253604390908819e-07, 'epoch': 0.95}
{'loss': 0.285, 'learning_rate': 1.2349017599095737e-07, 'epoch': 0.95}
{'loss': 0.2962, 'learning_rate': 1.216337948064067e-07, 'epoch': 0.95}
{'loss': 0.2954, 'learning_rate': 1.1979130082177103e-07, 'epoch': 0.95}
{'loss': 0.2613, 'learning_rate': 1.1796269928206428e-07, 'epoch': 0.95}
{'loss': 0.2542, 'learning_rate': 1.1614799539274634e-07, 'epoch': 0.95}
{'loss': 0.2225, 'learning_rate': 1.1434719431971942e-07, 'epoch': 0.95}
{'loss': 0.2181, 'learning_rate': 1.1256030118930727e-07, 'epoch': 0.95}
{'loss': 0.2491, 'learning_rate': 1.1078732108824208e-07, 'epoch': 0.95}
{'loss': 0.2022, 'learning_rate': 1.0902825906364878e-07, 'epoch': 0.95}
{'loss': 0.2766, 'learning_rate': 1.0728312012303455e-07, 'epoch': 0.95}
{'loss': 0.2067, 'learning_rate': 1.0555190923426939e-07, 'epoch': 0.95}
{'loss': 0.2131, 'learning_rate': 1.0383463132557559e-07, 'epoch': 0.95}
{'loss': 0.2228, 'learning_rate': 1.0213129128551214e-07, 'epoch': 0.95}
{'loss': 0.2234, 'learning_rate': 1.0044189396296144e-07, 'epoch': 0.95}
{'loss': 0.228, 'learning_rate': 9.87664441671149e-08, 'epoch': 0.95}
{'loss': 0.2147, 'learning_rate': 9.710494666746062e-08, 'epoch': 0.95}
{'loss': 0.2451, 'learning_rate': 9.545740619376743e-08, 'epoch': 0.95}
{'loss': 0.2339, 'learning_rate': 9.382382743607366e-08, 'epoch': 0.96}
{'loss': 0.2307, 'learning_rate': 9.22042150446728e-08, 'epoch': 0.96}
{'loss': 0.23, 'learning_rate': 9.059857363010183e-08, 'epoch': 0.96}
{'loss': 0.239, 'learning_rate': 8.900690776312282e-08, 'epoch': 0.96}
{'loss': 0.2646, 'learning_rate': 8.742922197471859e-08, 'epoch': 0.96}
{'loss': 0.2325, 'learning_rate': 8.586552075607102e-08, 'epoch': 0.96}
{'loss': 0.2268, 'learning_rate': 8.431580855855493e-08, 'epoch': 0.96}
{'loss': 0.1818, 'learning_rate': 8.278008979372087e-08, 'epoch': 0.96}
{'loss': 0.2312, 'learning_rate': 8.12583688332863e-08, 'epoch': 0.96}
{'loss': 0.21, 'learning_rate': 7.975065000911831e-08, 'epoch': 0.96}
{'loss': 0.2457, 'learning_rate': 7.825693761322861e-08, 'epoch': 0.96}
{'loss': 0.2484, 'learning_rate': 7.677723589775254e-08, 'epoch': 0.96}
{'loss': 0.2236, 'learning_rate': 7.531154907494398e-08, 'epoch': 0.96}
{'loss': 0.1785, 'learning_rate': 7.385988131715982e-08, 'epoch': 0.96}
{'loss': 0.2765, 'learning_rate': 7.242223675685e-08, 'epoch': 0.96}
{'loss': 0.2705, 'learning_rate': 7.099861948654308e-08, 'epoch': 0.96}
{'loss': 0.2245, 'learning_rate': 6.958903355883728e-08, 'epoch': 0.96}
{'loss': 0.2152, 'learning_rate': 6.819348298638839e-08, 'epoch': 0.96}
{'loss': 0.1965, 'learning_rate': 6.681197174189635e-08, 'epoch': 0.96}
{'loss': 0.2315, 'learning_rate': 6.544450375809696e-08, 'epoch': 0.96}
{'loss': 0.2044, 'learning_rate': 6.409108292774912e-08, 'epoch': 0.96}
{'loss': 0.2073, 'learning_rate': 6.275171310362316e-08, 'epoch': 0.96}
{'loss': 0.1852, 'learning_rate': 6.142639809849028e-08, 'epoch': 0.96}
{'loss': 0.2634, 'learning_rate': 6.011514168511257e-08, 'epoch': 0.96}
{'loss': 0.2722, 'learning_rate': 5.881794759623194e-08, 'epoch': 0.97}
{'loss': 0.2922, 'learning_rate': 5.753481952455786e-08, 'epoch': 0.97}
{'loss': 0.2249, 'learning_rate': 5.626576112276072e-08, 'epoch': 0.97}
{'loss': 0.2571, 'learning_rate': 5.5010776003455726e-08, 'epoch': 0.97}
{'loss': 0.2219, 'learning_rate': 5.376986773919846e-08, 'epoch': 0.97}
{'loss': 0.2293, 'learning_rate': 5.2543039862470446e-08, 'epoch': 0.97}
{'loss': 0.319, 'learning_rate': 5.13302958656714e-08, 'epoch': 0.97}
{'loss': 0.2568, 'learning_rate': 5.013163920110864e-08, 'epoch': 0.97}
{'loss': 0.2443, 'learning_rate': 4.894707328098602e-08, 'epoch': 0.97}
{'loss': 0.297, 'learning_rate': 4.777660147739782e-08, 'epoch': 0.97}
{'loss': 0.2318, 'learning_rate': 4.662022712231429e-08, 'epoch': 0.97}
{'loss': 0.2151, 'learning_rate': 4.5477953507576665e-08, 'epoch': 0.97}
{'loss': 0.2175, 'learning_rate': 4.434978388488331e-08, 'epoch': 0.97}
{'loss': 0.2739, 'learning_rate': 4.32357214657847e-08, 'epoch': 0.97}
{'loss': 0.2269, 'learning_rate': 4.21357694216723e-08, 'epoch': 0.97}
{'loss': 0.2171, 'learning_rate': 4.104993088376974e-08, 'epoch': 0.97}
{'loss': 0.2659, 'learning_rate': 3.997820894312276e-08, 'epoch': 0.97}
{'loss': 0.207, 'learning_rate': 3.892060665059261e-08, 'epoch': 0.97}
{'loss': 0.2309, 'learning_rate': 3.787712701684598e-08, 'epoch': 0.97}
{'loss': 0.2, 'learning_rate': 3.684777301234621e-08, 'epoch': 0.97}
{'loss': 0.2202, 'learning_rate': 3.583254756734655e-08, 'epoch': 0.97}
{'loss': 0.1939, 'learning_rate': 3.483145357187967e-08, 'epoch': 0.97}
{'loss': 0.2019, 'learning_rate': 3.384449387575095e-08, 'epoch': 0.97}
{'loss': 0.2211, 'learning_rate': 3.287167128852853e-08, 'epoch': 0.98}
{'loss': 0.2114, 'learning_rate': 3.191298857953773e-08, 'epoch': 0.98}
{'loss': 0.2372, 'learning_rate': 3.096844847785219e-08, 'epoch': 0.98}
{'loss': 0.2449, 'learning_rate': 3.003805367228496e-08, 'epoch': 0.98}
{'loss': 0.2036, 'learning_rate': 2.9121806811382434e-08, 'epoch': 0.98}
{'loss': 0.2348, 'learning_rate': 2.8219710503416543e-08, 'epoch': 0.98}
{'loss': 0.2352, 'learning_rate': 2.733176731637588e-08, 'epoch': 0.98}
{'loss': 0.2053, 'learning_rate': 2.6457979777960164e-08, 'epoch': 0.98}
{'loss': 0.2369, 'learning_rate': 2.5598350375573566e-08, 'epoch': 0.98}
{'loss': 0.2823, 'learning_rate': 2.4752881556313057e-08, 'epoch': 0.98}
{'loss': 0.2535, 'learning_rate': 2.392157572696785e-08, 'epoch': 0.98}
{'loss': 0.1805, 'learning_rate': 2.3104435254008852e-08, 'epoch': 0.98}
{'loss': 0.2825, 'learning_rate': 2.230146246358256e-08, 'epoch': 0.98}
{'loss': 0.3007, 'learning_rate': 2.151265964150273e-08, 'epoch': 0.98}
{'loss': 0.2813, 'learning_rate': 2.073802903324873e-08, 'epoch': 0.98}
{'loss': 0.1935, 'learning_rate': 1.9977572843953295e-08, 'epoch': 0.98}
{'loss': 0.2264, 'learning_rate': 1.923129323840034e-08, 'epoch': 0.98}
{'loss': 0.2315, 'learning_rate': 1.849919234101716e-08, 'epoch': 0.98}
{'loss': 0.1886, 'learning_rate': 1.778127223586834e-08, 'epoch': 0.98}
{'loss': 0.2433, 'learning_rate': 1.7077534966650767e-08, 'epoch': 0.98}
{'loss': 0.2558, 'learning_rate': 1.6387982536686943e-08, 'epoch': 0.98}
{'loss': 0.2029, 'learning_rate': 1.5712616908918342e-08, 'epoch': 0.98}
{'loss': 0.2286, 'learning_rate': 1.5051440005903196e-08, 'epoch': 0.98}
{'loss': 0.2596, 'learning_rate': 1.4404453709807586e-08, 'epoch': 0.99}
{'loss': 0.2367, 'learning_rate': 1.3771659862400477e-08, 'epoch': 0.99}
{'loss': 0.2518, 'learning_rate': 1.315306026505092e-08, 'epoch': 0.99}
{'loss': 0.2538, 'learning_rate': 1.2548656678721404e-08, 'epoch': 0.99}
{'loss': 0.2239, 'learning_rate': 1.1958450823960631e-08, 'epoch': 0.99}
{'loss': 0.2002, 'learning_rate': 1.1382444380902413e-08, 'epoch': 0.99}
{'loss': 0.2044, 'learning_rate': 1.0820638989259558e-08, 'epoch': 0.99}
{'loss': 0.2029, 'learning_rate': 1.0273036248318325e-08, 'epoch': 0.99}
{'loss': 0.2399, 'learning_rate': 9.73963771693398e-09, 'epoch': 0.99}
{'loss': 0.2551, 'learning_rate': 9.220444913526916e-09, 'epoch': 0.99}
{'loss': 0.2477, 'learning_rate': 8.715459316078756e-09, 'epoch': 0.99}
{'loss': 0.2047, 'learning_rate': 8.224682362127923e-09, 'epoch': 0.99}
{'loss': 0.2378, 'learning_rate': 7.748115448763528e-09, 'epoch': 0.99}
{'loss': 0.2453, 'learning_rate': 7.285759932625369e-09, 'epoch': 0.99}
{'loss': 0.2561, 'learning_rate': 6.837617129895613e-09, 'epoch': 0.99}
{'loss': 0.1986, 'learning_rate': 6.403688316298784e-09, 'epoch': 0.99}
{'loss': 0.219, 'learning_rate': 5.983974727095665e-09, 'epoch': 0.99}
{'loss': 0.2476, 'learning_rate': 5.578477557081074e-09, 'epoch': 0.99}
{'loss': 0.2386, 'learning_rate': 5.1871979605805365e-09, 'epoch': 0.99}
{'loss': 0.1752, 'learning_rate': 4.810137051445285e-09, 'epoch': 0.99}
{'loss': 0.1964, 'learning_rate': 4.447295903052263e-09, 'epoch': 0.99}
{'loss': 0.2496, 'learning_rate': 4.0986755482969046e-09, 'epoch': 0.99}
{'loss': 0.217, 'learning_rate': 3.7642769795936954e-09, 'epoch': 0.99}
{'loss': 0.2575, 'learning_rate': 3.4441011488722808e-09, 'epoch': 1.0}
{'loss': 0.2538, 'learning_rate': 3.1381489675746946e-09, 'epoch': 1.0}
{'loss': 0.1881, 'learning_rate': 2.846421306650915e-09, 'epoch': 1.0}
{'loss': 0.2207, 'learning_rate': 2.568918996560532e-09, 'epoch': 1.0}
{'loss': 0.2319, 'learning_rate': 2.3056428272666407e-09, 'epoch': 1.0}
{'loss': 0.3441, 'learning_rate': 2.056593548234176e-09, 'epoch': 1.0}
{'loss': 0.2085, 'learning_rate': 1.8217718684304664e-09, 'epoch': 1.0}
{'loss': 0.2562, 'learning_rate': 1.6011784563196853e-09, 'epoch': 1.0}
{'loss': 0.2385, 'learning_rate': 1.3948139398628492e-09, 'epoch': 1.0}
{'loss': 0.2624, 'learning_rate': 1.2026789065167076e-09, 'epoch': 1.0}
{'loss': 0.2451, 'learning_rate': 1.0247739032293036e-09, 'epoch': 1.0}
{'loss': 0.262, 'learning_rate': 8.610994364421921e-10, 'epoch': 1.0}
{'eval_loss': 0.2408447265625, 'eval_runtime': 441.0102, 'eval_samples_per_second': 27.841, 'eval_steps_per_second': 1.741, 'epoch': 1.0}
{'train_runtime': 19972.2267, 'train_samples_per_second': 7.458, 'train_steps_per_second': 0.233, 'train_loss': 0.4539422532029362, 'epoch': 1.0}
start testing...
path: output/nl27k_tc/model_name_graph_llm_ds_customtrainer_llm_model_name_7b_chat_llm_frozen_False_max_txt_len_1500_max_new_tokens_32_gnn_model_name_gt_patience_2_num_epochs_1_seed0_fp16_True/test_result.csv
Loading checkpoint from output/nl27k_tc/model_name_graph_llm_ds_customtrainer_llm_model_name_7b_chat_llm_frozen_False_max_txt_len_1500_max_new_tokens_32_gnn_model_name_gt_patience_2_num_epochs_1_seed0_fp16_True/checkpoint_best.pth.
start testing...
path: output/nl27k_tc/model_name_graph_llm_ds_customtrainer_llm_model_name_7b_chat_llm_frozen_False_max_txt_len_1500_max_new_tokens_32_gnn_model_name_gt_patience_2_num_epochs_1_seed0_fp16_True/test_result.csv
Loading checkpoint from output/nl27k_tc/model_name_graph_llm_ds_customtrainer_llm_model_name_7b_chat_llm_frozen_False_max_txt_len_1500_max_new_tokens_32_gnn_model_name_gt_patience_2_num_epochs_1_seed0_fp16_True/checkpoint_best.pth.
[2025-11-18 20:31:04,273] [INFO] [launch.py:315:sigkill_handler] Killing subprocess 3718549
[2025-11-18 20:31:06,159] [INFO] [launch.py:315:sigkill_handler] Killing subprocess 3718550
[2025-11-18 20:31:06,159] [ERROR] [launch.py:321:sigkill_handler] ['/seu_share/home/qiguilin/220236147/.conda/envs/g_retriever/bin/python3.9', '-u', 'train_ds_customtrainer.py', '--local_rank=1', '--dataset', 'nl27k_tc', '--model_name', 'graph_llm_ds_customtrainer', '--num_epochs', '1', '--batch_size', '32', '--micro_batch_size', '8', '--max_txt_len', '1500', '--llm_frozen', 'False', '--fp16', '--deepspeed', 'ds_config_zero2_nocpu.json'] exits with return code = 1
