W&B offline. Running your script from this directory will only write metadata locally. Use wandb disabled to completely turn off W&B.
nl27k_tc, llm_frozen=False, fp16, zero2_nocpu, mbs=8 
[2025-11-19 21:14:10,169] [INFO] [real_accelerator.py:158:get_accelerator] Setting ds_accelerator to cuda (auto detect)
[2025-11-19 21:14:13,110] [WARNING] [runner.py:203:fetch_hostfile] Unable to find hostfile, will proceed with training with local resources only.
Detected CUDA_VISIBLE_DEVICES=0,1 but ignoring it because one or several of --include/--exclude/--num_gpus/--num_nodes cl args were used. If you want to use CUDA_VISIBLE_DEVICES don't pass any of these arguments to deepspeed.
[2025-11-19 21:14:13,124] [INFO] [runner.py:570:main] cmd = /seu_share/home/qiguilin/220236147/.conda/envs/g_retriever/bin/python3.9 -u -m deepspeed.launcher.launch --world_info=eyJsb2NhbGhvc3QiOiBbMCwgMV19 --master_addr=127.0.0.1 --master_port=29512 --enable_each_rank_log=None train_ds_customtrainer.py --dataset nl27k_tc --model_name graph_llm_ds_customtrainer --num_epochs 1 --batch_size 32 --micro_batch_size 8 --max_txt_len 1500 --llm_frozen False --deepspeed ds_config_zero2_nocpu.json --eval_batch_size 8
[2025-11-19 21:14:14,657] [INFO] [real_accelerator.py:158:get_accelerator] Setting ds_accelerator to cuda (auto detect)
[2025-11-19 21:14:15,974] [INFO] [launch.py:145:main] WORLD INFO DICT: {'localhost': [0, 1]}
[2025-11-19 21:14:15,974] [INFO] [launch.py:151:main] nnodes=1, num_local_procs=2, node_rank=0
[2025-11-19 21:14:15,974] [INFO] [launch.py:162:main] global_rank_mapping=defaultdict(<class 'list'>, {'localhost': [0, 1]})
[2025-11-19 21:14:15,974] [INFO] [launch.py:163:main] dist_world_size=2
[2025-11-19 21:14:15,974] [INFO] [launch.py:165:main] Setting CUDA_VISIBLE_DEVICES=0,1
start import from src/ ...start import from src/ ...

end import from src! cost 172.5s
start load args ...
end load args! cost 0.0s
Namespace(model_name='graph_llm_ds_customtrainer', project='project_g_retriever', seed=0, dataset='nl27k_tc', lr=1e-05, wd=0.05, patience=2, batch_size=32, micro_batch_size=8, grad_steps=2, num_epochs=1, warmup_epochs=1, eval_batch_size=8, llm_model_name='7b_chat', llm_model_path='', llm_frozen='False', llm_num_virtual_tokens=10, output_dir='output', max_txt_len=1500, max_new_tokens=32, max_memory=[80, 80], gnn_model_name='gt', gnn_num_layers=4, gnn_in_dim=1024, gnn_hidden_dim=1024, gnn_num_heads=4, gnn_dropout=0.0, local_rank=0, deepspeed='ds_config_zero2_nocpu.json', fp16=False, bf16=False)
start load model...
world_size: 2, ddp: True
device_map: {'': 0}
end import from src! cost 173.0s
start load args ...
end load args! cost 0.0s
Namespace(model_name='graph_llm_ds_customtrainer', project='project_g_retriever', seed=0, dataset='nl27k_tc', lr=1e-05, wd=0.05, patience=2, batch_size=32, micro_batch_size=8, grad_steps=2, num_epochs=1, warmup_epochs=1, eval_batch_size=8, llm_model_name='7b_chat', llm_model_path='', llm_frozen='False', llm_num_virtual_tokens=10, output_dir='output', max_txt_len=1500, max_new_tokens=32, max_memory=[80, 80], gnn_model_name='gt', gnn_num_layers=4, gnn_in_dim=1024, gnn_hidden_dim=1024, gnn_num_heads=4, gnn_dropout=0.0, local_rank=1, deepspeed='ds_config_zero2_nocpu.json', fp16=False, bf16=False)
start load model...
world_size: 2, ddp: True
device_map: {'': 1}
Training LLAMA with LORA!
Training LLAMA with LORA!
trainable params: 4,194,304 || all params: 6,742,609,920 || trainable%: 0.06220594176090199
start init dataset class...
trainable params: 4,194,304 || all params: 6,742,609,920 || trainable%: 0.06220594176090199
start init dataset class...
end init dataset class! cost 197.4 s
end init dataset class! cost 197.7 s
True token id: 5852, False token id: 7700
end load model! cost 269.3s
sp_model trainable params: 35680256 || all params: 6774095872 || trainable%: 0.5267161356171607
start load dataset...
True token id: 5852, False token id: 7700
end load model! cost 268.9s
sp_model trainable params: 35680256 || all params: 6774095872 || trainable%: 0.5267161356171607
start load dataset...
end load dataset! cost 628.1s
start training...
output_path: output/nl27k_tc/model_name_graph_llm_ds_customtrainer_llm_model_name_7b_chat_llm_frozen_False_max_txt_len_1500_max_new_tokens_32_gnn_model_name_gt_patience_2_num_epochs_1_seed0_fp16_False_loss1_debug/
batch_size: 32, micro_batch_size: 8, grad_steps: 2, world_size: 2
[2025-11-19 21:32:22,749] [INFO] [real_accelerator.py:158:get_accelerator] Setting ds_accelerator to cuda (auto detect)
end load dataset! cost 637.4s
start training...
output_path: output/nl27k_tc/model_name_graph_llm_ds_customtrainer_llm_model_name_7b_chat_llm_frozen_False_max_txt_len_1500_max_new_tokens_32_gnn_model_name_gt_patience_2_num_epochs_1_seed0_fp16_False_loss1_debug/
batch_size: 32, micro_batch_size: 8, grad_steps: 2, world_size: 2
[2025-11-19 21:32:26,786] [INFO] [comm.py:637:init_distributed] cdb=None
[2025-11-19 21:32:26,786] [INFO] [comm.py:668:init_distributed] Initializing TorchBackend in DeepSpeed with backend nccl
[2025-11-19 21:32:31,636] [INFO] [real_accelerator.py:158:get_accelerator] Setting ds_accelerator to cuda (auto detect)
[2025-11-19 21:32:33,945] [INFO] [comm.py:637:init_distributed] cdb=None
True token id: 5852
False token id: 7700
Custom loss weight: 0.5
True token id: 5852
False token id: 7700
Custom loss weight: 0.5
Step 0 - Original loss: 9.8831, Custom loss: 0.6016, Total loss: 10.1838
Step 0 - Original loss: 9.1018, Custom loss: 0.2969, Total loss: 9.2502
Step 0 - Original loss: 9.2424, Custom loss: 0.3438, Total loss: 9.4142
Step 0 - Original loss: 9.7152, Custom loss: 0.6328, Total loss: 10.0317
{'loss': 9.8557, 'learning_rate': 2.1482277121374867e-08, 'epoch': 0.0}
Step 2 - Original loss: 9.6136, Custom loss: 0.9219, Total loss: 10.0745
Step 2 - Original loss: 9.5862, Custom loss: 0.5156, Total loss: 9.8440
Step 2 - Original loss: 9.9926, Custom loss: 1.0625, Total loss: 10.5238
Step 2 - Original loss: 9.4886, Custom loss: 0.3691, Total loss: 9.6732
{'loss': 9.9301, 'learning_rate': 4.2964554242749734e-08, 'epoch': 0.0}
Step 4 - Original loss: 9.9146, Custom loss: 0.3906, Total loss: 10.1099
Step 4 - Original loss: 9.6604, Custom loss: 0.4824, Total loss: 9.9017
Step 4 - Original loss: 9.1019, Custom loss: 1.0000, Total loss: 9.6019
Step 4 - Original loss: 9.5160, Custom loss: 0.6992, Total loss: 9.8656
{'loss': 9.8622, 'learning_rate': 6.44468313641246e-08, 'epoch': 0.0}
Step 6 - Original loss: 10.1332, Custom loss: 1.1641, Total loss: 10.7152
Step 6 - Original loss: 10.3440, Custom loss: 1.0859, Total loss: 10.8870
Step 6 - Original loss: 9.5903, Custom loss: 0.4023, Total loss: 9.7914
Step 6 - Original loss: 9.3131, Custom loss: 1.1016, Total loss: 9.8639
{'loss': 10.2091, 'learning_rate': 8.592910848549947e-08, 'epoch': 0.0}
Step 8 - Original loss: 8.6018, Custom loss: 0.5000, Total loss: 8.8518
Step 8 - Original loss: 9.3753, Custom loss: 0.5664, Total loss: 9.6585
Step 8 - Original loss: 10.1408, Custom loss: 0.2852, Total loss: 10.2834
Step 8 - Original loss: 9.4925, Custom loss: 1.0156, Total loss: 10.0003
{'loss': 9.7669, 'learning_rate': 1.0741138560687433e-07, 'epoch': 0.0}
Step 10 - Original loss: 9.5160, Custom loss: 0.2617, Total loss: 9.6468
Step 10 - Original loss: 8.9378, Custom loss: 0.2676, Total loss: 9.0716
Step 10 - Original loss: 10.0160, Custom loss: 0.6602, Total loss: 10.3461
Step 10 - Original loss: 9.4845, Custom loss: 0.5430, Total loss: 9.7560
Step 10 - Original loss: 10.1839, Custom loss: 0.7227, Total loss: 10.5452
Step 10 - Original loss: 8.8717, Custom loss: 0.9766, Total loss: 9.3600
Step 10 - Original loss: 9.5549, Custom loss: 0.3125, Total loss: 9.7111
Step 10 - Original loss: 9.8207, Custom loss: 0.9336, Total loss: 10.2875
Step 10 - Original loss: 9.2306, Custom loss: 0.8516, Total loss: 9.6564
Step 10 - Original loss: 8.9925, Custom loss: 0.8281, Total loss: 9.4065
Step 10 - Original loss: 9.3634, Custom loss: 0.7344, Total loss: 9.7306
Step 10 - Original loss: 9.4611, Custom loss: 0.9102, Total loss: 9.9162
Step 10 - Original loss: 9.5236, Custom loss: 0.2520, Total loss: 9.6496
Step 10 - Original loss: 9.4691, Custom loss: 0.4805, Total loss: 9.7093
Step 10 - Original loss: 8.5980, Custom loss: 0.2617, Total loss: 8.7288
Step 10 - Original loss: 9.4534, Custom loss: 0.9883, Total loss: 9.9475
Step 10 - Original loss: 8.8987, Custom loss: 0.5156, Total loss: 9.1565
Step 10 - Original loss: 9.0512, Custom loss: 0.8594, Total loss: 9.4809
Step 10 - Original loss: 9.9691, Custom loss: 0.8203, Total loss: 10.3792
Step 10 - Original loss: 9.5081, Custom loss: 0.5156, Total loss: 9.7659
Step 10 - Original loss: 9.7543, Custom loss: 0.6953, Total loss: 10.1020
Step 10 - Original loss: 9.4535, Custom loss: 0.6953, Total loss: 9.8011
Step 10 - Original loss: 9.4417, Custom loss: 0.8516, Total loss: 9.8674
Step 10 - Original loss: 10.5565, Custom loss: 0.4844, Total loss: 10.7986
Step 10 - Original loss: 9.5471, Custom loss: 0.5430, Total loss: 9.8186
Step 10 - Original loss: 8.6916, Custom loss: 1.1094, Total loss: 9.2463
Step 10 - Original loss: 9.2855, Custom loss: 0.3789, Total loss: 9.4750
Step 10 - Original loss: 9.8441, Custom loss: 0.7773, Total loss: 10.2328
Step 10 - Original loss: 8.8361, Custom loss: 0.4902, Total loss: 9.0812
Step 10 - Original loss: 9.3440, Custom loss: 0.3418, Total loss: 9.5149
Step 10 - Original loss: 8.7424, Custom loss: 0.2354, Total loss: 8.8601
Step 10 - Original loss: 9.0939, Custom loss: 0.1787, Total loss: 9.1833
Step 10 - Original loss: 9.8517, Custom loss: 0.4961, Total loss: 10.0998
Step 10 - Original loss: 9.1332, Custom loss: 0.9492, Total loss: 9.6078
Step 10 - Original loss: 9.7269, Custom loss: 0.5859, Total loss: 10.0199
Step 10 - Original loss: 9.8638, Custom loss: 0.5820, Total loss: 10.1548
Step 10 - Original loss: 8.9261, Custom loss: 1.0781, Total loss: 9.4651
Step 10 - Original loss: 10.1294, Custom loss: 1.1641, Total loss: 10.7114
Step 10 - Original loss: 9.3322, Custom loss: 1.0156, Total loss: 9.8400
Step 10 - Original loss: 8.7736, Custom loss: 0.5273, Total loss: 9.0373
Step 10 - Original loss: 10.7334, Custom loss: 0.5039, Total loss: 10.9854
Step 10 - Original loss: 8.4378, Custom loss: 0.3281, Total loss: 8.6019
Step 10 - Original loss: 9.1489, Custom loss: 0.5781, Total loss: 9.4379
Step 10 - Original loss: 9.3752, Custom loss: 0.5781, Total loss: 9.6643
Step 10 - Original loss: 9.9456, Custom loss: 1.0078, Total loss: 10.4495
Step 10 - Original loss: 10.1565, Custom loss: 0.4922, Total loss: 10.4026
Step 10 - Original loss: 10.1175, Custom loss: 0.7070, Total loss: 10.4710
Step 10 - Original loss: 9.3636, Custom loss: 0.3105, Total loss: 9.5188
Step 10 - Original loss: 9.2386, Custom loss: 0.5117, Total loss: 9.4945
Step 10 - Original loss: 10.2817, Custom loss: 1.0156, Total loss: 10.7895
Step 10 - Original loss: 10.0473, Custom loss: 0.9609, Total loss: 10.5278
Step 10 - Original loss: 8.5393, Custom loss: 0.9766, Total loss: 9.0275
Step 10 - Original loss: 8.4182, Custom loss: 0.3867, Total loss: 8.6115
Step 10 - Original loss: 8.2971, Custom loss: 0.6367, Total loss: 8.6155
Step 10 - Original loss: 9.4534, Custom loss: 0.4785, Total loss: 9.6927
Step 10 - Original loss: 9.2387, Custom loss: 1.3203, Total loss: 9.8989
Step 10 - Original loss: 9.6643, Custom loss: 0.5156, Total loss: 9.9221
Step 10 - Original loss: 8.8987, Custom loss: 0.9258, Total loss: 9.3616
Step 10 - Original loss: 9.3793, Custom loss: 1.0547, Total loss: 9.9067
Step 10 - Original loss: 9.8442, Custom loss: 0.7734, Total loss: 10.2309
Step 10 - Original loss: 9.9458, Custom loss: 0.7227, Total loss: 10.3071
Step 10 - Original loss: 9.3479, Custom loss: 0.7617, Total loss: 9.7288
Step 10 - Original loss: 9.0549, Custom loss: 0.8828, Total loss: 9.4963
Step 10 - Original loss: 8.4299, Custom loss: 0.4043, Total loss: 8.6320
Step 10 - Original loss: 9.5869, Custom loss: 0.7344, Total loss: 9.9541
Step 10 - Original loss: 9.9222, Custom loss: 0.5508, Total loss: 10.1976
Step 10 - Original loss: 9.4846, Custom loss: 1.6562, Total loss: 10.3127
Step 10 - Original loss: 8.4338, Custom loss: 0.5430, Total loss: 8.7053
Step 10 - Original loss: 8.6408, Custom loss: 0.3496, Total loss: 8.8156
Step 10 - Original loss: 9.1252, Custom loss: 0.3535, Total loss: 9.3020
Step 10 - Original loss: 9.6330, Custom loss: 0.3848, Total loss: 9.8254
Step 10 - Original loss: 9.0236, Custom loss: 0.4141, Total loss: 9.2307
Step 10 - Original loss: 8.3635, Custom loss: 0.5547, Total loss: 8.6408
Step 10 - Original loss: 10.1175, Custom loss: 0.5117, Total loss: 10.3734
Step 10 - Original loss: 9.1017, Custom loss: 0.2305, Total loss: 9.2170
Step 10 - Original loss: 9.2933, Custom loss: 0.5898, Total loss: 9.5882
Step 10 - Original loss: 10.0862, Custom loss: 1.1641, Total loss: 10.6682
Step 10 - Original loss: 9.0237, Custom loss: 1.2969, Total loss: 9.6721
Step 10 - Original loss: 9.6878, Custom loss: 0.5586, Total loss: 9.9671
Step 10 - Original loss: 8.7856, Custom loss: 1.0703, Total loss: 9.3208
Step 10 - Original loss: 9.6332, Custom loss: 0.9531, Total loss: 10.1097
Step 10 - Original loss: 10.1253, Custom loss: 0.6211, Total loss: 10.4359
Step 10 - Original loss: 9.9846, Custom loss: 1.0859, Total loss: 10.5276
Step 10 - Original loss: 8.8557, Custom loss: 1.0547, Total loss: 9.3831
Step 10 - Original loss: 9.3361, Custom loss: 0.2471, Total loss: 9.4596
Step 10 - Original loss: 9.1955, Custom loss: 0.4160, Total loss: 9.4035
Step 10 - Original loss: 9.4612, Custom loss: 0.5234, Total loss: 9.7230
Step 10 - Original loss: 9.2581, Custom loss: 0.6172, Total loss: 9.5667
Step 10 - Original loss: 8.9298, Custom loss: 0.8203, Total loss: 9.3399
Step 10 - Original loss: 9.2698, Custom loss: 0.6953, Total loss: 9.6175
Step 10 - Original loss: 9.6879, Custom loss: 0.4980, Total loss: 9.9370
Step 10 - Original loss: 9.8206, Custom loss: 0.5977, Total loss: 10.1195
Step 10 - Original loss: 9.2580, Custom loss: 0.4863, Total loss: 9.5011
Step 10 - Original loss: 9.6018, Custom loss: 0.5273, Total loss: 9.8655
Step 10 - Original loss: 10.0003, Custom loss: 1.0156, Total loss: 10.5081
Step 10 - Original loss: 9.9300, Custom loss: 0.6797, Total loss: 10.2699
Step 10 - Original loss: 9.4221, Custom loss: 0.4941, Total loss: 9.6691
Step 10 - Original loss: 9.4573, Custom loss: 0.3262, Total loss: 9.6204
Step 10 - Original loss: 10.0471, Custom loss: 1.1562, Total loss: 10.6252
Step 10 - Original loss: 9.3443, Custom loss: 0.8359, Total loss: 9.7623
Step 10 - Original loss: 9.3909, Custom loss: 0.9727, Total loss: 9.8772
Step 10 - Original loss: 10.1686, Custom loss: 0.8320, Total loss: 10.5846
Step 10 - Original loss: 8.0667, Custom loss: 0.1680, Total loss: 8.1507
Step 10 - Original loss: 9.0783, Custom loss: 1.2344, Total loss: 9.6955
Step 10 - Original loss: 10.0472, Custom loss: 0.6836, Total loss: 10.3890
Step 10 - Original loss: 9.7815, Custom loss: 0.5781, Total loss: 10.0706
Step 10 - Original loss: 9.2815, Custom loss: 0.7852, Total loss: 9.6741
Step 10 - Original loss: 9.5082, Custom loss: 0.6680, Total loss: 9.8422
Step 10 - Original loss: 9.7113, Custom loss: 0.4902, Total loss: 9.9564
Step 10 - Original loss: 9.4887, Custom loss: 0.6523, Total loss: 9.8148
Step 10 - Original loss: 10.4145, Custom loss: 0.3594, Total loss: 10.5942
Step 10 - Original loss: 8.7973, Custom loss: 1.2109, Total loss: 9.4028
Step 10 - Original loss: 10.0706, Custom loss: 0.9492, Total loss: 10.5453
Step 10 - Original loss: 8.3948, Custom loss: 0.7969, Total loss: 8.7932
Step 10 - Original loss: 9.0980, Custom loss: 1.2109, Total loss: 9.7035
Step 10 - Original loss: 9.2464, Custom loss: 0.3867, Total loss: 9.4397
Step 10 - Original loss: 10.0590, Custom loss: 0.6602, Total loss: 10.3890
Step 10 - Original loss: 9.1020, Custom loss: 0.4180, Total loss: 9.3110
Step 10 - Original loss: 9.4026, Custom loss: 0.9141, Total loss: 9.8596
Step 10 - Original loss: 8.6760, Custom loss: 0.3223, Total loss: 8.8372
Step 10 - Original loss: 9.4065, Custom loss: 0.3398, Total loss: 9.5764
Step 10 - Original loss: 9.2541, Custom loss: 0.6719, Total loss: 9.5901
Step 10 - Original loss: 9.7033, Custom loss: 0.4688, Total loss: 9.9377
Step 10 - Original loss: 9.4886, Custom loss: 0.6523, Total loss: 9.8148
Step 10 - Original loss: 9.0004, Custom loss: 1.1406, Total loss: 9.5708
Step 10 - Original loss: 9.4574, Custom loss: 0.4453, Total loss: 9.6800
Step 10 - Original loss: 9.0706, Custom loss: 0.7812, Total loss: 9.4612
Step 10 - Original loss: 9.9849, Custom loss: 0.6680, Total loss: 10.3189
Step 10 - Original loss: 9.2932, Custom loss: 0.4160, Total loss: 9.5012
Step 10 - Original loss: 10.7896, Custom loss: 0.9492, Total loss: 11.2642
Step 10 - Original loss: 9.9535, Custom loss: 1.1484, Total loss: 10.5278
Step 10 - Original loss: 10.1292, Custom loss: 1.1875, Total loss: 10.7229
Step 10 - Original loss: 9.3830, Custom loss: 0.6289, Total loss: 9.6975
Step 10 - Original loss: 9.5004, Custom loss: 0.6016, Total loss: 9.8012
Step 10 - Original loss: 9.3636, Custom loss: 0.6406, Total loss: 9.6839
Step 10 - Original loss: 9.3987, Custom loss: 0.6875, Total loss: 9.7424
Step 10 - Original loss: 9.1955, Custom loss: 1.0156, Total loss: 9.7034
Step 10 - Original loss: 9.2190, Custom loss: 0.2598, Total loss: 9.3489
Step 10 - Original loss: 9.2815, Custom loss: 0.5312, Total loss: 9.5471
Step 10 - Original loss: 8.8520, Custom loss: 0.7305, Total loss: 9.2172
Step 10 - Original loss: 8.7933, Custom loss: 0.2754, Total loss: 8.9310
Step 10 - Original loss: 8.1057, Custom loss: 0.2617, Total loss: 8.2365
Step 10 - Original loss: 8.5433, Custom loss: 0.6523, Total loss: 8.8694
Step 10 - Original loss: 9.0198, Custom loss: 0.9258, Total loss: 9.4827
Step 10 - Original loss: 9.0861, Custom loss: 1.0312, Total loss: 9.6017
Step 10 - Original loss: 9.2970, Custom loss: 0.5078, Total loss: 9.5509
Step 10 - Original loss: 9.7503, Custom loss: 0.5664, Total loss: 10.0335
Step 10 - Original loss: 8.9143, Custom loss: 1.1875, Total loss: 9.5081
Step 10 - Original loss: 9.3909, Custom loss: 0.3496, Total loss: 9.5657
Step 10 - Original loss: 9.2814, Custom loss: 0.3691, Total loss: 9.4660
Step 10 - Original loss: 8.4767, Custom loss: 0.5898, Total loss: 8.7717
Step 10 - Original loss: 9.3752, Custom loss: 0.6562, Total loss: 9.7034
Step 10 - Original loss: 8.6330, Custom loss: 0.5938, Total loss: 8.9299
Step 10 - Original loss: 9.1604, Custom loss: 1.4375, Total loss: 9.8791
Step 10 - Original loss: 9.0080, Custom loss: 1.0156, Total loss: 9.5158
Step 10 - Original loss: 9.2192, Custom loss: 0.8984, Total loss: 9.6684
Step 10 - Original loss: 9.6173, Custom loss: 0.5703, Total loss: 9.9025
Step 10 - Original loss: 9.7582, Custom loss: 0.4551, Total loss: 9.9857
Step 10 - Original loss: 9.2267, Custom loss: 0.4453, Total loss: 9.4493
Step 10 - Original loss: 9.0705, Custom loss: 1.0703, Total loss: 9.6057
Step 10 - Original loss: 9.0549, Custom loss: 0.6719, Total loss: 9.3908
Step 10 - Original loss: 9.1681, Custom loss: 0.6055, Total loss: 9.4709
Step 10 - Original loss: 8.7892, Custom loss: 0.2891, Total loss: 8.9337
Step 10 - Original loss: 9.3597, Custom loss: 0.6953, Total loss: 9.7073
Step 10 - Original loss: 9.2736, Custom loss: 0.2793, Total loss: 9.4133
Step 10 - Original loss: 10.2503, Custom loss: 1.0000, Total loss: 10.7503
Step 10 - Original loss: 9.4964, Custom loss: 0.7070, Total loss: 9.8499
Step 10 - Original loss: 9.1839, Custom loss: 0.7305, Total loss: 9.5491
Step 10 - Original loss: 10.9925, Custom loss: 0.7656, Total loss: 11.3753
Step 10 - Original loss: 10.2777, Custom loss: 0.4629, Total loss: 10.5092
Step 10 - Original loss: 9.4143, Custom loss: 0.9961, Total loss: 9.9124
Step 10 - Original loss: 9.6252, Custom loss: 0.7305, Total loss: 9.9905
Step 10 - Original loss: 8.6291, Custom loss: 0.7227, Total loss: 8.9905
Step 10 - Original loss: 9.1448, Custom loss: 0.3672, Total loss: 9.3284
Step 10 - Original loss: 9.7971, Custom loss: 0.5898, Total loss: 10.0920
Step 10 - Original loss: 9.4418, Custom loss: 0.6523, Total loss: 9.7679
Step 10 - Original loss: 9.2580, Custom loss: 0.5820, Total loss: 9.5490
Step 10 - Original loss: 9.7582, Custom loss: 0.4043, Total loss: 9.9604
Step 10 - Original loss: 9.1369, Custom loss: 0.9609, Total loss: 9.6174
Step 10 - Original loss: 9.2425, Custom loss: 0.2715, Total loss: 9.3782
Step 10 - Original loss: 9.6800, Custom loss: 0.4199, Total loss: 9.8899
Step 10 - Original loss: 9.2896, Custom loss: 0.9062, Total loss: 9.7428
Step 10 - Original loss: 9.0120, Custom loss: 0.2637, Total loss: 9.1438
Step 10 - Original loss: 10.0081, Custom loss: 0.5781, Total loss: 10.2971
Step 10 - Original loss: 9.1135, Custom loss: 0.6445, Total loss: 9.4358
Step 10 - Original loss: 10.0824, Custom loss: 0.6367, Total loss: 10.4008
Step 10 - Original loss: 9.4770, Custom loss: 0.9766, Total loss: 9.9653
Step 10 - Original loss: 9.2348, Custom loss: 0.5625, Total loss: 9.5160
Step 10 - Original loss: 9.3439, Custom loss: 0.5859, Total loss: 9.6369
Step 10 - Original loss: 9.6799, Custom loss: 0.3789, Total loss: 9.8694
Step 10 - Original loss: 10.0315, Custom loss: 0.8945, Total loss: 10.4788
Step 10 - Original loss: 9.6292, Custom loss: 0.5898, Total loss: 9.9241
Step 10 - Original loss: 9.4768, Custom loss: 0.2949, Total loss: 9.6242
Step 10 - Original loss: 8.4963, Custom loss: 0.6250, Total loss: 8.8088
Step 10 - Original loss: 9.3518, Custom loss: 0.3809, Total loss: 9.5422
Step 10 - Original loss: 9.5316, Custom loss: 0.9219, Total loss: 9.9925
Step 10 - Original loss: 9.5080, Custom loss: 0.7344, Total loss: 9.8752
Step 10 - Original loss: 9.6018, Custom loss: 0.8984, Total loss: 10.0510
Step 10 - Original loss: 9.0745, Custom loss: 0.3555, Total loss: 9.2522
Step 10 - Original loss: 9.8913, Custom loss: 0.8008, Total loss: 10.2916
Step 10 - Original loss: 8.6605, Custom loss: 0.6133, Total loss: 8.9671
Step 10 - Original loss: 10.2424, Custom loss: 1.0391, Total loss: 10.7620
Step 10 - Original loss: 9.3284, Custom loss: 0.5977, Total loss: 9.6272
Step 10 - Original loss: 9.0394, Custom loss: 1.3438, Total loss: 9.7113
Step 10 - Original loss: 9.2268, Custom loss: 0.4023, Total loss: 9.4280
Step 10 - Original loss: 9.0432, Custom loss: 0.5664, Total loss: 9.3264
Step 10 - Original loss: 9.5237, Custom loss: 0.4980, Total loss: 9.7727
Step 10 - Original loss: 9.7973, Custom loss: 0.6523, Total loss: 10.1235
Step 10 - Original loss: 9.2815, Custom loss: 0.3438, Total loss: 9.4533
Step 10 - Original loss: 9.1722, Custom loss: 0.4336, Total loss: 9.3890
Step 10 - Original loss: 9.6174, Custom loss: 0.6016, Total loss: 9.9182
Step 10 - Original loss: 10.4418, Custom loss: 1.0859, Total loss: 10.9847
Step 10 - Original loss: 9.4378, Custom loss: 1.0703, Total loss: 9.9730
Step 10 - Original loss: 10.7581, Custom loss: 1.1250, Total loss: 11.3206
Step 10 - Original loss: 9.6839, Custom loss: 0.6250, Total loss: 9.9964
Step 10 - Original loss: 9.5784, Custom loss: 0.7969, Total loss: 9.9768
Step 10 - Original loss: 10.0861, Custom loss: 0.8047, Total loss: 10.4885
Step 10 - Original loss: 9.4145, Custom loss: 0.4570, Total loss: 9.6431
Step 10 - Original loss: 9.3324, Custom loss: 0.7148, Total loss: 9.6898
Step 10 - Original loss: 8.4221, Custom loss: 0.2559, Total loss: 8.5501
Step 10 - Original loss: 8.9767, Custom loss: 1.2891, Total loss: 9.6213
Step 10 - Original loss: 9.4104, Custom loss: 0.9180, Total loss: 9.8694
Step 10 - Original loss: 9.1918, Custom loss: 0.4375, Total loss: 9.4105
Step 10 - Original loss: 9.1409, Custom loss: 0.8164, Total loss: 9.5491
Step 10 - Original loss: 9.9730, Custom loss: 0.5977, Total loss: 10.2718
Step 10 - Original loss: 9.8012, Custom loss: 0.3594, Total loss: 9.9809
Step 10 - Original loss: 9.8440, Custom loss: 0.5078, Total loss: 10.0979
Step 10 - Original loss: 8.6644, Custom loss: 0.4863, Total loss: 8.9076
Step 10 - Original loss: 8.7737, Custom loss: 1.2969, Total loss: 9.4221
Step 10 - Original loss: 9.1800, Custom loss: 0.9727, Total loss: 9.6663
Step 10 - Original loss: 10.1097, Custom loss: 1.1406, Total loss: 10.6800
Step 10 - Original loss: 9.2112, Custom loss: 0.9336, Total loss: 9.6780
Step 10 - Original loss: 9.3752, Custom loss: 0.5664, Total loss: 9.6585
Step 10 - Original loss: 10.0746, Custom loss: 1.3438, Total loss: 10.7465
Step 10 - Original loss: 9.1799, Custom loss: 0.9375, Total loss: 9.6486
Step 10 - Original loss: 9.5198, Custom loss: 0.4316, Total loss: 9.7356
Step 10 - Original loss: 9.4924, Custom loss: 0.4805, Total loss: 9.7327
Step 10 - Original loss: 9.4769, Custom loss: 0.5977, Total loss: 9.7757
Step 10 - Original loss: 8.5823, Custom loss: 0.6133, Total loss: 8.8889
Step 10 - Original loss: 9.1486, Custom loss: 1.0156, Total loss: 9.6565
Step 10 - Original loss: 9.6252, Custom loss: 0.7578, Total loss: 10.0041
Step 10 - Original loss: 9.4299, Custom loss: 0.3496, Total loss: 9.6047
Step 10 - Original loss: 8.3790, Custom loss: 0.6289, Total loss: 8.6935
Step 10 - Original loss: 8.2150, Custom loss: 0.5078, Total loss: 8.4689
Step 10 - Original loss: 10.2816, Custom loss: 0.9492, Total loss: 10.7562
Step 10 - Original loss: 8.9026, Custom loss: 0.9219, Total loss: 9.3635
Step 10 - Original loss: 9.9143, Custom loss: 0.8867, Total loss: 10.3577
Step 10 - Original loss: 10.2896, Custom loss: 1.0547, Total loss: 10.8169
Step 10 - Original loss: 8.8206, Custom loss: 0.3809, Total loss: 9.0110
Step 10 - Original loss: 8.9964, Custom loss: 0.8594, Total loss: 9.4260
Step 10 - Original loss: 10.3676, Custom loss: 2.0625, Total loss: 11.3989
Step 10 - Original loss: 9.1448, Custom loss: 0.4277, Total loss: 9.3586
Step 10 - Original loss: 9.4027, Custom loss: 0.2930, Total loss: 9.5492
Step 10 - Original loss: 8.8362, Custom loss: 0.5312, Total loss: 9.1018
Step 10 - Original loss: 9.0705, Custom loss: 0.6289, Total loss: 9.3850
Step 10 - Original loss: 8.7032, Custom loss: 0.3730, Total loss: 8.8898
Step 10 - Original loss: 9.5861, Custom loss: 1.0703, Total loss: 10.1213
Step 10 - Original loss: 8.6604, Custom loss: 0.9023, Total loss: 9.1116
Step 10 - Original loss: 9.4807, Custom loss: 0.9023, Total loss: 9.9319
Step 10 - Original loss: 9.6567, Custom loss: 0.3828, Total loss: 9.8481
Step 10 - Original loss: 9.2698, Custom loss: 1.1172, Total loss: 9.8284
Step 10 - Original loss: 8.9768, Custom loss: 0.5508, Total loss: 9.2522
Step 10 - Original loss: 8.9612, Custom loss: 0.4902, Total loss: 9.2063
Step 10 - Original loss: 8.7932, Custom loss: 0.9180, Total loss: 9.2522
Step 10 - Original loss: 8.6056, Custom loss: 0.5508, Total loss: 8.8810
Step 10 - Original loss: 9.3127, Custom loss: 0.8633, Total loss: 9.7443
Step 10 - Original loss: 8.5705, Custom loss: 0.8359, Total loss: 8.9885
Step 10 - Original loss: 8.1566, Custom loss: 0.5547, Total loss: 8.4339
Step 10 - Original loss: 10.1955, Custom loss: 0.5586, Total loss: 10.4748
Step 10 - Original loss: 9.1721, Custom loss: 0.9453, Total loss: 9.6447
Step 10 - Original loss: 9.0314, Custom loss: 0.4434, Total loss: 9.2531
Step 10 - Original loss: 8.6958, Custom loss: 0.2520, Total loss: 8.8217
Step 10 - Original loss: 9.4652, Custom loss: 0.8359, Total loss: 9.8832
Step 10 - Original loss: 9.4339, Custom loss: 0.5469, Total loss: 9.7073
Step 10 - Original loss: 8.9338, Custom loss: 0.2852, Total loss: 9.0763
Step 10 - Original loss: 9.4887, Custom loss: 0.4316, Total loss: 9.7045
Step 10 - Original loss: 9.0043, Custom loss: 1.0312, Total loss: 9.5199
Step 10 - Original loss: 9.3441, Custom loss: 0.9023, Total loss: 9.7953
Step 10 - Original loss: 9.2306, Custom loss: 0.8477, Total loss: 9.6544
Step 10 - Original loss: 9.8205, Custom loss: 0.5859, Total loss: 10.1135
Step 10 - Original loss: 8.5004, Custom loss: 0.7617, Total loss: 8.8812
Step 10 - Original loss: 9.2191, Custom loss: 0.4902, Total loss: 9.4643
Step 10 - Original loss: 9.5942, Custom loss: 0.9336, Total loss: 10.0610
Step 10 - Original loss: 9.2034, Custom loss: 0.2480, Total loss: 9.3274
Step 10 - Original loss: 9.5705, Custom loss: 0.4258, Total loss: 9.7834
Step 10 - Original loss: 8.7737, Custom loss: 0.6211, Total loss: 9.0843
Step 10 - Original loss: 9.0158, Custom loss: 0.5391, Total loss: 9.2853
Step 10 - Original loss: 9.4300, Custom loss: 0.6602, Total loss: 9.7600
Step 10 - Original loss: 9.0549, Custom loss: 0.5234, Total loss: 9.3166
Step 10 - Original loss: 8.9183, Custom loss: 0.3848, Total loss: 9.1107
Step 10 - Original loss: 8.9846, Custom loss: 0.6680, Total loss: 9.3186
Step 10 - Original loss: 9.3323, Custom loss: 0.4297, Total loss: 9.5472
Step 10 - Original loss: 9.7190, Custom loss: 0.3828, Total loss: 9.9104
Step 10 - Original loss: 9.0002, Custom loss: 0.4844, Total loss: 9.2424
Step 10 - Original loss: 9.2308, Custom loss: 0.4004, Total loss: 9.4310
Step 10 - Original loss: 9.8597, Custom loss: 1.0234, Total loss: 10.3714
Step 10 - Original loss: 8.5785, Custom loss: 0.9570, Total loss: 9.0570
Step 10 - Original loss: 9.4768, Custom loss: 0.9414, Total loss: 9.9475
Step 10 - Original loss: 10.3675, Custom loss: 0.9961, Total loss: 10.8655
Step 10 - Original loss: 9.9573, Custom loss: 0.5234, Total loss: 10.2190
Step 10 - Original loss: 9.2971, Custom loss: 0.5391, Total loss: 9.5667
Step 10 - Original loss: 9.3010, Custom loss: 0.1699, Total loss: 9.3860
Step 10 - Original loss: 9.4417, Custom loss: 0.5117, Total loss: 9.6976
Step 10 - Original loss: 9.9690, Custom loss: 0.8828, Total loss: 10.4104
Step 10 - Original loss: 8.8049, Custom loss: 0.3418, Total loss: 8.9758
Step 10 - Original loss: 9.1253, Custom loss: 0.8281, Total loss: 9.5393
Step 10 - Original loss: 9.2502, Custom loss: 0.5820, Total loss: 9.5412
Step 10 - Original loss: 9.4924, Custom loss: 0.4785, Total loss: 9.7316
Step 10 - Original loss: 9.1135, Custom loss: 0.9180, Total loss: 9.5725
Step 10 - Original loss: 9.2423, Custom loss: 0.7891, Total loss: 9.6369
Step 10 - Original loss: 9.9534, Custom loss: 0.5742, Total loss: 10.2405
Step 10 - Original loss: 9.0901, Custom loss: 0.7617, Total loss: 9.4710
Step 10 - Original loss: 8.9611, Custom loss: 0.5430, Total loss: 9.2326
Step 10 - Original loss: 10.0550, Custom loss: 0.4570, Total loss: 10.2835
Step 10 - Original loss: 9.7424, Custom loss: 0.3848, Total loss: 9.9348
Step 10 - Original loss: 9.0005, Custom loss: 0.2812, Total loss: 9.1411
Step 10 - Original loss: 9.2112, Custom loss: 0.6367, Total loss: 9.5295
Step 10 - Original loss: 9.4807, Custom loss: 0.4551, Total loss: 9.7083
Step 10 - Original loss: 10.3441, Custom loss: 1.2266, Total loss: 10.9574
Step 10 - Original loss: 9.0394, Custom loss: 0.3086, Total loss: 9.1937
Step 10 - Original loss: 9.6528, Custom loss: 1.0156, Total loss: 10.1606
Step 10 - Original loss: 9.0902, Custom loss: 0.6328, Total loss: 9.4066
Step 10 - Original loss: 8.9533, Custom loss: 0.5977, Total loss: 9.2521
Step 10 - Original loss: 9.3440, Custom loss: 0.4141, Total loss: 9.5511
Step 10 - Original loss: 9.0159, Custom loss: 0.5117, Total loss: 9.2717
Step 10 - Original loss: 9.8402, Custom loss: 0.5352, Total loss: 10.1077
Step 10 - Original loss: 9.3128, Custom loss: 0.8711, Total loss: 9.7483
Step 10 - Original loss: 8.7814, Custom loss: 0.6094, Total loss: 9.0861
Step 10 - Original loss: 9.6175, Custom loss: 0.5508, Total loss: 9.8929
Step 10 - Original loss: 8.6486, Custom loss: 0.9297, Total loss: 9.1135
Step 10 - Original loss: 9.4379, Custom loss: 0.3477, Total loss: 9.6118
Step 10 - Original loss: 8.8596, Custom loss: 0.2520, Total loss: 8.9856
Step 10 - Original loss: 8.6759, Custom loss: 0.3496, Total loss: 8.8507
Step 10 - Original loss: 9.7190, Custom loss: 1.2344, Total loss: 10.3362
Step 10 - Original loss: 9.3596, Custom loss: 0.2168, Total loss: 9.4680
Step 10 - Original loss: 9.7034, Custom loss: 0.5781, Total loss: 9.9925
Step 10 - Original loss: 9.4066, Custom loss: 0.4883, Total loss: 9.6507
Step 10 - Original loss: 10.0238, Custom loss: 0.4746, Total loss: 10.2611
Step 10 - Original loss: 9.2582, Custom loss: 0.4336, Total loss: 9.4750
Step 10 - Original loss: 9.4611, Custom loss: 0.4121, Total loss: 9.6672
Step 10 - Original loss: 9.0002, Custom loss: 0.6172, Total loss: 9.3088
Step 10 - Original loss: 9.0158, Custom loss: 0.2246, Total loss: 9.1281
Step 10 - Original loss: 9.4926, Custom loss: 0.4082, Total loss: 9.6967
Step 10 - Original loss: 8.9222, Custom loss: 0.9805, Total loss: 9.4125
Step 10 - Original loss: 8.6251, Custom loss: 0.7070, Total loss: 8.9787
Step 10 - Original loss: 9.9342, Custom loss: 1.0234, Total loss: 10.4459
Step 10 - Original loss: 9.1565, Custom loss: 0.3145, Total loss: 9.3137
Step 10 - Original loss: 9.2659, Custom loss: 1.2891, Total loss: 9.9105
Step 10 - Original loss: 9.2580, Custom loss: 1.3828, Total loss: 9.9494
Step 10 - Original loss: 8.6604, Custom loss: 0.2930, Total loss: 8.8069
Step 10 - Original loss: 9.1838, Custom loss: 0.6367, Total loss: 9.5021
Step 10 - Original loss: 9.2347, Custom loss: 0.3105, Total loss: 9.3900
Step 10 - Original loss: 8.6760, Custom loss: 1.0078, Total loss: 9.1799
Step 10 - Original loss: 9.7541, Custom loss: 0.3301, Total loss: 9.9191
Step 10 - Original loss: 8.9456, Custom loss: 0.2949, Total loss: 9.0930
Step 10 - Original loss: 9.3753, Custom loss: 0.8281, Total loss: 9.7894
Step 10 - Original loss: 9.2384, Custom loss: 0.5703, Total loss: 9.5236
Step 10 - Original loss: 9.7268, Custom loss: 0.5781, Total loss: 10.0159
Step 10 - Original loss: 8.3597, Custom loss: 0.4258, Total loss: 8.5726
Step 10 - Original loss: 9.6800, Custom loss: 0.8281, Total loss: 10.0941
Step 10 - Original loss: 9.0549, Custom loss: 0.5742, Total loss: 9.3420
Step 10 - Original loss: 9.3597, Custom loss: 1.3125, Total loss: 10.0160
Step 10 - Original loss: 9.3479, Custom loss: 0.7734, Total loss: 9.7346
Step 10 - Original loss: 9.4064, Custom loss: 0.2578, Total loss: 9.5353
Step 10 - Original loss: 9.4104, Custom loss: 0.7070, Total loss: 9.7639
Step 10 - Original loss: 9.6136, Custom loss: 0.9141, Total loss: 10.0707
Step 10 - Original loss: 9.5940, Custom loss: 0.6406, Total loss: 9.9143
Step 10 - Original loss: 9.0863, Custom loss: 0.6289, Total loss: 9.4007
Step 10 - Original loss: 8.9533, Custom loss: 1.3359, Total loss: 9.6212
Step 10 - Original loss: 8.6838, Custom loss: 0.9805, Total loss: 9.1740
Step 10 - Original loss: 9.2425, Custom loss: 0.8945, Total loss: 9.6898
Step 10 - Original loss: 8.8051, Custom loss: 0.2559, Total loss: 8.9330
Step 10 - Original loss: 8.8361, Custom loss: 0.5352, Total loss: 9.1037
Step 10 - Original loss: 8.4847, Custom loss: 0.5469, Total loss: 8.7581
Step 10 - Original loss: 9.0393, Custom loss: 1.0469, Total loss: 9.5627
Step 10 - Original loss: 8.6955, Custom loss: 0.5938, Total loss: 8.9924
Step 10 - Original loss: 9.2893, Custom loss: 0.5586, Total loss: 9.5686
Step 10 - Original loss: 9.0082, Custom loss: 1.0234, Total loss: 9.5199
Step 10 - Original loss: 9.4146, Custom loss: 1.0000, Total loss: 9.9146
Step 10 - Original loss: 9.2269, Custom loss: 0.7266, Total loss: 9.5902
Step 10 - Original loss: 9.5315, Custom loss: 1.5078, Total loss: 10.2854
Step 10 - Original loss: 9.9848, Custom loss: 0.3984, Total loss: 10.1840
Step 10 - Original loss: 9.0862, Custom loss: 0.6758, Total loss: 9.4241
Step 10 - Original loss: 10.0783, Custom loss: 0.5078, Total loss: 10.3322
Step 10 - Original loss: 8.4573, Custom loss: 0.6875, Total loss: 8.8010
Step 10 - Original loss: 9.7738, Custom loss: 1.4688, Total loss: 10.5081
Step 10 - Original loss: 9.5158, Custom loss: 0.7383, Total loss: 9.8849
Step 10 - Original loss: 9.1253, Custom loss: 0.3145, Total loss: 9.2826
Step 10 - Original loss: 9.2502, Custom loss: 0.4941, Total loss: 9.4973
Step 10 - Original loss: 9.3284, Custom loss: 0.8984, Total loss: 9.7776
Step 10 - Original loss: 9.5433, Custom loss: 0.4766, Total loss: 9.7816
Step 10 - Original loss: 9.3089, Custom loss: 0.4824, Total loss: 9.5501
Step 10 - Original loss: 9.0042, Custom loss: 0.2168, Total loss: 9.1126
Step 10 - Original loss: 9.2386, Custom loss: 0.5664, Total loss: 9.5218
Step 10 - Original loss: 9.4534, Custom loss: 0.6055, Total loss: 9.7562
Step 10 - Original loss: 9.9887, Custom loss: 0.8594, Total loss: 10.4184
Step 10 - Original loss: 8.9025, Custom loss: 0.4414, Total loss: 9.1232
Step 10 - Original loss: 10.0823, Custom loss: 1.0859, Total loss: 10.6253
Step 10 - Original loss: 9.6721, Custom loss: 0.5430, Total loss: 9.9436
Step 10 - Original loss: 9.6253, Custom loss: 0.6055, Total loss: 9.9281
Step 10 - Original loss: 9.2893, Custom loss: 0.2041, Total loss: 9.3913
Step 10 - Original loss: 10.5627, Custom loss: 0.4023, Total loss: 10.7639
Step 10 - Original loss: 9.3050, Custom loss: 1.4766, Total loss: 10.0433
Step 10 - Original loss: 9.5433, Custom loss: 0.3262, Total loss: 9.7064
Step 10 - Original loss: 9.1722, Custom loss: 0.4375, Total loss: 9.3910
Step 10 - Original loss: 9.3713, Custom loss: 0.4961, Total loss: 9.6193
Step 10 - Original loss: 9.9534, Custom loss: 0.7812, Total loss: 10.3440
Step 10 - Original loss: 8.7698, Custom loss: 0.8984, Total loss: 9.2190
Step 10 - Original loss: 9.2502, Custom loss: 0.5820, Total loss: 9.5412
Step 10 - Original loss: 9.1683, Custom loss: 1.1562, Total loss: 9.7464
Step 10 - Original loss: 8.8283, Custom loss: 0.6875, Total loss: 9.1721
Step 10 - Original loss: 9.3128, Custom loss: 1.0156, Total loss: 9.8206
Step 10 - Original loss: 9.3441, Custom loss: 0.4941, Total loss: 9.5912
Step 10 - Original loss: 9.1214, Custom loss: 0.4043, Total loss: 9.3236
Step 10 - Original loss: 8.8674, Custom loss: 0.1768, Total loss: 8.9558
Step 10 - Original loss: 9.4066, Custom loss: 0.6211, Total loss: 9.7171
Step 10 - Original loss: 9.8130, Custom loss: 0.7891, Total loss: 10.2075
Step 10 - Original loss: 9.4691, Custom loss: 0.7188, Total loss: 9.8285
Step 10 - Original loss: 9.4298, Custom loss: 0.7656, Total loss: 9.8127
Step 10 - Original loss: 9.2386, Custom loss: 0.3320, Total loss: 9.4046
Step 10 - Original loss: 9.2151, Custom loss: 1.6328, Total loss: 10.0315
Step 10 - Original loss: 8.6644, Custom loss: 0.4902, Total loss: 8.9095
Step 10 - Original loss: 9.2503, Custom loss: 0.7617, Total loss: 9.6312
Step 10 - Original loss: 9.0862, Custom loss: 0.3086, Total loss: 9.2405
Step 10 - Original loss: 9.1409, Custom loss: 0.4941, Total loss: 9.3880
Step 10 - Original loss: 8.6994, Custom loss: 0.2266, Total loss: 8.8127
Step 10 - Original loss: 8.9339, Custom loss: 0.1924, Total loss: 9.0301
Step 10 - Original loss: 9.0432, Custom loss: 0.5859, Total loss: 9.3361
Step 10 - Original loss: 9.2190, Custom loss: 0.5742, Total loss: 9.5061
Step 10 - Original loss: 9.8519, Custom loss: 0.8398, Total loss: 10.2718
Step 10 - Original loss: 9.8439, Custom loss: 0.8477, Total loss: 10.2677
Step 10 - Original loss: 9.1916, Custom loss: 0.2119, Total loss: 9.2975
Step 10 - Original loss: 9.6097, Custom loss: 1.5000, Total loss: 10.3597
Step 10 - Original loss: 10.1409, Custom loss: 0.8164, Total loss: 10.5491
Step 10 - Original loss: 9.3909, Custom loss: 0.8906, Total loss: 9.8362
Step 10 - Original loss: 8.9183, Custom loss: 0.4473, Total loss: 9.1420
Step 10 - Original loss: 9.1331, Custom loss: 0.8711, Total loss: 9.5686
Step 10 - Original loss: 9.4260, Custom loss: 0.2598, Total loss: 9.5559
Step 10 - Original loss: 9.2034, Custom loss: 0.7734, Total loss: 9.5901
Step 10 - Original loss: 10.1292, Custom loss: 1.0000, Total loss: 10.6292
Step 10 - Original loss: 9.6487, Custom loss: 1.0625, Total loss: 10.1799
Step 10 - Original loss: 9.4300, Custom loss: 1.1250, Total loss: 9.9925
Step 10 - Original loss: 9.3830, Custom loss: 0.7188, Total loss: 9.7424
Step 10 - Original loss: 9.4418, Custom loss: 0.6680, Total loss: 9.7758
Step 10 - Original loss: 9.8049, Custom loss: 0.8438, Total loss: 10.2268
Step 10 - Original loss: 9.4495, Custom loss: 0.8633, Total loss: 9.8812
Step 10 - Original loss: 9.8988, Custom loss: 0.6797, Total loss: 10.2387
Step 10 - Original loss: 8.9692, Custom loss: 0.5859, Total loss: 9.2621
Step 10 - Original loss: 9.5862, Custom loss: 0.8984, Total loss: 10.0354
Step 10 - Original loss: 9.3206, Custom loss: 0.4746, Total loss: 9.5580
Step 10 - Original loss: 9.5080, Custom loss: 0.4160, Total loss: 9.7160
Step 10 - Original loss: 9.2541, Custom loss: 0.5938, Total loss: 9.5510
Step 10 - Original loss: 9.2033, Custom loss: 0.8164, Total loss: 9.6115
Step 10 - Original loss: 8.7190, Custom loss: 1.0938, Total loss: 9.2658
Step 10 - Original loss: 8.7737, Custom loss: 0.9727, Total loss: 9.2600
Step 10 - Original loss: 9.5081, Custom loss: 0.9297, Total loss: 9.9730
Step 10 - Original loss: 9.4026, Custom loss: 0.3477, Total loss: 9.5764
Step 10 - Original loss: 8.7503, Custom loss: 0.8555, Total loss: 9.1781
Step 10 - Original loss: 9.8206, Custom loss: 0.7852, Total loss: 10.2132
Step 10 - Original loss: 9.2580, Custom loss: 0.3203, Total loss: 9.4182
Step 10 - Original loss: 9.8208, Custom loss: 0.6016, Total loss: 10.1216
Step 10 - Original loss: 9.2971, Custom loss: 0.6250, Total loss: 9.6096
Step 10 - Original loss: 10.7190, Custom loss: 1.1328, Total loss: 11.2854
Step 10 - Original loss: 10.5472, Custom loss: 1.2031, Total loss: 11.1488
Step 10 - Original loss: 9.6251, Custom loss: 0.8281, Total loss: 10.0392
Step 10 - Original loss: 8.6057, Custom loss: 0.5547, Total loss: 8.8830
Step 10 - Original loss: 9.1175, Custom loss: 0.5977, Total loss: 9.4163
Step 10 - Original loss: 9.5045, Custom loss: 0.4902, Total loss: 9.7496
Step 10 - Original loss: 9.9534, Custom loss: 0.7539, Total loss: 10.3304
Step 10 - Original loss: 9.9379, Custom loss: 0.8711, Total loss: 10.3735
Step 10 - Original loss: 9.0511, Custom loss: 1.0781, Total loss: 9.5901
Step 10 - Original loss: 9.4652, Custom loss: 0.4746, Total loss: 9.7025
Step 10 - Original loss: 8.9690, Custom loss: 0.7695, Total loss: 9.3537
Step 10 - Original loss: 9.8129, Custom loss: 0.6641, Total loss: 10.1449
Step 10 - Original loss: 9.5549, Custom loss: 0.3672, Total loss: 9.7385
Step 10 - Original loss: 8.8519, Custom loss: 0.8633, Total loss: 9.2835
Step 10 - Original loss: 8.8439, Custom loss: 1.4609, Total loss: 9.5744
Step 10 - Original loss: 9.3595, Custom loss: 0.9570, Total loss: 9.8380
Step 10 - Original loss: 9.1878, Custom loss: 0.5859, Total loss: 9.4807
Step 10 - Original loss: 10.1370, Custom loss: 0.9258, Total loss: 10.5998
Step 10 - Original loss: 9.1643, Custom loss: 0.9570, Total loss: 9.6429
Step 10 - Original loss: 9.5823, Custom loss: 0.7070, Total loss: 9.9358
Step 10 - Original loss: 9.8752, Custom loss: 0.7852, Total loss: 10.2678
Step 10 - Original loss: 8.9926, Custom loss: 0.4629, Total loss: 9.2241
Step 10 - Original loss: 9.0080, Custom loss: 0.5820, Total loss: 9.2990
Step 10 - Original loss: 9.7267, Custom loss: 0.4648, Total loss: 9.9591
Step 10 - Original loss: 9.5237, Custom loss: 0.4043, Total loss: 9.7258
Step 10 - Original loss: 10.0629, Custom loss: 0.4336, Total loss: 10.2797
Step 10 - Original loss: 9.5159, Custom loss: 0.3965, Total loss: 9.7142
Step 10 - Original loss: 9.2151, Custom loss: 0.4238, Total loss: 9.4270
Step 10 - Original loss: 8.8128, Custom loss: 0.6406, Total loss: 9.1332
Step 10 - Original loss: 9.0783, Custom loss: 0.5977, Total loss: 9.3772
Step 10 - Original loss: 8.7776, Custom loss: 0.6797, Total loss: 9.1174
Step 10 - Original loss: 9.8872, Custom loss: 0.6445, Total loss: 10.2095
Step 10 - Original loss: 9.8986, Custom loss: 0.6211, Total loss: 10.2092
Step 10 - Original loss: 9.3949, Custom loss: 0.5312, Total loss: 9.6605
Step 10 - Original loss: 9.0862, Custom loss: 1.0391, Total loss: 9.6057
Step 10 - Original loss: 9.3987, Custom loss: 0.8242, Total loss: 9.8108
Step 10 - Original loss: 9.6799, Custom loss: 0.1904, Total loss: 9.7751
Step 10 - Original loss: 8.5744, Custom loss: 0.5039, Total loss: 8.8264
Step 10 - Original loss: 8.8205, Custom loss: 0.5078, Total loss: 9.0744
Step 10 - Original loss: 8.6293, Custom loss: 1.0078, Total loss: 9.1332
Step 10 - Original loss: 9.5512, Custom loss: 0.4629, Total loss: 9.7826
Step 10 - Original loss: 8.2542, Custom loss: 0.8594, Total loss: 8.6839
Step 10 - Original loss: 9.0081, Custom loss: 0.7305, Total loss: 9.3733
Step 10 - Original loss: 9.2112, Custom loss: 0.2178, Total loss: 9.3201
Step 10 - Original loss: 9.2620, Custom loss: 0.6328, Total loss: 9.5784
Step 10 - Original loss: 9.2346, Custom loss: 0.1943, Total loss: 9.3317
Step 10 - Original loss: 9.6409, Custom loss: 0.5234, Total loss: 9.9026
Step 10 - Original loss: 9.4378, Custom loss: 0.5234, Total loss: 9.6995
Step 10 - Original loss: 9.8832, Custom loss: 0.6641, Total loss: 10.2152
Step 10 - Original loss: 9.4689, Custom loss: 0.6719, Total loss: 9.8049
Step 10 - Original loss: 8.6643, Custom loss: 0.2158, Total loss: 8.7722
Step 10 - Original loss: 9.4223, Custom loss: 0.4941, Total loss: 9.6694
Step 10 - Original loss: 9.1212, Custom loss: 0.3594, Total loss: 9.3009
Step 10 - Original loss: 9.2737, Custom loss: 0.5469, Total loss: 9.5471
Step 10 - Original loss: 9.5822, Custom loss: 0.7812, Total loss: 9.9729
Step 10 - Original loss: 10.1409, Custom loss: 0.5586, Total loss: 10.4202
Step 10 - Original loss: 9.7502, Custom loss: 0.2852, Total loss: 9.8928
Step 10 - Original loss: 9.1838, Custom loss: 0.6680, Total loss: 9.5178
Step 10 - Original loss: 8.7775, Custom loss: 0.4473, Total loss: 9.0011
Step 10 - Original loss: 9.0511, Custom loss: 0.2305, Total loss: 9.1663
Step 10 - Original loss: 9.4729, Custom loss: 0.3457, Total loss: 9.6457
Step 10 - Original loss: 9.2658, Custom loss: 0.4590, Total loss: 9.4953
Step 10 - Original loss: 9.0939, Custom loss: 0.7891, Total loss: 9.4885
Step 10 - Original loss: 9.4768, Custom loss: 0.9141, Total loss: 9.9339
Step 10 - Original loss: 9.5940, Custom loss: 0.4766, Total loss: 9.8323
Step 10 - Original loss: 9.0393, Custom loss: 0.2578, Total loss: 9.1682
Step 10 - Original loss: 9.7307, Custom loss: 0.6328, Total loss: 10.0471
Step 10 - Original loss: 10.3714, Custom loss: 0.6523, Total loss: 10.6976
Step 10 - Original loss: 9.5394, Custom loss: 0.2578, Total loss: 9.6683
Step 10 - Original loss: 9.9221, Custom loss: 0.5312, Total loss: 10.1877
Step 10 - Original loss: 10.0317, Custom loss: 1.0859, Total loss: 10.5747
Step 10 - Original loss: 9.2737, Custom loss: 0.4004, Total loss: 9.4739
Step 10 - Original loss: 8.9614, Custom loss: 0.4297, Total loss: 9.1763
Step 10 - Original loss: 9.6566, Custom loss: 0.9414, Total loss: 10.1273
Step 10 - Original loss: 9.5746, Custom loss: 0.6602, Total loss: 9.9047
Step 10 - Original loss: 10.3442, Custom loss: 0.8711, Total loss: 10.7798
Step 10 - Original loss: 9.7190, Custom loss: 0.6172, Total loss: 10.0276
Step 10 - Original loss: 9.9378, Custom loss: 0.6172, Total loss: 10.2464
Step 10 - Original loss: 8.2463, Custom loss: 0.1670, Total loss: 8.3298
Step 10 - Original loss: 9.5159, Custom loss: 0.7031, Total loss: 9.8675
Step 10 - Original loss: 9.3205, Custom loss: 0.7891, Total loss: 9.7150
Step 10 - Original loss: 9.7268, Custom loss: 0.4668, Total loss: 9.9602
Step 10 - Original loss: 9.6565, Custom loss: 0.8164, Total loss: 10.0647
Step 10 - Original loss: 9.6253, Custom loss: 0.3691, Total loss: 9.8098
Step 10 - Original loss: 8.7347, Custom loss: 0.9375, Total loss: 9.2035
Step 10 - Original loss: 10.0904, Custom loss: 1.0859, Total loss: 10.6333
Step 10 - Original loss: 9.7659, Custom loss: 0.7500, Total loss: 10.1409
Step 10 - Original loss: 9.3872, Custom loss: 0.3301, Total loss: 9.5522
Step 10 - Original loss: 9.0002, Custom loss: 0.3418, Total loss: 9.1711
Step 10 - Original loss: 10.2190, Custom loss: 0.2520, Total loss: 10.3450
Step 10 - Original loss: 9.2311, Custom loss: 0.7422, Total loss: 9.6022
Step 10 - Original loss: 9.2424, Custom loss: 0.2441, Total loss: 9.3644
Step 10 - Original loss: 8.6526, Custom loss: 0.3477, Total loss: 8.8264
Step 10 - Original loss: 9.1372, Custom loss: 0.9648, Total loss: 9.6196
Step 10 - Original loss: 9.2034, Custom loss: 0.5938, Total loss: 9.5003
Step 10 - Original loss: 9.5633, Custom loss: 1.1172, Total loss: 10.1219
Step 10 - Original loss: 9.6877, Custom loss: 0.6211, Total loss: 9.9983
Step 10 - Original loss: 10.0084, Custom loss: 1.2422, Total loss: 10.6295
Step 10 - Original loss: 9.0982, Custom loss: 0.6914, Total loss: 9.4439
Step 10 - Original loss: 10.1491, Custom loss: 1.0547, Total loss: 10.6764
Step 10 - Original loss: 9.0003, Custom loss: 0.7930, Total loss: 9.3968
Step 10 - Original loss: 9.9690, Custom loss: 0.4160, Total loss: 10.1771
Step 10 - Original loss: 8.7267, Custom loss: 0.8438, Total loss: 9.1486
Step 10 - Original loss: 9.8674, Custom loss: 0.3164, Total loss: 10.0256
Step 10 - Original loss: 10.0706, Custom loss: 0.6523, Total loss: 10.3968
Step 10 - Original loss: 7.9378, Custom loss: 0.2207, Total loss: 8.0481
Step 10 - Original loss: 9.6800, Custom loss: 0.6172, Total loss: 9.9886
Step 10 - Original loss: 9.6019, Custom loss: 0.6484, Total loss: 9.9261
Step 10 - Original loss: 9.2228, Custom loss: 0.4434, Total loss: 9.4445
Step 10 - Original loss: 9.1292, Custom loss: 0.6016, Total loss: 9.4300
Step 10 - Original loss: 9.2189, Custom loss: 0.4590, Total loss: 9.4484
Step 10 - Original loss: 8.0392, Custom loss: 0.2871, Total loss: 8.1828
Step 10 - Original loss: 9.5003, Custom loss: 0.4258, Total loss: 9.7132
Step 10 - Original loss: 9.2425, Custom loss: 0.7695, Total loss: 9.6273
Step 10 - Original loss: 9.9379, Custom loss: 0.5820, Total loss: 10.2289
Step 10 - Original loss: 10.2034, Custom loss: 0.4355, Total loss: 10.4212
Step 10 - Original loss: 10.3987, Custom loss: 0.6562, Total loss: 10.7269
Step 10 - Original loss: 8.8089, Custom loss: 0.5469, Total loss: 9.0824
Step 10 - Original loss: 9.3988, Custom loss: 0.5391, Total loss: 9.6683
Step 10 - Original loss: 9.3049, Custom loss: 0.3477, Total loss: 9.4787
Step 10 - Original loss: 9.2111, Custom loss: 0.3418, Total loss: 9.3820
Step 10 - Original loss: 9.0472, Custom loss: 0.9062, Total loss: 9.5003
Step 10 - Original loss: 9.1408, Custom loss: 0.7305, Total loss: 9.5061
Step 10 - Original loss: 10.0393, Custom loss: 1.2812, Total loss: 10.6799
Step 10 - Original loss: 9.2894, Custom loss: 0.4043, Total loss: 9.4916
Step 10 - Original loss: 9.5315, Custom loss: 0.5469, Total loss: 9.8049
Step 10 - Original loss: 8.5941, Custom loss: 0.3555, Total loss: 8.7718
Step 10 - Original loss: 8.6916, Custom loss: 0.8086, Total loss: 9.0959
Step 10 - Original loss: 8.5979, Custom loss: 0.2832, Total loss: 8.7395
Step 10 - Original loss: 9.5863, Custom loss: 0.3125, Total loss: 9.7426
Step 10 - Original loss: 9.4924, Custom loss: 0.7852, Total loss: 9.8850
Step 10 - Original loss: 9.3127, Custom loss: 0.6211, Total loss: 9.6233
Step 10 - Original loss: 10.1956, Custom loss: 1.1016, Total loss: 10.7463
Step 10 - Original loss: 10.1724, Custom loss: 1.1016, Total loss: 10.7232
Step 10 - Original loss: 8.9494, Custom loss: 0.7539, Total loss: 9.3264
Step 10 - Original loss: 10.1488, Custom loss: 0.1465, Total loss: 10.2221
Step 10 - Original loss: 9.3284, Custom loss: 0.5742, Total loss: 9.6155
Step 10 - Original loss: 9.3986, Custom loss: 0.4375, Total loss: 9.6174
Step 10 - Original loss: 9.4808, Custom loss: 0.4707, Total loss: 9.7161
Step 10 - Original loss: 9.2973, Custom loss: 1.2266, Total loss: 9.9106
Step 10 - Original loss: 9.9299, Custom loss: 0.7617, Total loss: 10.3108
Step 10 - Original loss: 10.3911, Custom loss: 0.2139, Total loss: 10.4980
Step 10 - Original loss: 9.9144, Custom loss: 0.7305, Total loss: 10.2797
Step 10 - Original loss: 9.6918, Custom loss: 0.5859, Total loss: 9.9848
Step 10 - Original loss: 10.2345, Custom loss: 1.3359, Total loss: 10.9025
Step 10 - Original loss: 9.5080, Custom loss: 1.0234, Total loss: 10.0197
Step 10 - Original loss: 9.5315, Custom loss: 1.2031, Total loss: 10.1331
Step 10 - Original loss: 9.1409, Custom loss: 0.6484, Total loss: 9.4651
Step 10 - Original loss: 10.4223, Custom loss: 0.8008, Total loss: 10.8227
Step 10 - Original loss: 9.0744, Custom loss: 0.6797, Total loss: 9.4143
Step 10 - Original loss: 9.3595, Custom loss: 1.2656, Total loss: 9.9924
Step 10 - Original loss: 9.5434, Custom loss: 0.6523, Total loss: 9.8696
Step 10 - Original loss: 9.6486, Custom loss: 0.9062, Total loss: 10.1018
Step 10 - Original loss: 8.7544, Custom loss: 0.5898, Total loss: 9.0494
Step 10 - Original loss: 9.8909, Custom loss: 0.5078, Total loss: 10.1448
Step 10 - Original loss: 9.3753, Custom loss: 0.4824, Total loss: 9.6165
Step 10 - Original loss: 9.3599, Custom loss: 0.3789, Total loss: 9.5493
Step 10 - Original loss: 10.4145, Custom loss: 0.8711, Total loss: 10.8500
Step 10 - Original loss: 9.7504, Custom loss: 0.9531, Total loss: 10.2270
Step 10 - Original loss: 9.3831, Custom loss: 0.4297, Total loss: 9.5980
Step 10 - Original loss: 8.9964, Custom loss: 0.7227, Total loss: 9.3577
Step 10 - Original loss: 8.3205, Custom loss: 0.4551, Total loss: 8.5481
Step 10 - Original loss: 9.3754, Custom loss: 0.7969, Total loss: 9.7738
Step 10 - Original loss: 8.9573, Custom loss: 0.4492, Total loss: 9.1819
Step 10 - Original loss: 9.2463, Custom loss: 0.5430, Total loss: 9.5178
Step 10 - Original loss: 9.7426, Custom loss: 0.9062, Total loss: 10.1957
Step 10 - Original loss: 9.5629, Custom loss: 1.1406, Total loss: 10.1332
Step 10 - Original loss: 9.2346, Custom loss: 0.6953, Total loss: 9.5823
Step 10 - Original loss: 8.8674, Custom loss: 0.4746, Total loss: 9.1047
Step 10 - Original loss: 10.0159, Custom loss: 0.7617, Total loss: 10.3967
Step 10 - Original loss: 9.3090, Custom loss: 0.6992, Total loss: 9.6586
Step 10 - Original loss: 9.3323, Custom loss: 0.3164, Total loss: 9.4905
Step 10 - Original loss: 9.0667, Custom loss: 0.2354, Total loss: 9.1844
Step 10 - Original loss: 9.3832, Custom loss: 0.7461, Total loss: 9.7562
Step 10 - Original loss: 9.5784, Custom loss: 0.3848, Total loss: 9.7708
Step 10 - Original loss: 9.6877, Custom loss: 0.6406, Total loss: 10.0080
Step 10 - Original loss: 9.2658, Custom loss: 0.6992, Total loss: 9.6154
Step 10 - Original loss: 10.1565, Custom loss: 0.8633, Total loss: 10.5881
Step 10 - Original loss: 8.8908, Custom loss: 0.4004, Total loss: 9.0910
Step 10 - Original loss: 10.1804, Custom loss: 0.8203, Total loss: 10.5905
Step 10 - Original loss: 8.6721, Custom loss: 0.7461, Total loss: 9.0451
Step 10 - Original loss: 8.6174, Custom loss: 0.2539, Total loss: 8.7443
Step 10 - Original loss: 9.1567, Custom loss: 0.6797, Total loss: 9.4965
Step 10 - Original loss: 9.6527, Custom loss: 1.0625, Total loss: 10.1839
Step 10 - Original loss: 9.1449, Custom loss: 0.9922, Total loss: 9.6410
Step 10 - Original loss: 9.5198, Custom loss: 0.7383, Total loss: 9.8889
Step 10 - Original loss: 9.1409, Custom loss: 0.2715, Total loss: 9.2766
Step 10 - Original loss: 9.6019, Custom loss: 0.6328, Total loss: 9.9183
Step 10 - Original loss: 9.6995, Custom loss: 0.9805, Total loss: 10.1898
Step 10 - Original loss: 9.4573, Custom loss: 0.6797, Total loss: 9.7971
Step 10 - Original loss: 9.8674, Custom loss: 1.1797, Total loss: 10.4572
Step 10 - Original loss: 9.7971, Custom loss: 1.0312, Total loss: 10.3127
Step 10 - Original loss: 9.0783, Custom loss: 0.3965, Total loss: 9.2766
Step 10 - Original loss: 10.0238, Custom loss: 0.7109, Total loss: 10.3793
Step 10 - Original loss: 9.2893, Custom loss: 0.8008, Total loss: 9.6897
Step 10 - Original loss: 9.5745, Custom loss: 0.6172, Total loss: 9.8831
Step 10 - Original loss: 9.5549, Custom loss: 0.4980, Total loss: 9.8039
Step 10 - Original loss: 9.1213, Custom loss: 0.7969, Total loss: 9.5197
Step 10 - Original loss: 9.9456, Custom loss: 0.4043, Total loss: 10.1477
Step 10 - Original loss: 10.0862, Custom loss: 0.9570, Total loss: 10.5648
Step 10 - Original loss: 8.7385, Custom loss: 0.3379, Total loss: 8.9075
Step 10 - Original loss: 9.4300, Custom loss: 0.3906, Total loss: 9.6253
Step 10 - Original loss: 10.1565, Custom loss: 1.7422, Total loss: 11.0276
Step 10 - Original loss: 9.0667, Custom loss: 0.4805, Total loss: 9.3069
Step 10 - Original loss: 8.9768, Custom loss: 0.3574, Total loss: 9.1555
Step 10 - Original loss: 10.3596, Custom loss: 0.8750, Total loss: 10.7971
Step 10 - Original loss: 9.4848, Custom loss: 0.7539, Total loss: 9.8617
Step 10 - Original loss: 9.9378, Custom loss: 1.3047, Total loss: 10.5902
Step 10 - Original loss: 9.1877, Custom loss: 0.5586, Total loss: 9.4670
Step 10 - Original loss: 9.3518, Custom loss: 0.4766, Total loss: 9.5901
Step 10 - Original loss: 10.0862, Custom loss: 0.6992, Total loss: 10.4358
Step 10 - Original loss: 9.5942, Custom loss: 0.3730, Total loss: 9.7807
Step 10 - Original loss: 9.8830, Custom loss: 0.6836, Total loss: 10.2248
Step 10 - Original loss: 9.5942, Custom loss: 1.0156, Total loss: 10.1020
Step 10 - Original loss: 9.3675, Custom loss: 0.4219, Total loss: 9.5785
Step 10 - Original loss: 9.7270, Custom loss: 0.5508, Total loss: 10.0024
Step 10 - Original loss: 10.3519, Custom loss: 0.5352, Total loss: 10.6195
Step 10 - Original loss: 9.6098, Custom loss: 0.6211, Total loss: 9.9204
Step 10 - Original loss: 9.9222, Custom loss: 0.5469, Total loss: 10.1957
Step 10 - Original loss: 9.7113, Custom loss: 0.6719, Total loss: 10.0472
Step 10 - Original loss: 9.3361, Custom loss: 0.2715, Total loss: 9.4719
Step 10 - Original loss: 9.2660, Custom loss: 0.6875, Total loss: 9.6097
Step 10 - Original loss: 8.9260, Custom loss: 0.7539, Total loss: 9.3030
Step 10 - Original loss: 8.6682, Custom loss: 1.0625, Total loss: 9.1995
Step 10 - Original loss: 9.1174, Custom loss: 0.5469, Total loss: 9.3908
Step 10 - Original loss: 9.1330, Custom loss: 0.6094, Total loss: 9.4377
Step 10 - Original loss: 9.4377, Custom loss: 0.9531, Total loss: 9.9143
Step 10 - Original loss: 9.2033, Custom loss: 0.4785, Total loss: 9.4426
Step 10 - Original loss: 9.7268, Custom loss: 0.4473, Total loss: 9.9504
Step 10 - Original loss: 8.3988, Custom loss: 0.5781, Total loss: 8.6879
Step 10 - Original loss: 9.1252, Custom loss: 0.8086, Total loss: 9.5295
Step 10 - Original loss: 9.2346, Custom loss: 1.0625, Total loss: 9.7658
Step 10 - Original loss: 8.7072, Custom loss: 0.5117, Total loss: 8.9630
Step 10 - Original loss: 10.9302, Custom loss: 0.4844, Total loss: 11.1724
Step 10 - Original loss: 9.2892, Custom loss: 0.4590, Total loss: 9.5187
Step 10 - Original loss: 9.4690, Custom loss: 0.3887, Total loss: 9.6633
Step 10 - Original loss: 9.3283, Custom loss: 0.4004, Total loss: 9.5285
Step 10 - Original loss: 8.6057, Custom loss: 1.0781, Total loss: 9.1448
Step 10 - Original loss: 9.1174, Custom loss: 0.4805, Total loss: 9.3576
Step 10 - Original loss: 8.7580, Custom loss: 0.4590, Total loss: 8.9875
Step 10 - Original loss: 9.8284, Custom loss: 0.4551, Total loss: 10.0559
Step 10 - Original loss: 9.6565, Custom loss: 0.4238, Total loss: 9.8684
Step 10 - Original loss: 9.8371, Custom loss: 0.4180, Total loss: 10.0461
Step 10 - Original loss: 9.7114, Custom loss: 0.8008, Total loss: 10.1118
Step 10 - Original loss: 8.8596, Custom loss: 0.4355, Total loss: 9.0774
Step 10 - Original loss: 8.9182, Custom loss: 0.5703, Total loss: 9.2034
Step 10 - Original loss: 8.9845, Custom loss: 0.7812, Total loss: 9.3751
Step 10 - Original loss: 8.5666, Custom loss: 0.5430, Total loss: 8.8381
Step 10 - Original loss: 9.7034, Custom loss: 0.3945, Total loss: 9.9007
Step 10 - Original loss: 9.0041, Custom loss: 0.4355, Total loss: 9.2218
Step 10 - Original loss: 9.5941, Custom loss: 0.5078, Total loss: 9.8480
Step 10 - Original loss: 9.5590, Custom loss: 0.4785, Total loss: 9.7983
Step 10 - Original loss: 9.1214, Custom loss: 0.3594, Total loss: 9.3011
Step 10 - Original loss: 9.4729, Custom loss: 1.1875, Total loss: 10.0666
Step 10 - Original loss: 10.0472, Custom loss: 0.7383, Total loss: 10.4163
Step 10 - Original loss: 9.8987, Custom loss: 0.4512, Total loss: 10.1243
Step 10 - Original loss: 10.0863, Custom loss: 0.5508, Total loss: 10.3617
Step 10 - Original loss: 9.3831, Custom loss: 0.8789, Total loss: 9.8226
Step 10 - Original loss: 9.3753, Custom loss: 0.2070, Total loss: 9.4788
Step 10 - Original loss: 9.6879, Custom loss: 1.1719, Total loss: 10.2738
Step 10 - Original loss: 9.8206, Custom loss: 0.8828, Total loss: 10.2620
Step 10 - Original loss: 9.3988, Custom loss: 0.5820, Total loss: 9.6898
Step 10 - Original loss: 10.3674, Custom loss: 0.4902, Total loss: 10.6125
Step 10 - Original loss: 9.8443, Custom loss: 0.6016, Total loss: 10.1451
Step 10 - Original loss: 8.8829, Custom loss: 0.4746, Total loss: 9.1202
Step 10 - Original loss: 9.6994, Custom loss: 0.7969, Total loss: 10.0978
Step 10 - Original loss: 9.3751, Custom loss: 0.2734, Total loss: 9.5118
Step 10 - Original loss: 9.3206, Custom loss: 1.3359, Total loss: 9.9886
Step 10 - Original loss: 9.9768, Custom loss: 0.6172, Total loss: 10.2854
Step 10 - Original loss: 9.8639, Custom loss: 1.1484, Total loss: 10.4381
Step 10 - Original loss: 8.8753, Custom loss: 0.5625, Total loss: 9.1566
Step 10 - Original loss: 9.0705, Custom loss: 0.7031, Total loss: 9.4221
Step 10 - Original loss: 9.7892, Custom loss: 0.6758, Total loss: 10.1271
Step 10 - Original loss: 9.6096, Custom loss: 0.6641, Total loss: 9.9416
Step 10 - Original loss: 8.8635, Custom loss: 0.8398, Total loss: 9.2834
Step 10 - Original loss: 9.3635, Custom loss: 0.4648, Total loss: 9.5960
Step 10 - Original loss: 8.8948, Custom loss: 0.6836, Total loss: 9.2366
Step 10 - Original loss: 8.9535, Custom loss: 0.8125, Total loss: 9.3598
Step 10 - Original loss: 8.8088, Custom loss: 0.9062, Total loss: 9.2620
Step 10 - Original loss: 9.8440, Custom loss: 0.8516, Total loss: 10.2698
Step 10 - Original loss: 10.0628, Custom loss: 0.2656, Total loss: 10.1956
Step 10 - Original loss: 9.0120, Custom loss: 0.5898, Total loss: 9.3069
Step 10 - Original loss: 9.4145, Custom loss: 0.6602, Total loss: 9.7445
Step 10 - Original loss: 9.5786, Custom loss: 1.4531, Total loss: 10.3051
Step 10 - Original loss: 9.5630, Custom loss: 1.0625, Total loss: 10.0942
Step 10 - Original loss: 9.4924, Custom loss: 0.3164, Total loss: 9.6506
Step 10 - Original loss: 8.7579, Custom loss: 0.6406, Total loss: 9.0782
Step 10 - Original loss: 9.5785, Custom loss: 0.7734, Total loss: 9.9652
Step 10 - Original loss: 9.1213, Custom loss: 0.8633, Total loss: 9.5529
Step 10 - Original loss: 9.2463, Custom loss: 0.1865, Total loss: 9.3396
Step 10 - Original loss: 9.2502, Custom loss: 0.4258, Total loss: 9.4631
Step 10 - Original loss: 9.1291, Custom loss: 0.6367, Total loss: 9.4475
Step 10 - Original loss: 9.6487, Custom loss: 0.5547, Total loss: 9.9260
Step 10 - Original loss: 9.8832, Custom loss: 0.6367, Total loss: 10.2016
Step 10 - Original loss: 9.5002, Custom loss: 0.9570, Total loss: 9.9787
Step 10 - Original loss: 9.0198, Custom loss: 0.7461, Total loss: 9.3928
Step 10 - Original loss: 8.4650, Custom loss: 0.6875, Total loss: 8.8088
Step 10 - Original loss: 8.2893, Custom loss: 0.3223, Total loss: 8.4504
Step 10 - Original loss: 8.9651, Custom loss: 0.6445, Total loss: 9.2873
Step 10 - Original loss: 9.7347, Custom loss: 0.8984, Total loss: 10.1839
Step 10 - Original loss: 9.7775, Custom loss: 0.5391, Total loss: 10.0470
Step 10 - Original loss: 10.2504, Custom loss: 0.4473, Total loss: 10.4740
Step 10 - Original loss: 9.3986, Custom loss: 1.0312, Total loss: 9.9143
Step 10 - Original loss: 9.7191, Custom loss: 0.5508, Total loss: 9.9945
Step 10 - Original loss: 9.6292, Custom loss: 1.1328, Total loss: 10.1956
Step 10 - Original loss: 9.8050, Custom loss: 1.0391, Total loss: 10.3245
Step 10 - Original loss: 9.2268, Custom loss: 0.7070, Total loss: 9.5803
Step 10 - Original loss: 9.5588, Custom loss: 0.6016, Total loss: 9.8596
Step 10 - Original loss: 9.3596, Custom loss: 0.7578, Total loss: 9.7385
Step 10 - Original loss: 9.7776, Custom loss: 0.4824, Total loss: 10.0188
Step 10 - Original loss: 9.1135, Custom loss: 0.5117, Total loss: 9.3694
Step 10 - Original loss: 8.3870, Custom loss: 0.4043, Total loss: 8.5892
Step 10 - Original loss: 8.6369, Custom loss: 0.4258, Total loss: 8.8498
Step 10 - Original loss: 8.6877, Custom loss: 0.2061, Total loss: 8.7908
Step 10 - Original loss: 9.3832, Custom loss: 0.8477, Total loss: 9.8070
Step 10 - Original loss: 9.6097, Custom loss: 0.7812, Total loss: 10.0004
Step 10 - Original loss: 8.8128, Custom loss: 0.5742, Total loss: 9.0999
Step 10 - Original loss: 9.7464, Custom loss: 1.1562, Total loss: 10.3245
Step 10 - Original loss: 10.7112, Custom loss: 0.7305, Total loss: 11.0765
Step 10 - Original loss: 9.1760, Custom loss: 0.7734, Total loss: 9.5627
Step 10 - Original loss: 8.6798, Custom loss: 0.7617, Total loss: 9.0607
Step 10 - Original loss: 9.9925, Custom loss: 0.9297, Total loss: 10.4574
Step 10 - Original loss: 9.5276, Custom loss: 0.6641, Total loss: 9.8596
Step 10 - Original loss: 9.8754, Custom loss: 0.7422, Total loss: 10.2465
Step 10 - Original loss: 9.0314, Custom loss: 1.0859, Total loss: 9.5744
Step 10 - Original loss: 8.4573, Custom loss: 0.2178, Total loss: 8.5662
Step 10 - Original loss: 9.1096, Custom loss: 0.6172, Total loss: 9.4182
Step 10 - Original loss: 9.0043, Custom loss: 0.4727, Total loss: 9.2406
Step 10 - Original loss: 8.8714, Custom loss: 0.5078, Total loss: 9.1253
Step 10 - Original loss: 9.6566, Custom loss: 1.9297, Total loss: 10.6215
Step 10 - Original loss: 9.2697, Custom loss: 0.4609, Total loss: 9.5002
Step 10 - Original loss: 9.2190, Custom loss: 1.0469, Total loss: 9.7424
Step 10 - Original loss: 10.5084, Custom loss: 0.9531, Total loss: 10.9849
Step 10 - Original loss: 9.8127, Custom loss: 0.7656, Total loss: 10.1956
Step 10 - Original loss: 9.1409, Custom loss: 0.5859, Total loss: 9.4339
Step 10 - Original loss: 8.9689, Custom loss: 0.3477, Total loss: 9.1427
Step 10 - Original loss: 9.3987, Custom loss: 0.7461, Total loss: 9.7717
Step 10 - Original loss: 10.2347, Custom loss: 0.8398, Total loss: 10.6546
Step 10 - Original loss: 8.8049, Custom loss: 0.4863, Total loss: 9.0480
Step 10 - Original loss: 9.2307, Custom loss: 0.5430, Total loss: 9.5022
Step 10 - Original loss: 9.3166, Custom loss: 0.5508, Total loss: 9.5920
Step 10 - Original loss: 9.0668, Custom loss: 0.5742, Total loss: 9.3539
Step 10 - Original loss: 8.7658, Custom loss: 0.3340, Total loss: 8.9328
Step 10 - Original loss: 9.9534, Custom loss: 0.9336, Total loss: 10.4202
Step 10 - Original loss: 8.4806, Custom loss: 0.2930, Total loss: 8.6271
Step 10 - Original loss: 9.9303, Custom loss: 0.6484, Total loss: 10.2546
Step 10 - Original loss: 9.7152, Custom loss: 1.0000, Total loss: 10.2152
Step 10 - Original loss: 9.2619, Custom loss: 0.4512, Total loss: 9.4875
Step 10 - Original loss: 9.9142, Custom loss: 0.4824, Total loss: 10.1554
Step 10 - Original loss: 9.5157, Custom loss: 0.4160, Total loss: 9.7237
Step 10 - Original loss: 9.3559, Custom loss: 0.3340, Total loss: 9.5229
Step 10 - Original loss: 8.9807, Custom loss: 0.4316, Total loss: 9.1965
Step 10 - Original loss: 8.7346, Custom loss: 0.2852, Total loss: 8.8771
Step 10 - Original loss: 9.3832, Custom loss: 0.5156, Total loss: 9.6410
Step 10 - Original loss: 9.4611, Custom loss: 0.9609, Total loss: 9.9416
Step 10 - Original loss: 10.2074, Custom loss: 0.7734, Total loss: 10.5941
Step 10 - Original loss: 10.0125, Custom loss: 1.2891, Total loss: 10.6570
Step 10 - Original loss: 8.7971, Custom loss: 0.6719, Total loss: 9.1331
Step 10 - Original loss: 9.6409, Custom loss: 0.6992, Total loss: 9.9905
Step 10 - Original loss: 8.8361, Custom loss: 0.9141, Total loss: 9.2931
Step 10 - Original loss: 9.9613, Custom loss: 0.8125, Total loss: 10.3676
Step 10 - Original loss: 8.6918, Custom loss: 0.7031, Total loss: 9.0434
Step 10 - Original loss: 9.5783, Custom loss: 0.9453, Total loss: 10.0510
Step 10 - Original loss: 9.4380, Custom loss: 0.5508, Total loss: 9.7134
Step 10 - Original loss: 8.9144, Custom loss: 0.7383, Total loss: 9.2835
Step 10 - Original loss: 9.5513, Custom loss: 0.3945, Total loss: 9.7485
Step 10 - Original loss: 8.5236, Custom loss: 0.3730, Total loss: 8.7101
Step 10 - Original loss: 9.6723, Custom loss: 0.7227, Total loss: 10.0337
Step 10 - Original loss: 9.1252, Custom loss: 0.8555, Total loss: 9.5529
Step 10 - Original loss: 9.8794, Custom loss: 0.3379, Total loss: 10.0483
Step 10 - Original loss: 8.5665, Custom loss: 0.3555, Total loss: 8.7443
Step 10 - Original loss: 8.9025, Custom loss: 0.6914, Total loss: 9.2482
Step 10 - Original loss: 8.9376, Custom loss: 0.4746, Total loss: 9.1749
Step 10 - Original loss: 8.8362, Custom loss: 0.7188, Total loss: 9.1956
Step 10 - Original loss: 9.0432, Custom loss: 0.5859, Total loss: 9.3361
Step 10 - Original loss: 9.5079, Custom loss: 0.2969, Total loss: 9.6564
Step 10 - Original loss: 8.9298, Custom loss: 0.2256, Total loss: 9.0426
Step 10 - Original loss: 8.9845, Custom loss: 0.5625, Total loss: 9.2658
Step 10 - Original loss: 9.1996, Custom loss: 1.2891, Total loss: 9.8441
Step 10 - Original loss: 9.9222, Custom loss: 0.9727, Total loss: 10.4086
Step 10 - Original loss: 9.8206, Custom loss: 0.9492, Total loss: 10.2952
Step 10 - Original loss: 9.8283, Custom loss: 0.6680, Total loss: 10.1623
Step 10 - Original loss: 8.8908, Custom loss: 0.5195, Total loss: 9.1506
Step 10 - Original loss: 9.1410, Custom loss: 0.6992, Total loss: 9.4907
Step 10 - Original loss: 9.6642, Custom loss: 0.5977, Total loss: 9.9631
Step 10 - Original loss: 9.4651, Custom loss: 0.2871, Total loss: 9.6086
Step 10 - Original loss: 9.3596, Custom loss: 0.6953, Total loss: 9.7073
Step 10 - Original loss: 9.5511, Custom loss: 0.6719, Total loss: 9.8871
Step 10 - Original loss: 8.8751, Custom loss: 0.2246, Total loss: 8.9874
Step 10 - Original loss: 9.5237, Custom loss: 0.8555, Total loss: 9.9514
Step 10 - Original loss: 10.4693, Custom loss: 1.1797, Total loss: 11.0591
Step 10 - Original loss: 10.3442, Custom loss: 0.8320, Total loss: 10.7602
Step 10 - Original loss: 10.0083, Custom loss: 1.0000, Total loss: 10.5083
Step 10 - Original loss: 9.4221, Custom loss: 0.8750, Total loss: 9.8596
Step 10 - Original loss: 8.9768, Custom loss: 0.3789, Total loss: 9.1663
Step 10 - Original loss: 9.3791, Custom loss: 0.6953, Total loss: 9.7268
Step 10 - Original loss: 9.4419, Custom loss: 0.7617, Total loss: 9.8228
Step 10 - Original loss: 10.0554, Custom loss: 0.9609, Total loss: 10.5359
Step 10 - Original loss: 9.5199, Custom loss: 1.0078, Total loss: 10.0238
Step 10 - Original loss: 10.0824, Custom loss: 1.1797, Total loss: 10.6723
Step 10 - Original loss: 9.0199, Custom loss: 0.8516, Total loss: 9.4457
Step 10 - Original loss: 9.5238, Custom loss: 0.8555, Total loss: 9.9515
Step 10 - Original loss: 9.4065, Custom loss: 0.8984, Total loss: 9.8557
Step 10 - Original loss: 9.8675, Custom loss: 0.6055, Total loss: 10.1702
Step 10 - Original loss: 8.7072, Custom loss: 0.7461, Total loss: 9.0803
Step 10 - Original loss: 9.3713, Custom loss: 0.5391, Total loss: 9.6409
Step 10 - Original loss: 9.0550, Custom loss: 0.4941, Total loss: 9.3021
Step 10 - Original loss: 9.3753, Custom loss: 0.9219, Total loss: 9.8362
Step 10 - Original loss: 9.4887, Custom loss: 0.6992, Total loss: 9.8383
Step 10 - Original loss: 9.5630, Custom loss: 0.5469, Total loss: 9.8365
Step 10 - Original loss: 9.2150, Custom loss: 0.6172, Total loss: 9.5236
Step 10 - Original loss: 10.1175, Custom loss: 0.6172, Total loss: 10.4260
Step 10 - Original loss: 9.1839, Custom loss: 1.0859, Total loss: 9.7269
Step 10 - Original loss: 10.5393, Custom loss: 0.3340, Total loss: 10.7063
Step 10 - Original loss: 9.6095, Custom loss: 0.6328, Total loss: 9.9259
Step 10 - Original loss: 9.9064, Custom loss: 0.6797, Total loss: 10.2463
Step 10 - Original loss: 10.1330, Custom loss: 0.8047, Total loss: 10.5353
Step 10 - Original loss: 10.1995, Custom loss: 0.8320, Total loss: 10.6155
Step 10 - Original loss: 8.8324, Custom loss: 0.4707, Total loss: 9.0678
Step 10 - Original loss: 8.9026, Custom loss: 0.6602, Total loss: 9.2327
Step 10 - Original loss: 9.3909, Custom loss: 0.5977, Total loss: 9.6897
Step 10 - Original loss: 8.8909, Custom loss: 0.9414, Total loss: 9.3616
Step 10 - Original loss: 9.6290, Custom loss: 0.4805, Total loss: 9.8693
Step 10 - Original loss: 9.1567, Custom loss: 0.7852, Total loss: 9.5493
Step 10 - Original loss: 9.6878, Custom loss: 0.8711, Total loss: 10.1233
Step 10 - Original loss: 9.3909, Custom loss: 1.1484, Total loss: 9.9651
Step 10 - Original loss: 10.0553, Custom loss: 0.6172, Total loss: 10.3639
Step 10 - Original loss: 10.5160, Custom loss: 0.6680, Total loss: 10.8500
Step 10 - Original loss: 9.8596, Custom loss: 0.4668, Total loss: 10.0930
Step 10 - Original loss: 9.2502, Custom loss: 0.8281, Total loss: 9.6643
Step 10 - Original loss: 9.0628, Custom loss: 0.6719, Total loss: 9.3987
Step 10 - Original loss: 9.7660, Custom loss: 0.7227, Total loss: 10.1273
Step 10 - Original loss: 10.0746, Custom loss: 0.6953, Total loss: 10.4223
Step 10 - Original loss: 9.0628, Custom loss: 0.7891, Total loss: 9.4573
Step 10 - Original loss: 9.4690, Custom loss: 0.4375, Total loss: 9.6877
Step 10 - Original loss: 9.4652, Custom loss: 0.8672, Total loss: 9.8988
Step 10 - Original loss: 9.7230, Custom loss: 0.7422, Total loss: 10.0941
Step 10 - Original loss: 9.5316, Custom loss: 1.2812, Total loss: 10.1722
Step 10 - Original loss: 9.3986, Custom loss: 0.8555, Total loss: 9.8263
Step 10 - Original loss: 9.5512, Custom loss: 1.0000, Total loss: 10.0512
Step 10 - Original loss: 8.4846, Custom loss: 0.3574, Total loss: 8.6633
Step 10 - Original loss: 9.1410, Custom loss: 0.5469, Total loss: 9.4144
Step 10 - Original loss: 9.1371, Custom loss: 0.7773, Total loss: 9.5257
Step 10 - Original loss: 10.0159, Custom loss: 0.8281, Total loss: 10.4300
Step 10 - Original loss: 9.4847, Custom loss: 0.6484, Total loss: 9.8089
Step 10 - Original loss: 8.0745, Custom loss: 0.5352, Total loss: 8.3421
Step 10 - Original loss: 9.2347, Custom loss: 0.4297, Total loss: 9.4495
Step 10 - Original loss: 9.0315, Custom loss: 0.8125, Total loss: 9.4377
Step 10 - Original loss: 9.1213, Custom loss: 0.7422, Total loss: 9.4924
Step 10 - Original loss: 9.6098, Custom loss: 0.2812, Total loss: 9.7504
Step 10 - Original loss: 9.1448, Custom loss: 0.4551, Total loss: 9.3723
Step 10 - Original loss: 9.7815, Custom loss: 0.8008, Total loss: 10.1819
Step 10 - Original loss: 9.6369, Custom loss: 0.7422, Total loss: 10.0080
Step 10 - Original loss: 9.6331, Custom loss: 0.5977, Total loss: 9.9319
Step 10 - Original loss: 9.0120, Custom loss: 0.3379, Total loss: 9.1810
Step 10 - Original loss: 9.0549, Custom loss: 0.4160, Total loss: 9.2629
Step 10 - Original loss: 10.0784, Custom loss: 0.3438, Total loss: 10.2502
Step 10 - Original loss: 9.9535, Custom loss: 0.8906, Total loss: 10.3988
Step 10 - Original loss: 8.7346, Custom loss: 0.3438, Total loss: 8.9065
Step 10 - Original loss: 8.8479, Custom loss: 0.8672, Total loss: 9.2815
Step 10 - Original loss: 9.3987, Custom loss: 0.9219, Total loss: 9.8596
Step 10 - Original loss: 8.8205, Custom loss: 0.2676, Total loss: 8.9543
Step 10 - Original loss: 8.7932, Custom loss: 0.4160, Total loss: 9.0012
Step 10 - Original loss: 9.8597, Custom loss: 0.5312, Total loss: 10.1254
Step 10 - Original loss: 9.2622, Custom loss: 0.3438, Total loss: 9.4341
Step 10 - Original loss: 9.0902, Custom loss: 0.4668, Total loss: 9.3236
Step 10 - Original loss: 9.0393, Custom loss: 0.7344, Total loss: 9.4065
Step 10 - Original loss: 10.3674, Custom loss: 1.0234, Total loss: 10.8792
Step 10 - Original loss: 9.7658, Custom loss: 0.4824, Total loss: 10.0070
Step 10 - Original loss: 8.4377, Custom loss: 0.6641, Total loss: 8.7698
Step 10 - Original loss: 9.0082, Custom loss: 0.5391, Total loss: 9.2778
Step 10 - Original loss: 9.1487, Custom loss: 0.9336, Total loss: 9.6155
Step 10 - Original loss: 9.7503, Custom loss: 0.7188, Total loss: 10.1097
Step 10 - Original loss: 9.6174, Custom loss: 0.6484, Total loss: 9.9416
Step 10 - Original loss: 9.3283, Custom loss: 0.6250, Total loss: 9.6408
Step 10 - Original loss: 8.5471, Custom loss: 0.2578, Total loss: 8.6760
Step 10 - Original loss: 8.7580, Custom loss: 0.2236, Total loss: 8.8698
Step 10 - Original loss: 9.2933, Custom loss: 0.4316, Total loss: 9.5091
Step 10 - Original loss: 9.2346, Custom loss: 0.9141, Total loss: 9.6917
Step 10 - Original loss: 8.9339, Custom loss: 0.2910, Total loss: 9.0794
Step 10 - Original loss: 8.8400, Custom loss: 0.4258, Total loss: 9.0529
Step 10 - Original loss: 9.3519, Custom loss: 1.0625, Total loss: 9.8831
Step 10 - Original loss: 10.0354, Custom loss: 0.5117, Total loss: 10.2912
Step 10 - Original loss: 9.6293, Custom loss: 0.7500, Total loss: 10.0043
Step 10 - Original loss: 9.4095, Custom loss: 1.0547, Total loss: 9.9369
Step 10 - Original loss: 9.6410, Custom loss: 0.7070, Total loss: 9.9945
Step 10 - Original loss: 9.2111, Custom loss: 0.7500, Total loss: 9.5861
Step 10 - Original loss: 9.2855, Custom loss: 0.4414, Total loss: 9.5062
Step 10 - Original loss: 9.0862, Custom loss: 0.7109, Total loss: 9.4417
Step 10 - Original loss: 10.0550, Custom loss: 2.0781, Total loss: 11.0941
Step 10 - Original loss: 9.8909, Custom loss: 0.4902, Total loss: 10.1360
Step 10 - Original loss: 9.5746, Custom loss: 0.7031, Total loss: 9.9261
Step 10 - Original loss: 9.5159, Custom loss: 0.3262, Total loss: 9.6790
Step 10 - Original loss: 9.4885, Custom loss: 0.5664, Total loss: 9.7717
Step 10 - Original loss: 9.8558, Custom loss: 0.5703, Total loss: 10.1410
Step 10 - Original loss: 9.2111, Custom loss: 0.3535, Total loss: 9.3879
Step 10 - Original loss: 10.2659, Custom loss: 0.3086, Total loss: 10.4202
Step 10 - Original loss: 10.1135, Custom loss: 0.2598, Total loss: 10.2434
Step 10 - Original loss: 9.2814, Custom loss: 0.6992, Total loss: 9.6311
Step 10 - Original loss: 8.8596, Custom loss: 0.3809, Total loss: 9.0500
Step 10 - Original loss: 9.1408, Custom loss: 0.2910, Total loss: 9.2863
Step 10 - Original loss: 8.2385, Custom loss: 0.3301, Total loss: 8.4036
Step 10 - Original loss: 9.4065, Custom loss: 0.3848, Total loss: 9.5989
Step 10 - Original loss: 9.2815, Custom loss: 0.7188, Total loss: 9.6409
Step 10 - Original loss: 9.3361, Custom loss: 0.6523, Total loss: 9.6623
Step 10 - Original loss: 9.2502, Custom loss: 0.4375, Total loss: 9.4690
Step 10 - Original loss: 8.7892, Custom loss: 0.6094, Total loss: 9.0939
Step 10 - Original loss: 9.5239, Custom loss: 0.4121, Total loss: 9.7300
Step 10 - Original loss: 9.1488, Custom loss: 0.5703, Total loss: 9.4339
Step 10 - Original loss: 9.4926, Custom loss: 1.2969, Total loss: 10.1410
Step 10 - Original loss: 9.2737, Custom loss: 0.4961, Total loss: 9.5218
Step 10 - Original loss: 8.7464, Custom loss: 0.2295, Total loss: 8.8611
Step 10 - Original loss: 9.0158, Custom loss: 0.5391, Total loss: 9.2853
Step 10 - Original loss: 9.3908, Custom loss: 0.5586, Total loss: 9.6701
Step 10 - Original loss: 9.9065, Custom loss: 0.5039, Total loss: 10.1584
Step 10 - Original loss: 8.1370, Custom loss: 0.6055, Total loss: 8.4397
Step 10 - Original loss: 9.2424, Custom loss: 0.5977, Total loss: 9.5413
Step 10 - Original loss: 9.1018, Custom loss: 0.4766, Total loss: 9.3400
Step 10 - Original loss: 9.0783, Custom loss: 0.5703, Total loss: 9.3635
Step 10 - Original loss: 9.4377, Custom loss: 0.5156, Total loss: 9.6955
Step 10 - Original loss: 10.2504, Custom loss: 0.4297, Total loss: 10.4652
Step 10 - Original loss: 9.6722, Custom loss: 0.9023, Total loss: 10.1233
Step 10 - Original loss: 9.2269, Custom loss: 0.6328, Total loss: 9.5433
Step 10 - Original loss: 8.6058, Custom loss: 0.4141, Total loss: 8.8128
Step 10 - Original loss: 8.8752, Custom loss: 0.2520, Total loss: 9.0012
Step 10 - Original loss: 9.2034, Custom loss: 0.3164, Total loss: 9.3616
Step 10 - Original loss: 9.7073, Custom loss: 0.5117, Total loss: 9.9631
Step 10 - Original loss: 9.1058, Custom loss: 0.5273, Total loss: 9.3695
Step 10 - Original loss: 9.9535, Custom loss: 0.4199, Total loss: 10.1634
Step 10 - Original loss: 9.6642, Custom loss: 0.7148, Total loss: 10.0217
Step 10 - Original loss: 8.9845, Custom loss: 0.6094, Total loss: 9.2892
Step 10 - Original loss: 9.8519, Custom loss: 0.5039, Total loss: 10.1038
Step 10 - Original loss: 8.7424, Custom loss: 0.4043, Total loss: 8.9445
Step 10 - Original loss: 9.5316, Custom loss: 1.0938, Total loss: 10.0785
Step 10 - Original loss: 9.3673, Custom loss: 1.1484, Total loss: 9.9415
Step 10 - Original loss: 9.4302, Custom loss: 0.9375, Total loss: 9.8989
Step 10 - Original loss: 8.7033, Custom loss: 0.2695, Total loss: 8.8381
Step 10 - Original loss: 10.7621, Custom loss: 0.8906, Total loss: 11.2074
Step 10 - Original loss: 9.5159, Custom loss: 0.5508, Total loss: 9.7913
Step 10 - Original loss: 9.4417, Custom loss: 0.5000, Total loss: 9.6917
Step 10 - Original loss: 9.3987, Custom loss: 0.5117, Total loss: 9.6545
Step 10 - Original loss: 10.1018, Custom loss: 1.0078, Total loss: 10.6057
Step 10 - Original loss: 9.7502, Custom loss: 0.5898, Total loss: 10.0452
Step 10 - Original loss: 9.5394, Custom loss: 1.5234, Total loss: 10.3012
Step 10 - Original loss: 10.6487, Custom loss: 0.9062, Total loss: 11.1018
Step 10 - Original loss: 9.2385, Custom loss: 0.3887, Total loss: 9.4328
Step 10 - Original loss: 9.2462, Custom loss: 0.8164, Total loss: 9.6544
Step 10 - Original loss: 10.3365, Custom loss: 0.7109, Total loss: 10.6919
Step 10 - Original loss: 9.7033, Custom loss: 0.4453, Total loss: 9.9260
Step 10 - Original loss: 9.4846, Custom loss: 0.4570, Total loss: 9.7132
Step 10 - Original loss: 9.2268, Custom loss: 0.5742, Total loss: 9.5139
Step 10 - Original loss: 8.1097, Custom loss: 0.9844, Total loss: 8.6019
Step 10 - Original loss: 9.3948, Custom loss: 0.6094, Total loss: 9.6995
Step 10 - Original loss: 9.4496, Custom loss: 0.2559, Total loss: 9.5775
Step 10 - Original loss: 8.6564, Custom loss: 0.4375, Total loss: 8.8751
Step 10 - Original loss: 9.6338, Custom loss: 0.4199, Total loss: 9.8438
Step 10 - Original loss: 8.9139, Custom loss: 0.6680, Total loss: 9.2479
Step 10 - Original loss: 9.3051, Custom loss: 0.5781, Total loss: 9.5941
Step 10 - Original loss: 9.5393, Custom loss: 0.8633, Total loss: 9.9710
Step 10 - Original loss: 8.4885, Custom loss: 0.7109, Total loss: 8.8440
Step 10 - Original loss: 10.0333, Custom loss: 0.6953, Total loss: 10.3810
Step 10 - Original loss: 9.9027, Custom loss: 0.6992, Total loss: 10.2524
Step 10 - Original loss: 9.2424, Custom loss: 0.7422, Total loss: 9.6135
Step 10 - Original loss: 9.5471, Custom loss: 0.7891, Total loss: 9.9417
Step 10 - Original loss: 9.0900, Custom loss: 0.5625, Total loss: 9.3713
Step 10 - Original loss: 9.4612, Custom loss: 0.4883, Total loss: 9.7053
Step 10 - Original loss: 8.8480, Custom loss: 0.6836, Total loss: 9.1897
Step 10 - Original loss: 9.9303, Custom loss: 0.6562, Total loss: 10.2584
Step 10 - Original loss: 8.9689, Custom loss: 0.7305, Total loss: 9.3341
Step 10 - Original loss: 9.1565, Custom loss: 1.1250, Total loss: 9.7190
Step 10 - Original loss: 9.9143, Custom loss: 0.3047, Total loss: 10.0667
Step 10 - Original loss: 8.6760, Custom loss: 0.7031, Total loss: 9.0276
Step 10 - Original loss: 9.7424, Custom loss: 0.5234, Total loss: 10.0041
Step 10 - Original loss: 8.9846, Custom loss: 1.1172, Total loss: 9.5432
Step 10 - Original loss: 9.6878, Custom loss: 0.4492, Total loss: 9.9124
Step 10 - Original loss: 9.3909, Custom loss: 0.4102, Total loss: 9.5960
Step 10 - Original loss: 9.3284, Custom loss: 0.2969, Total loss: 9.4768
Step 10 - Original loss: 9.4612, Custom loss: 0.4727, Total loss: 9.6975
Step 10 - Original loss: 9.5785, Custom loss: 0.5273, Total loss: 9.8421
Step 10 - Original loss: 9.2581, Custom loss: 0.7148, Total loss: 9.6155
Step 10 - Original loss: 9.1643, Custom loss: 0.4004, Total loss: 9.3645
Step 10 - Original loss: 10.2661, Custom loss: 1.0078, Total loss: 10.7700
Step 10 - Original loss: 9.0862, Custom loss: 0.3652, Total loss: 9.2688
Step 10 - Original loss: 8.7619, Custom loss: 0.7383, Total loss: 9.1311
Step 10 - Original loss: 9.5706, Custom loss: 0.5977, Total loss: 9.8695
Step 10 - Original loss: 8.6213, Custom loss: 0.2432, Total loss: 8.7429
Step 10 - Original loss: 9.7189, Custom loss: 0.8320, Total loss: 10.1350
Step 10 - Original loss: 9.0002, Custom loss: 0.4531, Total loss: 9.2268
Step 10 - Original loss: 9.8598, Custom loss: 0.8984, Total loss: 10.3090
Step 10 - Original loss: 9.7268, Custom loss: 0.8242, Total loss: 10.1389
Step 10 - Original loss: 9.9535, Custom loss: 0.7031, Total loss: 10.3050
Step 10 - Original loss: 9.9769, Custom loss: 0.6211, Total loss: 10.2874
Step 10 - Original loss: 10.4455, Custom loss: 0.6094, Total loss: 10.7502
Step 10 - Original loss: 8.2307, Custom loss: 0.9688, Total loss: 8.7151
Step 10 - Original loss: 10.6059, Custom loss: 0.9492, Total loss: 11.0805
Step 10 - Original loss: 9.2034, Custom loss: 1.5312, Total loss: 9.9691
Step 10 - Original loss: 9.6254, Custom loss: 1.0391, Total loss: 10.1450
Step 10 - Original loss: 9.2425, Custom loss: 0.7188, Total loss: 9.6019
Step 10 - Original loss: 9.2815, Custom loss: 0.3125, Total loss: 9.4377
Step 10 - Original loss: 9.0902, Custom loss: 0.4414, Total loss: 9.3109
Step 10 - Original loss: 8.3986, Custom loss: 0.4570, Total loss: 8.6271
Step 10 - Original loss: 8.6916, Custom loss: 0.4688, Total loss: 8.9260
Step 10 - Original loss: 8.8127, Custom loss: 0.9219, Total loss: 9.2736
Step 10 - Original loss: 9.2895, Custom loss: 0.1816, Total loss: 9.3803
Step 10 - Original loss: 9.5629, Custom loss: 0.5078, Total loss: 9.8168
Step 10 - Original loss: 8.8323, Custom loss: 0.7383, Total loss: 9.2014
Step 10 - Original loss: 9.1409, Custom loss: 0.4844, Total loss: 9.3831
Step 10 - Original loss: 10.4691, Custom loss: 0.7031, Total loss: 10.8207
Step 10 - Original loss: 9.1486, Custom loss: 0.4395, Total loss: 9.3684
Step 10 - Original loss: 9.1292, Custom loss: 0.2949, Total loss: 9.2766
Step 10 - Original loss: 9.7113, Custom loss: 0.5859, Total loss: 10.0042
Step 10 - Original loss: 9.4612, Custom loss: 0.3887, Total loss: 9.6556
Step 10 - Original loss: 9.3206, Custom loss: 0.7227, Total loss: 9.6819
Step 10 - Original loss: 9.4731, Custom loss: 0.3906, Total loss: 9.6684
Step 10 - Original loss: 10.3676, Custom loss: 1.2109, Total loss: 10.9731
Step 10 - Original loss: 9.0939, Custom loss: 0.4766, Total loss: 9.3322
Step 10 - Original loss: 9.2113, Custom loss: 0.4453, Total loss: 9.4340
Step 10 - Original loss: 9.9222, Custom loss: 0.4727, Total loss: 10.1585
Step 10 - Original loss: 9.6019, Custom loss: 0.5898, Total loss: 9.8969
Step 10 - Original loss: 9.9534, Custom loss: 0.5117, Total loss: 10.2093
Step 10 - Original loss: 9.2309, Custom loss: 0.6523, Total loss: 9.5570
Step 10 - Original loss: 9.5159, Custom loss: 0.5664, Total loss: 9.7991
Step 10 - Original loss: 9.4416, Custom loss: 0.4141, Total loss: 9.6486
Step 10 - Original loss: 9.8597, Custom loss: 1.3594, Total loss: 10.5394
Step 10 - Original loss: 10.1020, Custom loss: 0.5039, Total loss: 10.3540
Step 10 - Original loss: 8.4456, Custom loss: 0.8203, Total loss: 8.8557
Step 10 - Original loss: 8.9300, Custom loss: 0.2852, Total loss: 9.0725
Step 10 - Original loss: 8.7229, Custom loss: 0.3359, Total loss: 8.8909
Step 10 - Original loss: 8.9299, Custom loss: 0.3320, Total loss: 9.0959
Step 10 - Original loss: 8.8869, Custom loss: 0.5156, Total loss: 9.1447
Step 10 - Original loss: 8.7308, Custom loss: 0.7383, Total loss: 9.1000
Step 10 - Original loss: 9.8206, Custom loss: 0.9492, Total loss: 10.2952
Step 10 - Original loss: 9.8323, Custom loss: 0.6797, Total loss: 10.1721
Step 10 - Original loss: 10.1801, Custom loss: 0.9531, Total loss: 10.6566
Step 10 - Original loss: 9.9144, Custom loss: 0.3848, Total loss: 10.1068
Step 10 - Original loss: 9.6017, Custom loss: 0.2988, Total loss: 9.7512
Step 10 - Original loss: 9.2425, Custom loss: 0.8438, Total loss: 9.6644
Step 10 - Original loss: 9.9768, Custom loss: 0.9531, Total loss: 10.4534
Step 10 - Original loss: 10.4691, Custom loss: 0.6953, Total loss: 10.8168
Step 10 - Original loss: 9.7112, Custom loss: 0.6875, Total loss: 10.0550
Step 10 - Original loss: 8.8205, Custom loss: 0.3887, Total loss: 9.0148
Step 10 - Original loss: 9.1564, Custom loss: 0.6602, Total loss: 9.4865
Step 10 - Original loss: 9.5314, Custom loss: 0.2676, Total loss: 9.6652
Step 10 - Original loss: 8.9065, Custom loss: 0.3379, Total loss: 9.0754
Step 10 - Original loss: 9.7230, Custom loss: 0.5156, Total loss: 9.9808
Step 10 - Original loss: 9.2034, Custom loss: 0.4629, Total loss: 9.4348
Step 10 - Original loss: 9.1720, Custom loss: 0.3574, Total loss: 9.3507
Step 10 - Original loss: 8.6136, Custom loss: 0.4180, Total loss: 8.8226
Step 10 - Original loss: 9.0198, Custom loss: 0.6836, Total loss: 9.3616
Step 10 - Original loss: 8.9768, Custom loss: 0.9844, Total loss: 9.4690
Step 10 - Original loss: 9.4260, Custom loss: 0.7070, Total loss: 9.7795
Step 10 - Original loss: 9.9065, Custom loss: 0.7969, Total loss: 10.3049
Step 10 - Original loss: 9.7347, Custom loss: 0.2441, Total loss: 9.8567
Step 10 - Original loss: 9.5315, Custom loss: 0.6211, Total loss: 9.8420
Step 10 - Original loss: 9.1955, Custom loss: 0.2080, Total loss: 9.2995
Step 10 - Original loss: 9.7507, Custom loss: 0.5664, Total loss: 10.0339
Step 10 - Original loss: 8.7893, Custom loss: 0.6367, Total loss: 9.1077
Step 10 - Original loss: 9.0862, Custom loss: 0.2910, Total loss: 9.2317
Step 10 - Original loss: 9.2230, Custom loss: 0.9727, Total loss: 9.7094
Step 10 - Original loss: 8.9143, Custom loss: 0.8867, Total loss: 9.3576
Step 10 - Original loss: 8.7775, Custom loss: 0.4414, Total loss: 8.9982
Step 10 - Original loss: 8.8674, Custom loss: 0.6836, Total loss: 9.2092
Step 10 - Original loss: 10.0003, Custom loss: 0.5977, Total loss: 10.2991
Step 10 - Original loss: 9.0354, Custom loss: 1.0078, Total loss: 9.5393
Step 10 - Original loss: 10.0080, Custom loss: 0.4648, Total loss: 10.2405
Step 10 - Original loss: 8.9885, Custom loss: 0.7656, Total loss: 9.3714
Step 10 - Original loss: 9.4065, Custom loss: 0.4082, Total loss: 9.6106
Step 10 - Original loss: 9.3284, Custom loss: 0.4727, Total loss: 9.5647
Step 10 - Original loss: 9.3090, Custom loss: 1.0859, Total loss: 9.8519
Step 10 - Original loss: 9.0628, Custom loss: 1.0000, Total loss: 9.5628
Step 10 - Original loss: 8.7502, Custom loss: 0.4023, Total loss: 8.9514
Step 10 - Original loss: 9.8129, Custom loss: 0.5312, Total loss: 10.0785
Step 10 - Original loss: 9.0316, Custom loss: 0.9336, Total loss: 9.4984
Step 10 - Original loss: 8.9106, Custom loss: 0.6484, Total loss: 9.2349
Step 10 - Original loss: 9.8831, Custom loss: 0.9023, Total loss: 10.3343
Step 10 - Original loss: 9.3402, Custom loss: 0.6133, Total loss: 9.6469
Step 10 - Original loss: 8.8245, Custom loss: 0.6758, Total loss: 9.1624
Step 10 - Original loss: 9.7034, Custom loss: 0.5820, Total loss: 9.9944
Step 10 - Original loss: 10.0824, Custom loss: 0.5000, Total loss: 10.3324
Step 10 - Original loss: 9.8908, Custom loss: 0.3516, Total loss: 10.0666
Step 10 - Original loss: 9.0236, Custom loss: 0.3730, Total loss: 9.2101
Step 10 - Original loss: 8.8323, Custom loss: 0.8750, Total loss: 9.2698
Step 10 - Original loss: 9.7699, Custom loss: 0.7539, Total loss: 10.1468
Step 10 - Original loss: 9.4104, Custom loss: 0.5781, Total loss: 9.6995
Step 10 - Original loss: 9.3948, Custom loss: 0.9492, Total loss: 9.8694
Step 10 - Original loss: 10.1565, Custom loss: 1.2734, Total loss: 10.7932
Step 10 - Original loss: 9.1408, Custom loss: 0.6914, Total loss: 9.4865
Step 10 - Original loss: 8.9729, Custom loss: 0.6055, Total loss: 9.2756
Step 10 - Original loss: 8.4339, Custom loss: 0.6719, Total loss: 8.7698
Step 10 - Original loss: 9.3091, Custom loss: 0.6328, Total loss: 9.6255
Step 10 - Original loss: 9.5315, Custom loss: 1.0859, Total loss: 10.0745
Step 10 - Original loss: 9.9144, Custom loss: 0.5781, Total loss: 10.2035
Step 10 - Original loss: 9.0552, Custom loss: 0.5625, Total loss: 9.3364
Step 10 - Original loss: 8.7542, Custom loss: 0.2832, Total loss: 8.8958
Step 10 - Original loss: 9.0471, Custom loss: 0.7461, Total loss: 9.4201
Step 10 - Original loss: 8.5472, Custom loss: 0.4746, Total loss: 8.7845
Step 10 - Original loss: 8.9221, Custom loss: 0.7031, Total loss: 9.2736
Step 10 - Original loss: 9.8246, Custom loss: 0.6562, Total loss: 10.1527
Step 10 - Original loss: 9.5393, Custom loss: 0.5820, Total loss: 9.8303
Step 10 - Original loss: 8.7230, Custom loss: 0.9727, Total loss: 9.2093
Step 10 - Original loss: 9.3517, Custom loss: 0.6680, Total loss: 9.6857
Step 10 - Original loss: 9.0939, Custom loss: 0.4707, Total loss: 9.3293
Step 10 - Original loss: 8.5001, Custom loss: 0.5078, Total loss: 8.7540
Step 10 - Original loss: 9.9847, Custom loss: 0.2871, Total loss: 10.1282
Step 10 - Original loss: 9.4535, Custom loss: 0.4434, Total loss: 9.6752
Step 10 - Original loss: 10.0862, Custom loss: 0.7969, Total loss: 10.4847
Step 10 - Original loss: 8.4691, Custom loss: 0.5625, Total loss: 8.7504
Step 10 - Original loss: 8.8128, Custom loss: 0.7031, Total loss: 9.1644
Step 10 - Original loss: 9.6645, Custom loss: 0.6680, Total loss: 9.9985
Step 10 - Original loss: 9.7466, Custom loss: 0.5703, Total loss: 10.0317
Step 10 - Original loss: 10.0628, Custom loss: 0.5742, Total loss: 10.3499
Step 10 - Original loss: 9.7035, Custom loss: 0.4609, Total loss: 9.9340
Step 10 - Original loss: 8.8400, Custom loss: 0.7227, Total loss: 9.2013
Step 10 - Original loss: 8.9925, Custom loss: 0.7148, Total loss: 9.3499
Step 10 - Original loss: 9.4299, Custom loss: 0.7539, Total loss: 9.8069
Step 10 - Original loss: 8.9182, Custom loss: 0.4414, Total loss: 9.1389
Step 10 - Original loss: 9.7893, Custom loss: 0.2734, Total loss: 9.9260
Step 10 - Original loss: 9.7035, Custom loss: 0.9375, Total loss: 10.1722
Step 10 - Original loss: 8.8636, Custom loss: 0.8555, Total loss: 9.2913
Step 10 - Original loss: 9.9846, Custom loss: 0.4258, Total loss: 10.1975
Step 10 - Original loss: 10.1878, Custom loss: 0.5469, Total loss: 10.4612
Step 10 - Original loss: 9.4144, Custom loss: 0.3594, Total loss: 9.5941
Step 10 - Original loss: 9.3908, Custom loss: 0.3477, Total loss: 9.5646
Step 10 - Original loss: 8.7150, Custom loss: 0.3926, Total loss: 8.9113
Step 10 - Original loss: 8.7502, Custom loss: 0.4375, Total loss: 8.9689
Step 10 - Original loss: 9.3831, Custom loss: 0.8594, Total loss: 9.8127
Step 10 - Original loss: 9.8050, Custom loss: 0.6484, Total loss: 10.1292
Step 10 - Original loss: 10.2465, Custom loss: 0.7617, Total loss: 10.6273
Step 10 - Original loss: 8.3439, Custom loss: 0.4102, Total loss: 8.5490
Step 10 - Original loss: 9.8833, Custom loss: 0.5078, Total loss: 10.1372
Step 10 - Original loss: 9.2346, Custom loss: 0.4375, Total loss: 9.4534
Step 10 - Original loss: 9.5081, Custom loss: 0.4043, Total loss: 9.7102
Step 10 - Original loss: 9.2190, Custom loss: 0.3633, Total loss: 9.4006
Step 10 - Original loss: 10.0003, Custom loss: 1.2266, Total loss: 10.6136
Step 10 - Original loss: 9.8050, Custom loss: 0.7109, Total loss: 10.1605
Step 10 - Original loss: 9.1018, Custom loss: 0.6953, Total loss: 9.4495
Step 10 - Original loss: 8.5784, Custom loss: 0.3848, Total loss: 8.7708
Step 10 - Original loss: 9.0746, Custom loss: 0.3379, Total loss: 9.2436
Step 10 - Original loss: 9.8285, Custom loss: 0.8164, Total loss: 10.2367
Step 10 - Original loss: 9.5315, Custom loss: 0.3301, Total loss: 9.6966
Step 10 - Original loss: 9.8126, Custom loss: 0.4453, Total loss: 10.0353
Step 10 - Original loss: 9.4494, Custom loss: 0.7734, Total loss: 9.8361
Step 10 - Original loss: 9.1955, Custom loss: 0.3711, Total loss: 9.3811
Step 10 - Original loss: 9.1917, Custom loss: 0.2637, Total loss: 9.3235
Step 10 - Original loss: 9.5941, Custom loss: 1.1719, Total loss: 10.1801
Step 10 - Original loss: 9.5394, Custom loss: 0.6562, Total loss: 9.8675
Step 10 - Original loss: 10.2972, Custom loss: 0.2949, Total loss: 10.4446
Step 10 - Original loss: 9.5550, Custom loss: 0.6367, Total loss: 9.8734
Step 10 - Original loss: 9.1291, Custom loss: 1.1641, Total loss: 9.7112
Step 10 - Original loss: 9.5549, Custom loss: 0.6875, Total loss: 9.8987
Step 10 - Original loss: 9.1097, Custom loss: 0.6875, Total loss: 9.4534
Step 10 - Original loss: 9.9143, Custom loss: 0.2021, Total loss: 10.0154
Step 10 - Original loss: 8.8049, Custom loss: 0.4941, Total loss: 9.0519
Step 10 - Original loss: 9.6410, Custom loss: 0.9297, Total loss: 10.1059
Step 10 - Original loss: 10.1643, Custom loss: 0.4648, Total loss: 10.3968
Step 10 - Original loss: 9.0160, Custom loss: 1.2109, Total loss: 9.6215
Step 10 - Original loss: 9.5706, Custom loss: 0.8359, Total loss: 9.9886
Step 10 - Original loss: 9.5902, Custom loss: 0.7695, Total loss: 9.9750
Step 10 - Original loss: 8.3713, Custom loss: 0.5273, Total loss: 8.6349
Step 10 - Original loss: 9.7425, Custom loss: 0.4160, Total loss: 9.9505
Step 10 - Original loss: 9.2621, Custom loss: 0.2832, Total loss: 9.4037
Step 10 - Original loss: 9.2307, Custom loss: 0.5586, Total loss: 9.5100
Step 10 - Original loss: 9.3596, Custom loss: 0.7891, Total loss: 9.7541
Step 10 - Original loss: 9.6526, Custom loss: 0.5781, Total loss: 9.9417
Step 10 - Original loss: 10.4143, Custom loss: 0.8711, Total loss: 10.8499
Step 10 - Original loss: 9.4224, Custom loss: 1.0391, Total loss: 9.9419
Step 10 - Original loss: 9.4378, Custom loss: 0.7031, Total loss: 9.7894
Step 10 - Original loss: 8.7425, Custom loss: 0.5117, Total loss: 8.9983
Step 10 - Original loss: 8.8362, Custom loss: 1.0000, Total loss: 9.3362
Step 10 - Original loss: 9.4689, Custom loss: 0.4395, Total loss: 9.6886
Step 10 - Original loss: 9.6254, Custom loss: 1.0078, Total loss: 10.1293
Step 10 - Original loss: 10.0433, Custom loss: 0.7422, Total loss: 10.4144
Step 10 - Original loss: 10.0939, Custom loss: 0.8320, Total loss: 10.5099
Step 10 - Original loss: 9.6803, Custom loss: 1.2266, Total loss: 10.2936
Step 10 - Original loss: 9.1096, Custom loss: 0.4141, Total loss: 9.3167
Step 10 - Original loss: 9.2815, Custom loss: 0.2617, Total loss: 9.4124
Step 10 - Original loss: 9.5002, Custom loss: 0.9375, Total loss: 9.9689
Step 10 - Original loss: 8.8324, Custom loss: 0.6289, Total loss: 9.1469
Step 10 - Original loss: 8.6173, Custom loss: 0.2012, Total loss: 8.7179
Step 10 - Original loss: 9.2424, Custom loss: 1.2969, Total loss: 9.8908
Step 10 - Original loss: 8.6057, Custom loss: 0.1973, Total loss: 8.7043
Step 10 - Original loss: 8.9184, Custom loss: 0.5664, Total loss: 9.2016
Step 10 - Original loss: 9.4298, Custom loss: 0.5938, Total loss: 9.7267
Step 10 - Original loss: 9.7659, Custom loss: 0.6328, Total loss: 10.0823
Step 10 - Original loss: 9.2581, Custom loss: 0.4297, Total loss: 9.4729
Step 10 - Original loss: 9.1175, Custom loss: 0.8906, Total loss: 9.5628
Step 10 - Original loss: 8.9573, Custom loss: 0.7500, Total loss: 9.3323
Step 10 - Original loss: 9.4963, Custom loss: 0.4551, Total loss: 9.7239
Step 10 - Original loss: 9.1291, Custom loss: 0.2891, Total loss: 9.2736
Step 10 - Original loss: 9.0862, Custom loss: 0.3340, Total loss: 9.2532
Step 10 - Original loss: 9.5589, Custom loss: 0.6680, Total loss: 9.8929
Step 10 - Original loss: 9.7308, Custom loss: 0.4844, Total loss: 9.9730
Step 10 - Original loss: 9.5041, Custom loss: 0.4746, Total loss: 9.7414
Step 10 - Original loss: 8.6409, Custom loss: 0.5195, Total loss: 8.9006
Step 10 - Original loss: 9.0394, Custom loss: 0.7773, Total loss: 9.4280
Step 10 - Original loss: 10.0979, Custom loss: 0.7422, Total loss: 10.4690
Step 10 - Original loss: 9.0940, Custom loss: 0.3594, Total loss: 9.2737
Step 10 - Original loss: 9.5471, Custom loss: 0.4824, Total loss: 9.7883
Step 10 - Original loss: 9.5394, Custom loss: 0.7695, Total loss: 9.9241
Step 10 - Original loss: 10.4847, Custom loss: 0.9336, Total loss: 10.9515
Step 10 - Original loss: 9.7658, Custom loss: 0.6289, Total loss: 10.0802
Step 10 - Original loss: 8.6134, Custom loss: 0.3672, Total loss: 8.7970
Step 10 - Original loss: 9.4533, Custom loss: 0.4922, Total loss: 9.6994
Step 10 - Original loss: 9.0042, Custom loss: 0.8867, Total loss: 9.4476
Step 10 - Original loss: 9.1487, Custom loss: 0.5195, Total loss: 9.4085
Step 10 - Original loss: 9.6410, Custom loss: 0.5156, Total loss: 9.8988
Step 10 - Original loss: 9.6175, Custom loss: 1.1484, Total loss: 10.1918
Step 10 - Original loss: 9.6877, Custom loss: 0.8203, Total loss: 10.0979
Step 10 - Original loss: 10.1020, Custom loss: 0.9922, Total loss: 10.5981
Step 10 - Original loss: 9.4183, Custom loss: 0.9609, Total loss: 9.8988
Step 10 - Original loss: 8.9611, Custom loss: 0.5195, Total loss: 9.2209
Step 10 - Original loss: 9.1605, Custom loss: 0.7734, Total loss: 9.5472
Step 10 - Original loss: 9.7658, Custom loss: 0.7852, Total loss: 10.1584
Step 10 - Original loss: 9.8988, Custom loss: 0.7773, Total loss: 10.2875
Step 10 - Original loss: 9.0939, Custom loss: 0.7578, Total loss: 9.4729
Step 10 - Original loss: 8.9689, Custom loss: 0.2188, Total loss: 9.0783
Step 10 - Original loss: 8.7501, Custom loss: 1.0000, Total loss: 9.2501
Step 10 - Original loss: 8.8987, Custom loss: 0.3340, Total loss: 9.0657
Step 10 - Original loss: 9.2702, Custom loss: 0.5273, Total loss: 9.5339
Step 10 - Original loss: 9.3362, Custom loss: 1.1172, Total loss: 9.8948
Step 10 - Original loss: 10.3832, Custom loss: 0.7070, Total loss: 10.7367
Step 10 - Original loss: 9.0549, Custom loss: 0.5273, Total loss: 9.3186
Step 10 - Original loss: 10.0475, Custom loss: 0.8242, Total loss: 10.4596
Step 10 - Original loss: 9.1450, Custom loss: 0.7344, Total loss: 9.5122
Step 10 - Original loss: 9.6957, Custom loss: 0.9375, Total loss: 10.1645
Step 10 - Original loss: 9.5862, Custom loss: 0.9414, Total loss: 10.0569
Step 10 - Original loss: 8.8128, Custom loss: 0.3770, Total loss: 9.0013
Step 10 - Original loss: 8.8205, Custom loss: 0.8242, Total loss: 9.2326
Step 10 - Original loss: 9.5042, Custom loss: 0.8750, Total loss: 9.9417
Step 10 - Original loss: 9.0080, Custom loss: 0.6719, Total loss: 9.3440
Step 10 - Original loss: 9.3717, Custom loss: 1.0234, Total loss: 9.8834
Step 10 - Original loss: 9.0510, Custom loss: 0.5234, Total loss: 9.3127
Step 10 - Original loss: 9.5629, Custom loss: 0.6562, Total loss: 9.8910
Step 10 - Original loss: 9.2425, Custom loss: 0.4668, Total loss: 9.4759
Step 10 - Original loss: 9.1916, Custom loss: 0.5898, Total loss: 9.4866
Step 10 - Original loss: 9.9768, Custom loss: 0.7812, Total loss: 10.3675
Step 10 - Original loss: 8.8050, Custom loss: 0.7383, Total loss: 9.1741
Step 10 - Original loss: 9.0198, Custom loss: 0.4141, Total loss: 9.2269
Step 10 - Original loss: 9.0510, Custom loss: 0.2617, Total loss: 9.1818
Step 10 - Original loss: 8.6450, Custom loss: 0.5078, Total loss: 8.8989
Step 10 - Original loss: 9.0471, Custom loss: 0.4141, Total loss: 9.2541
Step 10 - Original loss: 9.8051, Custom loss: 0.5898, Total loss: 10.1000
Step 10 - Original loss: 9.6956, Custom loss: 0.5156, Total loss: 9.9534
Step 10 - Original loss: 9.3206, Custom loss: 0.4922, Total loss: 9.5667
Step 10 - Original loss: 9.1643, Custom loss: 0.8672, Total loss: 9.5979
Step 10 - Original loss: 9.4923, Custom loss: 0.4082, Total loss: 9.6964
Step 10 - Original loss: 9.5628, Custom loss: 0.2402, Total loss: 9.6829
Step 10 - Original loss: 10.0863, Custom loss: 0.8633, Total loss: 10.5179
Step 10 - Original loss: 9.3910, Custom loss: 0.7305, Total loss: 9.7563
Step 10 - Original loss: 9.1644, Custom loss: 0.7617, Total loss: 9.5453
Step 10 - Original loss: 9.9144, Custom loss: 0.6445, Total loss: 10.2366
Step 10 - Original loss: 9.9302, Custom loss: 0.7422, Total loss: 10.3013
Step 10 - Original loss: 9.4377, Custom loss: 0.3613, Total loss: 9.6184
Step 10 - Original loss: 9.7270, Custom loss: 0.7305, Total loss: 10.0922
Step 10 - Original loss: 9.4694, Custom loss: 0.9805, Total loss: 9.9596
Step 10 - Original loss: 9.1877, Custom loss: 0.4883, Total loss: 9.4318
Step 10 - Original loss: 9.8089, Custom loss: 0.8711, Total loss: 10.2444
Step 10 - Original loss: 9.5080, Custom loss: 0.6836, Total loss: 9.8498
Step 10 - Original loss: 9.2894, Custom loss: 1.0625, Total loss: 9.8207
Step 10 - Original loss: 9.2737, Custom loss: 0.7656, Total loss: 9.6565
Step 10 - Original loss: 9.1019, Custom loss: 0.9258, Total loss: 9.5648
Step 10 - Original loss: 9.2036, Custom loss: 0.6211, Total loss: 9.5141
Step 10 - Original loss: 8.5197, Custom loss: 1.1328, Total loss: 9.0861
Step 10 - Original loss: 8.6292, Custom loss: 0.9219, Total loss: 9.0901
Step 10 - Original loss: 9.2309, Custom loss: 0.6914, Total loss: 9.5766
Step 10 - Original loss: 10.0159, Custom loss: 1.0391, Total loss: 10.5355
Step 10 - Original loss: 9.4300, Custom loss: 0.6094, Total loss: 9.7346
Step 10 - Original loss: 9.7738, Custom loss: 1.0078, Total loss: 10.2777
Step 10 - Original loss: 9.2814, Custom loss: 0.4238, Total loss: 9.4933
Step 10 - Original loss: 9.7269, Custom loss: 0.5938, Total loss: 10.0238
Step 10 - Original loss: 10.1252, Custom loss: 0.3672, Total loss: 10.3088
Step 10 - Original loss: 8.1877, Custom loss: 0.2695, Total loss: 8.3225
Step 10 - Original loss: 9.8830, Custom loss: 0.6094, Total loss: 10.1877
Step 10 - Original loss: 9.4378, Custom loss: 0.1758, Total loss: 9.5257
Step 10 - Original loss: 9.4612, Custom loss: 0.3730, Total loss: 9.6477
Step 10 - Original loss: 9.4300, Custom loss: 0.2002, Total loss: 9.5301
Step 10 - Original loss: 9.5158, Custom loss: 0.5547, Total loss: 9.7932
Step 10 - Original loss: 10.0392, Custom loss: 0.2930, Total loss: 10.1857
Step 10 - Original loss: 8.8517, Custom loss: 0.1963, Total loss: 8.9499
Step 10 - Original loss: 9.0511, Custom loss: 0.8594, Total loss: 9.4808
Step 10 - Original loss: 9.6682, Custom loss: 1.5234, Total loss: 10.4299
Step 10 - Original loss: 8.9885, Custom loss: 0.4473, Total loss: 9.2121
Step 10 - Original loss: 8.9613, Custom loss: 0.9375, Total loss: 9.4300
Step 10 - Original loss: 9.5550, Custom loss: 0.7461, Total loss: 9.9280
Step 10 - Original loss: 8.8322, Custom loss: 0.4707, Total loss: 9.0676
Step 10 - Original loss: 9.7504, Custom loss: 0.6758, Total loss: 10.0883
Step 10 - Original loss: 10.2580, Custom loss: 1.6719, Total loss: 11.0940
Step 10 - Original loss: 9.6762, Custom loss: 1.3828, Total loss: 10.3676
Step 10 - Original loss: 9.6411, Custom loss: 0.6172, Total loss: 9.9497
Step 10 - Original loss: 9.3870, Custom loss: 0.5234, Total loss: 9.6487
Step 10 - Original loss: 9.5511, Custom loss: 1.1172, Total loss: 10.1097
Step 10 - Original loss: 8.4808, Custom loss: 0.3887, Total loss: 8.6751
Step 10 - Original loss: 9.7075, Custom loss: 0.3613, Total loss: 9.8881
Step 10 - Original loss: 9.7116, Custom loss: 0.9648, Total loss: 10.1940
Step 10 - Original loss: 10.2152, Custom loss: 0.8516, Total loss: 10.6410
Step 10 - Original loss: 9.5394, Custom loss: 0.6328, Total loss: 9.8558
Step 10 - Original loss: 8.4728, Custom loss: 0.3516, Total loss: 8.6486
Step 10 - Original loss: 8.5745, Custom loss: 0.3867, Total loss: 8.7678
Step 10 - Original loss: 9.2190, Custom loss: 0.5273, Total loss: 9.4827
Step 10 - Original loss: 9.5706, Custom loss: 0.9883, Total loss: 10.0647
Step 10 - Original loss: 9.3050, Custom loss: 0.8008, Total loss: 9.7054
Step 10 - Original loss: 9.8010, Custom loss: 0.4102, Total loss: 10.0061
Step 10 - Original loss: 8.7384, Custom loss: 0.5898, Total loss: 9.0333
Step 10 - Original loss: 9.2698, Custom loss: 0.6875, Total loss: 9.6136
Step 10 - Original loss: 9.3829, Custom loss: 1.0703, Total loss: 9.9181
Step 10 - Original loss: 8.5198, Custom loss: 0.7500, Total loss: 8.8948
Step 10 - Original loss: 8.7581, Custom loss: 0.5156, Total loss: 9.0159
Step 10 - Original loss: 8.8558, Custom loss: 0.7188, Total loss: 9.2151
Step 10 - Original loss: 9.2385, Custom loss: 0.7500, Total loss: 9.6135
Step 10 - Original loss: 10.4223, Custom loss: 0.6875, Total loss: 10.7660
Step 10 - Original loss: 9.5160, Custom loss: 0.9883, Total loss: 10.0101
Step 10 - Original loss: 9.0002, Custom loss: 0.5039, Total loss: 9.2521
Step 10 - Original loss: 10.1644, Custom loss: 0.2832, Total loss: 10.3060
Step 10 - Original loss: 9.2464, Custom loss: 0.4570, Total loss: 9.4749
Step 10 - Original loss: 9.1174, Custom loss: 0.7461, Total loss: 9.4904
Step 10 - Original loss: 10.0785, Custom loss: 0.4980, Total loss: 10.3275
Step 10 - Original loss: 8.4299, Custom loss: 0.2754, Total loss: 8.5676
Step 10 - Original loss: 9.0550, Custom loss: 0.5742, Total loss: 9.3421
Step 10 - Original loss: 9.3831, Custom loss: 0.4629, Total loss: 9.6145
Step 10 - Original loss: 9.2620, Custom loss: 0.2344, Total loss: 9.3792
Step 10 - Original loss: 8.8910, Custom loss: 0.6250, Total loss: 9.2035
Step 10 - Original loss: 9.4811, Custom loss: 0.6328, Total loss: 9.7975
Step 10 - Original loss: 9.7973, Custom loss: 0.6328, Total loss: 10.1137
Step 10 - Original loss: 9.6722, Custom loss: 1.5312, Total loss: 10.4378
Step 10 - Original loss: 9.7191, Custom loss: 0.7734, Total loss: 10.1059
Step 10 - Original loss: 9.5786, Custom loss: 0.7227, Total loss: 9.9399
Step 10 - Original loss: 10.2660, Custom loss: 0.8125, Total loss: 10.6722
Step 10 - Original loss: 9.0511, Custom loss: 0.3496, Total loss: 9.2259
Step 10 - Original loss: 8.9417, Custom loss: 0.6445, Total loss: 9.2639
Step 10 - Original loss: 9.0941, Custom loss: 1.0312, Total loss: 9.6097
Step 10 - Original loss: 9.3908, Custom loss: 0.6680, Total loss: 9.7248
Step 10 - Original loss: 8.7033, Custom loss: 0.2051, Total loss: 8.8058
Step 10 - Original loss: 9.4223, Custom loss: 0.3770, Total loss: 9.6108
Step 10 - Original loss: 9.8794, Custom loss: 0.7773, Total loss: 10.2680
Step 10 - Original loss: 9.4338, Custom loss: 0.5742, Total loss: 9.7209
Step 10 - Original loss: 8.7698, Custom loss: 0.9062, Total loss: 9.2229
Step 10 - Original loss: 9.9378, Custom loss: 0.3672, Total loss: 10.1214
Step 10 - Original loss: 8.8714, Custom loss: 0.2773, Total loss: 9.0101
Step 10 - Original loss: 9.7973, Custom loss: 1.1328, Total loss: 10.3637
Step 10 - Original loss: 8.1526, Custom loss: 0.5391, Total loss: 8.4222
Step 10 - Original loss: 9.5003, Custom loss: 0.2461, Total loss: 9.6233
Step 10 - Original loss: 8.6995, Custom loss: 0.1592, Total loss: 8.7791
Step 10 - Original loss: 8.7306, Custom loss: 0.4863, Total loss: 8.9738
Step 10 - Original loss: 8.3050, Custom loss: 0.4414, Total loss: 8.5257
Step 10 - Original loss: 9.8910, Custom loss: 1.0312, Total loss: 10.4066
Step 10 - Original loss: 9.1957, Custom loss: 0.4336, Total loss: 9.4125
Step 10 - Original loss: 9.4613, Custom loss: 0.6328, Total loss: 9.7777
Step 10 - Original loss: 9.2739, Custom loss: 0.5742, Total loss: 9.5610
Step 10 - Original loss: 10.0003, Custom loss: 0.8711, Total loss: 10.4359
Step 10 - Original loss: 8.8129, Custom loss: 0.7617, Total loss: 9.1937
Step 10 - Original loss: 9.9533, Custom loss: 0.7812, Total loss: 10.3440
Step 10 - Original loss: 9.6528, Custom loss: 1.1406, Total loss: 10.2231
Step 10 - Original loss: 9.2697, Custom loss: 0.2285, Total loss: 9.3839
Step 10 - Original loss: 9.5628, Custom loss: 0.7188, Total loss: 9.9222
Step 10 - Original loss: 10.2582, Custom loss: 0.6484, Total loss: 10.5824
Step 10 - Original loss: 9.5394, Custom loss: 0.4316, Total loss: 9.7552
Step 10 - Original loss: 9.7348, Custom loss: 1.3125, Total loss: 10.3911
Step 10 - Original loss: 9.9145, Custom loss: 0.6875, Total loss: 10.2582
Step 10 - Original loss: 9.5159, Custom loss: 0.2158, Total loss: 9.6238
Step 10 - Original loss: 8.8440, Custom loss: 0.7344, Total loss: 9.2112
Step 10 - Original loss: 9.3676, Custom loss: 0.9414, Total loss: 9.8383
Step 10 - Original loss: 8.6916, Custom loss: 0.4258, Total loss: 8.9045
Step 10 - Original loss: 9.1137, Custom loss: 0.9414, Total loss: 9.5844
Step 10 - Original loss: 8.3440, Custom loss: 0.2832, Total loss: 8.4856
Step 10 - Original loss: 8.7229, Custom loss: 0.4102, Total loss: 8.9279
Step 10 - Original loss: 9.7190, Custom loss: 0.5430, Total loss: 9.9905
Step 10 - Original loss: 8.9885, Custom loss: 0.4766, Total loss: 9.2268
Step 10 - Original loss: 8.9222, Custom loss: 0.4023, Total loss: 9.1234
Step 10 - Original loss: 9.1488, Custom loss: 0.7773, Total loss: 9.5374
Step 10 - Original loss: 9.4690, Custom loss: 0.4648, Total loss: 9.7014
Step 10 - Original loss: 9.3401, Custom loss: 0.9180, Total loss: 9.7991
Step 10 - Original loss: 8.6096, Custom loss: 0.3691, Total loss: 8.7941
Step 10 - Original loss: 8.9533, Custom loss: 0.6133, Total loss: 9.2600
Step 10 - Original loss: 9.2190, Custom loss: 0.1582, Total loss: 9.2981
Step 10 - Original loss: 9.6877, Custom loss: 0.3125, Total loss: 9.8439
Step 10 - Original loss: 10.0472, Custom loss: 0.8867, Total loss: 10.4905
Step 10 - Original loss: 10.0081, Custom loss: 0.2354, Total loss: 10.1258
Step 10 - Original loss: 9.1253, Custom loss: 0.5469, Total loss: 9.3987
Step 10 - Original loss: 9.5783, Custom loss: 0.3379, Total loss: 9.7472
Step 10 - Original loss: 9.3596, Custom loss: 0.8203, Total loss: 9.7698
Step 10 - Original loss: 9.4692, Custom loss: 0.4531, Total loss: 9.6957
Step 10 - Original loss: 10.0081, Custom loss: 0.7148, Total loss: 10.3655
Step 10 - Original loss: 9.6330, Custom loss: 0.6680, Total loss: 9.9670
Step 10 - Original loss: 9.1760, Custom loss: 0.9766, Total loss: 9.6643
Step 10 - Original loss: 8.8831, Custom loss: 0.3730, Total loss: 9.0696
Step 10 - Original loss: 9.5002, Custom loss: 0.4551, Total loss: 9.7278
Step 10 - Original loss: 10.1720, Custom loss: 0.3027, Total loss: 10.3234
Step 10 - Original loss: 8.5236, Custom loss: 0.2002, Total loss: 8.6237
Step 10 - Original loss: 9.8440, Custom loss: 0.6719, Total loss: 10.1799
Step 10 - Original loss: 9.4690, Custom loss: 0.7422, Total loss: 9.8400
Step 10 - Original loss: 9.1722, Custom loss: 1.1094, Total loss: 9.7269
Step 10 - Original loss: 9.2150, Custom loss: 0.5000, Total loss: 9.4650
Step 10 - Original loss: 9.7699, Custom loss: 0.3750, Total loss: 9.9574
Step 10 - Original loss: 8.6525, Custom loss: 0.4062, Total loss: 8.8556
Step 10 - Original loss: 9.2736, Custom loss: 0.8633, Total loss: 9.7053
Step 10 - Original loss: 8.9029, Custom loss: 0.8359, Total loss: 9.3209
Step 10 - Original loss: 9.3752, Custom loss: 0.5820, Total loss: 9.6662
Step 10 - Original loss: 9.6956, Custom loss: 0.3438, Total loss: 9.8674
Step 10 - Original loss: 9.3519, Custom loss: 0.6094, Total loss: 9.6566
Step 10 - Original loss: 9.5549, Custom loss: 0.7773, Total loss: 9.9436
Step 10 - Original loss: 8.6564, Custom loss: 0.3359, Total loss: 8.8244
Step 10 - Original loss: 9.5550, Custom loss: 0.3828, Total loss: 9.7464
Step 10 - Original loss: 9.9692, Custom loss: 1.0547, Total loss: 10.4965
Step 10 - Original loss: 9.6410, Custom loss: 0.5430, Total loss: 9.9125
Step 10 - Original loss: 9.5941, Custom loss: 0.9297, Total loss: 10.0589
Step 10 - Original loss: 10.2895, Custom loss: 0.6641, Total loss: 10.6215
Step 10 - Original loss: 9.8752, Custom loss: 1.0000, Total loss: 10.3752
Step 10 - Original loss: 9.3049, Custom loss: 0.7930, Total loss: 9.7014
Step 10 - Original loss: 9.4925, Custom loss: 0.4629, Total loss: 9.7239
Step 10 - Original loss: 8.9768, Custom loss: 0.6406, Total loss: 9.2972
Step 10 - Original loss: 9.7623, Custom loss: 0.7305, Total loss: 10.1275
Step 10 - Original loss: 8.3908, Custom loss: 0.6641, Total loss: 8.7228
Step 10 - Original loss: 9.5315, Custom loss: 0.7109, Total loss: 9.8870
Step 10 - Original loss: 9.4534, Custom loss: 0.4629, Total loss: 9.6848
Step 10 - Original loss: 8.8908, Custom loss: 0.5430, Total loss: 9.1623
Step 10 - Original loss: 9.8870, Custom loss: 1.1016, Total loss: 10.4378
Step 10 - Original loss: 8.9768, Custom loss: 0.3730, Total loss: 9.1633
Step 10 - Original loss: 10.2034, Custom loss: 1.1719, Total loss: 10.7893
Step 10 - Original loss: 9.6408, Custom loss: 0.5547, Total loss: 9.9181
Step 10 - Original loss: 8.9729, Custom loss: 0.5430, Total loss: 9.2444
Step 10 - Original loss: 9.1643, Custom loss: 0.7070, Total loss: 9.5178
Step 10 - Original loss: 9.1488, Custom loss: 0.2305, Total loss: 9.2641
Step 10 - Original loss: 9.7501, Custom loss: 0.8477, Total loss: 10.1740
Step 10 - Original loss: 9.0706, Custom loss: 0.4473, Total loss: 9.2942
Step 10 - Original loss: 9.6644, Custom loss: 0.5547, Total loss: 9.9417
Step 10 - Original loss: 8.9613, Custom loss: 0.7930, Total loss: 9.3577
Step 10 - Original loss: 9.9300, Custom loss: 0.9141, Total loss: 10.3870
Step 10 - Original loss: 9.0979, Custom loss: 0.3984, Total loss: 9.2971
Step 10 - Original loss: 9.4847, Custom loss: 1.0234, Total loss: 9.9964
Step 10 - Original loss: 9.3207, Custom loss: 0.4727, Total loss: 9.5571
Step 10 - Original loss: 8.9846, Custom loss: 0.7305, Total loss: 9.3498
Step 10 - Original loss: 9.2348, Custom loss: 0.5234, Total loss: 9.4966
Step 10 - Original loss: 9.8049, Custom loss: 0.3535, Total loss: 9.9817
Step 10 - Original loss: 8.8870, Custom loss: 0.2656, Total loss: 9.0198
Step 10 - Original loss: 9.2189, Custom loss: 0.5664, Total loss: 9.5021
Step 10 - Original loss: 9.2854, Custom loss: 0.6016, Total loss: 9.5862
Step 10 - Original loss: 8.4456, Custom loss: 0.7891, Total loss: 8.8401
Step 10 - Original loss: 9.0122, Custom loss: 0.9648, Total loss: 9.4946
Step 10 - Original loss: 8.9885, Custom loss: 1.0625, Total loss: 9.5197
Step 10 - Original loss: 9.3322, Custom loss: 0.2793, Total loss: 9.4718
Step 10 - Original loss: 8.8634, Custom loss: 0.7070, Total loss: 9.2170
Step 10 - Original loss: 8.7072, Custom loss: 0.3809, Total loss: 8.8977
Step 10 - Original loss: 9.6175, Custom loss: 0.2559, Total loss: 9.7454
Step 10 - Original loss: 8.9807, Custom loss: 0.4453, Total loss: 9.2034
Step 10 - Original loss: 9.2737, Custom loss: 0.2393, Total loss: 9.3934
Step 10 - Original loss: 9.5237, Custom loss: 0.6992, Total loss: 9.8733
Step 10 - Original loss: 8.9300, Custom loss: 0.3633, Total loss: 9.1117
Step 10 - Original loss: 9.2075, Custom loss: 0.7578, Total loss: 9.5864
Step 10 - Original loss: 9.2035, Custom loss: 0.3867, Total loss: 9.3969
Step 10 - Original loss: 9.9300, Custom loss: 0.8906, Total loss: 10.3753
Step 10 - Original loss: 8.9689, Custom loss: 0.8125, Total loss: 9.3751
Step 10 - Original loss: 9.9066, Custom loss: 1.0547, Total loss: 10.4339
Step 10 - Original loss: 9.6019, Custom loss: 0.2324, Total loss: 9.7181
Step 10 - Original loss: 9.3053, Custom loss: 0.6797, Total loss: 9.6451
Step 10 - Original loss: 9.6136, Custom loss: 0.7148, Total loss: 9.9710
Step 10 - Original loss: 10.3833, Custom loss: 0.7266, Total loss: 10.7465
Step 10 - Original loss: 9.9455, Custom loss: 0.4512, Total loss: 10.1711
Step 10 - Original loss: 9.7857, Custom loss: 0.5547, Total loss: 10.0630
Step 10 - Original loss: 9.7424, Custom loss: 0.8594, Total loss: 10.1721
Step 10 - Original loss: 9.1799, Custom loss: 0.3574, Total loss: 9.3586
Step 10 - Original loss: 10.1331, Custom loss: 0.5703, Total loss: 10.4182
Step 10 - Original loss: 9.1526, Custom loss: 1.0625, Total loss: 9.6839
Step 10 - Original loss: 9.3987, Custom loss: 0.6719, Total loss: 9.7347
Step 10 - Original loss: 9.9223, Custom loss: 1.1641, Total loss: 10.5043
Step 10 - Original loss: 9.4690, Custom loss: 0.6367, Total loss: 9.7873
Step 10 - Original loss: 10.0862, Custom loss: 0.4609, Total loss: 10.3167
Step 10 - Original loss: 8.9495, Custom loss: 0.6719, Total loss: 9.2855
Step 10 - Original loss: 8.7307, Custom loss: 0.4434, Total loss: 8.9523
Step 10 - Original loss: 10.2503, Custom loss: 0.7344, Total loss: 10.6175
Step 10 - Original loss: 8.8909, Custom loss: 0.7422, Total loss: 9.2620
Step 10 - Original loss: 9.4142, Custom loss: 0.4375, Total loss: 9.6330
Step 10 - Original loss: 9.8206, Custom loss: 1.0078, Total loss: 10.3245
Step 10 - Original loss: 9.5707, Custom loss: 0.2393, Total loss: 9.6903
Step 10 - Original loss: 9.2502, Custom loss: 0.5352, Total loss: 9.5177
{'eval_loss': 9.702545166015625, 'eval_runtime': 438.8353, 'eval_samples_per_second': 27.979, 'eval_steps_per_second': 1.75, 'epoch': 0.0}
Step 10 - Original loss: 8.4455, Custom loss: 0.3809, Total loss: 8.6359
Step 10 - Original loss: 9.4260, Custom loss: 0.7266, Total loss: 9.7893
Step 10 - Original loss: 9.1955, Custom loss: 0.5586, Total loss: 9.4748
Step 10 - Original loss: 8.5745, Custom loss: 0.5273, Total loss: 8.8382
{'loss': 9.4303, 'learning_rate': 1.288936627282492e-07, 'epoch': 0.0}
Step 12 - Original loss: 9.3206, Custom loss: 0.5977, Total loss: 9.6195
Step 12 - Original loss: 8.2580, Custom loss: 0.4316, Total loss: 8.4738
Step 12 - Original loss: 8.7306, Custom loss: 0.8281, Total loss: 9.1447
Step 12 - Original loss: 9.4221, Custom loss: 0.7852, Total loss: 9.8146
{'loss': 9.5783, 'learning_rate': 1.5037593984962406e-07, 'epoch': 0.0}
Step 14 - Original loss: 8.6292, Custom loss: 0.3652, Total loss: 8.8118
Step 14 - Original loss: 9.1721, Custom loss: 0.2451, Total loss: 9.2947
Step 14 - Original loss: 9.8830, Custom loss: 0.8008, Total loss: 10.2834
Step 14 - Original loss: 9.1409, Custom loss: 0.6562, Total loss: 9.4691
{'loss': 9.7225, 'learning_rate': 1.7185821697099894e-07, 'epoch': 0.0}
Step 16 - Original loss: 9.2112, Custom loss: 0.9258, Total loss: 9.6741
Step 16 - Original loss: 8.9104, Custom loss: 0.4648, Total loss: 9.1428
Step 16 - Original loss: 9.1056, Custom loss: 0.3223, Total loss: 9.2668
Step 16 - Original loss: 10.4379, Custom loss: 1.1562, Total loss: 11.0161
{'loss': 9.5983, 'learning_rate': 1.9334049409237381e-07, 'epoch': 0.0}
Step 18 - Original loss: 8.7579, Custom loss: 0.6445, Total loss: 9.0802
Step 18 - Original loss: 8.8714, Custom loss: 0.7266, Total loss: 9.2346
Step 18 - Original loss: 8.4846, Custom loss: 0.6484, Total loss: 8.8088
Step 18 - Original loss: 9.2190, Custom loss: 0.8047, Total loss: 9.6214
{'loss': 9.7782, 'learning_rate': 2.1482277121374867e-07, 'epoch': 0.0}
Step 20 - Original loss: 9.2972, Custom loss: 0.2695, Total loss: 9.4320
Step 20 - Original loss: 8.7425, Custom loss: 0.2676, Total loss: 8.8763
Step 20 - Original loss: 9.7817, Custom loss: 0.6680, Total loss: 10.1156
Step 20 - Original loss: 9.2346, Custom loss: 0.5312, Total loss: 9.5002
Step 20 - Original loss: 9.9729, Custom loss: 0.7500, Total loss: 10.3479
Step 20 - Original loss: 8.6998, Custom loss: 1.0000, Total loss: 9.1998
Step 20 - Original loss: 9.3479, Custom loss: 0.3086, Total loss: 9.5021
Step 20 - Original loss: 9.6097, Custom loss: 0.9102, Total loss: 10.0648
Step 20 - Original loss: 9.0431, Custom loss: 0.8906, Total loss: 9.4884
Step 20 - Original loss: 8.7737, Custom loss: 0.8516, Total loss: 9.1995
Step 20 - Original loss: 9.1642, Custom loss: 0.7227, Total loss: 9.5255
Step 20 - Original loss: 9.2502, Custom loss: 0.9062, Total loss: 9.7033
Step 20 - Original loss: 9.2815, Custom loss: 0.2676, Total loss: 9.4153
Step 20 - Original loss: 9.2777, Custom loss: 0.4824, Total loss: 9.5189
Step 20 - Original loss: 8.4378, Custom loss: 0.2793, Total loss: 8.5775
Step 20 - Original loss: 9.2425, Custom loss: 0.9844, Total loss: 9.7347
Step 20 - Original loss: 8.6682, Custom loss: 0.4980, Total loss: 8.9172
Step 20 - Original loss: 8.8638, Custom loss: 0.8398, Total loss: 9.2837
Step 20 - Original loss: 9.7582, Custom loss: 0.8164, Total loss: 10.1664
Step 20 - Original loss: 9.3597, Custom loss: 0.5469, Total loss: 9.6331
Step 20 - Original loss: 9.5199, Custom loss: 0.6914, Total loss: 9.8656
Step 20 - Original loss: 9.2113, Custom loss: 0.7031, Total loss: 9.5629
Step 20 - Original loss: 9.2893, Custom loss: 0.8750, Total loss: 9.7268
Step 20 - Original loss: 10.3924, Custom loss: 0.4805, Total loss: 10.6327
Step 20 - Original loss: 9.3753, Custom loss: 0.5430, Total loss: 9.6468
Step 20 - Original loss: 8.5393, Custom loss: 1.1406, Total loss: 9.1096
Step 20 - Original loss: 9.0785, Custom loss: 0.4043, Total loss: 9.2807
Step 20 - Original loss: 9.5980, Custom loss: 0.7734, Total loss: 9.9847
Step 20 - Original loss: 8.6135, Custom loss: 0.5195, Total loss: 8.8732
Step 20 - Original loss: 9.1565, Custom loss: 0.3438, Total loss: 9.3283
Step 20 - Original loss: 8.4924, Custom loss: 0.2402, Total loss: 8.6125
Step 20 - Original loss: 8.8908, Custom loss: 0.1846, Total loss: 8.9831
Step 20 - Original loss: 9.6330, Custom loss: 0.4727, Total loss: 9.8693
Step 20 - Original loss: 8.9144, Custom loss: 0.9609, Total loss: 9.3949
Step 20 - Original loss: 9.5316, Custom loss: 0.6211, Total loss: 9.8422
Step 20 - Original loss: 9.6333, Custom loss: 0.5625, Total loss: 9.9146
Step 20 - Original loss: 8.7230, Custom loss: 1.1016, Total loss: 9.2737
Step 20 - Original loss: 9.8833, Custom loss: 1.1719, Total loss: 10.4692
Step 20 - Original loss: 9.0822, Custom loss: 1.0000, Total loss: 9.5822
Step 20 - Original loss: 8.4768, Custom loss: 0.5312, Total loss: 8.7424
Step 20 - Original loss: 10.5163, Custom loss: 0.5078, Total loss: 10.7702
Step 20 - Original loss: 8.2074, Custom loss: 0.3184, Total loss: 8.3665
Step 20 - Original loss: 8.9223, Custom loss: 0.5859, Total loss: 9.2153
Step 20 - Original loss: 9.1995, Custom loss: 0.5664, Total loss: 9.4827
Step 20 - Original loss: 9.7347, Custom loss: 0.9961, Total loss: 10.2327
Step 20 - Original loss: 9.9534, Custom loss: 0.4922, Total loss: 10.1995
Step 20 - Original loss: 9.8948, Custom loss: 0.7500, Total loss: 10.2698
Step 20 - Original loss: 9.1956, Custom loss: 0.3145, Total loss: 9.3529
Step 20 - Original loss: 9.0082, Custom loss: 0.5234, Total loss: 9.2699
Step 20 - Original loss: 10.0395, Custom loss: 1.0156, Total loss: 10.5473
Step 20 - Original loss: 9.8676, Custom loss: 0.9648, Total loss: 10.3500
Step 20 - Original loss: 8.4260, Custom loss: 0.9961, Total loss: 8.9240
Step 20 - Original loss: 8.1643, Custom loss: 0.4004, Total loss: 8.3645
Step 20 - Original loss: 8.1018, Custom loss: 0.6602, Total loss: 8.4319
Step 20 - Original loss: 9.2269, Custom loss: 0.4785, Total loss: 9.4661
Step 20 - Original loss: 9.0044, Custom loss: 1.3594, Total loss: 9.6841
Step 20 - Original loss: 9.4455, Custom loss: 0.5195, Total loss: 9.7053
Step 20 - Original loss: 8.6956, Custom loss: 0.9492, Total loss: 9.1702
Step 20 - Original loss: 9.1762, Custom loss: 1.0859, Total loss: 9.7192
Step 20 - Original loss: 9.6333, Custom loss: 0.7578, Total loss: 10.0122
Step 20 - Original loss: 9.7231, Custom loss: 0.7148, Total loss: 10.0806
Step 20 - Original loss: 9.1761, Custom loss: 0.7617, Total loss: 9.5569
Step 20 - Original loss: 8.2190, Custom loss: 0.4199, Total loss: 8.4289
Step 20 - Original loss: 8.8518, Custom loss: 0.8984, Total loss: 9.3010
Step 20 - Original loss: 9.6956, Custom loss: 0.5156, Total loss: 9.9534
Step 20 - Original loss: 9.3486, Custom loss: 0.7617, Total loss: 9.7294
Step 20 - Original loss: 9.3283, Custom loss: 1.6250, Total loss: 10.1408
Step 20 - Original loss: 8.2072, Custom loss: 0.5625, Total loss: 8.4885
Step 20 - Original loss: 8.4337, Custom loss: 0.3516, Total loss: 8.6095
Step 20 - Original loss: 8.9260, Custom loss: 0.3730, Total loss: 9.1125
Step 20 - Original loss: 9.4143, Custom loss: 0.3867, Total loss: 9.6077
Step 20 - Original loss: 8.7932, Custom loss: 0.4102, Total loss: 8.9983
Step 20 - Original loss: 8.2541, Custom loss: 0.5391, Total loss: 8.5236
Step 20 - Original loss: 9.9613, Custom loss: 0.4941, Total loss: 10.2083
Step 20 - Original loss: 8.8830, Custom loss: 0.2324, Total loss: 8.9992
Step 20 - Original loss: 9.1449, Custom loss: 0.6055, Total loss: 9.4476
Step 20 - Original loss: 9.8479, Custom loss: 1.2031, Total loss: 10.4495
Step 20 - Original loss: 8.8049, Custom loss: 1.3281, Total loss: 9.4690
Step 20 - Original loss: 9.4807, Custom loss: 0.5391, Total loss: 9.7503
Step 20 - Original loss: 8.6372, Custom loss: 1.0703, Total loss: 9.1724
Step 20 - Original loss: 9.4379, Custom loss: 0.9453, Total loss: 9.9105
Step 20 - Original loss: 9.9379, Custom loss: 0.6406, Total loss: 10.2582
Step 20 - Original loss: 9.7971, Custom loss: 1.0547, Total loss: 10.3245
Step 20 - Original loss: 8.6643, Custom loss: 1.1016, Total loss: 9.2151
Step 20 - Original loss: 9.1681, Custom loss: 0.2559, Total loss: 9.2961
Step 20 - Original loss: 9.0549, Custom loss: 0.4141, Total loss: 9.2619
Step 20 - Original loss: 9.2347, Custom loss: 0.5195, Total loss: 9.4944
Step 20 - Original loss: 9.0394, Custom loss: 0.6172, Total loss: 9.3480
Step 20 - Original loss: 8.7345, Custom loss: 0.8438, Total loss: 9.1563
Step 20 - Original loss: 9.0276, Custom loss: 0.7305, Total loss: 9.3929
Step 20 - Original loss: 9.5122, Custom loss: 0.5117, Total loss: 9.7681
Step 20 - Original loss: 9.5902, Custom loss: 0.5859, Total loss: 9.8832
Step 20 - Original loss: 9.0314, Custom loss: 0.4902, Total loss: 9.2765
Step 20 - Original loss: 9.3791, Custom loss: 0.5312, Total loss: 9.6448
Step 20 - Original loss: 9.7737, Custom loss: 1.0469, Total loss: 10.2971
Step 20 - Original loss: 9.7660, Custom loss: 0.7031, Total loss: 10.1175
Step 20 - Original loss: 9.2150, Custom loss: 0.5000, Total loss: 9.4650
Step 20 - Original loss: 9.2073, Custom loss: 0.3496, Total loss: 9.3821
Step 20 - Original loss: 9.8439, Custom loss: 1.1406, Total loss: 10.4143
Step 20 - Original loss: 9.0826, Custom loss: 0.8672, Total loss: 9.5162
Step 20 - Original loss: 9.2151, Custom loss: 0.9883, Total loss: 9.7092
Step 20 - Original loss: 10.0514, Custom loss: 0.8320, Total loss: 10.4675
Step 20 - Original loss: 7.8011, Custom loss: 0.1729, Total loss: 7.8875
Step 20 - Original loss: 8.8127, Custom loss: 1.2578, Total loss: 9.4416
Step 20 - Original loss: 9.8206, Custom loss: 0.6836, Total loss: 10.1624
Step 20 - Original loss: 9.5159, Custom loss: 0.5625, Total loss: 9.7971
Step 20 - Original loss: 9.1291, Custom loss: 0.7930, Total loss: 9.5256
Step 20 - Original loss: 9.3012, Custom loss: 0.6719, Total loss: 9.6371
Step 20 - Original loss: 9.5121, Custom loss: 0.4961, Total loss: 9.7601
Step 20 - Original loss: 9.2816, Custom loss: 0.6523, Total loss: 9.6078
Step 20 - Original loss: 10.1880, Custom loss: 0.3398, Total loss: 10.3579
Step 20 - Original loss: 8.5786, Custom loss: 1.2188, Total loss: 9.1880
Step 20 - Original loss: 9.8792, Custom loss: 0.9453, Total loss: 10.3519
Step 20 - Original loss: 8.2151, Custom loss: 0.7969, Total loss: 8.6135
Step 20 - Original loss: 8.9183, Custom loss: 1.1953, Total loss: 9.5160
Step 20 - Original loss: 9.0393, Custom loss: 0.4121, Total loss: 9.2454
Step 20 - Original loss: 9.8480, Custom loss: 0.6680, Total loss: 10.1820
Step 20 - Original loss: 8.8598, Custom loss: 0.4180, Total loss: 9.0688
Step 20 - Original loss: 9.1643, Custom loss: 0.9375, Total loss: 9.6330
Step 20 - Original loss: 8.5042, Custom loss: 0.3223, Total loss: 8.6653
Step 20 - Original loss: 9.2268, Custom loss: 0.3242, Total loss: 9.3889
Step 20 - Original loss: 9.0276, Custom loss: 0.6719, Total loss: 9.3635
Step 20 - Original loss: 9.5002, Custom loss: 0.4688, Total loss: 9.7346
Step 20 - Original loss: 9.2386, Custom loss: 0.6602, Total loss: 9.5687
Step 20 - Original loss: 8.7622, Custom loss: 1.1562, Total loss: 9.3403
Step 20 - Original loss: 9.2582, Custom loss: 0.4316, Total loss: 9.4740
Step 20 - Original loss: 8.8792, Custom loss: 0.8203, Total loss: 9.2893
Step 20 - Original loss: 9.7623, Custom loss: 0.6523, Total loss: 10.0885
Step 20 - Original loss: 9.1135, Custom loss: 0.4141, Total loss: 9.3205
Step 20 - Original loss: 10.5474, Custom loss: 0.9180, Total loss: 11.0064
Step 20 - Original loss: 9.7739, Custom loss: 1.1562, Total loss: 10.3520
Step 20 - Original loss: 9.9299, Custom loss: 1.2188, Total loss: 10.5393
Step 20 - Original loss: 9.2268, Custom loss: 0.6328, Total loss: 9.5432
Step 20 - Original loss: 9.2113, Custom loss: 0.6445, Total loss: 9.5336
Step 20 - Original loss: 9.1722, Custom loss: 0.6641, Total loss: 9.5043
Step 20 - Original loss: 9.2502, Custom loss: 0.6992, Total loss: 9.5999
Step 20 - Original loss: 8.9807, Custom loss: 1.0078, Total loss: 9.4846
Step 20 - Original loss: 9.0706, Custom loss: 0.2656, Total loss: 9.2034
Step 20 - Original loss: 9.0784, Custom loss: 0.5234, Total loss: 9.3401
Step 20 - Original loss: 8.6880, Custom loss: 0.7148, Total loss: 9.0454
Step 20 - Original loss: 8.5628, Custom loss: 0.2715, Total loss: 8.6985
Step 20 - Original loss: 7.9455, Custom loss: 0.2617, Total loss: 8.0764
Step 20 - Original loss: 8.3128, Custom loss: 0.6680, Total loss: 8.6468
Step 20 - Original loss: 8.7894, Custom loss: 0.9062, Total loss: 9.2425
Step 20 - Original loss: 8.8674, Custom loss: 1.0547, Total loss: 9.3947
Step 20 - Original loss: 9.0822, Custom loss: 0.5156, Total loss: 9.3400
Step 20 - Original loss: 9.6174, Custom loss: 0.5781, Total loss: 9.9065
Step 20 - Original loss: 8.6721, Custom loss: 1.2031, Total loss: 9.2737
Step 20 - Original loss: 9.1878, Custom loss: 0.3652, Total loss: 9.3704
Step 20 - Original loss: 9.0432, Custom loss: 0.3906, Total loss: 9.2385
Step 20 - Original loss: 8.2736, Custom loss: 0.5938, Total loss: 8.5705
Step 20 - Original loss: 9.1721, Custom loss: 0.6797, Total loss: 9.5120
Step 20 - Original loss: 8.3948, Custom loss: 0.6016, Total loss: 8.6955
Step 20 - Original loss: 8.9573, Custom loss: 1.4531, Total loss: 9.6838
Step 20 - Original loss: 8.7893, Custom loss: 1.0547, Total loss: 9.3166
Step 20 - Original loss: 9.0083, Custom loss: 0.8867, Total loss: 9.4516
Step 20 - Original loss: 9.4220, Custom loss: 0.6211, Total loss: 9.7325
Step 20 - Original loss: 9.5082, Custom loss: 0.4531, Total loss: 9.7347
Step 20 - Original loss: 9.0158, Custom loss: 0.4492, Total loss: 9.2404
Step 20 - Original loss: 8.8049, Custom loss: 1.0391, Total loss: 9.3245
Step 20 - Original loss: 8.8440, Custom loss: 0.6953, Total loss: 9.1916
Step 20 - Original loss: 8.9650, Custom loss: 0.6523, Total loss: 9.2912
Step 20 - Original loss: 8.6134, Custom loss: 0.3164, Total loss: 8.7716
Step 20 - Original loss: 9.1566, Custom loss: 0.6914, Total loss: 9.5023
Step 20 - Original loss: 9.0588, Custom loss: 0.2852, Total loss: 9.2014
Step 20 - Original loss: 10.0237, Custom loss: 1.0156, Total loss: 10.5315
Step 20 - Original loss: 9.2933, Custom loss: 0.6953, Total loss: 9.6409
Step 20 - Original loss: 9.0003, Custom loss: 0.7266, Total loss: 9.3636
Step 20 - Original loss: 10.0629, Custom loss: 0.4355, Total loss: 10.2806
Step 20 - Original loss: 10.7582, Custom loss: 0.7539, Total loss: 11.1351
Step 20 - Original loss: 9.2542, Custom loss: 1.0078, Total loss: 9.7581
Step 20 - Original loss: 9.4377, Custom loss: 0.7539, Total loss: 9.8147
Step 20 - Original loss: 8.3948, Custom loss: 0.7148, Total loss: 8.7522
Step 20 - Original loss: 8.9222, Custom loss: 0.3770, Total loss: 9.1107
Step 20 - Original loss: 9.5862, Custom loss: 0.6016, Total loss: 9.8870
Step 20 - Original loss: 9.1957, Custom loss: 0.6406, Total loss: 9.5160
Step 20 - Original loss: 9.0041, Custom loss: 0.5781, Total loss: 9.2932
Step 20 - Original loss: 9.5239, Custom loss: 0.3867, Total loss: 9.7172
Step 20 - Original loss: 8.9611, Custom loss: 0.9609, Total loss: 9.4416
Step 20 - Original loss: 8.9730, Custom loss: 0.2695, Total loss: 9.1077
Step 20 - Original loss: 9.4378, Custom loss: 0.4316, Total loss: 9.6536
Step 20 - Original loss: 9.1060, Custom loss: 0.8828, Total loss: 9.5474
Step 20 - Original loss: 8.7854, Custom loss: 0.2715, Total loss: 8.9211
Step 20 - Original loss: 9.8128, Custom loss: 0.5859, Total loss: 10.1057
Step 20 - Original loss: 8.8713, Custom loss: 0.6914, Total loss: 9.2170
Step 20 - Original loss: 9.9027, Custom loss: 0.6367, Total loss: 10.2211
Step 20 - Original loss: 9.2896, Custom loss: 0.9961, Total loss: 9.7876
Step 20 - Original loss: 8.9691, Custom loss: 0.5547, Total loss: 9.2465
Step 20 - Original loss: 9.1135, Custom loss: 0.5898, Total loss: 9.4084
Step 20 - Original loss: 9.4651, Custom loss: 0.3613, Total loss: 9.6457
Step 20 - Original loss: 9.7972, Custom loss: 0.8984, Total loss: 10.2464
Step 20 - Original loss: 9.4300, Custom loss: 0.6172, Total loss: 9.7386
Step 20 - Original loss: 9.3010, Custom loss: 0.2969, Total loss: 9.4494
Step 20 - Original loss: 8.2659, Custom loss: 0.6094, Total loss: 8.5706
Step 20 - Original loss: 9.1409, Custom loss: 0.3828, Total loss: 9.3323
Step 20 - Original loss: 9.3129, Custom loss: 0.9180, Total loss: 9.7719
Step 20 - Original loss: 9.2893, Custom loss: 0.7266, Total loss: 9.6526
Step 20 - Original loss: 9.3518, Custom loss: 0.9531, Total loss: 9.8284
Step 20 - Original loss: 8.8557, Custom loss: 0.3535, Total loss: 9.0325
Step 20 - Original loss: 9.6491, Custom loss: 0.8242, Total loss: 10.0612
Step 20 - Original loss: 8.4105, Custom loss: 0.5820, Total loss: 8.7015
Step 20 - Original loss: 10.0549, Custom loss: 1.0469, Total loss: 10.5784
Step 20 - Original loss: 9.1057, Custom loss: 0.6367, Total loss: 9.4241
Step 20 - Original loss: 8.8402, Custom loss: 1.3281, Total loss: 9.5042
Step 20 - Original loss: 9.0276, Custom loss: 0.4336, Total loss: 9.2444
Step 20 - Original loss: 8.8284, Custom loss: 0.5586, Total loss: 9.1077
Step 20 - Original loss: 9.3245, Custom loss: 0.4941, Total loss: 9.5716
Step 20 - Original loss: 9.6137, Custom loss: 0.6328, Total loss: 9.9301
Step 20 - Original loss: 9.0354, Custom loss: 0.3516, Total loss: 9.2111
Step 20 - Original loss: 8.9652, Custom loss: 0.4082, Total loss: 9.1693
Step 20 - Original loss: 9.3986, Custom loss: 0.6094, Total loss: 9.7033
Step 20 - Original loss: 10.2425, Custom loss: 1.0703, Total loss: 10.7776
Step 20 - Original loss: 9.2035, Custom loss: 1.1328, Total loss: 9.7699
Step 20 - Original loss: 10.4769, Custom loss: 1.1094, Total loss: 11.0316
Step 20 - Original loss: 9.4613, Custom loss: 0.6289, Total loss: 9.7758
Step 20 - Original loss: 9.3401, Custom loss: 0.8008, Total loss: 9.7405
Step 20 - Original loss: 9.9064, Custom loss: 0.8125, Total loss: 10.3127
Step 20 - Original loss: 9.1411, Custom loss: 0.4766, Total loss: 9.3794
Step 20 - Original loss: 9.0941, Custom loss: 0.7227, Total loss: 9.4555
Step 20 - Original loss: 8.2503, Custom loss: 0.2754, Total loss: 8.3880
Step 20 - Original loss: 8.7775, Custom loss: 1.3438, Total loss: 9.4494
Step 20 - Original loss: 9.2816, Custom loss: 0.9336, Total loss: 9.7484
Step 20 - Original loss: 9.0121, Custom loss: 0.4473, Total loss: 9.2357
Step 20 - Original loss: 8.9417, Custom loss: 0.8125, Total loss: 9.3479
Step 20 - Original loss: 9.7699, Custom loss: 0.6016, Total loss: 10.0707
Step 20 - Original loss: 9.6137, Custom loss: 0.3594, Total loss: 9.7934
Step 20 - Original loss: 9.6409, Custom loss: 0.5195, Total loss: 9.9007
Step 20 - Original loss: 8.4301, Custom loss: 0.4902, Total loss: 8.6752
Step 20 - Original loss: 8.5549, Custom loss: 1.3359, Total loss: 9.2229
Step 20 - Original loss: 9.0159, Custom loss: 0.9805, Total loss: 9.5062
Step 20 - Original loss: 9.9300, Custom loss: 1.1484, Total loss: 10.5042
Step 20 - Original loss: 9.0628, Custom loss: 0.9102, Total loss: 9.5179
Step 20 - Original loss: 9.1565, Custom loss: 0.5742, Total loss: 9.4436
Step 20 - Original loss: 9.8207, Custom loss: 1.3438, Total loss: 10.4926
Step 20 - Original loss: 8.9885, Custom loss: 0.9961, Total loss: 9.4865
Step 20 - Original loss: 9.3440, Custom loss: 0.4277, Total loss: 9.5579
Step 20 - Original loss: 9.3166, Custom loss: 0.4434, Total loss: 9.5383
Step 20 - Original loss: 9.2659, Custom loss: 0.5977, Total loss: 9.5648
Step 20 - Original loss: 8.3753, Custom loss: 0.6250, Total loss: 8.6878
Step 20 - Original loss: 8.9455, Custom loss: 1.0234, Total loss: 9.4572
Step 20 - Original loss: 9.4456, Custom loss: 0.7734, Total loss: 9.8323
Step 20 - Original loss: 9.2189, Custom loss: 0.3438, Total loss: 9.3908
Step 20 - Original loss: 8.1486, Custom loss: 0.6680, Total loss: 8.4826
Step 20 - Original loss: 8.0236, Custom loss: 0.5352, Total loss: 8.2912
Step 20 - Original loss: 10.0316, Custom loss: 0.9336, Total loss: 10.4984
Step 20 - Original loss: 8.7073, Custom loss: 0.9219, Total loss: 9.1682
Step 20 - Original loss: 9.7034, Custom loss: 0.8828, Total loss: 10.1448
Step 20 - Original loss: 10.0864, Custom loss: 1.0312, Total loss: 10.6021
Step 20 - Original loss: 8.5706, Custom loss: 0.3711, Total loss: 8.7561
Step 20 - Original loss: 8.7464, Custom loss: 0.9141, Total loss: 9.2034
Step 20 - Original loss: 10.1176, Custom loss: 2.0625, Total loss: 11.1489
Step 20 - Original loss: 8.9729, Custom loss: 0.4355, Total loss: 9.1907
Step 20 - Original loss: 9.1488, Custom loss: 0.2988, Total loss: 9.2982
Step 20 - Original loss: 8.5901, Custom loss: 0.5234, Total loss: 8.8518
Step 20 - Original loss: 8.8205, Custom loss: 0.6211, Total loss: 9.1311
Step 20 - Original loss: 8.5040, Custom loss: 0.3965, Total loss: 8.7023
Step 20 - Original loss: 9.3752, Custom loss: 1.1094, Total loss: 9.9299
Step 20 - Original loss: 8.4768, Custom loss: 0.9336, Total loss: 8.9436
Step 20 - Original loss: 9.2659, Custom loss: 0.9219, Total loss: 9.7268
Step 20 - Original loss: 9.4223, Custom loss: 0.3691, Total loss: 9.6069
Step 20 - Original loss: 9.0784, Custom loss: 1.1016, Total loss: 9.6292
Step 20 - Original loss: 8.7385, Custom loss: 0.5703, Total loss: 9.0236
Step 20 - Original loss: 8.7581, Custom loss: 0.4727, Total loss: 8.9944
Step 20 - Original loss: 8.5510, Custom loss: 0.9414, Total loss: 9.0217
Step 20 - Original loss: 8.4572, Custom loss: 0.5742, Total loss: 8.7443
Step 20 - Original loss: 9.1447, Custom loss: 0.8906, Total loss: 9.5901
Step 20 - Original loss: 8.4260, Custom loss: 0.8555, Total loss: 8.8537
Step 20 - Original loss: 7.9613, Custom loss: 0.5586, Total loss: 8.2406
Step 20 - Original loss: 9.9572, Custom loss: 0.5898, Total loss: 10.2522
Step 20 - Original loss: 8.9924, Custom loss: 0.9258, Total loss: 9.4553
Step 20 - Original loss: 8.8244, Custom loss: 0.4395, Total loss: 9.0441
Step 20 - Original loss: 8.4614, Custom loss: 0.2520, Total loss: 8.5873
Step 20 - Original loss: 9.2386, Custom loss: 0.8281, Total loss: 9.6527
Step 20 - Original loss: 9.2620, Custom loss: 0.5195, Total loss: 9.5218
Step 20 - Original loss: 8.6955, Custom loss: 0.2852, Total loss: 8.8381
Step 20 - Original loss: 9.2582, Custom loss: 0.4277, Total loss: 9.4721
Step 20 - Original loss: 8.8285, Custom loss: 1.0703, Total loss: 9.3637
Step 20 - Original loss: 9.2035, Custom loss: 0.9102, Total loss: 9.6585
Step 20 - Original loss: 9.0431, Custom loss: 0.8477, Total loss: 9.4669
Step 20 - Original loss: 9.6174, Custom loss: 0.5859, Total loss: 9.9104
Step 20 - Original loss: 8.2933, Custom loss: 0.7773, Total loss: 8.6820
Step 20 - Original loss: 9.0278, Custom loss: 0.4902, Total loss: 9.2729
Step 20 - Original loss: 9.4029, Custom loss: 0.9180, Total loss: 9.8618
Step 20 - Original loss: 8.9612, Custom loss: 0.2676, Total loss: 9.0950
Step 20 - Original loss: 9.3439, Custom loss: 0.4355, Total loss: 9.5617
Step 20 - Original loss: 8.5199, Custom loss: 0.6445, Total loss: 8.8421
Step 20 - Original loss: 8.8439, Custom loss: 0.5508, Total loss: 9.1193
Step 20 - Original loss: 9.2151, Custom loss: 0.6562, Total loss: 9.5433
Step 20 - Original loss: 8.8557, Custom loss: 0.5234, Total loss: 9.1174
Step 20 - Original loss: 8.6606, Custom loss: 0.3672, Total loss: 8.8442
Step 20 - Original loss: 8.7932, Custom loss: 0.6758, Total loss: 9.1311
Step 20 - Original loss: 9.0902, Custom loss: 0.4102, Total loss: 9.2953
Step 20 - Original loss: 9.4495, Custom loss: 0.3809, Total loss: 9.6399
Step 20 - Original loss: 8.7698, Custom loss: 0.5078, Total loss: 9.0237
Step 20 - Original loss: 9.0355, Custom loss: 0.4141, Total loss: 9.2426
Step 20 - Original loss: 9.5745, Custom loss: 1.0781, Total loss: 10.1136
Step 20 - Original loss: 8.4378, Custom loss: 1.0234, Total loss: 8.9496
Step 20 - Original loss: 9.2737, Custom loss: 0.9375, Total loss: 9.7425
Step 20 - Original loss: 10.1214, Custom loss: 1.0078, Total loss: 10.6253
Step 20 - Original loss: 9.7737, Custom loss: 0.5156, Total loss: 10.0315
Step 20 - Original loss: 9.1096, Custom loss: 0.5352, Total loss: 9.3772
Step 20 - Original loss: 9.0666, Custom loss: 0.1602, Total loss: 9.1467
Step 20 - Original loss: 9.2035, Custom loss: 0.5195, Total loss: 9.4632
Step 20 - Original loss: 9.8128, Custom loss: 0.8672, Total loss: 10.2464
Step 20 - Original loss: 8.6331, Custom loss: 0.3457, Total loss: 8.8059
Step 20 - Original loss: 8.8401, Custom loss: 0.8164, Total loss: 9.2483
Step 20 - Original loss: 9.0744, Custom loss: 0.6016, Total loss: 9.3752
Step 20 - Original loss: 9.2971, Custom loss: 0.4941, Total loss: 9.5441
Step 20 - Original loss: 8.9377, Custom loss: 0.9648, Total loss: 9.4202
Step 20 - Original loss: 9.0002, Custom loss: 0.8203, Total loss: 9.4103
Step 20 - Original loss: 9.7698, Custom loss: 0.5469, Total loss: 10.0433
Step 20 - Original loss: 8.8987, Custom loss: 0.7969, Total loss: 9.2971
Step 20 - Original loss: 8.7619, Custom loss: 0.5508, Total loss: 9.0373
Step 20 - Original loss: 9.8128, Custom loss: 0.4473, Total loss: 10.0365
Step 20 - Original loss: 9.5276, Custom loss: 0.3887, Total loss: 9.7219
Step 20 - Original loss: 8.7935, Custom loss: 0.2949, Total loss: 8.9410
Step 20 - Original loss: 8.9768, Custom loss: 0.6602, Total loss: 9.3069
Step 20 - Original loss: 9.2854, Custom loss: 0.4453, Total loss: 9.5081
Step 20 - Original loss: 10.1058, Custom loss: 1.1875, Total loss: 10.6996
Step 20 - Original loss: 8.7737, Custom loss: 0.3086, Total loss: 8.9280
Step 20 - Original loss: 9.4809, Custom loss: 1.0156, Total loss: 9.9887
Step 20 - Original loss: 8.8519, Custom loss: 0.6172, Total loss: 9.1605
Step 20 - Original loss: 8.7345, Custom loss: 0.6172, Total loss: 9.0431
Step 20 - Original loss: 9.1643, Custom loss: 0.4238, Total loss: 9.3763
Step 20 - Original loss: 8.8049, Custom loss: 0.5195, Total loss: 9.0647
Step 20 - Original loss: 9.6214, Custom loss: 0.5469, Total loss: 9.8949
Step 20 - Original loss: 9.0784, Custom loss: 0.8672, Total loss: 9.5120
Step 20 - Original loss: 8.5822, Custom loss: 0.5938, Total loss: 8.8791
Step 20 - Original loss: 9.3988, Custom loss: 0.5625, Total loss: 9.6800
Step 20 - Original loss: 8.4651, Custom loss: 0.9375, Total loss: 8.9338
Step 20 - Original loss: 9.2192, Custom loss: 0.3750, Total loss: 9.4067
Step 20 - Original loss: 8.7034, Custom loss: 0.2451, Total loss: 8.8259
Step 20 - Original loss: 8.5041, Custom loss: 0.3535, Total loss: 8.6808
Step 20 - Original loss: 9.5120, Custom loss: 1.2500, Total loss: 10.1370
Step 20 - Original loss: 9.1604, Custom loss: 0.2002, Total loss: 9.2605
Step 20 - Original loss: 9.5511, Custom loss: 0.5664, Total loss: 9.8343
Step 20 - Original loss: 9.1605, Custom loss: 0.4824, Total loss: 9.4017
Step 20 - Original loss: 9.8050, Custom loss: 0.4648, Total loss: 10.0374
Step 20 - Original loss: 9.0863, Custom loss: 0.4297, Total loss: 9.3011
Step 20 - Original loss: 9.3127, Custom loss: 0.4121, Total loss: 9.5187
Step 20 - Original loss: 8.8244, Custom loss: 0.6094, Total loss: 9.1291
Step 20 - Original loss: 8.7814, Custom loss: 0.2217, Total loss: 8.8923
Step 20 - Original loss: 9.3246, Custom loss: 0.3906, Total loss: 9.5199
Step 20 - Original loss: 8.7191, Custom loss: 0.9844, Total loss: 9.2113
Step 20 - Original loss: 8.4337, Custom loss: 0.7461, Total loss: 8.8068
Step 20 - Original loss: 9.7350, Custom loss: 1.0156, Total loss: 10.2428
Step 20 - Original loss: 8.9533, Custom loss: 0.3340, Total loss: 9.1203
Step 20 - Original loss: 9.0706, Custom loss: 1.2656, Total loss: 9.7035
Step 20 - Original loss: 9.0627, Custom loss: 1.4375, Total loss: 9.7815
Step 20 - Original loss: 8.4143, Custom loss: 0.2969, Total loss: 8.5628
Step 20 - Original loss: 8.9455, Custom loss: 0.6250, Total loss: 9.2580
Step 20 - Original loss: 9.0081, Custom loss: 0.3223, Total loss: 9.1693
Step 20 - Original loss: 8.4260, Custom loss: 1.0469, Total loss: 8.9494
Step 20 - Original loss: 9.5939, Custom loss: 0.3359, Total loss: 9.7619
Step 20 - Original loss: 8.7659, Custom loss: 0.3047, Total loss: 8.9182
Step 20 - Original loss: 9.1565, Custom loss: 0.8086, Total loss: 9.5608
Step 20 - Original loss: 9.0392, Custom loss: 0.6016, Total loss: 9.3400
Step 20 - Original loss: 9.5667, Custom loss: 0.6133, Total loss: 9.8733
Step 20 - Original loss: 8.1761, Custom loss: 0.4453, Total loss: 8.3987
Step 20 - Original loss: 9.4613, Custom loss: 0.8359, Total loss: 9.8793
Step 20 - Original loss: 8.8518, Custom loss: 0.5742, Total loss: 9.1389
Step 20 - Original loss: 9.1371, Custom loss: 1.3047, Total loss: 9.7894
Step 20 - Original loss: 9.0784, Custom loss: 0.7656, Total loss: 9.4612
Step 20 - Original loss: 9.2033, Custom loss: 0.2637, Total loss: 9.3351
Step 20 - Original loss: 9.1917, Custom loss: 0.6914, Total loss: 9.5374
Step 20 - Original loss: 9.4301, Custom loss: 0.9297, Total loss: 9.8949
Step 20 - Original loss: 9.3518, Custom loss: 0.6211, Total loss: 9.6624
Step 20 - Original loss: 8.9105, Custom loss: 0.6328, Total loss: 9.2269
Step 20 - Original loss: 8.7423, Custom loss: 1.3984, Total loss: 9.4416
Step 20 - Original loss: 8.4377, Custom loss: 0.9766, Total loss: 8.9260
Step 20 - Original loss: 9.0199, Custom loss: 0.8945, Total loss: 9.4671
Step 20 - Original loss: 8.5981, Custom loss: 0.2637, Total loss: 8.7299
Step 20 - Original loss: 8.6174, Custom loss: 0.5547, Total loss: 8.8947
Step 20 - Original loss: 8.3207, Custom loss: 0.5508, Total loss: 8.5961
Step 20 - Original loss: 8.8439, Custom loss: 1.0234, Total loss: 9.3557
Step 20 - Original loss: 8.4572, Custom loss: 0.6055, Total loss: 8.7600
Step 20 - Original loss: 9.0822, Custom loss: 0.5391, Total loss: 9.3518
Step 20 - Original loss: 8.7933, Custom loss: 1.0391, Total loss: 9.3128
Step 20 - Original loss: 9.2115, Custom loss: 0.9648, Total loss: 9.6939
Step 20 - Original loss: 9.0082, Custom loss: 0.7227, Total loss: 9.3696
Step 20 - Original loss: 9.2893, Custom loss: 1.4844, Total loss: 10.0315
Step 20 - Original loss: 9.7387, Custom loss: 0.3984, Total loss: 9.9379
Step 20 - Original loss: 8.9260, Custom loss: 0.6836, Total loss: 9.2678
Step 20 - Original loss: 9.8518, Custom loss: 0.5273, Total loss: 10.1154
Step 20 - Original loss: 8.2190, Custom loss: 0.7070, Total loss: 8.5725
Step 20 - Original loss: 9.5394, Custom loss: 1.4297, Total loss: 10.2542
Step 20 - Original loss: 9.2892, Custom loss: 0.7422, Total loss: 9.6603
Step 20 - Original loss: 8.8831, Custom loss: 0.3262, Total loss: 9.0462
Step 20 - Original loss: 8.9846, Custom loss: 0.5039, Total loss: 9.2365
Step 20 - Original loss: 9.1019, Custom loss: 0.8789, Total loss: 9.5413
Step 20 - Original loss: 9.3129, Custom loss: 0.4805, Total loss: 9.5531
Step 20 - Original loss: 9.0862, Custom loss: 0.4922, Total loss: 9.3323
Step 20 - Original loss: 8.8206, Custom loss: 0.2305, Total loss: 8.9358
Step 20 - Original loss: 8.9769, Custom loss: 0.6016, Total loss: 9.2776
Step 20 - Original loss: 9.2659, Custom loss: 0.5977, Total loss: 9.5647
Step 20 - Original loss: 9.7856, Custom loss: 0.8516, Total loss: 10.2114
Step 20 - Original loss: 8.7384, Custom loss: 0.4668, Total loss: 8.9718
Step 20 - Original loss: 9.8752, Custom loss: 1.1172, Total loss: 10.4338
Step 20 - Original loss: 9.4338, Custom loss: 0.5625, Total loss: 9.7151
Step 20 - Original loss: 9.3558, Custom loss: 0.5742, Total loss: 9.6429
Step 20 - Original loss: 9.1408, Custom loss: 0.2236, Total loss: 9.2526
Step 20 - Original loss: 10.3830, Custom loss: 0.3945, Total loss: 10.5803
Step 20 - Original loss: 9.0628, Custom loss: 1.4688, Total loss: 9.7972
Step 20 - Original loss: 9.3246, Custom loss: 0.3359, Total loss: 9.4925
Step 20 - Original loss: 8.9652, Custom loss: 0.4297, Total loss: 9.1800
Step 20 - Original loss: 9.1018, Custom loss: 0.4844, Total loss: 9.3439
Step 20 - Original loss: 9.6956, Custom loss: 0.7969, Total loss: 10.0940
Step 20 - Original loss: 8.5862, Custom loss: 0.9023, Total loss: 9.0374
Step 20 - Original loss: 9.0197, Custom loss: 0.5898, Total loss: 9.3146
Step 20 - Original loss: 8.8909, Custom loss: 1.1406, Total loss: 9.4612
Step 20 - Original loss: 8.5744, Custom loss: 0.6875, Total loss: 8.9182
Step 20 - Original loss: 9.1487, Custom loss: 1.0156, Total loss: 9.6565
Step 20 - Original loss: 9.1410, Custom loss: 0.4941, Total loss: 9.3881
Step 20 - Original loss: 8.9027, Custom loss: 0.4238, Total loss: 9.1146
Step 20 - Original loss: 8.6409, Custom loss: 0.1758, Total loss: 8.7288
Step 20 - Original loss: 9.1996, Custom loss: 0.6172, Total loss: 9.5082
Step 20 - Original loss: 9.5864, Custom loss: 0.7969, Total loss: 9.9849
Step 20 - Original loss: 9.3090, Custom loss: 0.7266, Total loss: 9.6722
Step 20 - Original loss: 9.2072, Custom loss: 0.7734, Total loss: 9.5939
Step 20 - Original loss: 8.9652, Custom loss: 0.3418, Total loss: 9.1361
Step 20 - Original loss: 8.9964, Custom loss: 1.6719, Total loss: 9.8323
Step 20 - Original loss: 8.4964, Custom loss: 0.4883, Total loss: 8.7405
Step 20 - Original loss: 9.0160, Custom loss: 0.7578, Total loss: 9.3949
Step 20 - Original loss: 8.9026, Custom loss: 0.3262, Total loss: 9.0657
Step 20 - Original loss: 8.9221, Custom loss: 0.5039, Total loss: 9.1741
Step 20 - Original loss: 8.4690, Custom loss: 0.2363, Total loss: 8.5871
Step 20 - Original loss: 8.6800, Custom loss: 0.1855, Total loss: 8.7727
Step 20 - Original loss: 8.7971, Custom loss: 0.5820, Total loss: 9.0881
Step 20 - Original loss: 9.0080, Custom loss: 0.5508, Total loss: 9.2834
Step 20 - Original loss: 9.6683, Custom loss: 0.8828, Total loss: 10.1097
Step 20 - Original loss: 9.6720, Custom loss: 0.8516, Total loss: 10.0978
Step 20 - Original loss: 8.9806, Custom loss: 0.1855, Total loss: 9.0734
Step 20 - Original loss: 9.3753, Custom loss: 1.4766, Total loss: 10.1136
Step 20 - Original loss: 9.9378, Custom loss: 0.8008, Total loss: 10.3382
Step 20 - Original loss: 9.1917, Custom loss: 0.9141, Total loss: 9.6488
Step 20 - Original loss: 8.7074, Custom loss: 0.4551, Total loss: 8.9350
Step 20 - Original loss: 8.9456, Custom loss: 0.8789, Total loss: 9.3850
Step 20 - Original loss: 9.1721, Custom loss: 0.2422, Total loss: 9.2932
Step 20 - Original loss: 9.0120, Custom loss: 0.7773, Total loss: 9.4007
Step 20 - Original loss: 9.8636, Custom loss: 1.0000, Total loss: 10.3636
Step 20 - Original loss: 9.4534, Custom loss: 1.0625, Total loss: 9.9846
Step 20 - Original loss: 9.2308, Custom loss: 1.1328, Total loss: 9.7972
Step 20 - Original loss: 9.1799, Custom loss: 0.7266, Total loss: 9.5432
Step 20 - Original loss: 9.2152, Custom loss: 0.6211, Total loss: 9.5258
Step 20 - Original loss: 9.6643, Custom loss: 0.8359, Total loss: 10.0822
Step 20 - Original loss: 9.2621, Custom loss: 0.8828, Total loss: 9.7035
Step 20 - Original loss: 9.6840, Custom loss: 0.6875, Total loss: 10.0278
Step 20 - Original loss: 8.7426, Custom loss: 0.5859, Total loss: 9.0356
Step 20 - Original loss: 9.3206, Custom loss: 0.9219, Total loss: 9.7815
Step 20 - Original loss: 9.0902, Custom loss: 0.4707, Total loss: 9.3255
Step 20 - Original loss: 9.2736, Custom loss: 0.4102, Total loss: 9.4787
Step 20 - Original loss: 9.0393, Custom loss: 0.5820, Total loss: 9.3303
Step 20 - Original loss: 9.0627, Custom loss: 0.8477, Total loss: 9.4865
Step 20 - Original loss: 8.5158, Custom loss: 1.1016, Total loss: 9.0666
Step 20 - Original loss: 8.5511, Custom loss: 0.9844, Total loss: 9.0433
Step 20 - Original loss: 9.2621, Custom loss: 0.9609, Total loss: 9.7425
Step 20 - Original loss: 9.2190, Custom loss: 0.3398, Total loss: 9.3889
Step 20 - Original loss: 8.5433, Custom loss: 0.8594, Total loss: 8.9730
Step 20 - Original loss: 9.5980, Custom loss: 0.7852, Total loss: 9.9905
Step 20 - Original loss: 9.0198, Custom loss: 0.3203, Total loss: 9.1799
Step 20 - Original loss: 9.6489, Custom loss: 0.6055, Total loss: 9.9517
Step 20 - Original loss: 9.1291, Custom loss: 0.6211, Total loss: 9.4397
Step 20 - Original loss: 10.4768, Custom loss: 1.1016, Total loss: 11.0276
Step 20 - Original loss: 10.3285, Custom loss: 1.1875, Total loss: 10.9223
Step 20 - Original loss: 9.4064, Custom loss: 0.8359, Total loss: 9.8244
Step 20 - Original loss: 8.4182, Custom loss: 0.5742, Total loss: 8.7053
Step 20 - Original loss: 8.9378, Custom loss: 0.5977, Total loss: 9.2366
Step 20 - Original loss: 9.3365, Custom loss: 0.5156, Total loss: 9.5943
Step 20 - Original loss: 9.7503, Custom loss: 0.7500, Total loss: 10.1253
Step 20 - Original loss: 9.7426, Custom loss: 0.8516, Total loss: 10.1684
Step 20 - Original loss: 8.8128, Custom loss: 1.0938, Total loss: 9.3597
Step 20 - Original loss: 9.2933, Custom loss: 0.4648, Total loss: 9.5257
Step 20 - Original loss: 8.7893, Custom loss: 0.7852, Total loss: 9.1819
Step 20 - Original loss: 9.5473, Custom loss: 0.6719, Total loss: 9.8832
Step 20 - Original loss: 9.2659, Custom loss: 0.3457, Total loss: 9.4387
Step 20 - Original loss: 8.6566, Custom loss: 0.8828, Total loss: 9.0980
Step 20 - Original loss: 8.6720, Custom loss: 1.4297, Total loss: 9.3869
Step 20 - Original loss: 9.0587, Custom loss: 0.9375, Total loss: 9.5275
Step 20 - Original loss: 8.9924, Custom loss: 0.5703, Total loss: 9.2776
Step 20 - Original loss: 9.9221, Custom loss: 0.9297, Total loss: 10.3870
Step 20 - Original loss: 8.9769, Custom loss: 0.9727, Total loss: 9.4632
Step 20 - Original loss: 9.4026, Custom loss: 0.7109, Total loss: 9.7581
Step 20 - Original loss: 9.7033, Custom loss: 0.8164, Total loss: 10.1115
Step 20 - Original loss: 8.7895, Custom loss: 0.4648, Total loss: 9.0220
Step 20 - Original loss: 8.8009, Custom loss: 0.5938, Total loss: 9.0978
Step 20 - Original loss: 9.5705, Custom loss: 0.4688, Total loss: 9.8049
Step 20 - Original loss: 9.2737, Custom loss: 0.4023, Total loss: 9.4749
Step 20 - Original loss: 9.8598, Custom loss: 0.4473, Total loss: 10.0835
Step 20 - Original loss: 9.3441, Custom loss: 0.4102, Total loss: 9.5491
Step 20 - Original loss: 8.9964, Custom loss: 0.4102, Total loss: 9.2015
Step 20 - Original loss: 8.6332, Custom loss: 0.6484, Total loss: 8.9574
Step 20 - Original loss: 8.8518, Custom loss: 0.6289, Total loss: 9.1662
Step 20 - Original loss: 8.5666, Custom loss: 0.7383, Total loss: 8.9358
Step 20 - Original loss: 9.6919, Custom loss: 0.6211, Total loss: 10.0025
Step 20 - Original loss: 9.7033, Custom loss: 0.6250, Total loss: 10.0158
Step 20 - Original loss: 9.1683, Custom loss: 0.5312, Total loss: 9.4339
Step 20 - Original loss: 8.8245, Custom loss: 1.0391, Total loss: 9.3440
Step 20 - Original loss: 9.1292, Custom loss: 0.8086, Total loss: 9.5335
Step 20 - Original loss: 9.4690, Custom loss: 0.1963, Total loss: 9.5671
Step 20 - Original loss: 8.3479, Custom loss: 0.5234, Total loss: 8.6096
Step 20 - Original loss: 8.5744, Custom loss: 0.5039, Total loss: 8.8264
Step 20 - Original loss: 8.3949, Custom loss: 1.0234, Total loss: 8.9066
Step 20 - Original loss: 9.3129, Custom loss: 0.4863, Total loss: 9.5560
Step 20 - Original loss: 8.0550, Custom loss: 0.8242, Total loss: 8.4671
Step 20 - Original loss: 8.7307, Custom loss: 0.7422, Total loss: 9.1018
Step 20 - Original loss: 9.0119, Custom loss: 0.2490, Total loss: 9.1365
Step 20 - Original loss: 9.0901, Custom loss: 0.5859, Total loss: 9.3831
Step 20 - Original loss: 9.0588, Custom loss: 0.1934, Total loss: 9.1555
Step 20 - Original loss: 9.4143, Custom loss: 0.5391, Total loss: 9.6839
Step 20 - Original loss: 9.2347, Custom loss: 0.5156, Total loss: 9.4925
Step 20 - Original loss: 9.6801, Custom loss: 0.6641, Total loss: 10.0121
Step 20 - Original loss: 9.2893, Custom loss: 0.6641, Total loss: 9.6213
Step 20 - Original loss: 8.4339, Custom loss: 0.2266, Total loss: 8.5471
Step 20 - Original loss: 9.1607, Custom loss: 0.4961, Total loss: 9.4087
Step 20 - Original loss: 8.9259, Custom loss: 0.3496, Total loss: 9.1007
Step 20 - Original loss: 9.0823, Custom loss: 0.5742, Total loss: 9.3694
Step 20 - Original loss: 9.3518, Custom loss: 0.7539, Total loss: 9.7287
Step 20 - Original loss: 9.9613, Custom loss: 0.5625, Total loss: 10.2425
Step 20 - Original loss: 9.4885, Custom loss: 0.2832, Total loss: 9.6301
Step 20 - Original loss: 8.9377, Custom loss: 0.6602, Total loss: 9.2678
Step 20 - Original loss: 8.5665, Custom loss: 0.4570, Total loss: 8.7951
Step 20 - Original loss: 8.8363, Custom loss: 0.2373, Total loss: 8.9549
Step 20 - Original loss: 9.2463, Custom loss: 0.3477, Total loss: 9.4201
Step 20 - Original loss: 9.0823, Custom loss: 0.4902, Total loss: 9.3274
Step 20 - Original loss: 8.8674, Custom loss: 0.7891, Total loss: 9.2619
Step 20 - Original loss: 9.2542, Custom loss: 0.9336, Total loss: 9.7210
Step 20 - Original loss: 9.3245, Custom loss: 0.4492, Total loss: 9.5491
Step 20 - Original loss: 8.8205, Custom loss: 0.2500, Total loss: 8.9455
Step 20 - Original loss: 9.4534, Custom loss: 0.6445, Total loss: 9.7757
Step 20 - Original loss: 10.1019, Custom loss: 0.6406, Total loss: 10.4222
Step 20 - Original loss: 9.3519, Custom loss: 0.2734, Total loss: 9.4886
Step 20 - Original loss: 9.7112, Custom loss: 0.5430, Total loss: 9.9827
Step 20 - Original loss: 9.8090, Custom loss: 1.1016, Total loss: 10.3598
Step 20 - Original loss: 9.1175, Custom loss: 0.4062, Total loss: 9.3206
Step 20 - Original loss: 8.7114, Custom loss: 0.4492, Total loss: 8.9360
Step 20 - Original loss: 9.3988, Custom loss: 0.9297, Total loss: 9.8637
Step 20 - Original loss: 9.3363, Custom loss: 0.6523, Total loss: 9.6625
Step 20 - Original loss: 10.1333, Custom loss: 0.8867, Total loss: 10.5766
Step 20 - Original loss: 9.5081, Custom loss: 0.6250, Total loss: 9.8206
Step 20 - Original loss: 9.6917, Custom loss: 0.6328, Total loss: 10.0081
Step 20 - Original loss: 8.0432, Custom loss: 0.1709, Total loss: 8.1286
Step 20 - Original loss: 9.3128, Custom loss: 0.7266, Total loss: 9.6760
Step 20 - Original loss: 9.1408, Custom loss: 0.7695, Total loss: 9.5255
Step 20 - Original loss: 9.5862, Custom loss: 0.4688, Total loss: 9.8206
Step 20 - Original loss: 9.4456, Custom loss: 0.8398, Total loss: 9.8655
Step 20 - Original loss: 9.4534, Custom loss: 0.3691, Total loss: 9.6380
Step 20 - Original loss: 8.5394, Custom loss: 0.9609, Total loss: 9.0199
Step 20 - Original loss: 9.8795, Custom loss: 1.0859, Total loss: 10.4224
Step 20 - Original loss: 9.5706, Custom loss: 0.7227, Total loss: 9.9319
Step 20 - Original loss: 9.1294, Custom loss: 0.3320, Total loss: 9.2954
Step 20 - Original loss: 8.7658, Custom loss: 0.3301, Total loss: 8.9308
Step 20 - Original loss: 10.0003, Custom loss: 0.2393, Total loss: 10.1199
Step 20 - Original loss: 9.0046, Custom loss: 0.7461, Total loss: 9.3776
Step 20 - Original loss: 9.0314, Custom loss: 0.2461, Total loss: 9.1545
Step 20 - Original loss: 8.4377, Custom loss: 0.3516, Total loss: 8.6135
Step 20 - Original loss: 8.9106, Custom loss: 0.9766, Total loss: 9.3989
Step 20 - Original loss: 9.0120, Custom loss: 0.5977, Total loss: 9.3108
Step 20 - Original loss: 9.3797, Custom loss: 1.0859, Total loss: 9.9227
Step 20 - Original loss: 9.4455, Custom loss: 0.6133, Total loss: 9.7522
Step 20 - Original loss: 9.8131, Custom loss: 1.2500, Total loss: 10.4381
Step 20 - Original loss: 8.8677, Custom loss: 0.6680, Total loss: 9.2017
Step 20 - Original loss: 9.9537, Custom loss: 1.0312, Total loss: 10.4693
Step 20 - Original loss: 8.7933, Custom loss: 0.8008, Total loss: 9.1937
Step 20 - Original loss: 9.7894, Custom loss: 0.4141, Total loss: 9.9964
Step 20 - Original loss: 8.5588, Custom loss: 0.8828, Total loss: 9.0002
Step 20 - Original loss: 9.6487, Custom loss: 0.2910, Total loss: 9.7942
Step 20 - Original loss: 9.8714, Custom loss: 0.6484, Total loss: 10.1956
Step 20 - Original loss: 7.7854, Custom loss: 0.2246, Total loss: 7.8977
Step 20 - Original loss: 9.5003, Custom loss: 0.6250, Total loss: 9.8128
Step 20 - Original loss: 9.4183, Custom loss: 0.6484, Total loss: 9.7425
Step 20 - Original loss: 8.9806, Custom loss: 0.4258, Total loss: 9.1935
Step 20 - Original loss: 8.9456, Custom loss: 0.6445, Total loss: 9.2679
Step 20 - Original loss: 9.0158, Custom loss: 0.4707, Total loss: 9.2512
Step 20 - Original loss: 7.8869, Custom loss: 0.3047, Total loss: 8.0393
Step 20 - Original loss: 9.2738, Custom loss: 0.4805, Total loss: 9.5140
Step 20 - Original loss: 9.0277, Custom loss: 0.7305, Total loss: 9.3929
Step 20 - Original loss: 9.7270, Custom loss: 0.5820, Total loss: 10.0180
Step 20 - Original loss: 10.0081, Custom loss: 0.4023, Total loss: 10.2093
Step 20 - Original loss: 10.1878, Custom loss: 0.6797, Total loss: 10.5276
Step 20 - Original loss: 8.5863, Custom loss: 0.5352, Total loss: 8.8539
Step 20 - Original loss: 9.2113, Custom loss: 0.5352, Total loss: 9.4789
Step 20 - Original loss: 9.0901, Custom loss: 0.3574, Total loss: 9.2688
Step 20 - Original loss: 9.0002, Custom loss: 0.3398, Total loss: 9.1701
Step 20 - Original loss: 8.8949, Custom loss: 0.9102, Total loss: 9.3499
Step 20 - Original loss: 8.9182, Custom loss: 0.7266, Total loss: 9.2814
Step 20 - Original loss: 9.8362, Custom loss: 1.2969, Total loss: 10.4846
Step 20 - Original loss: 9.0824, Custom loss: 0.3848, Total loss: 9.2748
Step 20 - Original loss: 9.3283, Custom loss: 0.5508, Total loss: 9.6037
Step 20 - Original loss: 8.3987, Custom loss: 0.3457, Total loss: 8.5716
Step 20 - Original loss: 8.5159, Custom loss: 0.7891, Total loss: 8.9104
Step 20 - Original loss: 8.4182, Custom loss: 0.2734, Total loss: 8.5549
Step 20 - Original loss: 9.3676, Custom loss: 0.2949, Total loss: 9.5151
Step 20 - Original loss: 9.2659, Custom loss: 0.8164, Total loss: 9.6741
Step 20 - Original loss: 9.0393, Custom loss: 0.6484, Total loss: 9.3635
Step 20 - Original loss: 10.0081, Custom loss: 1.1328, Total loss: 10.5745
Step 20 - Original loss: 10.0084, Custom loss: 1.0938, Total loss: 10.5553
Step 20 - Original loss: 8.7463, Custom loss: 0.7695, Total loss: 9.1311
Step 20 - Original loss: 9.8832, Custom loss: 0.1455, Total loss: 9.9560
Step 20 - Original loss: 9.0784, Custom loss: 0.5977, Total loss: 9.3772
Step 20 - Original loss: 9.2033, Custom loss: 0.4219, Total loss: 9.4143
Step 20 - Original loss: 9.2503, Custom loss: 0.4609, Total loss: 9.4808
Step 20 - Original loss: 9.1215, Custom loss: 1.2422, Total loss: 9.7426
Step 20 - Original loss: 9.6877, Custom loss: 0.7422, Total loss: 10.0588
Step 20 - Original loss: 10.1958, Custom loss: 0.2246, Total loss: 10.3081
Step 20 - Original loss: 9.7113, Custom loss: 0.7539, Total loss: 10.0883
Step 20 - Original loss: 9.4457, Custom loss: 0.5703, Total loss: 9.7309
Step 20 - Original loss: 10.0002, Custom loss: 1.3594, Total loss: 10.6799
Step 20 - Original loss: 9.2736, Custom loss: 1.0156, Total loss: 9.7814
Step 20 - Original loss: 9.3011, Custom loss: 1.2266, Total loss: 9.9143
Step 20 - Original loss: 8.9378, Custom loss: 0.6602, Total loss: 9.2679
Step 20 - Original loss: 10.1879, Custom loss: 0.7891, Total loss: 10.5825
Step 20 - Original loss: 8.8362, Custom loss: 0.6484, Total loss: 9.1604
Step 20 - Original loss: 9.1916, Custom loss: 1.2891, Total loss: 9.8361
Step 20 - Original loss: 9.3481, Custom loss: 0.6602, Total loss: 9.6782
Step 20 - Original loss: 9.4143, Custom loss: 0.9609, Total loss: 9.8947
Step 20 - Original loss: 8.5318, Custom loss: 0.5820, Total loss: 8.8228
Step 20 - Original loss: 9.7229, Custom loss: 0.5195, Total loss: 9.9827
Step 20 - Original loss: 9.2268, Custom loss: 0.4707, Total loss: 9.4622
Step 20 - Original loss: 9.1216, Custom loss: 0.3730, Total loss: 9.3081
Step 20 - Original loss: 10.2348, Custom loss: 0.8320, Total loss: 10.6508
Step 20 - Original loss: 9.5473, Custom loss: 0.9492, Total loss: 10.0219
Step 20 - Original loss: 9.1644, Custom loss: 0.4316, Total loss: 9.3802
Step 20 - Original loss: 8.8128, Custom loss: 0.7148, Total loss: 9.1702
Step 20 - Original loss: 8.1955, Custom loss: 0.4453, Total loss: 8.4182
Step 20 - Original loss: 9.1645, Custom loss: 0.8008, Total loss: 9.5649
Step 20 - Original loss: 8.7307, Custom loss: 0.4434, Total loss: 8.9524
Step 20 - Original loss: 9.0158, Custom loss: 0.5312, Total loss: 9.2815
Step 20 - Original loss: 9.5238, Custom loss: 0.8945, Total loss: 9.9711
Step 20 - Original loss: 9.3168, Custom loss: 1.1016, Total loss: 9.8676
Step 20 - Original loss: 9.0471, Custom loss: 0.6758, Total loss: 9.3850
Step 20 - Original loss: 8.6448, Custom loss: 0.4609, Total loss: 8.8752
Step 20 - Original loss: 9.7581, Custom loss: 0.7148, Total loss: 10.1155
Step 20 - Original loss: 9.1215, Custom loss: 0.7344, Total loss: 9.4887
Step 20 - Original loss: 9.1487, Custom loss: 0.2988, Total loss: 9.2981
Step 20 - Original loss: 8.8753, Custom loss: 0.2500, Total loss: 9.0003
Step 20 - Original loss: 9.2074, Custom loss: 0.7422, Total loss: 9.5785
Step 20 - Original loss: 9.3674, Custom loss: 0.3652, Total loss: 9.5501
Step 20 - Original loss: 9.4729, Custom loss: 0.6406, Total loss: 9.7932
Step 20 - Original loss: 9.0900, Custom loss: 0.6953, Total loss: 9.4377
Step 20 - Original loss: 9.9455, Custom loss: 0.8867, Total loss: 10.3889
Step 20 - Original loss: 8.6994, Custom loss: 0.4082, Total loss: 8.9035
Step 20 - Original loss: 9.9538, Custom loss: 0.8320, Total loss: 10.3698
Step 20 - Original loss: 8.4650, Custom loss: 0.7383, Total loss: 8.8342
Step 20 - Original loss: 8.3674, Custom loss: 0.2559, Total loss: 8.4953
Step 20 - Original loss: 8.9691, Custom loss: 0.6758, Total loss: 9.3070
Step 20 - Original loss: 9.4027, Custom loss: 1.0703, Total loss: 9.9379
Step 20 - Original loss: 8.9379, Custom loss: 0.9766, Total loss: 9.4262
Step 20 - Original loss: 9.2698, Custom loss: 0.7188, Total loss: 9.6292
Step 20 - Original loss: 8.9300, Custom loss: 0.2734, Total loss: 9.0667
Step 20 - Original loss: 9.3793, Custom loss: 0.6133, Total loss: 9.6859
Step 20 - Original loss: 9.4847, Custom loss: 0.9727, Total loss: 9.9710
Step 20 - Original loss: 9.2386, Custom loss: 0.6797, Total loss: 9.5784
Step 20 - Original loss: 9.6174, Custom loss: 1.2109, Total loss: 10.2229
Step 20 - Original loss: 9.5706, Custom loss: 1.0156, Total loss: 10.0784
Step 20 - Original loss: 8.8557, Custom loss: 0.3789, Total loss: 9.0451
Step 20 - Original loss: 9.8364, Custom loss: 0.7148, Total loss: 10.1938
Step 20 - Original loss: 9.0784, Custom loss: 0.8320, Total loss: 9.4944
Step 20 - Original loss: 9.3284, Custom loss: 0.6445, Total loss: 9.6507
Step 20 - Original loss: 9.3596, Custom loss: 0.5039, Total loss: 9.6116
Step 20 - Original loss: 8.9455, Custom loss: 0.8203, Total loss: 9.3556
Step 20 - Original loss: 9.7502, Custom loss: 0.4141, Total loss: 9.9573
Step 20 - Original loss: 9.9027, Custom loss: 0.9492, Total loss: 10.3773
Step 20 - Original loss: 8.5393, Custom loss: 0.3457, Total loss: 8.7121
Step 20 - Original loss: 9.2151, Custom loss: 0.3633, Total loss: 9.3968
Step 20 - Original loss: 9.9183, Custom loss: 1.7266, Total loss: 10.7815
Step 20 - Original loss: 8.9065, Custom loss: 0.4707, Total loss: 9.1419
Step 20 - Original loss: 8.8166, Custom loss: 0.3789, Total loss: 9.0061
Step 20 - Original loss: 10.1878, Custom loss: 0.8828, Total loss: 10.6292
Step 20 - Original loss: 9.2778, Custom loss: 0.7539, Total loss: 9.6547
Step 20 - Original loss: 9.7113, Custom loss: 1.3047, Total loss: 10.3636
Step 20 - Original loss: 8.9494, Custom loss: 0.5742, Total loss: 9.2365
Step 20 - Original loss: 9.1370, Custom loss: 0.4648, Total loss: 9.3694
Step 20 - Original loss: 9.9065, Custom loss: 0.6953, Total loss: 10.2541
Step 20 - Original loss: 9.3559, Custom loss: 0.3672, Total loss: 9.5395
Step 20 - Original loss: 9.6799, Custom loss: 0.6953, Total loss: 10.0276
Step 20 - Original loss: 9.4263, Custom loss: 1.0078, Total loss: 9.9302
Step 20 - Original loss: 9.1215, Custom loss: 0.4316, Total loss: 9.3373
Step 20 - Original loss: 9.5239, Custom loss: 0.5508, Total loss: 9.7993
Step 20 - Original loss: 10.1410, Custom loss: 0.5703, Total loss: 10.4261
Step 20 - Original loss: 9.4184, Custom loss: 0.6133, Total loss: 9.7251
Step 20 - Original loss: 9.6957, Custom loss: 0.5586, Total loss: 9.9750
Step 20 - Original loss: 9.4848, Custom loss: 0.6680, Total loss: 9.8187
Step 20 - Original loss: 9.1330, Custom loss: 0.2852, Total loss: 9.2756
Step 20 - Original loss: 9.0512, Custom loss: 0.6797, Total loss: 9.3910
Step 20 - Original loss: 8.7698, Custom loss: 0.7695, Total loss: 9.1545
Step 20 - Original loss: 8.3987, Custom loss: 1.0703, Total loss: 8.9339
Step 20 - Original loss: 8.9143, Custom loss: 0.5469, Total loss: 9.1877
Step 20 - Original loss: 8.9260, Custom loss: 0.6094, Total loss: 9.2307
Step 20 - Original loss: 9.2502, Custom loss: 0.9336, Total loss: 9.7170
Step 20 - Original loss: 8.9924, Custom loss: 0.4863, Total loss: 9.2356
Step 20 - Original loss: 9.5393, Custom loss: 0.4492, Total loss: 9.7639
Step 20 - Original loss: 8.2113, Custom loss: 0.6016, Total loss: 8.5121
Step 20 - Original loss: 8.9299, Custom loss: 0.7852, Total loss: 9.3225
Step 20 - Original loss: 9.0549, Custom loss: 1.0469, Total loss: 9.5783
Step 20 - Original loss: 8.4845, Custom loss: 0.5312, Total loss: 8.7502
Step 20 - Original loss: 10.7270, Custom loss: 0.5078, Total loss: 10.9809
Step 20 - Original loss: 9.1525, Custom loss: 0.4805, Total loss: 9.3928
Step 20 - Original loss: 9.2580, Custom loss: 0.3848, Total loss: 9.4504
Step 20 - Original loss: 9.1096, Custom loss: 0.3965, Total loss: 9.3078
Step 20 - Original loss: 8.4065, Custom loss: 1.1016, Total loss: 8.9573
Step 20 - Original loss: 8.9181, Custom loss: 0.4883, Total loss: 9.1623
Step 20 - Original loss: 8.5901, Custom loss: 0.4629, Total loss: 8.8215
Step 20 - Original loss: 9.6331, Custom loss: 0.4590, Total loss: 9.8626
Step 20 - Original loss: 9.4299, Custom loss: 0.4160, Total loss: 9.6380
Step 20 - Original loss: 9.6261, Custom loss: 0.3926, Total loss: 9.8224
Step 20 - Original loss: 9.4966, Custom loss: 0.7852, Total loss: 9.8891
Step 20 - Original loss: 8.6370, Custom loss: 0.4453, Total loss: 8.8596
Step 20 - Original loss: 8.6370, Custom loss: 0.5859, Total loss: 8.9300
Step 20 - Original loss: 8.7735, Custom loss: 0.7891, Total loss: 9.1681
Step 20 - Original loss: 8.3830, Custom loss: 0.5586, Total loss: 8.6623
Step 20 - Original loss: 9.4300, Custom loss: 0.4180, Total loss: 9.6389
Step 20 - Original loss: 8.8400, Custom loss: 0.4492, Total loss: 9.0646
Step 20 - Original loss: 9.3481, Custom loss: 0.4980, Total loss: 9.5971
Step 20 - Original loss: 9.3599, Custom loss: 0.5117, Total loss: 9.6157
Step 20 - Original loss: 8.9417, Custom loss: 0.3516, Total loss: 9.1175
Step 20 - Original loss: 9.2659, Custom loss: 1.1797, Total loss: 9.8557
Step 20 - Original loss: 9.8206, Custom loss: 0.7578, Total loss: 10.1995
Step 20 - Original loss: 9.6799, Custom loss: 0.4668, Total loss: 9.9133
Step 20 - Original loss: 9.8441, Custom loss: 0.5547, Total loss: 10.1214
Step 20 - Original loss: 9.1565, Custom loss: 0.9219, Total loss: 9.6175
Step 20 - Original loss: 9.1878, Custom loss: 0.2197, Total loss: 9.2977
Step 20 - Original loss: 9.4847, Custom loss: 1.1797, Total loss: 10.0746
Step 20 - Original loss: 9.6058, Custom loss: 0.8828, Total loss: 10.0472
Step 20 - Original loss: 9.2308, Custom loss: 0.5508, Total loss: 9.5062
Step 20 - Original loss: 10.1291, Custom loss: 0.4590, Total loss: 10.3586
Step 20 - Original loss: 9.6802, Custom loss: 0.6250, Total loss: 9.9927
Step 20 - Original loss: 8.6290, Custom loss: 0.4785, Total loss: 8.8683
Step 20 - Original loss: 9.4807, Custom loss: 0.7969, Total loss: 9.8791
Step 20 - Original loss: 9.1798, Custom loss: 0.2715, Total loss: 9.3156
Step 20 - Original loss: 9.1097, Custom loss: 1.3594, Total loss: 9.7894
Step 20 - Original loss: 9.7894, Custom loss: 0.6211, Total loss: 10.0999
Step 20 - Original loss: 9.6178, Custom loss: 1.1094, Total loss: 10.1725
Step 20 - Original loss: 8.6097, Custom loss: 0.5625, Total loss: 8.8910
Step 20 - Original loss: 8.8362, Custom loss: 0.7188, Total loss: 9.1955
Step 20 - Original loss: 9.6252, Custom loss: 0.6875, Total loss: 9.9689
Step 20 - Original loss: 9.4143, Custom loss: 0.6680, Total loss: 9.7482
Step 20 - Original loss: 8.7151, Custom loss: 0.8047, Total loss: 9.1174
Step 20 - Original loss: 9.1526, Custom loss: 0.4531, Total loss: 9.3792
Step 20 - Original loss: 8.6565, Custom loss: 0.7109, Total loss: 9.0120
Step 20 - Original loss: 8.7270, Custom loss: 0.8438, Total loss: 9.1488
Step 20 - Original loss: 8.5979, Custom loss: 0.9141, Total loss: 9.0550
Step 20 - Original loss: 9.5862, Custom loss: 0.8438, Total loss: 10.0081
Step 20 - Original loss: 9.8284, Custom loss: 0.2676, Total loss: 9.9622
Step 20 - Original loss: 8.8128, Custom loss: 0.6289, Total loss: 9.1273
Step 20 - Original loss: 9.2191, Custom loss: 0.6719, Total loss: 9.5551
Step 20 - Original loss: 9.3677, Custom loss: 1.4609, Total loss: 10.0981
Step 20 - Original loss: 9.3091, Custom loss: 1.0547, Total loss: 9.8364
Step 20 - Original loss: 9.2932, Custom loss: 0.3047, Total loss: 9.4455
Step 20 - Original loss: 8.6095, Custom loss: 0.6133, Total loss: 8.9161
Step 20 - Original loss: 9.4066, Custom loss: 0.7812, Total loss: 9.7973
Step 20 - Original loss: 8.8908, Custom loss: 0.8711, Total loss: 9.3263
Step 20 - Original loss: 9.0667, Custom loss: 0.1943, Total loss: 9.1638
Step 20 - Original loss: 9.0315, Custom loss: 0.4375, Total loss: 9.2502
Step 20 - Original loss: 8.9455, Custom loss: 0.6562, Total loss: 9.2737
Step 20 - Original loss: 9.4533, Custom loss: 0.5547, Total loss: 9.7307
Step 20 - Original loss: 9.6567, Custom loss: 0.6797, Total loss: 9.9965
Step 20 - Original loss: 9.2620, Custom loss: 0.9844, Total loss: 9.7541
Step 20 - Original loss: 8.8010, Custom loss: 0.7539, Total loss: 9.1780
Step 20 - Original loss: 8.2814, Custom loss: 0.7031, Total loss: 8.6330
Step 20 - Original loss: 8.0041, Custom loss: 0.3125, Total loss: 8.1604
Step 20 - Original loss: 8.7072, Custom loss: 0.6562, Total loss: 9.0354
Step 20 - Original loss: 9.4964, Custom loss: 0.8906, Total loss: 9.9418
Step 20 - Original loss: 9.5666, Custom loss: 0.5273, Total loss: 9.8302
Step 20 - Original loss: 9.9457, Custom loss: 0.4727, Total loss: 10.1820
Step 20 - Original loss: 9.1564, Custom loss: 1.0547, Total loss: 9.6838
Step 20 - Original loss: 9.4847, Custom loss: 0.5586, Total loss: 9.7640
Step 20 - Original loss: 9.3792, Custom loss: 1.1484, Total loss: 9.9534
Step 20 - Original loss: 9.5628, Custom loss: 1.0312, Total loss: 10.0785
Step 20 - Original loss: 9.0158, Custom loss: 0.7266, Total loss: 9.3791
Step 20 - Original loss: 9.3870, Custom loss: 0.5938, Total loss: 9.6838
Step 20 - Original loss: 9.1487, Custom loss: 0.7812, Total loss: 9.5393
Step 20 - Original loss: 9.5510, Custom loss: 0.4922, Total loss: 9.7971
Step 20 - Original loss: 8.9299, Custom loss: 0.5156, Total loss: 9.1877
Step 20 - Original loss: 8.1566, Custom loss: 0.4023, Total loss: 8.3577
Step 20 - Original loss: 8.4768, Custom loss: 0.4180, Total loss: 8.6858
Step 20 - Original loss: 8.4963, Custom loss: 0.2051, Total loss: 8.5989
Step 20 - Original loss: 9.1644, Custom loss: 0.8398, Total loss: 9.5844
Step 20 - Original loss: 9.4222, Custom loss: 0.8008, Total loss: 9.8226
Step 20 - Original loss: 8.5980, Custom loss: 0.5703, Total loss: 8.8831
Step 20 - Original loss: 9.5120, Custom loss: 1.1562, Total loss: 10.0901
Step 20 - Original loss: 10.4769, Custom loss: 0.6875, Total loss: 10.8206
Step 20 - Original loss: 8.9377, Custom loss: 0.7539, Total loss: 9.3147
Step 20 - Original loss: 8.4806, Custom loss: 0.8086, Total loss: 8.8849
Step 20 - Original loss: 9.7621, Custom loss: 0.9023, Total loss: 10.2133
Step 20 - Original loss: 9.3479, Custom loss: 0.6328, Total loss: 9.6643
Step 20 - Original loss: 9.6449, Custom loss: 0.7344, Total loss: 10.0121
Step 20 - Original loss: 8.8674, Custom loss: 1.1094, Total loss: 9.4220
Step 20 - Original loss: 8.3127, Custom loss: 0.2188, Total loss: 8.4221
Step 20 - Original loss: 8.9182, Custom loss: 0.6094, Total loss: 9.2229
Step 20 - Original loss: 8.7621, Custom loss: 0.4902, Total loss: 9.0072
Step 20 - Original loss: 8.7073, Custom loss: 0.5234, Total loss: 8.9690
Step 20 - Original loss: 9.4418, Custom loss: 1.9609, Total loss: 10.4223
Step 20 - Original loss: 9.0588, Custom loss: 0.4648, Total loss: 9.2912
Step 20 - Original loss: 9.0471, Custom loss: 1.0391, Total loss: 9.5666
Step 20 - Original loss: 10.2584, Custom loss: 0.9492, Total loss: 10.7330
Step 20 - Original loss: 9.5706, Custom loss: 0.7344, Total loss: 9.9377
Step 20 - Original loss: 8.9378, Custom loss: 0.5977, Total loss: 9.2366
Step 20 - Original loss: 8.7736, Custom loss: 0.3691, Total loss: 8.9582
Step 20 - Original loss: 9.2229, Custom loss: 0.7422, Total loss: 9.5940
Step 20 - Original loss: 10.0159, Custom loss: 0.8398, Total loss: 10.4359
Step 20 - Original loss: 8.6252, Custom loss: 0.4902, Total loss: 8.8703
Step 20 - Original loss: 9.0667, Custom loss: 0.5469, Total loss: 9.3401
Step 20 - Original loss: 9.0745, Custom loss: 0.5352, Total loss: 9.3420
Step 20 - Original loss: 8.8363, Custom loss: 0.5938, Total loss: 9.1332
Step 20 - Original loss: 8.5587, Custom loss: 0.3125, Total loss: 8.7150
Step 20 - Original loss: 9.7112, Custom loss: 0.9570, Total loss: 10.1897
Step 20 - Original loss: 8.3010, Custom loss: 0.2891, Total loss: 8.4455
Step 20 - Original loss: 9.6803, Custom loss: 0.6367, Total loss: 9.9987
Step 20 - Original loss: 9.4535, Custom loss: 0.9570, Total loss: 9.9320
Step 20 - Original loss: 9.0275, Custom loss: 0.4395, Total loss: 9.2472
Step 20 - Original loss: 9.6799, Custom loss: 0.4844, Total loss: 9.9220
Step 20 - Original loss: 9.2892, Custom loss: 0.4805, Total loss: 9.5294
Step 20 - Original loss: 9.1567, Custom loss: 0.3281, Total loss: 9.3208
Step 20 - Original loss: 8.7893, Custom loss: 0.4316, Total loss: 9.0051
Step 20 - Original loss: 8.5471, Custom loss: 0.2773, Total loss: 8.6858
Step 20 - Original loss: 9.1449, Custom loss: 0.5117, Total loss: 9.4008
Step 20 - Original loss: 9.2736, Custom loss: 0.9648, Total loss: 9.7560
Step 20 - Original loss: 10.0121, Custom loss: 0.7773, Total loss: 10.4008
Step 20 - Original loss: 9.8211, Custom loss: 1.2969, Total loss: 10.4696
Step 20 - Original loss: 8.5745, Custom loss: 0.6484, Total loss: 8.8987
Step 20 - Original loss: 9.3909, Custom loss: 0.7031, Total loss: 9.7424
Step 20 - Original loss: 8.5939, Custom loss: 0.8984, Total loss: 9.0431
Step 20 - Original loss: 9.7465, Custom loss: 0.7930, Total loss: 10.1430
Step 20 - Original loss: 8.4965, Custom loss: 0.7227, Total loss: 8.8579
Step 20 - Original loss: 9.3205, Custom loss: 0.9492, Total loss: 9.7951
Step 20 - Original loss: 9.2973, Custom loss: 0.5664, Total loss: 9.5805
Step 20 - Original loss: 8.7034, Custom loss: 0.7500, Total loss: 9.0784
Step 20 - Original loss: 9.3326, Custom loss: 0.3809, Total loss: 9.5230
Step 20 - Original loss: 8.2853, Custom loss: 0.3906, Total loss: 8.4806
Step 20 - Original loss: 9.4770, Custom loss: 0.7266, Total loss: 9.8403
Step 20 - Original loss: 8.9221, Custom loss: 0.8672, Total loss: 9.3557
Step 20 - Original loss: 9.6567, Custom loss: 0.3418, Total loss: 9.8276
Step 20 - Original loss: 8.3712, Custom loss: 0.3438, Total loss: 8.5431
Step 20 - Original loss: 8.6994, Custom loss: 0.7031, Total loss: 9.0510
Step 20 - Original loss: 8.7189, Custom loss: 0.4648, Total loss: 8.9513
Step 20 - Original loss: 8.6018, Custom loss: 0.7305, Total loss: 8.9671
Step 20 - Original loss: 8.8479, Custom loss: 0.6055, Total loss: 9.1506
Step 20 - Original loss: 9.3439, Custom loss: 0.3047, Total loss: 9.4962
Step 20 - Original loss: 8.6994, Custom loss: 0.2295, Total loss: 8.8141
Step 20 - Original loss: 8.7502, Custom loss: 0.5469, Total loss: 9.0236
Step 20 - Original loss: 8.9536, Custom loss: 1.3125, Total loss: 9.6098
Step 20 - Original loss: 9.6800, Custom loss: 0.9453, Total loss: 10.1527
Step 20 - Original loss: 9.5550, Custom loss: 0.9531, Total loss: 10.0316
Step 20 - Original loss: 9.6056, Custom loss: 0.6445, Total loss: 9.9279
Step 20 - Original loss: 8.7033, Custom loss: 0.5430, Total loss: 8.9748
Step 20 - Original loss: 8.8949, Custom loss: 0.6914, Total loss: 9.2406
Step 20 - Original loss: 9.4220, Custom loss: 0.5820, Total loss: 9.7131
Step 20 - Original loss: 9.2893, Custom loss: 0.2793, Total loss: 9.4289
Step 20 - Original loss: 9.1409, Custom loss: 0.7188, Total loss: 9.5003
Step 20 - Original loss: 9.2777, Custom loss: 0.6836, Total loss: 9.6195
Step 20 - Original loss: 8.6759, Custom loss: 0.2256, Total loss: 8.7887
Step 20 - Original loss: 9.2502, Custom loss: 0.8633, Total loss: 9.6819
Step 20 - Original loss: 10.2583, Custom loss: 1.1875, Total loss: 10.8521
Step 20 - Original loss: 10.1177, Custom loss: 0.8086, Total loss: 10.5220
Step 20 - Original loss: 9.8286, Custom loss: 1.0078, Total loss: 10.3325
Step 20 - Original loss: 9.1956, Custom loss: 0.8828, Total loss: 9.6370
Step 20 - Original loss: 8.7659, Custom loss: 0.3828, Total loss: 8.9573
Step 20 - Original loss: 9.1799, Custom loss: 0.6992, Total loss: 9.5295
Step 20 - Original loss: 9.2310, Custom loss: 0.7656, Total loss: 9.6138
Step 20 - Original loss: 9.8015, Custom loss: 0.9727, Total loss: 10.2879
Step 20 - Original loss: 9.2739, Custom loss: 1.0078, Total loss: 9.7778
Step 20 - Original loss: 9.8285, Custom loss: 1.1562, Total loss: 10.4066
Step 20 - Original loss: 8.7621, Custom loss: 0.8594, Total loss: 9.1918
Step 20 - Original loss: 9.3323, Custom loss: 0.8477, Total loss: 9.7562
Step 20 - Original loss: 9.1956, Custom loss: 0.9062, Total loss: 9.6487
Step 20 - Original loss: 9.6722, Custom loss: 0.6133, Total loss: 9.9788
Step 20 - Original loss: 8.5002, Custom loss: 0.7578, Total loss: 8.8791
Step 20 - Original loss: 9.1174, Custom loss: 0.5039, Total loss: 9.3694
Step 20 - Original loss: 8.8285, Custom loss: 0.4805, Total loss: 9.0687
Step 20 - Original loss: 9.1878, Custom loss: 0.9414, Total loss: 9.6585
Step 20 - Original loss: 9.2622, Custom loss: 0.7031, Total loss: 9.6137
Step 20 - Original loss: 9.2857, Custom loss: 0.5469, Total loss: 9.5592
Step 20 - Original loss: 9.0510, Custom loss: 0.6328, Total loss: 9.3674
Step 20 - Original loss: 9.8519, Custom loss: 0.5938, Total loss: 10.1487
Step 20 - Original loss: 8.9574, Custom loss: 1.1016, Total loss: 9.5082
Step 20 - Original loss: 10.2971, Custom loss: 0.3203, Total loss: 10.4573
Step 20 - Original loss: 9.3830, Custom loss: 0.6055, Total loss: 9.6857
Step 20 - Original loss: 9.6955, Custom loss: 0.6641, Total loss: 10.0275
Step 20 - Original loss: 9.9338, Custom loss: 0.8047, Total loss: 10.3361
Step 20 - Original loss: 10.0081, Custom loss: 0.8398, Total loss: 10.4280
Step 20 - Original loss: 8.6136, Custom loss: 0.4590, Total loss: 8.8431
Step 20 - Original loss: 8.6370, Custom loss: 0.6562, Total loss: 8.9651
Step 20 - Original loss: 9.2034, Custom loss: 0.6133, Total loss: 9.5100
Step 20 - Original loss: 8.6488, Custom loss: 0.9414, Total loss: 9.1195
Step 20 - Original loss: 9.4220, Custom loss: 0.5039, Total loss: 9.6740
Step 20 - Original loss: 8.8403, Custom loss: 0.8320, Total loss: 9.2563
Step 20 - Original loss: 9.4964, Custom loss: 0.8516, Total loss: 9.9222
Step 20 - Original loss: 9.2229, Custom loss: 1.1484, Total loss: 9.7971
Step 20 - Original loss: 9.8716, Custom loss: 0.6055, Total loss: 10.1744
Step 20 - Original loss: 10.2582, Custom loss: 0.6680, Total loss: 10.5922
Step 20 - Original loss: 9.6409, Custom loss: 0.4785, Total loss: 9.8801
Step 20 - Original loss: 9.0432, Custom loss: 0.8359, Total loss: 9.4612
Step 20 - Original loss: 8.8518, Custom loss: 0.6719, Total loss: 9.1878
Step 20 - Original loss: 9.6019, Custom loss: 0.7266, Total loss: 9.9652
Step 20 - Original loss: 9.8402, Custom loss: 0.7109, Total loss: 10.1957
Step 20 - Original loss: 8.8323, Custom loss: 0.8398, Total loss: 9.2522
Step 20 - Original loss: 9.2776, Custom loss: 0.4238, Total loss: 9.4895
Step 20 - Original loss: 9.2542, Custom loss: 0.8438, Total loss: 9.6761
Step 20 - Original loss: 9.5551, Custom loss: 0.7383, Total loss: 9.9242
Step 20 - Original loss: 9.2894, Custom loss: 1.3125, Total loss: 9.9457
Step 20 - Original loss: 9.1525, Custom loss: 0.8672, Total loss: 9.5861
Step 20 - Original loss: 9.2856, Custom loss: 1.0000, Total loss: 9.7856
Step 20 - Original loss: 8.2736, Custom loss: 0.3516, Total loss: 8.4494
Step 20 - Original loss: 8.9535, Custom loss: 0.5625, Total loss: 9.2347
Step 20 - Original loss: 8.9144, Custom loss: 0.7539, Total loss: 9.2914
Step 20 - Original loss: 9.8441, Custom loss: 0.8438, Total loss: 10.2660
Step 20 - Original loss: 9.2464, Custom loss: 0.6406, Total loss: 9.5667
Step 20 - Original loss: 7.8636, Custom loss: 0.5195, Total loss: 8.1234
Step 20 - Original loss: 9.0628, Custom loss: 0.4727, Total loss: 9.2991
Step 20 - Original loss: 8.8167, Custom loss: 0.8281, Total loss: 9.2307
Step 20 - Original loss: 8.9143, Custom loss: 0.7383, Total loss: 9.2834
Step 20 - Original loss: 9.3637, Custom loss: 0.2832, Total loss: 9.5053
Step 20 - Original loss: 8.9768, Custom loss: 0.4570, Total loss: 9.2053
Step 20 - Original loss: 9.5784, Custom loss: 0.8359, Total loss: 9.9963
Step 20 - Original loss: 9.4455, Custom loss: 0.7773, Total loss: 9.8341
Step 20 - Original loss: 9.4222, Custom loss: 0.5781, Total loss: 9.7112
Step 20 - Original loss: 8.8246, Custom loss: 0.3203, Total loss: 8.9847
Step 20 - Original loss: 8.8323, Custom loss: 0.4043, Total loss: 9.0344
Step 20 - Original loss: 9.8167, Custom loss: 0.3477, Total loss: 9.9905
Step 20 - Original loss: 9.7738, Custom loss: 0.8828, Total loss: 10.2152
Step 20 - Original loss: 8.5510, Custom loss: 0.3301, Total loss: 8.7161
Step 20 - Original loss: 8.6253, Custom loss: 0.8398, Total loss: 9.0452
Step 20 - Original loss: 9.2112, Custom loss: 0.9102, Total loss: 9.6662
Step 20 - Original loss: 8.6252, Custom loss: 0.3008, Total loss: 8.7756
Step 20 - Original loss: 8.5862, Custom loss: 0.4473, Total loss: 8.8098
Step 20 - Original loss: 9.6176, Custom loss: 0.5547, Total loss: 9.8949
Step 20 - Original loss: 9.0591, Custom loss: 0.3418, Total loss: 9.2300
Step 20 - Original loss: 8.8910, Custom loss: 0.4688, Total loss: 9.1254
Step 20 - Original loss: 8.8128, Custom loss: 0.7539, Total loss: 9.1897
Step 20 - Original loss: 10.1604, Custom loss: 1.0312, Total loss: 10.6760
Step 20 - Original loss: 9.5353, Custom loss: 0.4805, Total loss: 9.7756
Step 20 - Original loss: 8.2580, Custom loss: 0.7266, Total loss: 8.6213
Step 20 - Original loss: 8.7583, Custom loss: 0.5586, Total loss: 9.0376
Step 20 - Original loss: 8.8909, Custom loss: 0.9414, Total loss: 9.3616
Step 20 - Original loss: 9.5120, Custom loss: 0.7266, Total loss: 9.8753
Step 20 - Original loss: 9.3908, Custom loss: 0.6406, Total loss: 9.7112
Step 20 - Original loss: 9.1017, Custom loss: 0.6562, Total loss: 9.4298
Step 20 - Original loss: 8.3440, Custom loss: 0.2520, Total loss: 8.4700
Step 20 - Original loss: 8.5783, Custom loss: 0.2266, Total loss: 8.6916
Step 20 - Original loss: 9.0823, Custom loss: 0.4434, Total loss: 9.3040
Step 20 - Original loss: 8.9924, Custom loss: 0.8906, Total loss: 9.4377
Step 20 - Original loss: 8.7073, Custom loss: 0.2773, Total loss: 8.8460
Step 20 - Original loss: 8.6681, Custom loss: 0.4375, Total loss: 8.8869
Step 20 - Original loss: 9.1878, Custom loss: 1.0469, Total loss: 9.7112
Step 20 - Original loss: 9.8244, Custom loss: 0.5078, Total loss: 10.0783
Step 20 - Original loss: 9.4848, Custom loss: 0.7656, Total loss: 9.8676
Step 20 - Original loss: 9.2564, Custom loss: 1.0547, Total loss: 9.7838
Step 20 - Original loss: 9.4145, Custom loss: 0.6992, Total loss: 9.7641
Step 20 - Original loss: 9.0549, Custom loss: 0.7734, Total loss: 9.4416
Step 20 - Original loss: 9.0316, Custom loss: 0.4355, Total loss: 9.2493
Step 20 - Original loss: 8.8792, Custom loss: 0.7383, Total loss: 9.2484
Step 20 - Original loss: 9.8675, Custom loss: 2.1094, Total loss: 10.9222
Step 20 - Original loss: 9.6721, Custom loss: 0.4961, Total loss: 9.9202
Step 20 - Original loss: 9.4144, Custom loss: 0.6914, Total loss: 9.7601
Step 20 - Original loss: 9.2659, Custom loss: 0.3203, Total loss: 9.4260
Step 20 - Original loss: 9.3401, Custom loss: 0.5781, Total loss: 9.6292
Step 20 - Original loss: 9.6996, Custom loss: 0.5352, Total loss: 9.9672
Step 20 - Original loss: 9.0432, Custom loss: 0.3750, Total loss: 9.2307
Step 20 - Original loss: 10.0237, Custom loss: 0.2910, Total loss: 10.1692
Step 20 - Original loss: 9.9143, Custom loss: 0.2754, Total loss: 10.0520
Step 20 - Original loss: 9.0901, Custom loss: 0.6992, Total loss: 9.4397
Step 20 - Original loss: 8.6486, Custom loss: 0.3535, Total loss: 8.8254
Step 20 - Original loss: 8.9689, Custom loss: 0.2988, Total loss: 9.1183
Step 20 - Original loss: 8.0706, Custom loss: 0.3066, Total loss: 8.2239
Step 20 - Original loss: 9.2112, Custom loss: 0.4180, Total loss: 9.4202
Step 20 - Original loss: 9.1058, Custom loss: 0.7070, Total loss: 9.4593
Step 20 - Original loss: 9.1369, Custom loss: 0.6680, Total loss: 9.4709
Step 20 - Original loss: 9.0706, Custom loss: 0.4395, Total loss: 9.2903
Step 20 - Original loss: 8.5783, Custom loss: 0.6016, Total loss: 8.8791
Step 20 - Original loss: 9.3012, Custom loss: 0.4160, Total loss: 9.5092
Step 20 - Original loss: 8.9222, Custom loss: 0.5703, Total loss: 9.2074
Step 20 - Original loss: 9.2465, Custom loss: 1.3359, Total loss: 9.9144
Step 20 - Original loss: 9.0393, Custom loss: 0.4805, Total loss: 9.2796
Step 20 - Original loss: 8.5394, Custom loss: 0.2285, Total loss: 8.6536
Step 20 - Original loss: 8.8439, Custom loss: 0.5391, Total loss: 9.1135
Step 20 - Original loss: 9.1643, Custom loss: 0.5586, Total loss: 9.4435
Step 20 - Original loss: 9.7112, Custom loss: 0.5312, Total loss: 9.9768
Step 20 - Original loss: 7.9807, Custom loss: 0.6094, Total loss: 8.2854
Step 20 - Original loss: 9.0549, Custom loss: 0.6094, Total loss: 9.3596
Step 20 - Original loss: 8.9260, Custom loss: 0.5117, Total loss: 9.1818
Step 20 - Original loss: 8.8557, Custom loss: 0.5703, Total loss: 9.1409
Step 20 - Original loss: 9.2892, Custom loss: 0.5156, Total loss: 9.5470
Step 20 - Original loss: 10.0082, Custom loss: 0.4082, Total loss: 10.2123
Step 20 - Original loss: 9.4925, Custom loss: 0.8945, Total loss: 9.9397
Step 20 - Original loss: 8.4378, Custom loss: 0.4180, Total loss: 8.6468
Step 20 - Original loss: 8.9848, Custom loss: 0.6328, Total loss: 9.3012
Step 20 - Original loss: 8.6760, Custom loss: 0.2617, Total loss: 8.8069
Step 20 - Original loss: 9.0081, Custom loss: 0.3184, Total loss: 9.1673
Step 20 - Original loss: 9.4963, Custom loss: 0.5117, Total loss: 9.7522
Step 20 - Original loss: 8.8715, Custom loss: 0.5391, Total loss: 9.1410
Step 20 - Original loss: 9.6957, Custom loss: 0.4258, Total loss: 9.9086
Step 20 - Original loss: 9.4377, Custom loss: 0.6797, Total loss: 9.7775
Step 20 - Original loss: 8.7501, Custom loss: 0.6367, Total loss: 9.0685
Step 20 - Original loss: 9.6058, Custom loss: 0.4883, Total loss: 9.8500
Step 20 - Original loss: 8.5744, Custom loss: 0.4062, Total loss: 8.7775
Step 20 - Original loss: 9.3129, Custom loss: 1.1250, Total loss: 9.8754
Step 20 - Original loss: 9.1954, Custom loss: 1.1562, Total loss: 9.7736
Step 20 - Original loss: 9.1802, Custom loss: 0.9570, Total loss: 9.6587
Step 20 - Original loss: 8.4885, Custom loss: 0.2715, Total loss: 8.6243
Step 20 - Original loss: 10.4965, Custom loss: 0.8867, Total loss: 10.9398
Step 20 - Original loss: 9.3128, Custom loss: 0.5430, Total loss: 9.5843
Step 20 - Original loss: 9.2737, Custom loss: 0.5117, Total loss: 9.5295
Step 20 - Original loss: 9.1877, Custom loss: 0.4980, Total loss: 9.4367
Step 20 - Original loss: 9.8753, Custom loss: 0.9883, Total loss: 10.3694
Step 20 - Original loss: 9.5120, Custom loss: 0.5898, Total loss: 9.8069
Step 20 - Original loss: 9.3207, Custom loss: 1.5547, Total loss: 10.0980
Step 20 - Original loss: 10.4026, Custom loss: 0.9062, Total loss: 10.8558
Step 20 - Original loss: 9.0237, Custom loss: 0.3613, Total loss: 9.2043
Step 20 - Original loss: 9.0392, Custom loss: 0.8398, Total loss: 9.4591
Step 20 - Original loss: 10.1334, Custom loss: 0.6875, Total loss: 10.4771
Step 20 - Original loss: 9.4846, Custom loss: 0.4688, Total loss: 9.7189
Step 20 - Original loss: 9.2386, Custom loss: 0.4375, Total loss: 9.4573
Step 20 - Original loss: 9.0471, Custom loss: 0.5781, Total loss: 9.3362
Step 20 - Original loss: 7.8871, Custom loss: 1.0000, Total loss: 8.3871
Step 20 - Original loss: 9.2268, Custom loss: 0.6250, Total loss: 9.5393
Step 20 - Original loss: 9.2660, Custom loss: 0.2734, Total loss: 9.4027
Step 20 - Original loss: 8.4533, Custom loss: 0.4570, Total loss: 8.6818
Step 20 - Original loss: 9.4188, Custom loss: 0.4258, Total loss: 9.6317
Step 20 - Original loss: 8.7252, Custom loss: 0.6914, Total loss: 9.0709
Step 20 - Original loss: 9.0668, Custom loss: 0.5547, Total loss: 9.3441
Step 20 - Original loss: 9.3049, Custom loss: 0.8867, Total loss: 9.7483
Step 20 - Original loss: 8.2776, Custom loss: 0.6719, Total loss: 8.6136
Step 20 - Original loss: 9.8617, Custom loss: 0.6875, Total loss: 10.2054
Step 20 - Original loss: 9.7348, Custom loss: 0.6875, Total loss: 10.0785
Step 20 - Original loss: 9.0393, Custom loss: 0.7305, Total loss: 9.4045
Step 20 - Original loss: 9.3284, Custom loss: 0.7383, Total loss: 9.6975
Step 20 - Original loss: 8.8439, Custom loss: 0.5664, Total loss: 9.1271
Step 20 - Original loss: 9.2542, Custom loss: 0.4980, Total loss: 9.5032
Step 20 - Original loss: 8.6292, Custom loss: 0.6953, Total loss: 8.9768
Step 20 - Original loss: 9.7740, Custom loss: 0.6250, Total loss: 10.0865
Step 20 - Original loss: 8.7736, Custom loss: 0.7422, Total loss: 9.1447
Step 20 - Original loss: 8.9768, Custom loss: 1.1797, Total loss: 9.5666
Step 20 - Original loss: 9.6487, Custom loss: 0.3066, Total loss: 9.8020
Step 20 - Original loss: 8.4182, Custom loss: 0.7148, Total loss: 8.7756
Step 20 - Original loss: 9.5471, Custom loss: 0.5117, Total loss: 9.8030
Step 20 - Original loss: 8.7893, Custom loss: 1.1406, Total loss: 9.3596
Step 20 - Original loss: 9.5003, Custom loss: 0.4531, Total loss: 9.7268
Step 20 - Original loss: 9.1995, Custom loss: 0.4023, Total loss: 9.4007
Step 20 - Original loss: 9.0706, Custom loss: 0.3008, Total loss: 9.2210
Step 20 - Original loss: 9.2072, Custom loss: 0.4531, Total loss: 9.4338
Step 20 - Original loss: 9.3910, Custom loss: 0.5195, Total loss: 9.6508
Step 20 - Original loss: 9.0355, Custom loss: 0.7188, Total loss: 9.3948
Step 20 - Original loss: 8.9729, Custom loss: 0.3828, Total loss: 9.1643
Step 20 - Original loss: 9.9849, Custom loss: 1.0391, Total loss: 10.5044
Step 20 - Original loss: 8.8362, Custom loss: 0.3633, Total loss: 9.0179
Step 20 - Original loss: 8.5158, Custom loss: 0.7734, Total loss: 8.9026
Step 20 - Original loss: 9.3636, Custom loss: 0.5742, Total loss: 9.6507
Step 20 - Original loss: 8.4299, Custom loss: 0.2412, Total loss: 8.5505
Step 20 - Original loss: 9.5236, Custom loss: 0.8633, Total loss: 9.9553
Step 20 - Original loss: 8.8088, Custom loss: 0.4316, Total loss: 9.0246
Step 20 - Original loss: 9.6567, Custom loss: 0.8750, Total loss: 10.0942
Step 20 - Original loss: 9.4886, Custom loss: 0.8242, Total loss: 9.9007
Step 20 - Original loss: 9.7192, Custom loss: 0.6914, Total loss: 10.0649
Step 20 - Original loss: 9.7972, Custom loss: 0.6367, Total loss: 10.1155
Step 20 - Original loss: 10.2150, Custom loss: 0.5977, Total loss: 10.5139
Step 20 - Original loss: 8.0159, Custom loss: 0.9844, Total loss: 8.5081
Step 20 - Original loss: 10.4184, Custom loss: 0.9180, Total loss: 10.8774
Step 20 - Original loss: 9.0081, Custom loss: 1.5781, Total loss: 9.7972
Step 20 - Original loss: 9.4145, Custom loss: 1.0469, Total loss: 9.9379
Step 20 - Original loss: 9.0550, Custom loss: 0.7344, Total loss: 9.4222
Step 20 - Original loss: 9.0783, Custom loss: 0.3262, Total loss: 9.2414
Step 20 - Original loss: 8.8949, Custom loss: 0.4395, Total loss: 9.1147
Step 20 - Original loss: 8.1838, Custom loss: 0.4805, Total loss: 8.4240
Step 20 - Original loss: 8.5041, Custom loss: 0.4629, Total loss: 8.7356
Step 20 - Original loss: 8.6017, Custom loss: 0.9141, Total loss: 9.0588
Step 20 - Original loss: 9.0551, Custom loss: 0.1943, Total loss: 9.1523
Step 20 - Original loss: 9.3481, Custom loss: 0.5195, Total loss: 9.6079
Step 20 - Original loss: 8.5940, Custom loss: 0.7383, Total loss: 8.9632
Step 20 - Original loss: 8.9221, Custom loss: 0.4902, Total loss: 9.1672
Step 20 - Original loss: 10.2660, Custom loss: 0.7227, Total loss: 10.6273
Step 20 - Original loss: 8.9494, Custom loss: 0.4492, Total loss: 9.1740
Step 20 - Original loss: 8.9182, Custom loss: 0.2988, Total loss: 9.0676
Step 20 - Original loss: 9.5081, Custom loss: 0.6094, Total loss: 9.8128
Step 20 - Original loss: 9.2659, Custom loss: 0.3965, Total loss: 9.4642
Step 20 - Original loss: 9.1448, Custom loss: 0.7305, Total loss: 9.5101
Step 20 - Original loss: 9.2778, Custom loss: 0.3730, Total loss: 9.4643
Step 20 - Original loss: 10.1567, Custom loss: 1.2031, Total loss: 10.7582
Step 20 - Original loss: 8.8830, Custom loss: 0.4805, Total loss: 9.1232
Step 20 - Original loss: 9.0043, Custom loss: 0.4512, Total loss: 9.2299
Step 20 - Original loss: 9.6878, Custom loss: 0.4727, Total loss: 9.9241
Step 20 - Original loss: 9.4496, Custom loss: 0.5859, Total loss: 9.7426
Step 20 - Original loss: 9.7737, Custom loss: 0.5312, Total loss: 10.0394
Step 20 - Original loss: 9.0394, Custom loss: 0.6484, Total loss: 9.3636
Step 20 - Original loss: 9.3284, Custom loss: 0.5742, Total loss: 9.6155
Step 20 - Original loss: 9.2814, Custom loss: 0.3965, Total loss: 9.4797
Step 20 - Original loss: 9.5941, Custom loss: 1.3438, Total loss: 10.2660
Step 20 - Original loss: 9.8989, Custom loss: 0.5156, Total loss: 10.1567
Step 20 - Original loss: 8.2503, Custom loss: 0.8320, Total loss: 8.6663
Step 20 - Original loss: 8.7659, Custom loss: 0.2891, Total loss: 8.9104
Step 20 - Original loss: 8.4495, Custom loss: 0.3496, Total loss: 8.6243
Step 20 - Original loss: 8.7424, Custom loss: 0.3242, Total loss: 8.9045
Step 20 - Original loss: 8.6760, Custom loss: 0.5469, Total loss: 8.9494
Step 20 - Original loss: 8.5277, Custom loss: 0.7422, Total loss: 8.8988
Step 20 - Original loss: 9.5706, Custom loss: 0.9727, Total loss: 10.0570
Step 20 - Original loss: 9.6018, Custom loss: 0.7070, Total loss: 9.9553
Step 20 - Original loss: 9.9223, Custom loss: 0.9375, Total loss: 10.3910
Step 20 - Original loss: 9.6879, Custom loss: 0.3730, Total loss: 9.8744
Step 20 - Original loss: 9.4220, Custom loss: 0.2871, Total loss: 9.5656
Step 20 - Original loss: 9.0238, Custom loss: 0.8320, Total loss: 9.4398
Step 20 - Original loss: 9.8206, Custom loss: 0.9414, Total loss: 10.2913
Step 20 - Original loss: 10.2426, Custom loss: 0.6797, Total loss: 10.5824
Step 20 - Original loss: 9.4768, Custom loss: 0.6875, Total loss: 9.8206
Step 20 - Original loss: 8.5939, Custom loss: 0.3672, Total loss: 8.7775
Step 20 - Original loss: 8.9533, Custom loss: 0.6719, Total loss: 9.2892
Step 20 - Original loss: 9.3205, Custom loss: 0.2793, Total loss: 9.4601
Step 20 - Original loss: 8.6682, Custom loss: 0.3359, Total loss: 8.8362
Step 20 - Original loss: 9.5042, Custom loss: 0.4961, Total loss: 9.7523
Step 20 - Original loss: 8.9612, Custom loss: 0.4727, Total loss: 9.1975
Step 20 - Original loss: 8.9650, Custom loss: 0.3516, Total loss: 9.1408
Step 20 - Original loss: 8.4027, Custom loss: 0.4258, Total loss: 8.6156
Step 20 - Original loss: 8.8049, Custom loss: 0.7109, Total loss: 9.1604
Step 20 - Original loss: 8.7776, Custom loss: 1.0078, Total loss: 9.2815
Step 20 - Original loss: 9.1877, Custom loss: 0.6758, Total loss: 9.5256
Step 20 - Original loss: 9.6956, Custom loss: 0.7773, Total loss: 10.0842
Step 20 - Original loss: 9.4769, Custom loss: 0.2422, Total loss: 9.5980
Step 20 - Original loss: 9.3362, Custom loss: 0.6445, Total loss: 9.6584
Step 20 - Original loss: 8.9963, Custom loss: 0.2041, Total loss: 9.0983
Step 20 - Original loss: 9.5554, Custom loss: 0.5742, Total loss: 9.8425
Step 20 - Original loss: 8.5511, Custom loss: 0.6719, Total loss: 8.8870
Step 20 - Original loss: 8.9456, Custom loss: 0.2871, Total loss: 9.0892
Step 20 - Original loss: 9.0395, Custom loss: 1.0078, Total loss: 9.5434
Step 20 - Original loss: 8.6604, Custom loss: 0.8633, Total loss: 9.0920
Step 20 - Original loss: 8.5744, Custom loss: 0.4707, Total loss: 8.8097
Step 20 - Original loss: 8.6487, Custom loss: 0.6680, Total loss: 8.9827
Step 20 - Original loss: 9.8050, Custom loss: 0.5742, Total loss: 10.0921
Step 20 - Original loss: 8.8479, Custom loss: 1.0156, Total loss: 9.3557
Step 20 - Original loss: 9.8049, Custom loss: 0.4453, Total loss: 10.0276
Step 20 - Original loss: 8.7933, Custom loss: 0.7617, Total loss: 9.1741
Step 20 - Original loss: 9.1956, Custom loss: 0.3965, Total loss: 9.3938
Step 20 - Original loss: 9.1058, Custom loss: 0.4590, Total loss: 9.3353
Step 20 - Original loss: 9.0824, Custom loss: 1.0781, Total loss: 9.6214
Step 20 - Original loss: 8.8480, Custom loss: 1.0078, Total loss: 9.3519
Step 20 - Original loss: 8.4846, Custom loss: 0.4043, Total loss: 8.6867
Step 20 - Original loss: 9.6098, Custom loss: 0.5117, Total loss: 9.8657
Step 20 - Original loss: 8.7855, Custom loss: 0.9219, Total loss: 9.2465
Step 20 - Original loss: 8.7114, Custom loss: 0.6445, Total loss: 9.0337
Step 20 - Original loss: 9.6957, Custom loss: 0.9531, Total loss: 10.1722
Step 20 - Original loss: 9.1215, Custom loss: 0.6211, Total loss: 9.4320
Step 20 - Original loss: 8.6643, Custom loss: 0.7031, Total loss: 9.0159
Step 20 - Original loss: 9.4612, Custom loss: 0.5898, Total loss: 9.7561
Step 20 - Original loss: 9.8871, Custom loss: 0.4883, Total loss: 10.1312
Step 20 - Original loss: 9.6525, Custom loss: 0.3457, Total loss: 9.8254
Step 20 - Original loss: 8.8244, Custom loss: 0.3887, Total loss: 9.0187
Step 20 - Original loss: 8.6135, Custom loss: 0.8516, Total loss: 9.0393
Step 20 - Original loss: 9.5980, Custom loss: 0.7578, Total loss: 9.9769
Step 20 - Original loss: 9.1878, Custom loss: 0.5664, Total loss: 9.4710
Step 20 - Original loss: 9.1956, Custom loss: 0.9492, Total loss: 9.6702
Step 20 - Original loss: 9.9572, Custom loss: 1.2812, Total loss: 10.5979
Step 20 - Original loss: 8.9650, Custom loss: 0.6992, Total loss: 9.3146
Step 20 - Original loss: 8.7697, Custom loss: 0.6250, Total loss: 9.0822
Step 20 - Original loss: 8.2230, Custom loss: 0.6836, Total loss: 8.5648
Step 20 - Original loss: 9.1098, Custom loss: 0.6523, Total loss: 9.4360
Step 20 - Original loss: 9.2894, Custom loss: 1.1016, Total loss: 9.8401
Step 20 - Original loss: 9.6567, Custom loss: 0.5547, Total loss: 9.9340
Step 20 - Original loss: 8.8247, Custom loss: 0.5781, Total loss: 9.1138
Step 20 - Original loss: 8.5238, Custom loss: 0.2832, Total loss: 8.6654
Step 20 - Original loss: 8.8088, Custom loss: 0.7305, Total loss: 9.1741
Step 20 - Original loss: 8.3558, Custom loss: 0.4707, Total loss: 8.5912
Step 20 - Original loss: 8.6721, Custom loss: 0.6797, Total loss: 9.0119
Step 20 - Original loss: 9.6410, Custom loss: 0.6484, Total loss: 9.9652
Step 20 - Original loss: 9.3440, Custom loss: 0.5859, Total loss: 9.6369
Step 20 - Original loss: 8.5042, Custom loss: 0.9805, Total loss: 8.9945
Step 20 - Original loss: 9.1720, Custom loss: 0.6680, Total loss: 9.5060
Step 20 - Original loss: 8.9064, Custom loss: 0.5039, Total loss: 9.1584
Step 20 - Original loss: 8.3126, Custom loss: 0.5078, Total loss: 8.5666
Step 20 - Original loss: 9.7581, Custom loss: 0.3105, Total loss: 9.9134
Step 20 - Original loss: 9.2152, Custom loss: 0.4375, Total loss: 9.4339
Step 20 - Original loss: 9.7737, Custom loss: 0.8242, Total loss: 10.1858
Step 20 - Original loss: 8.2543, Custom loss: 0.5977, Total loss: 8.5531
Step 20 - Original loss: 8.5628, Custom loss: 0.7383, Total loss: 8.9320
Step 20 - Original loss: 9.4614, Custom loss: 0.6836, Total loss: 9.8032
Step 20 - Original loss: 9.5709, Custom loss: 0.5586, Total loss: 9.8502
Step 20 - Original loss: 9.8831, Custom loss: 0.5586, Total loss: 10.1624
Step 20 - Original loss: 9.4926, Custom loss: 0.4434, Total loss: 9.7143
Step 20 - Original loss: 8.6213, Custom loss: 0.7266, Total loss: 8.9845
Step 20 - Original loss: 8.7659, Custom loss: 0.7852, Total loss: 9.1585
Step 20 - Original loss: 9.2073, Custom loss: 0.7383, Total loss: 9.5764
Step 20 - Original loss: 8.7307, Custom loss: 0.4453, Total loss: 8.9533
Step 20 - Original loss: 9.5043, Custom loss: 0.9414, Total loss: 9.9750
Step 20 - Original loss: 9.6057, Custom loss: 0.2754, Total loss: 9.7434
Step 20 - Original loss: 8.6097, Custom loss: 0.8555, Total loss: 9.0374
Step 20 - Original loss: 9.7894, Custom loss: 0.4395, Total loss: 10.0091
Step 20 - Original loss: 9.8636, Custom loss: 0.5742, Total loss: 10.1507
Step 20 - Original loss: 9.2425, Custom loss: 0.3457, Total loss: 9.4154
Step 20 - Original loss: 9.1720, Custom loss: 0.3555, Total loss: 9.3498
Step 20 - Original loss: 8.4963, Custom loss: 0.3965, Total loss: 8.6945
Step 20 - Original loss: 8.5158, Custom loss: 0.4512, Total loss: 8.7414
Step 20 - Original loss: 9.2502, Custom loss: 0.8555, Total loss: 9.6780
Step 20 - Original loss: 9.5511, Custom loss: 0.6523, Total loss: 9.8773
Step 20 - Original loss: 10.0004, Custom loss: 0.7812, Total loss: 10.3910
Step 20 - Original loss: 8.2111, Custom loss: 0.4277, Total loss: 8.4250
Step 20 - Original loss: 9.7036, Custom loss: 0.5078, Total loss: 9.9575
Step 20 - Original loss: 8.9846, Custom loss: 0.4316, Total loss: 9.2004
Step 20 - Original loss: 9.2932, Custom loss: 0.3945, Total loss: 9.4905
Step 20 - Original loss: 9.0158, Custom loss: 0.3477, Total loss: 9.1897
Step 20 - Original loss: 9.8050, Custom loss: 1.2188, Total loss: 10.4143
Step 20 - Original loss: 9.5941, Custom loss: 0.6953, Total loss: 9.9418
Step 20 - Original loss: 8.9143, Custom loss: 0.6914, Total loss: 9.2600
Step 20 - Original loss: 8.4065, Custom loss: 0.3789, Total loss: 8.5960
Step 20 - Original loss: 8.8715, Custom loss: 0.3496, Total loss: 9.0463
Step 20 - Original loss: 9.5863, Custom loss: 0.8516, Total loss: 10.0121
Step 20 - Original loss: 9.3050, Custom loss: 0.3398, Total loss: 9.4749
Step 20 - Original loss: 9.5861, Custom loss: 0.4570, Total loss: 9.8146
Step 20 - Original loss: 9.2268, Custom loss: 0.8008, Total loss: 9.6272
Step 20 - Original loss: 9.0003, Custom loss: 0.3770, Total loss: 9.1887
Step 20 - Original loss: 9.0041, Custom loss: 0.2715, Total loss: 9.1399
Step 20 - Original loss: 9.2895, Custom loss: 1.1719, Total loss: 9.8755
Step 20 - Original loss: 9.2933, Custom loss: 0.6602, Total loss: 9.6233
Step 20 - Original loss: 10.0472, Custom loss: 0.3027, Total loss: 10.1985
Step 20 - Original loss: 9.3402, Custom loss: 0.6445, Total loss: 9.6624
Step 20 - Original loss: 8.9026, Custom loss: 1.1875, Total loss: 9.4963
Step 20 - Original loss: 9.3362, Custom loss: 0.6680, Total loss: 9.6702
Step 20 - Original loss: 8.9300, Custom loss: 0.6758, Total loss: 9.2679
Step 20 - Original loss: 9.7307, Custom loss: 0.2041, Total loss: 9.8328
Step 20 - Original loss: 8.5705, Custom loss: 0.4727, Total loss: 8.8068
Step 20 - Original loss: 9.4379, Custom loss: 0.9219, Total loss: 9.8989
Step 20 - Original loss: 9.9690, Custom loss: 0.4629, Total loss: 10.2005
Step 20 - Original loss: 8.7934, Custom loss: 1.2422, Total loss: 9.4145
Step 20 - Original loss: 9.4144, Custom loss: 0.8438, Total loss: 9.8362
Step 20 - Original loss: 9.3754, Custom loss: 0.7578, Total loss: 9.7543
Step 20 - Original loss: 8.1994, Custom loss: 0.5312, Total loss: 8.4650
Step 20 - Original loss: 9.5160, Custom loss: 0.4219, Total loss: 9.7269
Step 20 - Original loss: 9.0589, Custom loss: 0.2910, Total loss: 9.2044
Step 20 - Original loss: 9.0550, Custom loss: 0.5742, Total loss: 9.3421
Step 20 - Original loss: 9.1135, Custom loss: 0.7539, Total loss: 9.4905
Step 20 - Original loss: 9.4534, Custom loss: 0.5625, Total loss: 9.7347
Step 20 - Original loss: 10.2190, Custom loss: 0.8828, Total loss: 10.6604
Step 20 - Original loss: 9.2466, Custom loss: 1.0625, Total loss: 9.7779
Step 20 - Original loss: 9.2269, Custom loss: 0.6914, Total loss: 9.5726
Step 20 - Original loss: 8.5081, Custom loss: 0.5234, Total loss: 8.7698
Step 20 - Original loss: 8.6252, Custom loss: 1.0078, Total loss: 9.1291
Step 20 - Original loss: 9.2736, Custom loss: 0.4414, Total loss: 9.4943
Step 20 - Original loss: 9.4457, Custom loss: 0.9961, Total loss: 9.9437
Step 20 - Original loss: 9.8012, Custom loss: 0.7344, Total loss: 10.1684
Step 20 - Original loss: 9.8205, Custom loss: 0.8320, Total loss: 10.2365
Step 20 - Original loss: 9.4811, Custom loss: 1.2656, Total loss: 10.1139
Step 20 - Original loss: 8.9182, Custom loss: 0.4043, Total loss: 9.1204
Step 20 - Original loss: 9.1057, Custom loss: 0.2852, Total loss: 9.2483
Step 20 - Original loss: 9.2580, Custom loss: 0.9297, Total loss: 9.7228
Step 20 - Original loss: 8.5668, Custom loss: 0.6562, Total loss: 8.8949
Step 20 - Original loss: 8.4337, Custom loss: 0.2051, Total loss: 8.5363
Step 20 - Original loss: 9.0041, Custom loss: 1.2812, Total loss: 9.6447
Step 20 - Original loss: 8.3908, Custom loss: 0.2051, Total loss: 8.4934
Step 20 - Original loss: 8.6879, Custom loss: 0.5938, Total loss: 8.9848
Step 20 - Original loss: 9.2384, Custom loss: 0.5586, Total loss: 9.5177
Step 20 - Original loss: 9.5550, Custom loss: 0.6484, Total loss: 9.8792
Step 20 - Original loss: 9.0510, Custom loss: 0.4277, Total loss: 9.2649
Step 20 - Original loss: 8.9417, Custom loss: 0.9102, Total loss: 9.3968
Step 20 - Original loss: 8.7464, Custom loss: 0.7500, Total loss: 9.1214
Step 20 - Original loss: 9.2971, Custom loss: 0.4590, Total loss: 9.5266
Step 20 - Original loss: 8.8595, Custom loss: 0.2852, Total loss: 9.0021
Step 20 - Original loss: 8.9026, Custom loss: 0.3398, Total loss: 9.0725
Step 20 - Original loss: 9.3596, Custom loss: 0.6953, Total loss: 9.7073
Step 20 - Original loss: 9.5043, Custom loss: 0.4785, Total loss: 9.7435
Step 20 - Original loss: 9.2658, Custom loss: 0.4688, Total loss: 9.5002
Step 20 - Original loss: 8.4534, Custom loss: 0.5547, Total loss: 8.7307
Step 20 - Original loss: 8.8206, Custom loss: 0.8164, Total loss: 9.2288
Step 20 - Original loss: 9.9260, Custom loss: 0.7266, Total loss: 10.2893
Step 20 - Original loss: 8.8518, Custom loss: 0.3828, Total loss: 9.0432
Step 20 - Original loss: 9.3831, Custom loss: 0.4746, Total loss: 9.6204
Step 20 - Original loss: 9.3597, Custom loss: 0.7656, Total loss: 9.7425
Step 20 - Original loss: 10.2972, Custom loss: 0.9062, Total loss: 10.7503
Step 20 - Original loss: 9.6095, Custom loss: 0.6211, Total loss: 9.9201
Step 20 - Original loss: 8.4455, Custom loss: 0.3750, Total loss: 8.6330
Step 20 - Original loss: 9.2385, Custom loss: 0.5000, Total loss: 9.4885
Step 20 - Original loss: 8.8362, Custom loss: 0.9336, Total loss: 9.3030
Step 20 - Original loss: 8.9183, Custom loss: 0.5352, Total loss: 9.1858
Step 20 - Original loss: 9.3871, Custom loss: 0.4863, Total loss: 9.6303
Step 20 - Original loss: 9.4301, Custom loss: 1.1562, Total loss: 10.0082
Step 20 - Original loss: 9.4768, Custom loss: 0.8242, Total loss: 9.8889
Step 20 - Original loss: 9.8442, Custom loss: 0.9844, Total loss: 10.3363
Step 20 - Original loss: 9.1800, Custom loss: 0.9297, Total loss: 9.6449
Step 20 - Original loss: 8.7541, Custom loss: 0.5273, Total loss: 9.0178
Step 20 - Original loss: 8.9261, Custom loss: 0.7773, Total loss: 9.3148
Step 20 - Original loss: 9.5314, Custom loss: 0.7852, Total loss: 9.9240
Step 20 - Original loss: 9.7582, Custom loss: 0.8008, Total loss: 10.1586
Step 20 - Original loss: 8.8752, Custom loss: 0.7500, Total loss: 9.2502
Step 20 - Original loss: 8.8127, Custom loss: 0.2139, Total loss: 8.9196
Step 20 - Original loss: 8.5197, Custom loss: 0.9883, Total loss: 9.0138
Step 20 - Original loss: 8.6761, Custom loss: 0.3320, Total loss: 8.8421
Step 20 - Original loss: 9.1257, Custom loss: 0.5273, Total loss: 9.3893
Step 20 - Original loss: 9.1019, Custom loss: 1.1875, Total loss: 9.6956
Step 20 - Original loss: 10.0902, Custom loss: 0.7031, Total loss: 10.4418
Step 20 - Original loss: 8.8362, Custom loss: 0.5586, Total loss: 9.1155
Step 20 - Original loss: 9.7740, Custom loss: 0.8281, Total loss: 10.1881
Step 20 - Original loss: 8.9614, Custom loss: 0.7500, Total loss: 9.3364
Step 20 - Original loss: 9.5043, Custom loss: 0.9609, Total loss: 9.9848
Step 20 - Original loss: 9.3831, Custom loss: 0.9219, Total loss: 9.8440
Step 20 - Original loss: 8.5901, Custom loss: 0.3809, Total loss: 8.7806
Step 20 - Original loss: 8.6408, Custom loss: 0.8594, Total loss: 9.0705
Step 20 - Original loss: 9.2972, Custom loss: 0.8750, Total loss: 9.7347
Step 20 - Original loss: 8.8010, Custom loss: 0.6836, Total loss: 9.1428
Step 20 - Original loss: 9.1061, Custom loss: 1.0391, Total loss: 9.6256
Step 20 - Original loss: 8.8401, Custom loss: 0.5078, Total loss: 9.0940
Step 20 - Original loss: 9.3715, Custom loss: 0.6445, Total loss: 9.6937
Step 20 - Original loss: 9.0199, Custom loss: 0.4766, Total loss: 9.2582
Step 20 - Original loss: 8.9651, Custom loss: 0.6211, Total loss: 9.2756
Step 20 - Original loss: 9.7972, Custom loss: 0.8164, Total loss: 10.2054
Step 20 - Original loss: 8.5902, Custom loss: 0.7539, Total loss: 8.9671
Step 20 - Original loss: 8.7737, Custom loss: 0.4062, Total loss: 8.9769
Step 20 - Original loss: 8.8244, Custom loss: 0.2402, Total loss: 8.9445
Step 20 - Original loss: 8.4340, Custom loss: 0.5156, Total loss: 8.6918
Step 20 - Original loss: 8.8439, Custom loss: 0.4180, Total loss: 9.0529
Step 20 - Original loss: 9.5394, Custom loss: 0.6016, Total loss: 9.8402
Step 20 - Original loss: 9.4534, Custom loss: 0.5273, Total loss: 9.7170
Step 20 - Original loss: 9.0862, Custom loss: 0.5078, Total loss: 9.3401
Step 20 - Original loss: 8.9611, Custom loss: 0.8555, Total loss: 9.3889
Step 20 - Original loss: 9.2892, Custom loss: 0.4277, Total loss: 9.5031
Step 20 - Original loss: 9.3440, Custom loss: 0.2383, Total loss: 9.4631
Step 20 - Original loss: 9.8597, Custom loss: 0.8633, Total loss: 10.2914
Step 20 - Original loss: 9.1567, Custom loss: 0.7148, Total loss: 9.5141
Step 20 - Original loss: 8.9652, Custom loss: 0.7891, Total loss: 9.3597
Step 20 - Original loss: 9.7269, Custom loss: 0.6562, Total loss: 10.0550
Step 20 - Original loss: 9.7193, Custom loss: 0.7266, Total loss: 10.0825
Step 20 - Original loss: 9.1995, Custom loss: 0.3691, Total loss: 9.3840
Step 20 - Original loss: 9.4731, Custom loss: 0.7070, Total loss: 9.8266
Step 20 - Original loss: 9.2584, Custom loss: 0.9805, Total loss: 9.7487
Step 20 - Original loss: 8.9689, Custom loss: 0.4844, Total loss: 9.2111
Step 20 - Original loss: 9.6175, Custom loss: 0.8281, Total loss: 10.0315
Step 20 - Original loss: 9.3244, Custom loss: 0.7031, Total loss: 9.6760
Step 20 - Original loss: 9.0473, Custom loss: 1.0859, Total loss: 9.5903
Step 20 - Original loss: 9.0706, Custom loss: 0.7695, Total loss: 9.4554
Step 20 - Original loss: 8.8480, Custom loss: 0.9336, Total loss: 9.3148
Step 20 - Original loss: 8.9770, Custom loss: 0.6562, Total loss: 9.3051
Step 20 - Original loss: 8.2619, Custom loss: 1.1875, Total loss: 8.8557
Step 20 - Original loss: 8.4066, Custom loss: 0.9453, Total loss: 8.8792
Step 20 - Original loss: 9.0278, Custom loss: 0.7109, Total loss: 9.3833
Step 20 - Original loss: 9.8128, Custom loss: 1.0547, Total loss: 10.3402
Step 20 - Original loss: 9.2386, Custom loss: 0.6484, Total loss: 9.5628
Step 20 - Original loss: 9.5707, Custom loss: 1.0234, Total loss: 10.0824
Step 20 - Original loss: 9.0861, Custom loss: 0.4375, Total loss: 9.3049
Step 20 - Original loss: 9.5003, Custom loss: 0.6094, Total loss: 9.8050
Step 20 - Original loss: 9.9143, Custom loss: 0.3809, Total loss: 10.1047
Step 20 - Original loss: 7.9847, Custom loss: 0.2754, Total loss: 8.1224
Step 20 - Original loss: 9.7112, Custom loss: 0.6094, Total loss: 10.0158
Step 20 - Original loss: 9.2893, Custom loss: 0.1836, Total loss: 9.3811
Step 20 - Original loss: 9.2659, Custom loss: 0.3926, Total loss: 9.4621
Step 20 - Original loss: 9.2190, Custom loss: 0.2246, Total loss: 9.3313
Step 20 - Original loss: 9.2893, Custom loss: 0.5430, Total loss: 9.5608
Step 20 - Original loss: 9.8908, Custom loss: 0.3066, Total loss: 10.0441
Step 20 - Original loss: 8.6408, Custom loss: 0.1963, Total loss: 8.7389
Step 20 - Original loss: 8.8168, Custom loss: 0.8438, Total loss: 9.2386
Step 20 - Original loss: 9.4651, Custom loss: 1.5156, Total loss: 10.2229
Step 20 - Original loss: 8.7268, Custom loss: 0.4395, Total loss: 8.9465
Step 20 - Original loss: 8.7581, Custom loss: 0.9766, Total loss: 9.2464
Step 20 - Original loss: 9.2815, Custom loss: 0.7383, Total loss: 9.6507
Step 20 - Original loss: 8.6213, Custom loss: 0.4648, Total loss: 8.8537
Step 20 - Original loss: 9.5316, Custom loss: 0.6914, Total loss: 9.8773
Step 20 - Original loss: 10.0315, Custom loss: 1.6953, Total loss: 10.8791
Step 20 - Original loss: 9.4263, Custom loss: 1.4062, Total loss: 10.1294
Step 20 - Original loss: 9.4262, Custom loss: 0.6094, Total loss: 9.7309
Step 20 - Original loss: 9.1878, Custom loss: 0.5391, Total loss: 9.4573
Step 20 - Original loss: 9.3362, Custom loss: 1.1250, Total loss: 9.8987
Step 20 - Original loss: 8.2738, Custom loss: 0.3887, Total loss: 8.4681
Step 20 - Original loss: 9.4849, Custom loss: 0.3594, Total loss: 9.6645
Step 20 - Original loss: 9.4460, Custom loss: 0.9609, Total loss: 9.9264
Step 20 - Original loss: 10.0160, Custom loss: 0.8711, Total loss: 10.4515
Step 20 - Original loss: 9.3597, Custom loss: 0.6445, Total loss: 9.6820
Step 20 - Original loss: 8.2697, Custom loss: 0.3613, Total loss: 8.4504
Step 20 - Original loss: 8.3323, Custom loss: 0.3809, Total loss: 8.5227
Step 20 - Original loss: 8.9534, Custom loss: 0.5352, Total loss: 9.2209
Step 20 - Original loss: 9.3596, Custom loss: 0.9844, Total loss: 9.8518
Step 20 - Original loss: 9.0589, Custom loss: 0.7852, Total loss: 9.4515
Step 20 - Original loss: 9.5979, Custom loss: 0.4277, Total loss: 9.8117
Step 20 - Original loss: 8.5275, Custom loss: 0.5859, Total loss: 8.8205
Step 20 - Original loss: 9.0667, Custom loss: 0.7109, Total loss: 9.4222
Step 20 - Original loss: 9.2111, Custom loss: 1.1328, Total loss: 9.7775
Step 20 - Original loss: 8.3519, Custom loss: 0.7461, Total loss: 8.7249
Step 20 - Original loss: 8.5315, Custom loss: 0.5156, Total loss: 8.7893
Step 20 - Original loss: 8.6175, Custom loss: 0.7188, Total loss: 8.9769
Step 20 - Original loss: 9.0120, Custom loss: 0.7656, Total loss: 9.3948
Step 20 - Original loss: 10.2582, Custom loss: 0.6719, Total loss: 10.5942
Step 20 - Original loss: 9.2894, Custom loss: 0.9688, Total loss: 9.7738
Step 20 - Original loss: 8.7853, Custom loss: 0.4980, Total loss: 9.0343
Step 20 - Original loss: 9.9144, Custom loss: 0.2695, Total loss: 10.0491
Step 20 - Original loss: 9.0433, Custom loss: 0.4688, Total loss: 9.2776
Step 20 - Original loss: 8.8987, Custom loss: 0.7539, Total loss: 9.2756
Step 20 - Original loss: 9.8480, Custom loss: 0.5039, Total loss: 10.1000
Step 20 - Original loss: 8.2776, Custom loss: 0.2793, Total loss: 8.4173
Step 20 - Original loss: 8.8479, Custom loss: 0.6211, Total loss: 9.1585
Step 20 - Original loss: 9.1213, Custom loss: 0.4512, Total loss: 9.3469
Step 20 - Original loss: 9.0511, Custom loss: 0.2354, Total loss: 9.1688
Step 20 - Original loss: 8.7152, Custom loss: 0.6133, Total loss: 9.0219
Step 20 - Original loss: 9.3014, Custom loss: 0.6328, Total loss: 9.6178
Step 20 - Original loss: 9.5239, Custom loss: 0.6250, Total loss: 9.8364
Step 20 - Original loss: 9.4690, Custom loss: 1.5234, Total loss: 10.2308
Step 20 - Original loss: 9.4574, Custom loss: 0.7656, Total loss: 9.8402
Step 20 - Original loss: 9.3365, Custom loss: 0.7305, Total loss: 9.7017
Step 20 - Original loss: 10.0238, Custom loss: 0.8125, Total loss: 10.4300
Step 20 - Original loss: 8.9144, Custom loss: 0.3535, Total loss: 9.0912
Step 20 - Original loss: 8.6878, Custom loss: 0.6680, Total loss: 9.0218
Step 20 - Original loss: 8.8441, Custom loss: 1.0469, Total loss: 9.3676
Step 20 - Original loss: 9.1955, Custom loss: 0.6875, Total loss: 9.5393
Step 20 - Original loss: 8.5197, Custom loss: 0.1924, Total loss: 8.6159
Step 20 - Original loss: 9.2270, Custom loss: 0.3652, Total loss: 9.4096
Step 20 - Original loss: 9.6059, Custom loss: 0.7656, Total loss: 9.9887
Step 20 - Original loss: 9.2034, Custom loss: 0.5664, Total loss: 9.4866
Step 20 - Original loss: 8.5159, Custom loss: 0.9102, Total loss: 8.9710
Step 20 - Original loss: 9.7542, Custom loss: 0.3672, Total loss: 9.9378
Step 20 - Original loss: 8.6605, Custom loss: 0.2891, Total loss: 8.8050
Step 20 - Original loss: 7.9495, Custom loss: 0.5742, Total loss: 8.2366
Step 20 - Original loss: 9.5630, Custom loss: 1.1094, Total loss: 10.1176
Step 20 - Original loss: 9.2777, Custom loss: 0.2402, Total loss: 9.3978
Step 20 - Original loss: 8.4535, Custom loss: 0.1621, Total loss: 8.5345
Step 20 - Original loss: 8.5666, Custom loss: 0.5234, Total loss: 8.8283
Step 20 - Original loss: 8.1605, Custom loss: 0.4473, Total loss: 8.3841
Step 20 - Original loss: 9.6605, Custom loss: 1.0078, Total loss: 10.1645
Step 20 - Original loss: 8.9613, Custom loss: 0.4375, Total loss: 9.1800
Step 20 - Original loss: 9.2660, Custom loss: 0.6133, Total loss: 9.5726
Step 20 - Original loss: 9.0630, Custom loss: 0.5898, Total loss: 9.3579
Step 20 - Original loss: 9.8050, Custom loss: 0.8711, Total loss: 10.2406
Step 20 - Original loss: 8.6293, Custom loss: 0.7930, Total loss: 9.0258
Step 20 - Original loss: 9.7815, Custom loss: 0.7773, Total loss: 10.1701
Step 20 - Original loss: 9.3833, Custom loss: 1.1406, Total loss: 9.9537
Step 20 - Original loss: 9.0744, Custom loss: 0.2412, Total loss: 9.1950
Step 20 - Original loss: 9.3402, Custom loss: 0.7266, Total loss: 9.7035
Step 20 - Original loss: 9.9770, Custom loss: 0.6562, Total loss: 10.3051
Step 20 - Original loss: 9.3206, Custom loss: 0.4180, Total loss: 9.5296
Step 20 - Original loss: 9.4692, Custom loss: 1.2969, Total loss: 10.1176
Step 20 - Original loss: 9.7114, Custom loss: 0.6602, Total loss: 10.0414
Step 20 - Original loss: 9.2503, Custom loss: 0.1934, Total loss: 9.3469
Step 20 - Original loss: 8.6331, Custom loss: 0.7500, Total loss: 9.0081
Step 20 - Original loss: 9.1489, Custom loss: 0.9766, Total loss: 9.6371
Step 20 - Original loss: 8.4846, Custom loss: 0.4316, Total loss: 8.7004
Step 20 - Original loss: 8.9302, Custom loss: 0.9492, Total loss: 9.4048
Step 20 - Original loss: 8.0823, Custom loss: 0.2871, Total loss: 8.2258
Step 20 - Original loss: 8.5471, Custom loss: 0.4004, Total loss: 8.7473
Step 20 - Original loss: 9.4612, Custom loss: 0.5586, Total loss: 9.7404
Step 20 - Original loss: 8.7737, Custom loss: 0.4863, Total loss: 9.0169
Step 20 - Original loss: 8.6800, Custom loss: 0.4375, Total loss: 8.8988
Step 20 - Original loss: 8.9691, Custom loss: 0.7461, Total loss: 9.3421
Step 20 - Original loss: 9.2268, Custom loss: 0.4570, Total loss: 9.4553
Step 20 - Original loss: 9.1097, Custom loss: 0.9805, Total loss: 9.5999
Step 20 - Original loss: 8.4065, Custom loss: 0.3887, Total loss: 8.6008
Step 20 - Original loss: 8.7463, Custom loss: 0.6133, Total loss: 9.0529
Step 20 - Original loss: 8.9729, Custom loss: 0.1562, Total loss: 9.0510
Step 20 - Original loss: 9.4768, Custom loss: 0.3320, Total loss: 9.6428
Step 20 - Original loss: 9.8128, Custom loss: 0.8789, Total loss: 10.2523
Step 20 - Original loss: 9.8050, Custom loss: 0.2256, Total loss: 9.9178
Step 20 - Original loss: 8.9261, Custom loss: 0.5508, Total loss: 9.2015
Step 20 - Original loss: 9.4064, Custom loss: 0.3164, Total loss: 9.5646
Step 20 - Original loss: 9.1370, Custom loss: 0.8242, Total loss: 9.5491
Step 20 - Original loss: 9.1997, Custom loss: 0.4316, Total loss: 9.4155
Step 20 - Original loss: 9.7620, Custom loss: 0.6953, Total loss: 10.1096
Step 20 - Original loss: 9.4064, Custom loss: 0.6445, Total loss: 9.7287
Step 20 - Original loss: 9.0003, Custom loss: 1.0000, Total loss: 9.5003
Step 20 - Original loss: 8.7034, Custom loss: 0.3848, Total loss: 8.8958
Step 20 - Original loss: 9.3362, Custom loss: 0.4727, Total loss: 9.5725
Step 20 - Original loss: 9.9689, Custom loss: 0.2949, Total loss: 10.1164
Step 20 - Original loss: 8.3166, Custom loss: 0.1982, Total loss: 8.4157
Step 20 - Original loss: 9.6331, Custom loss: 0.6719, Total loss: 9.9690
Step 20 - Original loss: 9.2580, Custom loss: 0.7617, Total loss: 9.6389
Step 20 - Original loss: 8.9184, Custom loss: 1.1328, Total loss: 9.4848
Step 20 - Original loss: 9.0236, Custom loss: 0.5312, Total loss: 9.2893
Step 20 - Original loss: 9.5629, Custom loss: 0.3711, Total loss: 9.7485
Step 20 - Original loss: 8.4806, Custom loss: 0.4180, Total loss: 8.6896
Step 20 - Original loss: 9.0471, Custom loss: 0.9062, Total loss: 9.5002
Step 20 - Original loss: 8.6803, Custom loss: 0.8203, Total loss: 9.0904
Step 20 - Original loss: 9.1487, Custom loss: 0.5820, Total loss: 9.4397
Step 20 - Original loss: 9.5432, Custom loss: 0.3496, Total loss: 9.7180
Step 20 - Original loss: 9.1331, Custom loss: 0.6094, Total loss: 9.4378
Step 20 - Original loss: 9.3244, Custom loss: 0.8164, Total loss: 9.7326
Step 20 - Original loss: 8.4338, Custom loss: 0.3418, Total loss: 8.6046
Step 20 - Original loss: 9.3480, Custom loss: 0.3809, Total loss: 9.5384
Step 20 - Original loss: 9.7896, Custom loss: 1.0312, Total loss: 10.3052
Step 20 - Original loss: 9.4535, Custom loss: 0.5625, Total loss: 9.7347
Step 20 - Original loss: 9.3948, Custom loss: 1.0078, Total loss: 9.8987
Step 20 - Original loss: 10.0473, Custom loss: 0.6562, Total loss: 10.3755
Step 20 - Original loss: 9.7151, Custom loss: 1.0078, Total loss: 10.2190
Step 20 - Original loss: 9.1252, Custom loss: 0.7930, Total loss: 9.5217
Step 20 - Original loss: 9.2894, Custom loss: 0.4707, Total loss: 9.5247
Step 20 - Original loss: 8.7620, Custom loss: 0.6328, Total loss: 9.0784
Step 20 - Original loss: 9.5865, Custom loss: 0.7500, Total loss: 9.9615
Step 20 - Original loss: 8.1447, Custom loss: 0.6797, Total loss: 8.4846
Step 20 - Original loss: 9.3244, Custom loss: 0.7227, Total loss: 9.6858
Step 20 - Original loss: 9.2268, Custom loss: 0.4648, Total loss: 9.4593
Step 20 - Original loss: 8.6525, Custom loss: 0.5391, Total loss: 8.9220
Step 20 - Original loss: 9.6761, Custom loss: 1.0938, Total loss: 10.2230
Step 20 - Original loss: 8.7737, Custom loss: 0.3809, Total loss: 8.9641
Step 20 - Original loss: 9.9300, Custom loss: 1.1562, Total loss: 10.5081
Step 20 - Original loss: 9.4533, Custom loss: 0.5430, Total loss: 9.7248
Step 20 - Original loss: 8.7463, Custom loss: 0.5586, Total loss: 9.0256
Step 20 - Original loss: 8.9417, Custom loss: 0.7070, Total loss: 9.2952
Step 20 - Original loss: 8.9692, Custom loss: 0.2500, Total loss: 9.0942
Step 20 - Original loss: 9.4845, Custom loss: 0.8320, Total loss: 9.9005
Step 20 - Original loss: 8.8675, Custom loss: 0.4297, Total loss: 9.0823
Step 20 - Original loss: 9.4378, Custom loss: 0.5547, Total loss: 9.7152
Step 20 - Original loss: 8.6996, Custom loss: 0.8281, Total loss: 9.1136
Step 20 - Original loss: 9.7425, Custom loss: 0.9414, Total loss: 10.2132
Step 20 - Original loss: 8.8753, Custom loss: 0.3809, Total loss: 9.0657
Step 20 - Original loss: 9.2581, Custom loss: 1.0156, Total loss: 9.7659
Step 20 - Original loss: 9.0864, Custom loss: 0.4336, Total loss: 9.3032
Step 20 - Original loss: 8.7659, Custom loss: 0.7383, Total loss: 9.1350
Step 20 - Original loss: 9.0552, Custom loss: 0.5234, Total loss: 9.3169
Step 20 - Original loss: 9.5979, Custom loss: 0.3516, Total loss: 9.7737
Step 20 - Original loss: 8.6643, Custom loss: 0.2676, Total loss: 8.7981
Step 20 - Original loss: 9.0080, Custom loss: 0.5859, Total loss: 9.3010
Step 20 - Original loss: 9.0510, Custom loss: 0.5938, Total loss: 9.3479
Step 20 - Original loss: 8.2190, Custom loss: 0.7969, Total loss: 8.6175
Step 20 - Original loss: 8.7583, Custom loss: 1.0000, Total loss: 9.2583
Step 20 - Original loss: 8.7971, Custom loss: 1.0547, Total loss: 9.3244
Step 20 - Original loss: 9.1017, Custom loss: 0.2715, Total loss: 9.2374
Step 20 - Original loss: 8.6877, Custom loss: 0.6797, Total loss: 9.0275
Step 20 - Original loss: 8.4846, Custom loss: 0.3711, Total loss: 8.6701
Step 20 - Original loss: 9.4300, Custom loss: 0.2598, Total loss: 9.5599
Step 20 - Original loss: 8.7346, Custom loss: 0.4727, Total loss: 8.9710
Step 20 - Original loss: 9.0784, Custom loss: 0.2393, Total loss: 9.1980
Step 20 - Original loss: 9.2776, Custom loss: 0.7695, Total loss: 9.6623
Step 20 - Original loss: 8.7191, Custom loss: 0.3887, Total loss: 8.9134
Step 20 - Original loss: 9.0160, Custom loss: 0.7539, Total loss: 9.3930
Step 20 - Original loss: 9.0082, Custom loss: 0.3906, Total loss: 9.2035
Step 20 - Original loss: 9.7308, Custom loss: 0.8594, Total loss: 10.1605
Step 20 - Original loss: 8.7501, Custom loss: 0.8164, Total loss: 9.1583
Step 20 - Original loss: 9.7113, Custom loss: 1.1094, Total loss: 10.2660
Step 20 - Original loss: 9.3987, Custom loss: 0.2275, Total loss: 9.5125
Step 20 - Original loss: 9.0826, Custom loss: 0.6758, Total loss: 9.4205
Step 20 - Original loss: 9.3792, Custom loss: 0.7188, Total loss: 9.7386
Step 20 - Original loss: 10.1802, Custom loss: 0.7266, Total loss: 10.5434
Step 20 - Original loss: 9.7034, Custom loss: 0.4473, Total loss: 9.9270
Step 20 - Original loss: 9.5747, Custom loss: 0.5664, Total loss: 9.8579
Step 20 - Original loss: 9.5002, Custom loss: 0.8750, Total loss: 9.9377
Step 20 - Original loss: 8.9612, Custom loss: 0.3555, Total loss: 9.1389
Step 20 - Original loss: 9.9143, Custom loss: 0.5586, Total loss: 10.1936
Step 20 - Original loss: 8.8948, Custom loss: 1.0859, Total loss: 9.4378
Step 20 - Original loss: 9.1995, Custom loss: 0.7031, Total loss: 9.5511
Step 20 - Original loss: 9.7152, Custom loss: 1.2031, Total loss: 10.3168
Step 20 - Original loss: 9.2971, Custom loss: 0.6250, Total loss: 9.6096
Step 20 - Original loss: 9.8831, Custom loss: 0.4414, Total loss: 10.1038
Step 20 - Original loss: 8.7698, Custom loss: 0.6602, Total loss: 9.0999
Step 20 - Original loss: 8.4963, Custom loss: 0.4551, Total loss: 8.7239
Step 20 - Original loss: 10.0550, Custom loss: 0.7461, Total loss: 10.4280
Step 20 - Original loss: 8.7113, Custom loss: 0.7305, Total loss: 9.0765
Step 20 - Original loss: 9.2658, Custom loss: 0.4355, Total loss: 9.4836
Step 20 - Original loss: 9.6175, Custom loss: 1.0078, Total loss: 10.1214
Step 20 - Original loss: 9.3480, Custom loss: 0.2598, Total loss: 9.4779
Step 20 - Original loss: 8.9924, Custom loss: 0.5469, Total loss: 9.2658
{'eval_loss': 9.493410110473633, 'eval_runtime': 438.7359, 'eval_samples_per_second': 27.985, 'eval_steps_per_second': 1.75, 'epoch': 0.0}
Step 20 - Original loss: 10.0081, Custom loss: 0.4023, Total loss: 10.2093
Step 20 - Original loss: 8.8479, Custom loss: 0.4023, Total loss: 9.0491
Step 20 - Original loss: 8.6291, Custom loss: 0.5117, Total loss: 8.8849
Step 20 - Original loss: 9.3284, Custom loss: 0.4355, Total loss: 9.5462
{'loss': 9.5767, 'learning_rate': 2.3630504833512354e-07, 'epoch': 0.0}
Step 22 - Original loss: 9.5003, Custom loss: 0.9102, Total loss: 9.9554
Step 22 - Original loss: 8.9808, Custom loss: 0.9492, Total loss: 9.4554
Step 22 - Original loss: 8.9378, Custom loss: 0.8320, Total loss: 9.3538
Step 22 - Original loss: 9.5588, Custom loss: 0.2949, Total loss: 9.7063
{'loss': 9.5998, 'learning_rate': 2.577873254564984e-07, 'epoch': 0.01}
Step 24 - Original loss: 9.5861, Custom loss: 0.1748, Total loss: 9.6735
Step 24 - Original loss: 9.3049, Custom loss: 0.4902, Total loss: 9.5500
Step 24 - Original loss: 9.1565, Custom loss: 0.5781, Total loss: 9.4456
Step 24 - Original loss: 8.8635, Custom loss: 0.3984, Total loss: 9.0628
{'loss': 9.5237, 'learning_rate': 2.7926960257787327e-07, 'epoch': 0.01}
Step 26 - Original loss: 9.1838, Custom loss: 0.3340, Total loss: 9.3508
Step 26 - Original loss: 9.4652, Custom loss: 0.8477, Total loss: 9.8890
Step 26 - Original loss: 8.8713, Custom loss: 0.4980, Total loss: 9.1203
Step 26 - Original loss: 8.6408, Custom loss: 0.4980, Total loss: 8.8898
{'loss': 9.2003, 'learning_rate': 3.007518796992481e-07, 'epoch': 0.01}
Step 28 - Original loss: 10.2893, Custom loss: 0.3125, Total loss: 10.4455
Step 28 - Original loss: 9.0277, Custom loss: 0.6914, Total loss: 9.3734
Step 28 - Original loss: 8.7385, Custom loss: 0.4277, Total loss: 8.9524
Step 28 - Original loss: 8.8714, Custom loss: 0.6445, Total loss: 9.1936
