W&B offline. Running your script from this directory will only write metadata locally. Use wandb disabled to completely turn off W&B.
cn15k_cp, prompt tuning, llm_frozen=true, zero2_nocpu, mbs=16
[2025-12-03 18:45:11,097] [INFO] [real_accelerator.py:158:get_accelerator] Setting ds_accelerator to cuda (auto detect)
[2025-12-03 18:45:13,601] [WARNING] [runner.py:203:fetch_hostfile] Unable to find hostfile, will proceed with training with local resources only.
Detected CUDA_VISIBLE_DEVICES=0,1 but ignoring it because one or several of --include/--exclude/--num_gpus/--num_nodes cl args were used. If you want to use CUDA_VISIBLE_DEVICES don't pass any of these arguments to deepspeed.
[2025-12-03 18:45:13,615] [INFO] [runner.py:570:main] cmd = /seu_share/home/qiguilin/220236147/.conda/envs/g_retriever/bin/python3.9 -u -m deepspeed.launcher.launch --world_info=eyJsb2NhbGhvc3QiOiBbMCwgMV19 --master_addr=127.0.0.1 --master_port=29501 --enable_each_rank_log=None train_ds.py --dataset cn15k_cp --model_name pt_llm_ds --num_epochs 2 --batch_size 64 --micro_batch_size 16 --max_txt_len 1500 --llm_frozen True --deepspeed ds_config_zero2_nocpu.json --eval_batch_size 8
[2025-12-03 18:45:15,351] [INFO] [real_accelerator.py:158:get_accelerator] Setting ds_accelerator to cuda (auto detect)
[2025-12-03 18:45:16,715] [INFO] [launch.py:145:main] WORLD INFO DICT: {'localhost': [0, 1]}
[2025-12-03 18:45:16,715] [INFO] [launch.py:151:main] nnodes=1, num_local_procs=2, node_rank=0
[2025-12-03 18:45:16,715] [INFO] [launch.py:162:main] global_rank_mapping=defaultdict(<class 'list'>, {'localhost': [0, 1]})
[2025-12-03 18:45:16,715] [INFO] [launch.py:163:main] dist_world_size=2
[2025-12-03 18:45:16,715] [INFO] [launch.py:165:main] Setting CUDA_VISIBLE_DEVICES=0,1
start import from src/ ...
start import from src/ ...
end import from src! cost 205.2s
start load args ...
end load args! cost 0.0s
Namespace(model_name='pt_llm_ds', project='project_g_retriever', seed=0, dataset='cn15k_cp', lr=1e-05, wd=0.05, patience=2, batch_size=64, micro_batch_size=16, grad_steps=2, num_epochs=2, warmup_epochs=1, eval_batch_size=8, llm_model_name='7b_chat', llm_model_path='', llm_frozen='True', llm_num_virtual_tokens=10, output_dir='output', max_txt_len=1500, max_new_tokens=32, max_memory=[80, 80], gnn_model_name='gt', gnn_num_layers=4, gnn_in_dim=1024, gnn_hidden_dim=1024, gnn_num_heads=4, gnn_dropout=0.0, local_rank=1, deepspeed='ds_config_zero2_nocpu.json', fp16=False, bf16=False, exp_name='', kl_weight=0.5, ce_weight=1.0, mse_weight=0.5, if_calibration=False)
start load model...
end import from src! cost 205.2s
start load args ...
end load args! cost 0.0s
Namespace(model_name='pt_llm_ds', project='project_g_retriever', seed=0, dataset='cn15k_cp', lr=1e-05, wd=0.05, patience=2, batch_size=64, micro_batch_size=16, grad_steps=2, num_epochs=2, warmup_epochs=1, eval_batch_size=8, llm_model_name='7b_chat', llm_model_path='', llm_frozen='True', llm_num_virtual_tokens=10, output_dir='output', max_txt_len=1500, max_new_tokens=32, max_memory=[80, 80], gnn_model_name='gt', gnn_num_layers=4, gnn_in_dim=1024, gnn_hidden_dim=1024, gnn_num_heads=4, gnn_dropout=0.0, local_rank=0, deepspeed='ds_config_zero2_nocpu.json', fp16=False, bf16=False, exp_name='', kl_weight=0.5, ce_weight=1.0, mse_weight=0.5, if_calibration=False)
start load model...
world_size: 2, ddp: True
device_map: {'': 1}
world_size: 2, ddp: True
device_map: {'': 0}
Freezing LLAMA!
end load model! cost 78.7s
sp_model trainable params: 40960 || all params: 6738456576 || trainable%: 0.0006078543289257816
start load dataset...
Freezing LLAMA!
end load model! cost 106.4s
sp_model trainable params: 40960 || all params: 6738456576 || trainable%: 0.0006078543289257816
start load dataset...
end load dataset! cost 288.2s
start training...
output_path: output/cn15k_cp/model_name_pt_llm_ds_llm_model_name_7b_chat_llm_frozen_True_max_txt_len_1500_max_new_tokens_32_gnn_model_name_gt_patience_2_num_epochs_2_seed0_fp16_False/
batch_size: 64, micro_batch_size: 16, grad_steps: 2, world_size: 2
[2025-12-03 18:54:58,782] [INFO] [real_accelerator.py:158:get_accelerator] Setting ds_accelerator to cuda (auto detect)
[2025-12-03 18:55:01,289] [INFO] [comm.py:637:init_distributed] cdb=None
[2025-12-03 18:55:01,289] [INFO] [comm.py:668:init_distributed] Initializing TorchBackend in DeepSpeed with backend nccl
end load dataset! cost 289.7s
start training...
output_path: output/cn15k_cp/model_name_pt_llm_ds_llm_model_name_7b_chat_llm_frozen_True_max_txt_len_1500_max_new_tokens_32_gnn_model_name_gt_patience_2_num_epochs_2_seed0_fp16_False/
batch_size: 64, micro_batch_size: 16, grad_steps: 2, world_size: 2
[2025-12-03 18:55:27,178] [INFO] [real_accelerator.py:158:get_accelerator] Setting ds_accelerator to cuda (auto detect)
[2025-12-03 18:55:29,603] [INFO] [comm.py:637:init_distributed] cdb=None
{'loss': 1.772, 'learning_rate': 1.5600624024961e-08, 'epoch': 0.0}
{'loss': 2.0537, 'learning_rate': 3.1201248049922e-08, 'epoch': 0.0}
{'loss': 1.7689, 'learning_rate': 4.6801872074883e-08, 'epoch': 0.0}
{'loss': 1.7428, 'learning_rate': 6.2402496099844e-08, 'epoch': 0.0}
{'loss': 1.7896, 'learning_rate': 7.8003120124805e-08, 'epoch': 0.0}
{'loss': 2.0127, 'learning_rate': 9.3603744149766e-08, 'epoch': 0.0}
{'loss': 1.8264, 'learning_rate': 1.09204368174727e-07, 'epoch': 0.0}
{'loss': 1.8478, 'learning_rate': 1.24804992199688e-07, 'epoch': 0.0}
{'loss': 1.6545, 'learning_rate': 1.40405616224649e-07, 'epoch': 0.01}
{'loss': 1.6809, 'learning_rate': 1.5600624024961e-07, 'epoch': 0.01}
{'loss': 1.9665, 'learning_rate': 1.71606864274571e-07, 'epoch': 0.01}
{'loss': 1.8775, 'learning_rate': 1.87207488299532e-07, 'epoch': 0.01}
{'loss': 1.7054, 'learning_rate': 2.02808112324493e-07, 'epoch': 0.01}
{'loss': 1.7987, 'learning_rate': 2.18408736349454e-07, 'epoch': 0.01}
{'loss': 1.6763, 'learning_rate': 2.34009360374415e-07, 'epoch': 0.01}
{'loss': 1.9514, 'learning_rate': 2.49609984399376e-07, 'epoch': 0.01}
{'loss': 1.8715, 'learning_rate': 2.65210608424337e-07, 'epoch': 0.01}
{'loss': 1.9642, 'learning_rate': 2.80811232449298e-07, 'epoch': 0.01}
{'loss': 1.8345, 'learning_rate': 2.96411856474259e-07, 'epoch': 0.01}
{'loss': 2.1061, 'learning_rate': 3.1201248049922e-07, 'epoch': 0.01}
{'loss': 1.6796, 'learning_rate': 3.27613104524181e-07, 'epoch': 0.01}
{'loss': 1.9232, 'learning_rate': 3.43213728549142e-07, 'epoch': 0.01}
{'loss': 1.9075, 'learning_rate': 3.5881435257410303e-07, 'epoch': 0.01}
{'loss': 1.9483, 'learning_rate': 3.74414976599064e-07, 'epoch': 0.01}
{'loss': 1.8898, 'learning_rate': 3.90015600624025e-07, 'epoch': 0.02}
{'loss': 1.9962, 'learning_rate': 4.05616224648986e-07, 'epoch': 0.02}
{'loss': 1.6043, 'learning_rate': 4.21216848673947e-07, 'epoch': 0.02}
{'loss': 1.7743, 'learning_rate': 4.36817472698908e-07, 'epoch': 0.02}
{'loss': 1.8889, 'learning_rate': 4.52418096723869e-07, 'epoch': 0.02}
{'loss': 1.8177, 'learning_rate': 4.6801872074883e-07, 'epoch': 0.02}
{'loss': 1.7474, 'learning_rate': 4.836193447737911e-07, 'epoch': 0.02}
{'loss': 1.8201, 'learning_rate': 4.99219968798752e-07, 'epoch': 0.02}
{'loss': 1.807, 'learning_rate': 5.14820592823713e-07, 'epoch': 0.02}
{'loss': 1.9304, 'learning_rate': 5.30421216848674e-07, 'epoch': 0.02}
{'loss': 2.0222, 'learning_rate': 5.46021840873635e-07, 'epoch': 0.02}
{'loss': 1.7161, 'learning_rate': 5.61622464898596e-07, 'epoch': 0.02}
{'loss': 1.7682, 'learning_rate': 5.77223088923557e-07, 'epoch': 0.02}
{'loss': 1.8561, 'learning_rate': 5.92823712948518e-07, 'epoch': 0.02}
{'loss': 1.6284, 'learning_rate': 6.08424336973479e-07, 'epoch': 0.02}
{'loss': 1.9001, 'learning_rate': 6.2402496099844e-07, 'epoch': 0.02}
{'loss': 1.695, 'learning_rate': 6.396255850234009e-07, 'epoch': 0.03}
{'loss': 1.8964, 'learning_rate': 6.55226209048362e-07, 'epoch': 0.03}
{'loss': 1.7968, 'learning_rate': 6.708268330733229e-07, 'epoch': 0.03}
{'loss': 1.7398, 'learning_rate': 6.86427457098284e-07, 'epoch': 0.03}
{'loss': 1.9455, 'learning_rate': 7.020280811232449e-07, 'epoch': 0.03}
{'loss': 1.9315, 'learning_rate': 7.176287051482061e-07, 'epoch': 0.03}
{'loss': 1.9245, 'learning_rate': 7.332293291731669e-07, 'epoch': 0.03}
{'loss': 1.6864, 'learning_rate': 7.48829953198128e-07, 'epoch': 0.03}
{'loss': 1.7112, 'learning_rate': 7.64430577223089e-07, 'epoch': 0.03}
{'loss': 1.937, 'learning_rate': 7.8003120124805e-07, 'epoch': 0.03}
{'loss': 1.776, 'learning_rate': 7.95631825273011e-07, 'epoch': 0.03}
{'loss': 1.8311, 'learning_rate': 8.11232449297972e-07, 'epoch': 0.03}
{'loss': 1.6653, 'learning_rate': 8.26833073322933e-07, 'epoch': 0.03}
{'loss': 1.7542, 'learning_rate': 8.42433697347894e-07, 'epoch': 0.03}
{'loss': 1.7623, 'learning_rate': 8.58034321372855e-07, 'epoch': 0.03}
{'loss': 2.0272, 'learning_rate': 8.73634945397816e-07, 'epoch': 0.03}
{'loss': 1.8551, 'learning_rate': 8.89235569422777e-07, 'epoch': 0.04}
{'loss': 1.8746, 'learning_rate': 9.04836193447738e-07, 'epoch': 0.04}
{'loss': 1.9721, 'learning_rate': 9.20436817472699e-07, 'epoch': 0.04}
{'loss': 1.8855, 'learning_rate': 9.3603744149766e-07, 'epoch': 0.04}
{'loss': 1.9283, 'learning_rate': 9.51638065522621e-07, 'epoch': 0.04}
{'loss': 1.8494, 'learning_rate': 9.672386895475821e-07, 'epoch': 0.04}
{'loss': 1.9471, 'learning_rate': 9.82839313572543e-07, 'epoch': 0.04}
{'loss': 1.8238, 'learning_rate': 9.98439937597504e-07, 'epoch': 0.04}
{'loss': 1.8402, 'learning_rate': 1.014040561622465e-06, 'epoch': 0.04}
{'loss': 1.8343, 'learning_rate': 1.029641185647426e-06, 'epoch': 0.04}
{'loss': 1.6692, 'learning_rate': 1.045241809672387e-06, 'epoch': 0.04}
{'loss': 1.999, 'learning_rate': 1.060842433697348e-06, 'epoch': 0.04}
{'loss': 1.9478, 'learning_rate': 1.076443057722309e-06, 'epoch': 0.04}
{'loss': 1.9687, 'learning_rate': 1.09204368174727e-06, 'epoch': 0.04}
{'loss': 1.7643, 'learning_rate': 1.107644305772231e-06, 'epoch': 0.04}
{'loss': 1.7534, 'learning_rate': 1.123244929797192e-06, 'epoch': 0.04}
{'loss': 1.7315, 'learning_rate': 1.138845553822153e-06, 'epoch': 0.05}
{'loss': 1.7382, 'learning_rate': 1.154446177847114e-06, 'epoch': 0.05}
{'loss': 1.596, 'learning_rate': 1.170046801872075e-06, 'epoch': 0.05}
{'loss': 1.9167, 'learning_rate': 1.185647425897036e-06, 'epoch': 0.05}
{'loss': 1.8932, 'learning_rate': 1.201248049921997e-06, 'epoch': 0.05}
{'loss': 1.8327, 'learning_rate': 1.216848673946958e-06, 'epoch': 0.05}
{'loss': 1.6834, 'learning_rate': 1.232449297971919e-06, 'epoch': 0.05}
{'loss': 2.0012, 'learning_rate': 1.24804992199688e-06, 'epoch': 0.05}
{'loss': 1.7535, 'learning_rate': 1.263650546021841e-06, 'epoch': 0.05}
{'loss': 1.8267, 'learning_rate': 1.2792511700468018e-06, 'epoch': 0.05}
{'loss': 1.9048, 'learning_rate': 1.294851794071763e-06, 'epoch': 0.05}
{'loss': 1.7183, 'learning_rate': 1.310452418096724e-06, 'epoch': 0.05}
{'loss': 1.7804, 'learning_rate': 1.326053042121685e-06, 'epoch': 0.05}
{'loss': 1.8293, 'learning_rate': 1.3416536661466458e-06, 'epoch': 0.05}
{'loss': 1.7247, 'learning_rate': 1.357254290171607e-06, 'epoch': 0.05}
{'loss': 1.7969, 'learning_rate': 1.372854914196568e-06, 'epoch': 0.05}
{'loss': 1.8509, 'learning_rate': 1.388455538221529e-06, 'epoch': 0.06}
{'loss': 1.7463, 'learning_rate': 1.4040561622464898e-06, 'epoch': 0.06}
{'loss': 1.794, 'learning_rate': 1.419656786271451e-06, 'epoch': 0.06}
{'loss': 1.6721, 'learning_rate': 1.4352574102964121e-06, 'epoch': 0.06}
{'loss': 1.6671, 'learning_rate': 1.450858034321373e-06, 'epoch': 0.06}
{'loss': 1.8782, 'learning_rate': 1.4664586583463338e-06, 'epoch': 0.06}
{'loss': 1.7611, 'learning_rate': 1.482059282371295e-06, 'epoch': 0.06}
{'loss': 1.8851, 'learning_rate': 1.497659906396256e-06, 'epoch': 0.06}
{'loss': 1.5369, 'learning_rate': 1.513260530421217e-06, 'epoch': 0.06}
{'loss': 1.6986, 'learning_rate': 1.528861154446178e-06, 'epoch': 0.06}
{'loss': 1.741, 'learning_rate': 1.544461778471139e-06, 'epoch': 0.06}
{'loss': 1.7953, 'learning_rate': 1.5600624024961e-06, 'epoch': 0.06}
{'loss': 1.8952, 'learning_rate': 1.575663026521061e-06, 'epoch': 0.06}
{'loss': 1.649, 'learning_rate': 1.591263650546022e-06, 'epoch': 0.06}
{'loss': 1.8453, 'learning_rate': 1.606864274570983e-06, 'epoch': 0.06}
{'loss': 1.8388, 'learning_rate': 1.622464898595944e-06, 'epoch': 0.06}
{'loss': 2.0349, 'learning_rate': 1.638065522620905e-06, 'epoch': 0.07}
{'loss': 1.7394, 'learning_rate': 1.653666146645866e-06, 'epoch': 0.07}
{'loss': 1.8073, 'learning_rate': 1.669266770670827e-06, 'epoch': 0.07}
{'loss': 2.068, 'learning_rate': 1.684867394695788e-06, 'epoch': 0.07}
{'loss': 1.7883, 'learning_rate': 1.700468018720749e-06, 'epoch': 0.07}
{'loss': 1.8874, 'learning_rate': 1.71606864274571e-06, 'epoch': 0.07}
{'loss': 1.9508, 'learning_rate': 1.731669266770671e-06, 'epoch': 0.07}
{'loss': 1.7101, 'learning_rate': 1.747269890795632e-06, 'epoch': 0.07}
{'loss': 1.8497, 'learning_rate': 1.7628705148205929e-06, 'epoch': 0.07}
{'loss': 1.6679, 'learning_rate': 1.778471138845554e-06, 'epoch': 0.07}
{'loss': 1.7973, 'learning_rate': 1.7940717628705152e-06, 'epoch': 0.07}
{'loss': 1.7795, 'learning_rate': 1.809672386895476e-06, 'epoch': 0.07}
{'loss': 1.5987, 'learning_rate': 1.8252730109204369e-06, 'epoch': 0.07}
{'loss': 1.8366, 'learning_rate': 1.840873634945398e-06, 'epoch': 0.07}
{'loss': 1.8319, 'learning_rate': 1.8564742589703592e-06, 'epoch': 0.07}
{'loss': 1.88, 'learning_rate': 1.87207488299532e-06, 'epoch': 0.07}
{'loss': 1.688, 'learning_rate': 1.8876755070202809e-06, 'epoch': 0.08}
{'loss': 1.7852, 'learning_rate': 1.903276131045242e-06, 'epoch': 0.08}
{'loss': 1.8142, 'learning_rate': 1.918876755070203e-06, 'epoch': 0.08}
{'loss': 1.7942, 'learning_rate': 1.9344773790951642e-06, 'epoch': 0.08}
{'loss': 1.8155, 'learning_rate': 1.950078003120125e-06, 'epoch': 0.08}
{'loss': 1.8001, 'learning_rate': 1.965678627145086e-06, 'epoch': 0.08}
{'loss': 1.7791, 'learning_rate': 1.981279251170047e-06, 'epoch': 0.08}
{'loss': 2.0432, 'learning_rate': 1.996879875195008e-06, 'epoch': 0.08}
{'loss': 1.6557, 'learning_rate': 2.012480499219969e-06, 'epoch': 0.08}
{'loss': 1.8211, 'learning_rate': 2.02808112324493e-06, 'epoch': 0.08}
{'loss': 1.6826, 'learning_rate': 2.043681747269891e-06, 'epoch': 0.08}
{'loss': 1.6623, 'learning_rate': 2.059282371294852e-06, 'epoch': 0.08}
{'loss': 1.9674, 'learning_rate': 2.074882995319813e-06, 'epoch': 0.08}
{'loss': 1.92, 'learning_rate': 2.090483619344774e-06, 'epoch': 0.08}
{'loss': 1.7509, 'learning_rate': 2.1060842433697347e-06, 'epoch': 0.08}
{'loss': 1.7526, 'learning_rate': 2.121684867394696e-06, 'epoch': 0.08}
{'loss': 1.7664, 'learning_rate': 2.137285491419657e-06, 'epoch': 0.09}
{'loss': 1.7902, 'learning_rate': 2.152886115444618e-06, 'epoch': 0.09}
{'loss': 1.7402, 'learning_rate': 2.168486739469579e-06, 'epoch': 0.09}
{'loss': 1.6889, 'learning_rate': 2.18408736349454e-06, 'epoch': 0.09}
{'loss': 1.745, 'learning_rate': 2.199687987519501e-06, 'epoch': 0.09}
{'loss': 1.9039, 'learning_rate': 2.215288611544462e-06, 'epoch': 0.09}
{'loss': 1.6555, 'learning_rate': 2.2308892355694227e-06, 'epoch': 0.09}
{'loss': 1.996, 'learning_rate': 2.246489859594384e-06, 'epoch': 0.09}
{'loss': 1.9698, 'learning_rate': 2.2620904836193448e-06, 'epoch': 0.09}
{'loss': 1.8653, 'learning_rate': 2.277691107644306e-06, 'epoch': 0.09}
{'loss': 1.6745, 'learning_rate': 2.293291731669267e-06, 'epoch': 0.09}
{'loss': 2.1424, 'learning_rate': 2.308892355694228e-06, 'epoch': 0.09}
{'loss': 1.6583, 'learning_rate': 2.324492979719189e-06, 'epoch': 0.09}
{'loss': 1.9118, 'learning_rate': 2.34009360374415e-06, 'epoch': 0.09}
{'loss': 1.8358, 'learning_rate': 2.3556942277691107e-06, 'epoch': 0.09}
{'loss': 1.7091, 'learning_rate': 2.371294851794072e-06, 'epoch': 0.09}
{'loss': 1.8734, 'learning_rate': 2.386895475819033e-06, 'epoch': 0.1}
{'loss': 1.7377, 'learning_rate': 2.402496099843994e-06, 'epoch': 0.1}
{'loss': 1.8053, 'learning_rate': 2.418096723868955e-06, 'epoch': 0.1}
{'loss': 1.6061, 'learning_rate': 2.433697347893916e-06, 'epoch': 0.1}
{'loss': 1.9554, 'learning_rate': 2.449297971918877e-06, 'epoch': 0.1}
{'loss': 1.7132, 'learning_rate': 2.464898595943838e-06, 'epoch': 0.1}
{'loss': 1.6392, 'learning_rate': 2.4804992199687986e-06, 'epoch': 0.1}
{'loss': 1.839, 'learning_rate': 2.49609984399376e-06, 'epoch': 0.1}
{'loss': 1.9578, 'learning_rate': 2.5117004680187207e-06, 'epoch': 0.1}
{'loss': 1.5849, 'learning_rate': 2.527301092043682e-06, 'epoch': 0.1}
{'loss': 1.761, 'learning_rate': 2.5429017160686432e-06, 'epoch': 0.1}
{'loss': 1.6087, 'learning_rate': 2.5585023400936037e-06, 'epoch': 0.1}
{'loss': 1.7336, 'learning_rate': 2.574102964118565e-06, 'epoch': 0.1}
{'loss': 1.7101, 'learning_rate': 2.589703588143526e-06, 'epoch': 0.1}
{'loss': 1.5946, 'learning_rate': 2.605304212168487e-06, 'epoch': 0.1}
{'loss': 1.8609, 'learning_rate': 2.620904836193448e-06, 'epoch': 0.1}
{'loss': 1.932, 'learning_rate': 2.6365054602184087e-06, 'epoch': 0.11}
{'loss': 1.7182, 'learning_rate': 2.65210608424337e-06, 'epoch': 0.11}
{'loss': 1.6543, 'learning_rate': 2.6677067082683312e-06, 'epoch': 0.11}
{'loss': 1.6882, 'learning_rate': 2.6833073322932916e-06, 'epoch': 0.11}
{'loss': 1.591, 'learning_rate': 2.698907956318253e-06, 'epoch': 0.11}
{'loss': 1.7372, 'learning_rate': 2.714508580343214e-06, 'epoch': 0.11}
{'loss': 1.5494, 'learning_rate': 2.730109204368175e-06, 'epoch': 0.11}
{'loss': 1.5198, 'learning_rate': 2.745709828393136e-06, 'epoch': 0.11}
{'loss': 1.6475, 'learning_rate': 2.7613104524180967e-06, 'epoch': 0.11}
{'loss': 1.81, 'learning_rate': 2.776911076443058e-06, 'epoch': 0.11}
{'loss': 1.4687, 'learning_rate': 2.792511700468019e-06, 'epoch': 0.11}
{'loss': 1.6394, 'learning_rate': 2.8081123244929796e-06, 'epoch': 0.11}
{'loss': 1.7697, 'learning_rate': 2.823712948517941e-06, 'epoch': 0.11}
{'loss': 1.6993, 'learning_rate': 2.839313572542902e-06, 'epoch': 0.11}
{'loss': 1.6694, 'learning_rate': 2.854914196567863e-06, 'epoch': 0.11}
{'loss': 1.7489, 'learning_rate': 2.8705148205928242e-06, 'epoch': 0.11}
{'loss': 1.8489, 'learning_rate': 2.8861154446177846e-06, 'epoch': 0.12}
{'loss': 1.6864, 'learning_rate': 2.901716068642746e-06, 'epoch': 0.12}
{'loss': 1.5603, 'learning_rate': 2.917316692667707e-06, 'epoch': 0.12}
{'loss': 1.5962, 'learning_rate': 2.9329173166926676e-06, 'epoch': 0.12}
{'loss': 1.8964, 'learning_rate': 2.948517940717629e-06, 'epoch': 0.12}
{'loss': 1.6818, 'learning_rate': 2.96411856474259e-06, 'epoch': 0.12}
{'loss': 1.7193, 'learning_rate': 2.979719188767551e-06, 'epoch': 0.12}
{'loss': 1.8353, 'learning_rate': 2.995319812792512e-06, 'epoch': 0.12}
{'loss': 1.6418, 'learning_rate': 3.0109204368174726e-06, 'epoch': 0.12}
{'loss': 1.8045, 'learning_rate': 3.026521060842434e-06, 'epoch': 0.12}
{'loss': 1.8641, 'learning_rate': 3.042121684867395e-06, 'epoch': 0.12}
{'loss': 1.6599, 'learning_rate': 3.057722308892356e-06, 'epoch': 0.12}
{'loss': 1.6874, 'learning_rate': 3.073322932917317e-06, 'epoch': 0.12}
{'loss': 1.6099, 'learning_rate': 3.088923556942278e-06, 'epoch': 0.12}
{'loss': 1.5409, 'learning_rate': 3.104524180967239e-06, 'epoch': 0.12}
{'loss': 1.9427, 'learning_rate': 3.1201248049922e-06, 'epoch': 0.12}
{'loss': 1.6363, 'learning_rate': 3.1357254290171606e-06, 'epoch': 0.13}
{'loss': 1.6581, 'learning_rate': 3.151326053042122e-06, 'epoch': 0.13}
{'loss': 1.526, 'learning_rate': 3.166926677067083e-06, 'epoch': 0.13}
{'loss': 1.5827, 'learning_rate': 3.182527301092044e-06, 'epoch': 0.13}
{'loss': 1.7161, 'learning_rate': 3.198127925117005e-06, 'epoch': 0.13}
{'loss': 1.7205, 'learning_rate': 3.213728549141966e-06, 'epoch': 0.13}
{'loss': 1.5601, 'learning_rate': 3.229329173166927e-06, 'epoch': 0.13}
{'loss': 1.6071, 'learning_rate': 3.244929797191888e-06, 'epoch': 0.13}
{'loss': 1.6447, 'learning_rate': 3.2605304212168486e-06, 'epoch': 0.13}
{'loss': 1.7435, 'learning_rate': 3.27613104524181e-06, 'epoch': 0.13}
{'loss': 1.6309, 'learning_rate': 3.291731669266771e-06, 'epoch': 0.13}
{'loss': 1.6833, 'learning_rate': 3.307332293291732e-06, 'epoch': 0.13}
{'loss': 1.6349, 'learning_rate': 3.322932917316693e-06, 'epoch': 0.13}
{'loss': 1.6145, 'learning_rate': 3.338533541341654e-06, 'epoch': 0.13}
{'loss': 1.5793, 'learning_rate': 3.354134165366615e-06, 'epoch': 0.13}
{'loss': 1.4947, 'learning_rate': 3.369734789391576e-06, 'epoch': 0.13}
{'loss': 1.7478, 'learning_rate': 3.3853354134165365e-06, 'epoch': 0.14}
{'loss': 1.8393, 'learning_rate': 3.400936037441498e-06, 'epoch': 0.14}
{'loss': 1.6934, 'learning_rate': 3.416536661466459e-06, 'epoch': 0.14}
{'loss': 1.6508, 'learning_rate': 3.43213728549142e-06, 'epoch': 0.14}
{'loss': 1.8395, 'learning_rate': 3.447737909516381e-06, 'epoch': 0.14}
{'loss': 1.6602, 'learning_rate': 3.463338533541342e-06, 'epoch': 0.14}
{'loss': 1.8054, 'learning_rate': 3.478939157566303e-06, 'epoch': 0.14}
{'loss': 1.5426, 'learning_rate': 3.494539781591264e-06, 'epoch': 0.14}
{'loss': 1.5894, 'learning_rate': 3.5101404056162245e-06, 'epoch': 0.14}
{'loss': 1.7012, 'learning_rate': 3.5257410296411858e-06, 'epoch': 0.14}
{'loss': 1.6127, 'learning_rate': 3.541341653666147e-06, 'epoch': 0.14}
{'loss': 1.4601, 'learning_rate': 3.556942277691108e-06, 'epoch': 0.14}
{'loss': 1.6108, 'learning_rate': 3.572542901716069e-06, 'epoch': 0.14}
{'loss': 1.5615, 'learning_rate': 3.5881435257410304e-06, 'epoch': 0.14}
{'loss': 1.6159, 'learning_rate': 3.603744149765991e-06, 'epoch': 0.14}
{'loss': 1.5653, 'learning_rate': 3.619344773790952e-06, 'epoch': 0.14}
{'loss': 1.3924, 'learning_rate': 3.634945397815913e-06, 'epoch': 0.15}
{'loss': 1.6746, 'learning_rate': 3.6505460218408737e-06, 'epoch': 0.15}
{'loss': 1.6518, 'learning_rate': 3.666146645865835e-06, 'epoch': 0.15}
{'loss': 1.6892, 'learning_rate': 3.681747269890796e-06, 'epoch': 0.15}
{'loss': 1.4963, 'learning_rate': 3.697347893915757e-06, 'epoch': 0.15}
{'loss': 1.6345, 'learning_rate': 3.7129485179407184e-06, 'epoch': 0.15}
{'loss': 1.5273, 'learning_rate': 3.7285491419656788e-06, 'epoch': 0.15}
{'loss': 1.721, 'learning_rate': 3.74414976599064e-06, 'epoch': 0.15}
{'loss': 1.7116, 'learning_rate': 3.759750390015601e-06, 'epoch': 0.15}
{'loss': 1.4904, 'learning_rate': 3.7753510140405617e-06, 'epoch': 0.15}
{'loss': 1.6472, 'learning_rate': 3.790951638065523e-06, 'epoch': 0.15}
{'loss': 1.6116, 'learning_rate': 3.806552262090484e-06, 'epoch': 0.15}
{'loss': 1.644, 'learning_rate': 3.822152886115445e-06, 'epoch': 0.15}
{'loss': 1.5973, 'learning_rate': 3.837753510140406e-06, 'epoch': 0.15}
{'loss': 1.5165, 'learning_rate': 3.853354134165367e-06, 'epoch': 0.15}
{'loss': 1.5745, 'learning_rate': 3.8689547581903284e-06, 'epoch': 0.15}
{'loss': 1.5014, 'learning_rate': 3.884555382215289e-06, 'epoch': 0.16}
{'loss': 1.7172, 'learning_rate': 3.90015600624025e-06, 'epoch': 0.16}
{'loss': 1.4673, 'learning_rate': 3.915756630265211e-06, 'epoch': 0.16}
{'loss': 1.6692, 'learning_rate': 3.931357254290172e-06, 'epoch': 0.16}
{'loss': 1.6011, 'learning_rate': 3.946957878315133e-06, 'epoch': 0.16}
{'loss': 1.6949, 'learning_rate': 3.962558502340094e-06, 'epoch': 0.16}
{'loss': 1.6527, 'learning_rate': 3.978159126365055e-06, 'epoch': 0.16}
{'loss': 1.5527, 'learning_rate': 3.993759750390016e-06, 'epoch': 0.16}
{'loss': 1.7504, 'learning_rate': 4.009360374414976e-06, 'epoch': 0.16}
{'loss': 1.7072, 'learning_rate': 4.024960998439938e-06, 'epoch': 0.16}
{'loss': 1.5521, 'learning_rate': 4.040561622464899e-06, 'epoch': 0.16}
{'loss': 1.5593, 'learning_rate': 4.05616224648986e-06, 'epoch': 0.16}
{'loss': 1.4332, 'learning_rate': 4.071762870514821e-06, 'epoch': 0.16}
{'loss': 1.7261, 'learning_rate': 4.087363494539782e-06, 'epoch': 0.16}
{'loss': 1.5035, 'learning_rate': 4.102964118564743e-06, 'epoch': 0.16}
{'loss': 1.7294, 'learning_rate': 4.118564742589704e-06, 'epoch': 0.16}
{'loss': 1.5855, 'learning_rate': 4.134165366614665e-06, 'epoch': 0.17}
{'loss': 1.5147, 'learning_rate': 4.149765990639626e-06, 'epoch': 0.17}
{'loss': 1.6851, 'learning_rate': 4.165366614664587e-06, 'epoch': 0.17}
{'loss': 1.6014, 'learning_rate': 4.180967238689548e-06, 'epoch': 0.17}
{'loss': 1.5435, 'learning_rate': 4.196567862714509e-06, 'epoch': 0.17}
{'loss': 1.5447, 'learning_rate': 4.212168486739469e-06, 'epoch': 0.17}
{'loss': 1.5868, 'learning_rate': 4.227769110764431e-06, 'epoch': 0.17}
{'loss': 1.4012, 'learning_rate': 4.243369734789392e-06, 'epoch': 0.17}
{'loss': 1.6291, 'learning_rate': 4.258970358814352e-06, 'epoch': 0.17}
{'loss': 1.6386, 'learning_rate': 4.274570982839314e-06, 'epoch': 0.17}
{'loss': 1.6774, 'learning_rate': 4.290171606864275e-06, 'epoch': 0.17}
{'loss': 1.5194, 'learning_rate': 4.305772230889236e-06, 'epoch': 0.17}
{'loss': 1.6051, 'learning_rate': 4.321372854914197e-06, 'epoch': 0.17}
{'loss': 1.5205, 'learning_rate': 4.336973478939158e-06, 'epoch': 0.17}
{'loss': 1.5998, 'learning_rate': 4.352574102964119e-06, 'epoch': 0.17}
{'loss': 1.3695, 'learning_rate': 4.36817472698908e-06, 'epoch': 0.17}
{'loss': 1.5242, 'learning_rate': 4.383775351014041e-06, 'epoch': 0.18}
{'loss': 1.5611, 'learning_rate': 4.399375975039002e-06, 'epoch': 0.18}
{'loss': 1.5414, 'learning_rate': 4.414976599063963e-06, 'epoch': 0.18}
{'loss': 1.5286, 'learning_rate': 4.430577223088924e-06, 'epoch': 0.18}
{'loss': 1.5151, 'learning_rate': 4.446177847113885e-06, 'epoch': 0.18}
{'loss': 1.6147, 'learning_rate': 4.461778471138845e-06, 'epoch': 0.18}
{'loss': 1.4738, 'learning_rate': 4.477379095163807e-06, 'epoch': 0.18}
{'loss': 1.6519, 'learning_rate': 4.492979719188768e-06, 'epoch': 0.18}
{'loss': 1.5592, 'learning_rate': 4.508580343213729e-06, 'epoch': 0.18}
{'loss': 1.5074, 'learning_rate': 4.5241809672386896e-06, 'epoch': 0.18}
{'loss': 1.5741, 'learning_rate': 4.539781591263651e-06, 'epoch': 0.18}
{'loss': 1.5335, 'learning_rate': 4.555382215288612e-06, 'epoch': 0.18}
{'loss': 1.5322, 'learning_rate': 4.570982839313573e-06, 'epoch': 0.18}
{'loss': 1.5942, 'learning_rate': 4.586583463338534e-06, 'epoch': 0.18}
{'loss': 1.508, 'learning_rate': 4.602184087363495e-06, 'epoch': 0.18}
{'loss': 1.5873, 'learning_rate': 4.617784711388456e-06, 'epoch': 0.18}
{'loss': 1.6192, 'learning_rate': 4.633385335413417e-06, 'epoch': 0.19}
{'loss': 1.3014, 'learning_rate': 4.648985959438378e-06, 'epoch': 0.19}
{'loss': 1.4699, 'learning_rate': 4.664586583463339e-06, 'epoch': 0.19}
{'loss': 1.43, 'learning_rate': 4.6801872074883e-06, 'epoch': 0.19}
{'loss': 1.466, 'learning_rate': 4.695787831513261e-06, 'epoch': 0.19}
{'loss': 1.4038, 'learning_rate': 4.711388455538221e-06, 'epoch': 0.19}
{'loss': 1.4778, 'learning_rate': 4.7269890795631826e-06, 'epoch': 0.19}
{'loss': 1.6617, 'learning_rate': 4.742589703588144e-06, 'epoch': 0.19}
{'loss': 1.5933, 'learning_rate': 4.758190327613105e-06, 'epoch': 0.19}
{'loss': 1.5616, 'learning_rate': 4.773790951638066e-06, 'epoch': 0.19}
{'loss': 1.6006, 'learning_rate': 4.789391575663027e-06, 'epoch': 0.19}
{'loss': 1.5078, 'learning_rate': 4.804992199687988e-06, 'epoch': 0.19}
{'loss': 1.3526, 'learning_rate': 4.820592823712949e-06, 'epoch': 0.19}
{'loss': 1.561, 'learning_rate': 4.83619344773791e-06, 'epoch': 0.19}
{'loss': 1.6175, 'learning_rate': 4.851794071762871e-06, 'epoch': 0.19}
{'loss': 1.3468, 'learning_rate': 4.867394695787832e-06, 'epoch': 0.19}
{'loss': 1.3547, 'learning_rate': 4.882995319812793e-06, 'epoch': 0.2}
{'loss': 1.3952, 'learning_rate': 4.898595943837754e-06, 'epoch': 0.2}
{'loss': 1.5292, 'learning_rate': 4.914196567862715e-06, 'epoch': 0.2}
{'loss': 1.5163, 'learning_rate': 4.929797191887676e-06, 'epoch': 0.2}
{'loss': 1.3512, 'learning_rate': 4.945397815912637e-06, 'epoch': 0.2}
{'loss': 1.4947, 'learning_rate': 4.960998439937597e-06, 'epoch': 0.2}
{'loss': 1.3473, 'learning_rate': 4.9765990639625585e-06, 'epoch': 0.2}
{'loss': 1.4235, 'learning_rate': 4.99219968798752e-06, 'epoch': 0.2}
{'loss': 1.3834, 'learning_rate': 5.007800312012481e-06, 'epoch': 0.2}
{'loss': 1.3961, 'learning_rate': 5.0234009360374415e-06, 'epoch': 0.2}
{'loss': 1.4456, 'learning_rate': 5.0390015600624036e-06, 'epoch': 0.2}
{'loss': 1.4491, 'learning_rate': 5.054602184087364e-06, 'epoch': 0.2}
{'loss': 1.4751, 'learning_rate': 5.070202808112324e-06, 'epoch': 0.2}
{'loss': 1.4662, 'learning_rate': 5.0858034321372865e-06, 'epoch': 0.2}
{'loss': 1.4318, 'learning_rate': 5.101404056162247e-06, 'epoch': 0.2}
{'loss': 1.3643, 'learning_rate': 5.117004680187207e-06, 'epoch': 0.2}
{'loss': 1.3683, 'learning_rate': 5.1326053042121694e-06, 'epoch': 0.21}
{'loss': 1.3096, 'learning_rate': 5.14820592823713e-06, 'epoch': 0.21}
{'loss': 1.2239, 'learning_rate': 5.16380655226209e-06, 'epoch': 0.21}
{'loss': 1.44, 'learning_rate': 5.179407176287052e-06, 'epoch': 0.21}
{'loss': 1.4886, 'learning_rate': 5.195007800312013e-06, 'epoch': 0.21}
{'loss': 1.3061, 'learning_rate': 5.210608424336974e-06, 'epoch': 0.21}
{'loss': 1.4719, 'learning_rate': 5.226209048361935e-06, 'epoch': 0.21}
{'loss': 1.3605, 'learning_rate': 5.241809672386896e-06, 'epoch': 0.21}
{'loss': 1.6719, 'learning_rate': 5.257410296411857e-06, 'epoch': 0.21}
{'loss': 1.2644, 'learning_rate': 5.273010920436817e-06, 'epoch': 0.21}
{'loss': 1.256, 'learning_rate': 5.2886115444617795e-06, 'epoch': 0.21}
{'loss': 1.3612, 'learning_rate': 5.30421216848674e-06, 'epoch': 0.21}
{'loss': 1.4767, 'learning_rate': 5.3198127925117e-06, 'epoch': 0.21}
{'loss': 1.4001, 'learning_rate': 5.3354134165366624e-06, 'epoch': 0.21}
{'loss': 1.4125, 'learning_rate': 5.351014040561623e-06, 'epoch': 0.21}
{'loss': 1.4569, 'learning_rate': 5.366614664586583e-06, 'epoch': 0.21}
{'loss': 1.3697, 'learning_rate': 5.382215288611545e-06, 'epoch': 0.22}
{'loss': 1.3019, 'learning_rate': 5.397815912636506e-06, 'epoch': 0.22}
{'loss': 1.5108, 'learning_rate': 5.413416536661466e-06, 'epoch': 0.22}
{'loss': 1.3342, 'learning_rate': 5.429017160686428e-06, 'epoch': 0.22}
{'loss': 1.2839, 'learning_rate': 5.444617784711389e-06, 'epoch': 0.22}
{'loss': 1.3948, 'learning_rate': 5.46021840873635e-06, 'epoch': 0.22}
{'loss': 1.5012, 'learning_rate': 5.475819032761311e-06, 'epoch': 0.22}
{'loss': 1.1455, 'learning_rate': 5.491419656786272e-06, 'epoch': 0.22}
{'loss': 1.3888, 'learning_rate': 5.507020280811233e-06, 'epoch': 0.22}
{'loss': 1.4274, 'learning_rate': 5.522620904836193e-06, 'epoch': 0.22}
{'loss': 1.3982, 'learning_rate': 5.5382215288611555e-06, 'epoch': 0.22}
{'loss': 1.3215, 'learning_rate': 5.553822152886116e-06, 'epoch': 0.22}
{'loss': 1.3191, 'learning_rate': 5.569422776911076e-06, 'epoch': 0.22}
{'loss': 1.4831, 'learning_rate': 5.585023400936038e-06, 'epoch': 0.22}
{'loss': 1.4678, 'learning_rate': 5.600624024960999e-06, 'epoch': 0.22}
{'loss': 1.4811, 'learning_rate': 5.616224648985959e-06, 'epoch': 0.22}
{'loss': 1.534, 'learning_rate': 5.631825273010921e-06, 'epoch': 0.23}
{'loss': 1.3023, 'learning_rate': 5.647425897035882e-06, 'epoch': 0.23}
{'loss': 1.198, 'learning_rate': 5.663026521060843e-06, 'epoch': 0.23}
{'loss': 1.2045, 'learning_rate': 5.678627145085804e-06, 'epoch': 0.23}
{'loss': 1.1902, 'learning_rate': 5.694227769110765e-06, 'epoch': 0.23}
{'loss': 1.4838, 'learning_rate': 5.709828393135726e-06, 'epoch': 0.23}
{'loss': 1.2506, 'learning_rate': 5.725429017160687e-06, 'epoch': 0.23}
{'loss': 1.1133, 'learning_rate': 5.7410296411856485e-06, 'epoch': 0.23}
{'loss': 1.2541, 'learning_rate': 5.756630265210609e-06, 'epoch': 0.23}
{'loss': 1.4035, 'learning_rate': 5.772230889235569e-06, 'epoch': 0.23}
{'loss': 1.327, 'learning_rate': 5.787831513260531e-06, 'epoch': 0.23}
{'loss': 1.1772, 'learning_rate': 5.803432137285492e-06, 'epoch': 0.23}
{'loss': 1.2473, 'learning_rate': 5.819032761310452e-06, 'epoch': 0.23}
{'loss': 1.1732, 'learning_rate': 5.834633385335414e-06, 'epoch': 0.23}
{'loss': 1.1754, 'learning_rate': 5.850234009360375e-06, 'epoch': 0.23}
{'loss': 1.1086, 'learning_rate': 5.865834633385335e-06, 'epoch': 0.23}
{'loss': 1.1398, 'learning_rate': 5.881435257410297e-06, 'epoch': 0.24}
{'loss': 1.0909, 'learning_rate': 5.897035881435258e-06, 'epoch': 0.24}
{'loss': 1.3064, 'learning_rate': 5.912636505460219e-06, 'epoch': 0.24}
{'loss': 1.1294, 'learning_rate': 5.92823712948518e-06, 'epoch': 0.24}
{'loss': 1.0643, 'learning_rate': 5.943837753510141e-06, 'epoch': 0.24}
{'loss': 1.0427, 'learning_rate': 5.959438377535102e-06, 'epoch': 0.24}
{'loss': 1.2132, 'learning_rate': 5.975039001560063e-06, 'epoch': 0.24}
{'loss': 1.1688, 'learning_rate': 5.990639625585024e-06, 'epoch': 0.24}
{'loss': 1.1548, 'learning_rate': 6.006240249609985e-06, 'epoch': 0.24}
{'loss': 1.0448, 'learning_rate': 6.021840873634945e-06, 'epoch': 0.24}
{'loss': 1.3146, 'learning_rate': 6.037441497659907e-06, 'epoch': 0.24}
{'loss': 1.2034, 'learning_rate': 6.053042121684868e-06, 'epoch': 0.24}
{'loss': 1.335, 'learning_rate': 6.068642745709828e-06, 'epoch': 0.24}
{'loss': 1.118, 'learning_rate': 6.08424336973479e-06, 'epoch': 0.24}
{'loss': 1.0605, 'learning_rate': 6.099843993759751e-06, 'epoch': 0.24}
{'loss': 1.1098, 'learning_rate': 6.115444617784712e-06, 'epoch': 0.24}
{'loss': 1.0353, 'learning_rate': 6.131045241809673e-06, 'epoch': 0.25}
{'loss': 1.2503, 'learning_rate': 6.146645865834634e-06, 'epoch': 0.25}
{'loss': 1.0002, 'learning_rate': 6.162246489859595e-06, 'epoch': 0.25}
{'loss': 1.1072, 'learning_rate': 6.177847113884556e-06, 'epoch': 0.25}
{'loss': 1.1592, 'learning_rate': 6.193447737909517e-06, 'epoch': 0.25}
{'loss': 1.0595, 'learning_rate': 6.209048361934478e-06, 'epoch': 0.25}
{'loss': 1.159, 'learning_rate': 6.224648985959438e-06, 'epoch': 0.25}
{'loss': 1.1218, 'learning_rate': 6.2402496099844e-06, 'epoch': 0.25}
{'loss': 1.1352, 'learning_rate': 6.255850234009361e-06, 'epoch': 0.25}
{'loss': 0.9929, 'learning_rate': 6.271450858034321e-06, 'epoch': 0.25}
{'loss': 0.9452, 'learning_rate': 6.287051482059283e-06, 'epoch': 0.25}
{'loss': 1.0914, 'learning_rate': 6.302652106084244e-06, 'epoch': 0.25}
{'loss': 1.2147, 'learning_rate': 6.318252730109204e-06, 'epoch': 0.25}
{'loss': 1.0783, 'learning_rate': 6.333853354134166e-06, 'epoch': 0.25}
{'loss': 0.9507, 'learning_rate': 6.349453978159127e-06, 'epoch': 0.25}
{'loss': 0.9466, 'learning_rate': 6.365054602184088e-06, 'epoch': 0.25}
{'loss': 1.0675, 'learning_rate': 6.380655226209049e-06, 'epoch': 0.26}
{'loss': 0.9136, 'learning_rate': 6.39625585023401e-06, 'epoch': 0.26}
{'loss': 1.0564, 'learning_rate': 6.411856474258971e-06, 'epoch': 0.26}
{'loss': 1.1076, 'learning_rate': 6.427457098283932e-06, 'epoch': 0.26}
{'loss': 0.9859, 'learning_rate': 6.443057722308893e-06, 'epoch': 0.26}
{'loss': 1.0378, 'learning_rate': 6.458658346333854e-06, 'epoch': 0.26}
{'loss': 0.8841, 'learning_rate': 6.474258970358814e-06, 'epoch': 0.26}
{'loss': 0.9321, 'learning_rate': 6.489859594383776e-06, 'epoch': 0.26}
{'loss': 0.9276, 'learning_rate': 6.505460218408737e-06, 'epoch': 0.26}
{'loss': 1.0575, 'learning_rate': 6.521060842433697e-06, 'epoch': 0.26}
{'loss': 1.0913, 'learning_rate': 6.536661466458659e-06, 'epoch': 0.26}
{'loss': 0.8325, 'learning_rate': 6.55226209048362e-06, 'epoch': 0.26}
{'loss': 1.0815, 'learning_rate': 6.56786271450858e-06, 'epoch': 0.26}
{'loss': 1.0053, 'learning_rate': 6.583463338533542e-06, 'epoch': 0.26}
{'loss': 1.148, 'learning_rate': 6.599063962558503e-06, 'epoch': 0.26}
{'loss': 0.9403, 'learning_rate': 6.614664586583464e-06, 'epoch': 0.26}
{'loss': 0.8346, 'learning_rate': 6.630265210608425e-06, 'epoch': 0.27}
{'loss': 0.8847, 'learning_rate': 6.645865834633386e-06, 'epoch': 0.27}
{'loss': 1.0664, 'learning_rate': 6.661466458658347e-06, 'epoch': 0.27}
{'loss': 1.1517, 'learning_rate': 6.677067082683308e-06, 'epoch': 0.27}
{'loss': 0.9132, 'learning_rate': 6.692667706708269e-06, 'epoch': 0.27}
{'loss': 0.8086, 'learning_rate': 6.70826833073323e-06, 'epoch': 0.27}
{'loss': 1.0019, 'learning_rate': 6.72386895475819e-06, 'epoch': 0.27}
{'loss': 1.0196, 'learning_rate': 6.739469578783152e-06, 'epoch': 0.27}
{'loss': 0.8419, 'learning_rate': 6.755070202808113e-06, 'epoch': 0.27}
{'loss': 0.8055, 'learning_rate': 6.770670826833073e-06, 'epoch': 0.27}
{'loss': 0.9093, 'learning_rate': 6.786271450858035e-06, 'epoch': 0.27}
{'loss': 0.9112, 'learning_rate': 6.801872074882996e-06, 'epoch': 0.27}
{'loss': 1.0097, 'learning_rate': 6.817472698907957e-06, 'epoch': 0.27}
{'loss': 1.0819, 'learning_rate': 6.833073322932918e-06, 'epoch': 0.27}
{'loss': 0.8062, 'learning_rate': 6.8486739469578785e-06, 'epoch': 0.27}
{'loss': 0.8641, 'learning_rate': 6.86427457098284e-06, 'epoch': 0.27}
{'loss': 0.998, 'learning_rate': 6.879875195007801e-06, 'epoch': 0.28}
{'loss': 0.9149, 'learning_rate': 6.895475819032762e-06, 'epoch': 0.28}
{'loss': 0.7939, 'learning_rate': 6.911076443057723e-06, 'epoch': 0.28}
{'loss': 0.9622, 'learning_rate': 6.926677067082684e-06, 'epoch': 0.28}
{'loss': 0.8319, 'learning_rate': 6.942277691107645e-06, 'epoch': 0.28}
{'loss': 0.8105, 'learning_rate': 6.957878315132606e-06, 'epoch': 0.28}
{'loss': 0.8313, 'learning_rate': 6.973478939157566e-06, 'epoch': 0.28}
{'loss': 0.9253, 'learning_rate': 6.989079563182528e-06, 'epoch': 0.28}
{'loss': 0.7948, 'learning_rate': 7.004680187207489e-06, 'epoch': 0.28}
{'loss': 0.8568, 'learning_rate': 7.020280811232449e-06, 'epoch': 0.28}
{'loss': 0.7703, 'learning_rate': 7.035881435257411e-06, 'epoch': 0.28}
{'loss': 0.8091, 'learning_rate': 7.0514820592823715e-06, 'epoch': 0.28}
{'loss': 0.9044, 'learning_rate': 7.067082683307333e-06, 'epoch': 0.28}
{'loss': 0.894, 'learning_rate': 7.082683307332294e-06, 'epoch': 0.28}
{'loss': 0.7985, 'learning_rate': 7.0982839313572545e-06, 'epoch': 0.28}
{'loss': 0.9526, 'learning_rate': 7.113884555382216e-06, 'epoch': 0.28}
{'loss': 0.8926, 'learning_rate': 7.129485179407177e-06, 'epoch': 0.29}
{'loss': 0.8921, 'learning_rate': 7.145085803432138e-06, 'epoch': 0.29}
{'loss': 0.8174, 'learning_rate': 7.160686427457099e-06, 'epoch': 0.29}
{'loss': 0.7623, 'learning_rate': 7.176287051482061e-06, 'epoch': 0.29}
{'loss': 0.8357, 'learning_rate': 7.191887675507021e-06, 'epoch': 0.29}
{'loss': 0.9373, 'learning_rate': 7.207488299531982e-06, 'epoch': 0.29}
{'loss': 0.8363, 'learning_rate': 7.223088923556942e-06, 'epoch': 0.29}
{'loss': 0.8323, 'learning_rate': 7.238689547581904e-06, 'epoch': 0.29}
{'loss': 0.765, 'learning_rate': 7.2542901716068646e-06, 'epoch': 0.29}
{'loss': 0.813, 'learning_rate': 7.269890795631826e-06, 'epoch': 0.29}
{'loss': 0.7695, 'learning_rate': 7.285491419656787e-06, 'epoch': 0.29}
{'loss': 0.8635, 'learning_rate': 7.3010920436817475e-06, 'epoch': 0.29}
{'loss': 0.7209, 'learning_rate': 7.316692667706709e-06, 'epoch': 0.29}
{'loss': 0.8396, 'learning_rate': 7.33229329173167e-06, 'epoch': 0.29}
{'loss': 0.8188, 'learning_rate': 7.347893915756631e-06, 'epoch': 0.29}
{'loss': 0.8197, 'learning_rate': 7.363494539781592e-06, 'epoch': 0.29}
{'loss': 0.6919, 'learning_rate': 7.379095163806553e-06, 'epoch': 0.3}
{'loss': 0.8525, 'learning_rate': 7.394695787831514e-06, 'epoch': 0.3}
{'loss': 0.7733, 'learning_rate': 7.410296411856475e-06, 'epoch': 0.3}
{'loss': 0.678, 'learning_rate': 7.425897035881437e-06, 'epoch': 0.3}
{'loss': 0.7748, 'learning_rate': 7.441497659906397e-06, 'epoch': 0.3}
{'loss': 0.7489, 'learning_rate': 7.4570982839313576e-06, 'epoch': 0.3}
{'loss': 0.8224, 'learning_rate': 7.472698907956318e-06, 'epoch': 0.3}
{'loss': 0.6861, 'learning_rate': 7.48829953198128e-06, 'epoch': 0.3}
{'loss': 0.7392, 'learning_rate': 7.5039001560062405e-06, 'epoch': 0.3}
{'loss': 0.784, 'learning_rate': 7.519500780031202e-06, 'epoch': 0.3}
{'loss': 0.7856, 'learning_rate': 7.535101404056163e-06, 'epoch': 0.3}
{'loss': 0.81, 'learning_rate': 7.5507020280811234e-06, 'epoch': 0.3}
{'loss': 0.7154, 'learning_rate': 7.566302652106085e-06, 'epoch': 0.3}
{'loss': 0.7498, 'learning_rate': 7.581903276131046e-06, 'epoch': 0.3}
{'loss': 0.6924, 'learning_rate': 7.597503900156007e-06, 'epoch': 0.3}
{'loss': 0.6915, 'learning_rate': 7.613104524180968e-06, 'epoch': 0.3}
{'loss': 0.765, 'learning_rate': 7.62870514820593e-06, 'epoch': 0.31}
{'loss': 0.6395, 'learning_rate': 7.64430577223089e-06, 'epoch': 0.31}
{'loss': 0.8565, 'learning_rate': 7.65990639625585e-06, 'epoch': 0.31}
{'loss': 0.69, 'learning_rate': 7.675507020280812e-06, 'epoch': 0.31}
{'loss': 0.8111, 'learning_rate': 7.691107644305773e-06, 'epoch': 0.31}
{'loss': 0.6538, 'learning_rate': 7.706708268330734e-06, 'epoch': 0.31}
{'loss': 0.7473, 'learning_rate': 7.722308892355694e-06, 'epoch': 0.31}
{'loss': 0.6537, 'learning_rate': 7.737909516380657e-06, 'epoch': 0.31}
{'loss': 0.8177, 'learning_rate': 7.753510140405616e-06, 'epoch': 0.31}
{'loss': 0.6271, 'learning_rate': 7.769110764430578e-06, 'epoch': 0.31}
{'loss': 0.7413, 'learning_rate': 7.784711388455539e-06, 'epoch': 0.31}
{'loss': 0.7765, 'learning_rate': 7.8003120124805e-06, 'epoch': 0.31}
{'loss': 0.6681, 'learning_rate': 7.81591263650546e-06, 'epoch': 0.31}
{'loss': 0.6512, 'learning_rate': 7.831513260530423e-06, 'epoch': 0.31}
{'loss': 0.7668, 'learning_rate': 7.847113884555382e-06, 'epoch': 0.31}
{'loss': 0.7153, 'learning_rate': 7.862714508580344e-06, 'epoch': 0.31}
{'loss': 0.7291, 'learning_rate': 7.878315132605305e-06, 'epoch': 0.32}
{'loss': 0.69, 'learning_rate': 7.893915756630266e-06, 'epoch': 0.32}
{'loss': 0.6193, 'learning_rate': 7.909516380655227e-06, 'epoch': 0.32}
{'loss': 0.8118, 'learning_rate': 7.925117004680189e-06, 'epoch': 0.32}
{'loss': 0.6865, 'learning_rate': 7.94071762870515e-06, 'epoch': 0.32}
{'loss': 0.6231, 'learning_rate': 7.95631825273011e-06, 'epoch': 0.32}
{'loss': 0.6587, 'learning_rate': 7.97191887675507e-06, 'epoch': 0.32}
{'loss': 0.6713, 'learning_rate': 7.987519500780032e-06, 'epoch': 0.32}
{'loss': 0.6029, 'learning_rate': 8.003120124804993e-06, 'epoch': 0.32}
{'loss': 0.7423, 'learning_rate': 8.018720748829953e-06, 'epoch': 0.32}
{'loss': 0.5954, 'learning_rate': 8.034321372854916e-06, 'epoch': 0.32}
{'loss': 0.7162, 'learning_rate': 8.049921996879875e-06, 'epoch': 0.32}
{'loss': 0.683, 'learning_rate': 8.065522620904837e-06, 'epoch': 0.32}
{'loss': 0.6251, 'learning_rate': 8.081123244929798e-06, 'epoch': 0.32}
{'loss': 0.6577, 'learning_rate': 8.096723868954759e-06, 'epoch': 0.32}
{'loss': 0.6031, 'learning_rate': 8.11232449297972e-06, 'epoch': 0.32}
{'loss': 0.6572, 'learning_rate': 8.127925117004682e-06, 'epoch': 0.33}
{'loss': 0.6556, 'learning_rate': 8.143525741029641e-06, 'epoch': 0.33}
{'loss': 0.6698, 'learning_rate': 8.159126365054602e-06, 'epoch': 0.33}
{'loss': 0.5543, 'learning_rate': 8.174726989079564e-06, 'epoch': 0.33}
{'loss': 0.7106, 'learning_rate': 8.190327613104525e-06, 'epoch': 0.33}
{'loss': 0.6745, 'learning_rate': 8.205928237129486e-06, 'epoch': 0.33}
{'loss': 0.6352, 'learning_rate': 8.221528861154446e-06, 'epoch': 0.33}
{'loss': 0.74, 'learning_rate': 8.237129485179409e-06, 'epoch': 0.33}
{'loss': 0.6123, 'learning_rate': 8.252730109204368e-06, 'epoch': 0.33}
{'loss': 0.6949, 'learning_rate': 8.26833073322933e-06, 'epoch': 0.33}
{'loss': 0.6509, 'learning_rate': 8.283931357254291e-06, 'epoch': 0.33}
{'loss': 0.6672, 'learning_rate': 8.299531981279252e-06, 'epoch': 0.33}
{'loss': 0.5835, 'learning_rate': 8.315132605304212e-06, 'epoch': 0.33}
{'loss': 0.6857, 'learning_rate': 8.330733229329175e-06, 'epoch': 0.33}
{'loss': 0.6769, 'learning_rate': 8.346333853354134e-06, 'epoch': 0.33}
{'loss': 0.6941, 'learning_rate': 8.361934477379095e-06, 'epoch': 0.33}
{'loss': 0.6799, 'learning_rate': 8.377535101404057e-06, 'epoch': 0.34}
{'loss': 0.6604, 'learning_rate': 8.393135725429018e-06, 'epoch': 0.34}
{'loss': 0.5637, 'learning_rate': 8.40873634945398e-06, 'epoch': 0.34}
{'loss': 0.7082, 'learning_rate': 8.424336973478939e-06, 'epoch': 0.34}
{'loss': 0.6745, 'learning_rate': 8.439937597503902e-06, 'epoch': 0.34}
{'loss': 0.5346, 'learning_rate': 8.455538221528861e-06, 'epoch': 0.34}
{'loss': 0.6481, 'learning_rate': 8.471138845553823e-06, 'epoch': 0.34}
{'loss': 0.6295, 'learning_rate': 8.486739469578784e-06, 'epoch': 0.34}
{'loss': 0.6455, 'learning_rate': 8.502340093603745e-06, 'epoch': 0.34}
{'loss': 0.7225, 'learning_rate': 8.517940717628705e-06, 'epoch': 0.34}
{'loss': 0.5761, 'learning_rate': 8.533541341653668e-06, 'epoch': 0.34}
{'loss': 0.638, 'learning_rate': 8.549141965678627e-06, 'epoch': 0.34}
{'loss': 0.7188, 'learning_rate': 8.564742589703588e-06, 'epoch': 0.34}
{'loss': 0.6704, 'learning_rate': 8.58034321372855e-06, 'epoch': 0.34}
{'loss': 0.7416, 'learning_rate': 8.595943837753511e-06, 'epoch': 0.34}
{'loss': 0.6815, 'learning_rate': 8.611544461778472e-06, 'epoch': 0.34}
{'loss': 0.6299, 'learning_rate': 8.627145085803434e-06, 'epoch': 0.35}
{'loss': 0.6486, 'learning_rate': 8.642745709828395e-06, 'epoch': 0.35}
{'loss': 0.7237, 'learning_rate': 8.658346333853354e-06, 'epoch': 0.35}
{'loss': 0.7334, 'learning_rate': 8.673946957878316e-06, 'epoch': 0.35}
{'loss': 0.6765, 'learning_rate': 8.689547581903277e-06, 'epoch': 0.35}
{'loss': 0.6476, 'learning_rate': 8.705148205928238e-06, 'epoch': 0.35}
{'loss': 0.5943, 'learning_rate': 8.720748829953198e-06, 'epoch': 0.35}
{'loss': 0.7304, 'learning_rate': 8.73634945397816e-06, 'epoch': 0.35}
{'loss': 0.6088, 'learning_rate': 8.75195007800312e-06, 'epoch': 0.35}
{'loss': 0.5662, 'learning_rate': 8.767550702028081e-06, 'epoch': 0.35}
{'loss': 0.634, 'learning_rate': 8.783151326053043e-06, 'epoch': 0.35}
{'loss': 0.672, 'learning_rate': 8.798751950078004e-06, 'epoch': 0.35}
{'loss': 0.6799, 'learning_rate': 8.814352574102965e-06, 'epoch': 0.35}
{'loss': 0.6758, 'learning_rate': 8.829953198127927e-06, 'epoch': 0.35}
{'loss': 0.6249, 'learning_rate': 8.845553822152886e-06, 'epoch': 0.35}
{'loss': 0.5568, 'learning_rate': 8.861154446177847e-06, 'epoch': 0.35}
{'loss': 0.5938, 'learning_rate': 8.876755070202809e-06, 'epoch': 0.36}
{'loss': 0.7392, 'learning_rate': 8.89235569422777e-06, 'epoch': 0.36}
{'loss': 0.6749, 'learning_rate': 8.907956318252731e-06, 'epoch': 0.36}
{'loss': 0.636, 'learning_rate': 8.92355694227769e-06, 'epoch': 0.36}
{'loss': 0.6028, 'learning_rate': 8.939157566302654e-06, 'epoch': 0.36}
{'loss': 0.6856, 'learning_rate': 8.954758190327613e-06, 'epoch': 0.36}
{'loss': 0.5862, 'learning_rate': 8.970358814352575e-06, 'epoch': 0.36}
{'loss': 0.6547, 'learning_rate': 8.985959438377536e-06, 'epoch': 0.36}
{'loss': 0.6879, 'learning_rate': 9.001560062402497e-06, 'epoch': 0.36}
{'loss': 0.5924, 'learning_rate': 9.017160686427458e-06, 'epoch': 0.36}
{'loss': 0.6777, 'learning_rate': 9.03276131045242e-06, 'epoch': 0.36}
{'loss': 0.6388, 'learning_rate': 9.048361934477379e-06, 'epoch': 0.36}
{'loss': 0.6607, 'learning_rate': 9.06396255850234e-06, 'epoch': 0.36}
{'loss': 0.7313, 'learning_rate': 9.079563182527302e-06, 'epoch': 0.36}
{'loss': 0.6554, 'learning_rate': 9.095163806552263e-06, 'epoch': 0.36}
{'loss': 0.6486, 'learning_rate': 9.110764430577224e-06, 'epoch': 0.36}
{'loss': 0.6846, 'learning_rate': 9.126365054602185e-06, 'epoch': 0.37}
{'loss': 0.6489, 'learning_rate': 9.141965678627147e-06, 'epoch': 0.37}
{'loss': 0.6177, 'learning_rate': 9.157566302652106e-06, 'epoch': 0.37}
{'loss': 0.6395, 'learning_rate': 9.173166926677068e-06, 'epoch': 0.37}
{'loss': 0.6144, 'learning_rate': 9.188767550702029e-06, 'epoch': 0.37}
{'loss': 0.5659, 'learning_rate': 9.20436817472699e-06, 'epoch': 0.37}
{'loss': 0.5646, 'learning_rate': 9.21996879875195e-06, 'epoch': 0.37}
{'loss': 0.6224, 'learning_rate': 9.235569422776913e-06, 'epoch': 0.37}
{'loss': 0.5474, 'learning_rate': 9.251170046801872e-06, 'epoch': 0.37}
{'loss': 0.6419, 'learning_rate': 9.266770670826833e-06, 'epoch': 0.37}
{'loss': 0.6692, 'learning_rate': 9.282371294851795e-06, 'epoch': 0.37}
{'loss': 0.5309, 'learning_rate': 9.297971918876756e-06, 'epoch': 0.37}
{'loss': 0.6842, 'learning_rate': 9.313572542901717e-06, 'epoch': 0.37}
{'loss': 0.5657, 'learning_rate': 9.329173166926678e-06, 'epoch': 0.37}
{'loss': 0.7147, 'learning_rate': 9.34477379095164e-06, 'epoch': 0.37}
{'loss': 0.6652, 'learning_rate': 9.3603744149766e-06, 'epoch': 0.37}
{'loss': 0.6246, 'learning_rate': 9.37597503900156e-06, 'epoch': 0.38}
{'loss': 0.5973, 'learning_rate': 9.391575663026522e-06, 'epoch': 0.38}
{'loss': 0.6082, 'learning_rate': 9.407176287051483e-06, 'epoch': 0.38}
{'loss': 0.6192, 'learning_rate': 9.422776911076443e-06, 'epoch': 0.38}
{'loss': 0.63, 'learning_rate': 9.438377535101406e-06, 'epoch': 0.38}
{'loss': 0.5349, 'learning_rate': 9.453978159126365e-06, 'epoch': 0.38}
{'loss': 0.6013, 'learning_rate': 9.469578783151326e-06, 'epoch': 0.38}
{'loss': 0.589, 'learning_rate': 9.485179407176288e-06, 'epoch': 0.38}
{'loss': 0.6654, 'learning_rate': 9.500780031201249e-06, 'epoch': 0.38}
{'loss': 0.6314, 'learning_rate': 9.51638065522621e-06, 'epoch': 0.38}
{'loss': 0.6498, 'learning_rate': 9.531981279251171e-06, 'epoch': 0.38}
{'loss': 0.6549, 'learning_rate': 9.547581903276133e-06, 'epoch': 0.38}
{'loss': 0.6438, 'learning_rate': 9.563182527301092e-06, 'epoch': 0.38}
{'loss': 0.5797, 'learning_rate': 9.578783151326054e-06, 'epoch': 0.38}
{'loss': 0.7383, 'learning_rate': 9.594383775351015e-06, 'epoch': 0.38}
{'loss': 0.5384, 'learning_rate': 9.609984399375976e-06, 'epoch': 0.38}
{'loss': 0.539, 'learning_rate': 9.625585023400937e-06, 'epoch': 0.39}
{'loss': 0.6018, 'learning_rate': 9.641185647425899e-06, 'epoch': 0.39}
{'loss': 0.5652, 'learning_rate': 9.656786271450858e-06, 'epoch': 0.39}
{'loss': 0.6202, 'learning_rate': 9.67238689547582e-06, 'epoch': 0.39}
{'loss': 0.7249, 'learning_rate': 9.68798751950078e-06, 'epoch': 0.39}
{'loss': 0.5617, 'learning_rate': 9.703588143525742e-06, 'epoch': 0.39}
{'loss': 0.5986, 'learning_rate': 9.719188767550703e-06, 'epoch': 0.39}
{'loss': 0.6465, 'learning_rate': 9.734789391575664e-06, 'epoch': 0.39}
{'loss': 0.6094, 'learning_rate': 9.750390015600624e-06, 'epoch': 0.39}
{'loss': 0.5653, 'learning_rate': 9.765990639625585e-06, 'epoch': 0.39}
{'loss': 0.7031, 'learning_rate': 9.781591263650547e-06, 'epoch': 0.39}
{'loss': 0.618, 'learning_rate': 9.797191887675508e-06, 'epoch': 0.39}
{'loss': 0.5883, 'learning_rate': 9.812792511700469e-06, 'epoch': 0.39}
{'loss': 0.5989, 'learning_rate': 9.82839313572543e-06, 'epoch': 0.39}
{'loss': 0.5437, 'learning_rate': 9.843993759750392e-06, 'epoch': 0.39}
{'loss': 0.5892, 'learning_rate': 9.859594383775351e-06, 'epoch': 0.39}
{'loss': 0.7014, 'learning_rate': 9.875195007800314e-06, 'epoch': 0.4}
{'loss': 0.5659, 'learning_rate': 9.890795631825274e-06, 'epoch': 0.4}
{'loss': 0.5526, 'learning_rate': 9.906396255850235e-06, 'epoch': 0.4}
{'loss': 0.6243, 'learning_rate': 9.921996879875195e-06, 'epoch': 0.4}
{'loss': 0.6048, 'learning_rate': 9.937597503900157e-06, 'epoch': 0.4}
{'loss': 0.6165, 'learning_rate': 9.953198127925117e-06, 'epoch': 0.4}
{'loss': 0.6144, 'learning_rate': 9.968798751950078e-06, 'epoch': 0.4}
{'loss': 0.6486, 'learning_rate': 9.98439937597504e-06, 'epoch': 0.4}
{'loss': 0.5613, 'learning_rate': 1e-05, 'epoch': 0.4}
{'loss': 0.6918, 'learning_rate': 9.999996240921036e-06, 'epoch': 0.4}
{'loss': 0.6, 'learning_rate': 9.999984963689793e-06, 'epoch': 0.4}
{'loss': 0.634, 'learning_rate': 9.999966168323227e-06, 'epoch': 0.4}
{'loss': 0.6668, 'learning_rate': 9.999939854849603e-06, 'epoch': 0.4}
{'loss': 0.5977, 'learning_rate': 9.999906023308485e-06, 'epoch': 0.4}
{'loss': 0.6005, 'learning_rate': 9.999864673750742e-06, 'epoch': 0.4}
{'loss': 0.6819, 'learning_rate': 9.999815806238551e-06, 'epoch': 0.4}
{'loss': 0.5632, 'learning_rate': 9.999759420845387e-06, 'epoch': 0.41}
{'loss': 0.6424, 'learning_rate': 9.999695517656035e-06, 'epoch': 0.41}
{'loss': 0.6745, 'learning_rate': 9.999624096766584e-06, 'epoch': 0.41}
{'loss': 0.6164, 'learning_rate': 9.999545158284423e-06, 'epoch': 0.41}
{'loss': 0.6251, 'learning_rate': 9.999458702328244e-06, 'epoch': 0.41}
{'loss': 0.5872, 'learning_rate': 9.999364729028048e-06, 'epoch': 0.41}
{'loss': 0.6124, 'learning_rate': 9.999263238525135e-06, 'epoch': 0.41}
{'loss': 0.6741, 'learning_rate': 9.99915423097211e-06, 'epoch': 0.41}
{'loss': 0.597, 'learning_rate': 9.99903770653288e-06, 'epoch': 0.41}
{'loss': 0.6585, 'learning_rate': 9.998913665382653e-06, 'epoch': 0.41}
{'loss': 0.6324, 'learning_rate': 9.998782107707943e-06, 'epoch': 0.41}
{'loss': 0.684, 'learning_rate': 9.998643033706565e-06, 'epoch': 0.41}
{'loss': 0.6031, 'learning_rate': 9.998496443587632e-06, 'epoch': 0.41}
{'loss': 0.6669, 'learning_rate': 9.998342337571566e-06, 'epoch': 0.41}
{'loss': 0.5644, 'learning_rate': 9.998180715890082e-06, 'epoch': 0.41}
{'loss': 0.592, 'learning_rate': 9.998011578786202e-06, 'epoch': 0.41}
{'loss': 0.555, 'learning_rate': 9.997834926514242e-06, 'epoch': 0.42}
{'loss': 0.7082, 'learning_rate': 9.997650759339827e-06, 'epoch': 0.42}
{'loss': 0.5948, 'learning_rate': 9.997459077539874e-06, 'epoch': 0.42}
{'loss': 0.5215, 'learning_rate': 9.997259881402601e-06, 'epoch': 0.42}
{'loss': 0.5358, 'learning_rate': 9.997053171227527e-06, 'epoch': 0.42}
{'loss': 0.5891, 'learning_rate': 9.996838947325468e-06, 'epoch': 0.42}
{'loss': 0.6104, 'learning_rate': 9.996617210018536e-06, 'epoch': 0.42}
{'loss': 0.5997, 'learning_rate': 9.996387959640144e-06, 'epoch': 0.42}
{'loss': 0.6379, 'learning_rate': 9.996151196535e-06, 'epoch': 0.42}
{'loss': 0.642, 'learning_rate': 9.995906921059109e-06, 'epoch': 0.42}
{'loss': 0.5387, 'learning_rate': 9.995655133579769e-06, 'epoch': 0.42}
{'loss': 0.6113, 'learning_rate': 9.995395834475578e-06, 'epoch': 0.42}
{'loss': 0.5582, 'learning_rate': 9.995129024136425e-06, 'epoch': 0.42}
{'loss': 0.575, 'learning_rate': 9.994854702963494e-06, 'epoch': 0.42}
{'loss': 0.5668, 'learning_rate': 9.994572871369265e-06, 'epoch': 0.42}
{'loss': 0.5736, 'learning_rate': 9.994283529777506e-06, 'epoch': 0.42}
{'loss': 0.6571, 'learning_rate': 9.993986678623285e-06, 'epoch': 0.43}
{'loss': 0.6631, 'learning_rate': 9.99368231835295e-06, 'epoch': 0.43}
{'loss': 0.6161, 'learning_rate': 9.993370449424153e-06, 'epoch': 0.43}
{'loss': 0.5695, 'learning_rate': 9.993051072305826e-06, 'epoch': 0.43}
{'loss': 0.6226, 'learning_rate': 9.992724187478197e-06, 'epoch': 0.43}
{'loss': 0.5491, 'learning_rate': 9.992389795432779e-06, 'epoch': 0.43}
{'loss': 0.5262, 'learning_rate': 9.992047896672375e-06, 'epoch': 0.43}
{'loss': 0.7384, 'learning_rate': 9.991698491711073e-06, 'epoch': 0.43}
{'loss': 0.6164, 'learning_rate': 9.99134158107425e-06, 'epoch': 0.43}
{'loss': 0.539, 'learning_rate': 9.990977165298571e-06, 'epoch': 0.43}
{'loss': 0.6276, 'learning_rate': 9.99060524493198e-06, 'epoch': 0.43}
{'loss': 0.6111, 'learning_rate': 9.99022582053371e-06, 'epoch': 0.43}
{'loss': 0.5978, 'learning_rate': 9.989838892674273e-06, 'epoch': 0.43}
{'loss': 0.5507, 'learning_rate': 9.989444461935469e-06, 'epoch': 0.43}
{'loss': 0.6069, 'learning_rate': 9.989042528910375e-06, 'epoch': 0.43}
{'loss': 0.5857, 'learning_rate': 9.98863309420335e-06, 'epoch': 0.43}
{'loss': 0.5504, 'learning_rate': 9.988216158430033e-06, 'epoch': 0.44}
{'loss': 0.5832, 'learning_rate': 9.987791722217342e-06, 'epoch': 0.44}
{'loss': 0.6634, 'learning_rate': 9.987359786203472e-06, 'epoch': 0.44}
{'loss': 0.5742, 'learning_rate': 9.9869203510379e-06, 'epoch': 0.44}
{'loss': 0.5833, 'learning_rate': 9.986473417381366e-06, 'epoch': 0.44}
{'loss': 0.6057, 'learning_rate': 9.986018985905901e-06, 'epoch': 0.44}
{'loss': 0.6091, 'learning_rate': 9.985557057294801e-06, 'epoch': 0.44}
{'loss': 0.5811, 'learning_rate': 9.985087632242634e-06, 'epoch': 0.44}
{'loss': 0.5764, 'learning_rate': 9.984610711455244e-06, 'epoch': 0.44}
{'loss': 0.5982, 'learning_rate': 9.984126295649745e-06, 'epoch': 0.44}
{'loss': 0.6597, 'learning_rate': 9.983634385554519e-06, 'epoch': 0.44}
{'loss': 0.6448, 'learning_rate': 9.983134981909216e-06, 'epoch': 0.44}
{'loss': 0.6138, 'learning_rate': 9.982628085464759e-06, 'epoch': 0.44}
{'loss': 0.5616, 'learning_rate': 9.982113696983328e-06, 'epoch': 0.44}
{'loss': 0.611, 'learning_rate': 9.981591817238379e-06, 'epoch': 0.44}
{'loss': 0.636, 'learning_rate': 9.981062447014624e-06, 'epoch': 0.44}
{'loss': 0.5572, 'learning_rate': 9.98052558710804e-06, 'epoch': 0.45}
{'loss': 0.7048, 'learning_rate': 9.979981238325871e-06, 'epoch': 0.45}
{'loss': 0.5714, 'learning_rate': 9.979429401486613e-06, 'epoch': 0.45}
{'loss': 0.5585, 'learning_rate': 9.978870077420026e-06, 'epoch': 0.45}
{'loss': 0.6237, 'learning_rate': 9.978303266967127e-06, 'epoch': 0.45}
{'loss': 0.5301, 'learning_rate': 9.977728970980193e-06, 'epoch': 0.45}
{'loss': 0.5265, 'learning_rate': 9.977147190322748e-06, 'epoch': 0.45}
{'loss': 0.5923, 'learning_rate': 9.976557925869581e-06, 'epoch': 0.45}
{'loss': 0.6217, 'learning_rate': 9.975961178506728e-06, 'epoch': 0.45}
{'loss': 0.6038, 'learning_rate': 9.975356949131474e-06, 'epoch': 0.45}
{'loss': 0.6368, 'learning_rate': 9.974745238652359e-06, 'epoch': 0.45}
{'loss': 0.6101, 'learning_rate': 9.974126047989173e-06, 'epoch': 0.45}
{'loss': 0.5505, 'learning_rate': 9.973499378072947e-06, 'epoch': 0.45}
{'loss': 0.6488, 'learning_rate': 9.972865229845961e-06, 'epoch': 0.45}
{'loss': 0.713, 'learning_rate': 9.972223604261743e-06, 'epoch': 0.45}
{'loss': 0.6562, 'learning_rate': 9.971574502285063e-06, 'epoch': 0.45}
{'loss': 0.605, 'learning_rate': 9.970917924891927e-06, 'epoch': 0.46}
{'loss': 0.6226, 'learning_rate': 9.970253873069588e-06, 'epoch': 0.46}
{'loss': 0.6034, 'learning_rate': 9.969582347816534e-06, 'epoch': 0.46}
{'loss': 0.4877, 'learning_rate': 9.968903350142494e-06, 'epoch': 0.46}
{'loss': 0.5759, 'learning_rate': 9.968216881068426e-06, 'epoch': 0.46}
{'loss': 0.6411, 'learning_rate': 9.96752294162653e-06, 'epoch': 0.46}
{'loss': 0.6163, 'learning_rate': 9.966821532860236e-06, 'epoch': 0.46}
{'loss': 0.6099, 'learning_rate': 9.966112655824201e-06, 'epoch': 0.46}
{'loss': 0.5845, 'learning_rate': 9.965396311584319e-06, 'epoch': 0.46}
{'loss': 0.5147, 'learning_rate': 9.964672501217702e-06, 'epoch': 0.46}
{'loss': 0.5662, 'learning_rate': 9.9639412258127e-06, 'epoch': 0.46}
{'loss': 0.654, 'learning_rate': 9.96320248646888e-06, 'epoch': 0.46}
{'loss': 0.5411, 'learning_rate': 9.962456284297033e-06, 'epoch': 0.46}
{'loss': 0.4266, 'learning_rate': 9.96170262041917e-06, 'epoch': 0.46}
{'loss': 0.6352, 'learning_rate': 9.96094149596853e-06, 'epoch': 0.46}
{'loss': 0.6763, 'learning_rate': 9.960172912089558e-06, 'epoch': 0.46}
{'loss': 0.6284, 'learning_rate': 9.959396869937925e-06, 'epoch': 0.47}
{'loss': 0.6513, 'learning_rate': 9.958613370680507e-06, 'epoch': 0.47}
{'loss': 0.5899, 'learning_rate': 9.957822415495405e-06, 'epoch': 0.47}
{'loss': 0.5981, 'learning_rate': 9.95702400557192e-06, 'epoch': 0.47}
{'loss': 0.5675, 'learning_rate': 9.956218142110567e-06, 'epoch': 0.47}
{'loss': 0.695, 'learning_rate': 9.955404826323067e-06, 'epoch': 0.47}
{'loss': 0.5903, 'learning_rate': 9.95458405943235e-06, 'epoch': 0.47}
{'loss': 0.5931, 'learning_rate': 9.953755842672545e-06, 'epoch': 0.47}
{'loss': 0.5904, 'learning_rate': 9.952920177288985e-06, 'epoch': 0.47}
{'loss': 0.5914, 'learning_rate': 9.952077064538203e-06, 'epoch': 0.47}
{'loss': 0.5636, 'learning_rate': 9.951226505687933e-06, 'epoch': 0.47}
{'loss': 0.6648, 'learning_rate': 9.950368502017096e-06, 'epoch': 0.47}
{'loss': 0.6026, 'learning_rate': 9.949503054815817e-06, 'epoch': 0.47}
{'loss': 0.6578, 'learning_rate': 9.948630165385411e-06, 'epoch': 0.47}
{'loss': 0.6659, 'learning_rate': 9.947749835038378e-06, 'epoch': 0.47}
{'loss': 0.5674, 'learning_rate': 9.946862065098415e-06, 'epoch': 0.47}
{'loss': 0.6572, 'learning_rate': 9.9459668569004e-06, 'epoch': 0.48}
{'loss': 0.6818, 'learning_rate': 9.945064211790394e-06, 'epoch': 0.48}
{'loss': 0.6796, 'learning_rate': 9.944154131125643e-06, 'epoch': 0.48}
{'loss': 0.5988, 'learning_rate': 9.943236616274576e-06, 'epoch': 0.48}
{'loss': 0.572, 'learning_rate': 9.942311668616793e-06, 'epoch': 0.48}
{'loss': 0.604, 'learning_rate': 9.94137928954308e-06, 'epoch': 0.48}
{'loss': 0.6572, 'learning_rate': 9.940439480455386e-06, 'epoch': 0.48}
{'loss': 0.6248, 'learning_rate': 9.93949224276684e-06, 'epoch': 0.48}
{'loss': 0.5743, 'learning_rate': 9.938537577901741e-06, 'epoch': 0.48}
{'loss': 0.5528, 'learning_rate': 9.93757548729555e-06, 'epoch': 0.48}
{'loss': 0.5386, 'learning_rate': 9.936605972394897e-06, 'epoch': 0.48}
{'loss': 0.6572, 'learning_rate': 9.935629034657577e-06, 'epoch': 0.48}
{'loss': 0.6266, 'learning_rate': 9.934644675552543e-06, 'epoch': 0.48}
{'loss': 0.5935, 'learning_rate': 9.933652896559907e-06, 'epoch': 0.48}
{'loss': 0.696, 'learning_rate': 9.932653699170943e-06, 'epoch': 0.48}
{'loss': 0.5449, 'learning_rate': 9.931647084888073e-06, 'epoch': 0.48}
{'loss': 0.7677, 'learning_rate': 9.930633055224876e-06, 'epoch': 0.49}
{'loss': 0.5851, 'learning_rate': 9.929611611706077e-06, 'epoch': 0.49}
{'loss': 0.6358, 'learning_rate': 9.928582755867553e-06, 'epoch': 0.49}
{'loss': 0.539, 'learning_rate': 9.92754648925632e-06, 'epoch': 0.49}
{'loss': 0.5712, 'learning_rate': 9.926502813430545e-06, 'epoch': 0.49}
{'loss': 0.6456, 'learning_rate': 9.925451729959532e-06, 'epoch': 0.49}
{'loss': 0.6429, 'learning_rate': 9.924393240423723e-06, 'epoch': 0.49}
{'loss': 0.6223, 'learning_rate': 9.923327346414692e-06, 'epoch': 0.49}
{'loss': 0.5491, 'learning_rate': 9.922254049535157e-06, 'epoch': 0.49}
{'loss': 0.5702, 'learning_rate': 9.921173351398959e-06, 'epoch': 0.49}
{'loss': 0.5414, 'learning_rate': 9.920085253631067e-06, 'epoch': 0.49}
{'loss': 0.6445, 'learning_rate': 9.918989757867584e-06, 'epoch': 0.49}
{'loss': 0.5663, 'learning_rate': 9.917886865755727e-06, 'epoch': 0.49}
{'loss': 0.6181, 'learning_rate': 9.916776578953842e-06, 'epoch': 0.49}
{'loss': 0.5889, 'learning_rate': 9.915658899131393e-06, 'epoch': 0.49}
{'loss': 0.6503, 'learning_rate': 9.914533827968958e-06, 'epoch': 0.49}
{'loss': 0.5333, 'learning_rate': 9.913401367158227e-06, 'epoch': 0.5}
{'loss': 0.5572, 'learning_rate': 9.912261518402004e-06, 'epoch': 0.5}
{'loss': 0.5863, 'learning_rate': 9.911114283414204e-06, 'epoch': 0.5}
{'loss': 0.5699, 'learning_rate': 9.909959663919845e-06, 'epoch': 0.5}
{'loss': 0.7251, 'learning_rate': 9.90879766165505e-06, 'epoch': 0.5}
{'loss': 0.5952, 'learning_rate': 9.907628278367039e-06, 'epoch': 0.5}
{'loss': 0.5524, 'learning_rate': 9.906451515814137e-06, 'epoch': 0.5}
{'loss': 0.512, 'learning_rate': 9.905267375765762e-06, 'epoch': 0.5}
{'loss': 0.5987, 'learning_rate': 9.90407586000242e-06, 'epoch': 0.5}
{'loss': 0.6251, 'learning_rate': 9.902876970315715e-06, 'epoch': 0.5}
{'loss': 0.6868, 'learning_rate': 9.901670708508335e-06, 'epoch': 0.5}
{'loss': 0.5825, 'learning_rate': 9.900457076394054e-06, 'epoch': 0.5}
{'loss': 0.5954, 'learning_rate': 9.899236075797726e-06, 'epoch': 0.5}
{'loss': 0.6215, 'learning_rate': 9.898007708555288e-06, 'epoch': 0.5}
{'loss': 0.6139, 'learning_rate': 9.89677197651375e-06, 'epoch': 0.5}
{'loss': 0.5139, 'learning_rate': 9.895528881531199e-06, 'epoch': 0.5}
{'loss': 0.6055, 'learning_rate': 9.89427842547679e-06, 'epoch': 0.51}
{'loss': 0.5759, 'learning_rate': 9.89302061023075e-06, 'epoch': 0.51}
{'loss': 0.6312, 'learning_rate': 9.89175543768437e-06, 'epoch': 0.51}
{'loss': 0.5536, 'learning_rate': 9.89048290974e-06, 'epoch': 0.51}
{'loss': 0.6257, 'learning_rate': 9.889203028311058e-06, 'epoch': 0.51}
{'loss': 0.6012, 'learning_rate': 9.887915795322011e-06, 'epoch': 0.51}
{'loss': 0.6328, 'learning_rate': 9.886621212708384e-06, 'epoch': 0.51}
{'loss': 0.6405, 'learning_rate': 9.885319282416755e-06, 'epoch': 0.51}
{'loss': 0.5832, 'learning_rate': 9.884010006404743e-06, 'epoch': 0.51}
{'loss': 0.5933, 'learning_rate': 9.882693386641018e-06, 'epoch': 0.51}
{'loss': 0.553, 'learning_rate': 9.881369425105294e-06, 'epoch': 0.51}
{'loss': 0.6559, 'learning_rate': 9.880038123788316e-06, 'epoch': 0.51}
{'loss': 0.4871, 'learning_rate': 9.878699484691876e-06, 'epoch': 0.51}
{'loss': 0.6742, 'learning_rate': 9.877353509828792e-06, 'epoch': 0.51}
{'loss': 0.6884, 'learning_rate': 9.876000201222912e-06, 'epoch': 0.51}
{'loss': 0.6327, 'learning_rate': 9.874639560909118e-06, 'epoch': 0.51}
{'loss': 0.5933, 'learning_rate': 9.87327159093331e-06, 'epoch': 0.52}
{'loss': 0.5265, 'learning_rate': 9.87189629335241e-06, 'epoch': 0.52}
{'loss': 0.6507, 'learning_rate': 9.87051367023436e-06, 'epoch': 0.52}
{'loss': 0.5655, 'learning_rate': 9.869123723658112e-06, 'epoch': 0.52}
{'loss': 0.6559, 'learning_rate': 9.867726455713637e-06, 'epoch': 0.52}
{'loss': 0.6475, 'learning_rate': 9.866321868501914e-06, 'epoch': 0.52}
{'loss': 0.5973, 'learning_rate': 9.864909964134919e-06, 'epoch': 0.52}
{'loss': 0.6196, 'learning_rate': 9.86349074473564e-06, 'epoch': 0.52}
{'loss': 0.5113, 'learning_rate': 9.862064212438059e-06, 'epoch': 0.52}
{'loss': 0.6279, 'learning_rate': 9.860630369387152e-06, 'epoch': 0.52}
{'loss': 0.5862, 'learning_rate': 9.859189217738896e-06, 'epoch': 0.52}
{'loss': 0.5383, 'learning_rate': 9.857740759660248e-06, 'epoch': 0.52}
{'loss': 0.6594, 'learning_rate': 9.856284997329158e-06, 'epoch': 0.52}
{'loss': 0.5912, 'learning_rate': 9.854821932934555e-06, 'epoch': 0.52}
{'loss': 0.568, 'learning_rate': 9.853351568676347e-06, 'epoch': 0.52}
{'loss': 0.6589, 'learning_rate': 9.851873906765425e-06, 'epoch': 0.52}
{'loss': 0.5769, 'learning_rate': 9.850388949423644e-06, 'epoch': 0.53}
{'loss': 0.6083, 'learning_rate': 9.848896698883834e-06, 'epoch': 0.53}
{'loss': 0.603, 'learning_rate': 9.847397157389789e-06, 'epoch': 0.53}
{'loss': 0.5648, 'learning_rate': 9.845890327196269e-06, 'epoch': 0.53}
{'loss': 0.5681, 'learning_rate': 9.84437621056899e-06, 'epoch': 0.53}
{'loss': 0.583, 'learning_rate': 9.842854809784625e-06, 'epoch': 0.53}
{'loss': 0.5228, 'learning_rate': 9.841326127130804e-06, 'epoch': 0.53}
{'loss': 0.5962, 'learning_rate': 9.839790164906098e-06, 'epoch': 0.53}
{'loss': 0.6163, 'learning_rate': 9.83824692542003e-06, 'epoch': 0.53}
{'loss': 0.6079, 'learning_rate': 9.836696410993064e-06, 'epoch': 0.53}
{'loss': 0.5697, 'learning_rate': 9.835138623956603e-06, 'epoch': 0.53}
{'loss': 0.5654, 'learning_rate': 9.833573566652983e-06, 'epoch': 0.53}
{'loss': 0.62, 'learning_rate': 9.832001241435476e-06, 'epoch': 0.53}
{'loss': 0.5962, 'learning_rate': 9.830421650668276e-06, 'epoch': 0.53}
{'loss': 0.5645, 'learning_rate': 9.82883479672651e-06, 'epoch': 0.53}
{'loss': 0.565, 'learning_rate': 9.82724068199622e-06, 'epoch': 0.53}
{'loss': 0.5186, 'learning_rate': 9.825639308874365e-06, 'epoch': 0.54}
{'loss': 0.6068, 'learning_rate': 9.824030679768824e-06, 'epoch': 0.54}
{'loss': 0.6729, 'learning_rate': 9.82241479709838e-06, 'epoch': 0.54}
{'loss': 0.5426, 'learning_rate': 9.820791663292725e-06, 'epoch': 0.54}
{'loss': 0.5999, 'learning_rate': 9.819161280792458e-06, 'epoch': 0.54}
{'loss': 0.5781, 'learning_rate': 9.81752365204907e-06, 'epoch': 0.54}
{'loss': 0.6401, 'learning_rate': 9.81587877952495e-06, 'epoch': 0.54}
{'loss': 0.6509, 'learning_rate': 9.814226665693384e-06, 'epoch': 0.54}
{'loss': 0.6933, 'learning_rate': 9.812567313038542e-06, 'epoch': 0.54}
{'loss': 0.5947, 'learning_rate': 9.810900724055477e-06, 'epoch': 0.54}
{'loss': 0.6944, 'learning_rate': 9.809226901250126e-06, 'epoch': 0.54}
{'loss': 0.5881, 'learning_rate': 9.807545847139301e-06, 'epoch': 0.54}
{'loss': 0.6576, 'learning_rate': 9.805857564250689e-06, 'epoch': 0.54}
{'loss': 0.5532, 'learning_rate': 9.804162055122845e-06, 'epoch': 0.54}
{'loss': 0.632, 'learning_rate': 9.80245932230519e-06, 'epoch': 0.54}
{'loss': 0.6451, 'learning_rate': 9.80074936835801e-06, 'epoch': 0.54}
{'loss': 0.5248, 'learning_rate': 9.79903219585244e-06, 'epoch': 0.55}
{'loss': 0.6475, 'learning_rate': 9.79730780737048e-06, 'epoch': 0.55}
{'loss': 0.6868, 'learning_rate': 9.795576205504971e-06, 'epoch': 0.55}
{'loss': 0.5836, 'learning_rate': 9.793837392859606e-06, 'epoch': 0.55}
{'loss': 0.5701, 'learning_rate': 9.79209137204892e-06, 'epoch': 0.55}
{'loss': 0.5771, 'learning_rate': 9.790338145698284e-06, 'epoch': 0.55}
{'loss': 0.7086, 'learning_rate': 9.788577716443903e-06, 'epoch': 0.55}
{'loss': 0.5907, 'learning_rate': 9.786810086932814e-06, 'epoch': 0.55}
{'loss': 0.5769, 'learning_rate': 9.785035259822884e-06, 'epoch': 0.55}
{'loss': 0.6387, 'learning_rate': 9.783253237782795e-06, 'epoch': 0.55}
{'loss': 0.623, 'learning_rate': 9.781464023492055e-06, 'epoch': 0.55}
{'loss': 0.6544, 'learning_rate': 9.779667619640983e-06, 'epoch': 0.55}
{'loss': 0.7583, 'learning_rate': 9.777864028930705e-06, 'epoch': 0.55}
{'loss': 0.6568, 'learning_rate': 9.77605325407316e-06, 'epoch': 0.55}
{'loss': 0.6168, 'learning_rate': 9.774235297791083e-06, 'epoch': 0.55}
{'loss': 0.5919, 'learning_rate': 9.772410162818015e-06, 'epoch': 0.55}
{'loss': 0.5951, 'learning_rate': 9.770577851898286e-06, 'epoch': 0.56}
{'loss': 0.5328, 'learning_rate': 9.768738367787014e-06, 'epoch': 0.56}
{'loss': 0.5796, 'learning_rate': 9.766891713250105e-06, 'epoch': 0.56}
{'loss': 0.6485, 'learning_rate': 9.765037891064251e-06, 'epoch': 0.56}
{'loss': 0.6062, 'learning_rate': 9.763176904016914e-06, 'epoch': 0.56}
{'loss': 0.4963, 'learning_rate': 9.761308754906333e-06, 'epoch': 0.56}
{'loss': 0.6384, 'learning_rate': 9.75943344654152e-06, 'epoch': 0.56}
{'loss': 0.5609, 'learning_rate': 9.757550981742243e-06, 'epoch': 0.56}
{'loss': 0.5385, 'learning_rate': 9.755661363339037e-06, 'epoch': 0.56}
{'loss': 0.6905, 'learning_rate': 9.753764594173193e-06, 'epoch': 0.56}
{'loss': 0.5633, 'learning_rate': 9.751860677096753e-06, 'epoch': 0.56}
{'loss': 0.5852, 'learning_rate': 9.749949614972507e-06, 'epoch': 0.56}
{'loss': 0.5843, 'learning_rate': 9.748031410673986e-06, 'epoch': 0.56}
{'loss': 0.6822, 'learning_rate': 9.746106067085465e-06, 'epoch': 0.56}
{'loss': 0.5922, 'learning_rate': 9.744173587101951e-06, 'epoch': 0.56}
{'loss': 0.6109, 'learning_rate': 9.74223397362918e-06, 'epoch': 0.56}
{'loss': 0.623, 'learning_rate': 9.74028722958362e-06, 'epoch': 0.57}
{'loss': 0.5588, 'learning_rate': 9.738333357892454e-06, 'epoch': 0.57}
{'loss': 0.6145, 'learning_rate': 9.736372361493584e-06, 'epoch': 0.57}
{'loss': 0.6189, 'learning_rate': 9.73440424333563e-06, 'epoch': 0.57}
{'loss': 0.6562, 'learning_rate': 9.732429006377915e-06, 'epoch': 0.57}
{'loss': 0.6051, 'learning_rate': 9.730446653590466e-06, 'epoch': 0.57}
{'loss': 0.625, 'learning_rate': 9.728457187954013e-06, 'epoch': 0.57}
{'loss': 0.687, 'learning_rate': 9.726460612459978e-06, 'epoch': 0.57}
{'loss': 0.5954, 'learning_rate': 9.724456930110475e-06, 'epoch': 0.57}
{'loss': 0.6031, 'learning_rate': 9.722446143918307e-06, 'epoch': 0.57}
{'loss': 0.5834, 'learning_rate': 9.720428256906952e-06, 'epoch': 0.57}
{'loss': 0.6109, 'learning_rate': 9.71840327211057e-06, 'epoch': 0.57}
{'loss': 0.5148, 'learning_rate': 9.716371192573994e-06, 'epoch': 0.57}
{'loss': 0.5812, 'learning_rate': 9.714332021352722e-06, 'epoch': 0.57}
{'loss': 0.5309, 'learning_rate': 9.712285761512914e-06, 'epoch': 0.57}
{'loss': 0.5509, 'learning_rate': 9.710232416131391e-06, 'epoch': 0.57}
{'loss': 0.56, 'learning_rate': 9.70817198829563e-06, 'epoch': 0.58}
{'loss': 0.5827, 'learning_rate': 9.706104481103755e-06, 'epoch': 0.58}
{'loss': 0.5827, 'learning_rate': 9.704029897664536e-06, 'epoch': 0.58}
{'loss': 0.653, 'learning_rate': 9.70194824109738e-06, 'epoch': 0.58}
{'loss': 0.5342, 'learning_rate': 9.699859514532333e-06, 'epoch': 0.58}
{'loss': 0.5451, 'learning_rate': 9.69776372111007e-06, 'epoch': 0.58}
{'loss': 0.5838, 'learning_rate': 9.695660863981894e-06, 'epoch': 0.58}
{'loss': 0.6358, 'learning_rate': 9.693550946309721e-06, 'epoch': 0.58}
{'loss': 0.5749, 'learning_rate': 9.691433971266098e-06, 'epoch': 0.58}
{'loss': 0.5768, 'learning_rate': 9.68930994203417e-06, 'epoch': 0.58}
{'loss': 0.5842, 'learning_rate': 9.687178861807698e-06, 'epoch': 0.58}
{'loss': 0.6524, 'learning_rate': 9.685040733791038e-06, 'epoch': 0.58}
{'loss': 0.6195, 'learning_rate': 9.68289556119915e-06, 'epoch': 0.58}
{'loss': 0.6622, 'learning_rate': 9.68074334725758e-06, 'epoch': 0.58}
{'loss': 0.5758, 'learning_rate': 9.678584095202468e-06, 'epoch': 0.58}
{'loss': 0.5862, 'learning_rate': 9.676417808280534e-06, 'epoch': 0.58}
{'loss': 0.5398, 'learning_rate': 9.674244489749071e-06, 'epoch': 0.59}
{'loss': 0.5455, 'learning_rate': 9.672064142875954e-06, 'epoch': 0.59}
{'loss': 0.4952, 'learning_rate': 9.66987677093962e-06, 'epoch': 0.59}
{'loss': 0.6565, 'learning_rate': 9.667682377229069e-06, 'epoch': 0.59}
{'loss': 0.6012, 'learning_rate': 9.665480965043862e-06, 'epoch': 0.59}
{'loss': 0.5965, 'learning_rate': 9.663272537694112e-06, 'epoch': 0.59}
{'loss': 0.6134, 'learning_rate': 9.661057098500481e-06, 'epoch': 0.59}
{'loss': 0.4964, 'learning_rate': 9.658834650794171e-06, 'epoch': 0.59}
{'loss': 0.5577, 'learning_rate': 9.656605197916926e-06, 'epoch': 0.59}
{'loss': 0.6539, 'learning_rate': 9.654368743221022e-06, 'epoch': 0.59}
{'loss': 0.5742, 'learning_rate': 9.652125290069262e-06, 'epoch': 0.59}
{'loss': 0.5723, 'learning_rate': 9.649874841834975e-06, 'epoch': 0.59}
{'loss': 0.5816, 'learning_rate': 9.647617401902003e-06, 'epoch': 0.59}
{'loss': 0.6536, 'learning_rate': 9.645352973664706e-06, 'epoch': 0.59}
{'loss': 0.6209, 'learning_rate': 9.643081560527948e-06, 'epoch': 0.59}
{'loss': 0.6032, 'learning_rate': 9.6408031659071e-06, 'epoch': 0.59}
{'loss': 0.6474, 'learning_rate': 9.638517793228028e-06, 'epoch': 0.6}
{'loss': 0.5924, 'learning_rate': 9.636225445927088e-06, 'epoch': 0.6}
{'loss': 0.5835, 'learning_rate': 9.633926127451127e-06, 'epoch': 0.6}
{'loss': 0.6417, 'learning_rate': 9.631619841257477e-06, 'epoch': 0.6}
{'loss': 0.6258, 'learning_rate': 9.629306590813935e-06, 'epoch': 0.6}
{'loss': 0.5359, 'learning_rate': 9.626986379598782e-06, 'epoch': 0.6}
{'loss': 0.6352, 'learning_rate': 9.624659211100762e-06, 'epoch': 0.6}
{'loss': 0.6207, 'learning_rate': 9.622325088819076e-06, 'epoch': 0.6}
{'loss': 0.632, 'learning_rate': 9.619984016263386e-06, 'epoch': 0.6}
{'loss': 0.657, 'learning_rate': 9.617635996953803e-06, 'epoch': 0.6}
{'loss': 0.6754, 'learning_rate': 9.615281034420882e-06, 'epoch': 0.6}
{'loss': 0.6171, 'learning_rate': 9.612919132205617e-06, 'epoch': 0.6}
{'loss': 0.655, 'learning_rate': 9.610550293859442e-06, 'epoch': 0.6}
{'loss': 0.5852, 'learning_rate': 9.608174522944216e-06, 'epoch': 0.6}
{'loss': 0.586, 'learning_rate': 9.605791823032224e-06, 'epoch': 0.6}
{'loss': 0.5403, 'learning_rate': 9.603402197706166e-06, 'epoch': 0.6}
{'loss': 0.5634, 'learning_rate': 9.601005650559161e-06, 'epoch': 0.61}
{'loss': 0.5798, 'learning_rate': 9.598602185194733e-06, 'epoch': 0.61}
{'loss': 0.6299, 'learning_rate': 9.59619180522681e-06, 'epoch': 0.61}
{'loss': 0.6313, 'learning_rate': 9.593774514279708e-06, 'epoch': 0.61}
{'loss': 0.6177, 'learning_rate': 9.59135031598815e-06, 'epoch': 0.61}
{'loss': 0.5891, 'learning_rate': 9.588919213997234e-06, 'epoch': 0.61}
{'loss': 0.5964, 'learning_rate': 9.586481211962441e-06, 'epoch': 0.61}
{'loss': 0.6045, 'learning_rate': 9.58403631354963e-06, 'epoch': 0.61}
{'loss': 0.5811, 'learning_rate': 9.581584522435025e-06, 'epoch': 0.61}
{'loss': 0.6473, 'learning_rate': 9.579125842305219e-06, 'epoch': 0.61}
{'loss': 0.6504, 'learning_rate': 9.576660276857159e-06, 'epoch': 0.61}
{'loss': 0.6165, 'learning_rate': 9.574187829798148e-06, 'epoch': 0.61}
{'loss': 0.5926, 'learning_rate': 9.571708504845837e-06, 'epoch': 0.61}
{'loss': 0.5636, 'learning_rate': 9.569222305728213e-06, 'epoch': 0.61}
{'loss': 0.5393, 'learning_rate': 9.566729236183608e-06, 'epoch': 0.61}
{'loss': 0.661, 'learning_rate': 9.564229299960679e-06, 'epoch': 0.61}
{'loss': 0.5978, 'learning_rate': 9.561722500818408e-06, 'epoch': 0.62}
{'loss': 0.6457, 'learning_rate': 9.559208842526097e-06, 'epoch': 0.62}
{'loss': 0.6241, 'learning_rate': 9.556688328863364e-06, 'epoch': 0.62}
{'loss': 0.6236, 'learning_rate': 9.554160963620132e-06, 'epoch': 0.62}
{'loss': 0.6341, 'learning_rate': 9.551626750596628e-06, 'epoch': 0.62}
{'loss': 0.6027, 'learning_rate': 9.549085693603371e-06, 'epoch': 0.62}
{'loss': 0.5921, 'learning_rate': 9.54653779646118e-06, 'epoch': 0.62}
{'loss': 0.5402, 'learning_rate': 9.543983063001149e-06, 'epoch': 0.62}
{'loss': 0.5685, 'learning_rate': 9.54142149706466e-06, 'epoch': 0.62}
{'loss': 0.6151, 'learning_rate': 9.538853102503361e-06, 'epoch': 0.62}
{'loss': 0.6871, 'learning_rate': 9.536277883179173e-06, 'epoch': 0.62}
{'loss': 0.6213, 'learning_rate': 9.533695842964277e-06, 'epoch': 0.62}
{'loss': 0.6786, 'learning_rate': 9.53110698574111e-06, 'epoch': 0.62}
{'loss': 0.6006, 'learning_rate': 9.528511315402358e-06, 'epoch': 0.62}
{'loss': 0.6309, 'learning_rate': 9.525908835850955e-06, 'epoch': 0.62}
{'loss': 0.6302, 'learning_rate': 9.523299551000072e-06, 'epoch': 0.62}
{'loss': 0.5071, 'learning_rate': 9.52068346477311e-06, 'epoch': 0.63}
{'loss': 0.5838, 'learning_rate': 9.5180605811037e-06, 'epoch': 0.63}
{'loss': 0.5659, 'learning_rate': 9.515430903935691e-06, 'epoch': 0.63}
{'loss': 0.5959, 'learning_rate': 9.512794437223152e-06, 'epoch': 0.63}
{'loss': 0.6192, 'learning_rate': 9.510151184930354e-06, 'epoch': 0.63}
{'loss': 0.6367, 'learning_rate': 9.507501151031778e-06, 'epoch': 0.63}
{'loss': 0.6059, 'learning_rate': 9.504844339512096e-06, 'epoch': 0.63}
{'loss': 0.625, 'learning_rate': 9.502180754366176e-06, 'epoch': 0.63}
{'loss': 0.5873, 'learning_rate': 9.499510399599067e-06, 'epoch': 0.63}
{'loss': 0.5641, 'learning_rate': 9.496833279225999e-06, 'epoch': 0.63}
{'loss': 0.5334, 'learning_rate': 9.494149397272376e-06, 'epoch': 0.63}
{'loss': 0.5087, 'learning_rate': 9.491458757773766e-06, 'epoch': 0.63}
{'loss': 0.5463, 'learning_rate': 9.4887613647759e-06, 'epoch': 0.63}
{'loss': 0.5264, 'learning_rate': 9.486057222334664e-06, 'epoch': 0.63}
{'loss': 0.6152, 'learning_rate': 9.483346334516091e-06, 'epoch': 0.63}
{'loss': 0.5613, 'learning_rate': 9.48062870539636e-06, 'epoch': 0.63}
{'loss': 0.6501, 'learning_rate': 9.47790433906178e-06, 'epoch': 0.64}
{'loss': 0.5453, 'learning_rate': 9.475173239608797e-06, 'epoch': 0.64}
{'loss': 0.6349, 'learning_rate': 9.472435411143979e-06, 'epoch': 0.64}
{'loss': 0.5504, 'learning_rate': 9.469690857784009e-06, 'epoch': 0.64}
{'loss': 0.5538, 'learning_rate': 9.466939583655685e-06, 'epoch': 0.64}
{'loss': 0.5979, 'learning_rate': 9.464181592895912e-06, 'epoch': 0.64}
{'loss': 0.6113, 'learning_rate': 9.461416889651687e-06, 'epoch': 0.64}
{'loss': 0.5816, 'learning_rate': 9.458645478080111e-06, 'epoch': 0.64}
{'loss': 0.5948, 'learning_rate': 9.45586736234836e-06, 'epoch': 0.64}
{'loss': 0.6566, 'learning_rate': 9.453082546633704e-06, 'epoch': 0.64}
{'loss': 0.4988, 'learning_rate': 9.450291035123472e-06, 'epoch': 0.64}
{'loss': 0.6014, 'learning_rate': 9.447492832015072e-06, 'epoch': 0.64}
{'loss': 0.6192, 'learning_rate': 9.444687941515973e-06, 'epoch': 0.64}
{'loss': 0.5169, 'learning_rate': 9.441876367843694e-06, 'epoch': 0.64}
{'loss': 0.6104, 'learning_rate': 9.439058115225808e-06, 'epoch': 0.64}
{'loss': 0.578, 'learning_rate': 9.436233187899927e-06, 'epoch': 0.64}
{'loss': 0.614, 'learning_rate': 9.433401590113702e-06, 'epoch': 0.65}
{'loss': 0.6116, 'learning_rate': 9.430563326124811e-06, 'epoch': 0.65}
{'loss': 0.5701, 'learning_rate': 9.427718400200959e-06, 'epoch': 0.65}
{'loss': 0.5558, 'learning_rate': 9.424866816619867e-06, 'epoch': 0.65}
{'loss': 0.6171, 'learning_rate': 9.422008579669265e-06, 'epoch': 0.65}
{'loss': 0.5496, 'learning_rate': 9.419143693646889e-06, 'epoch': 0.65}
{'loss': 0.5278, 'learning_rate': 9.416272162860472e-06, 'epoch': 0.65}
{'loss': 0.5531, 'learning_rate': 9.413393991627737e-06, 'epoch': 0.65}
{'loss': 0.6058, 'learning_rate': 9.410509184276396e-06, 'epoch': 0.65}
{'loss': 0.5215, 'learning_rate': 9.407617745144136e-06, 'epoch': 0.65}
{'loss': 0.569, 'learning_rate': 9.404719678578613e-06, 'epoch': 0.65}
{'loss': 0.5979, 'learning_rate': 9.401814988937453e-06, 'epoch': 0.65}
{'loss': 0.5264, 'learning_rate': 9.398903680588241e-06, 'epoch': 0.65}
{'loss': 0.6154, 'learning_rate': 9.39598575790851e-06, 'epoch': 0.65}
{'loss': 0.6297, 'learning_rate': 9.393061225285743e-06, 'epoch': 0.65}
{'loss': 0.5471, 'learning_rate': 9.390130087117356e-06, 'epoch': 0.65}
{'loss': 0.6596, 'learning_rate': 9.387192347810704e-06, 'epoch': 0.66}
{'loss': 0.5237, 'learning_rate': 9.384248011783064e-06, 'epoch': 0.66}
{'loss': 0.625, 'learning_rate': 9.381297083461632e-06, 'epoch': 0.66}
{'loss': 0.6228, 'learning_rate': 9.37833956728352e-06, 'epoch': 0.66}
{'loss': 0.6431, 'learning_rate': 9.375375467695735e-06, 'epoch': 0.66}
{'loss': 0.6145, 'learning_rate': 9.372404789155199e-06, 'epoch': 0.66}
{'loss': 0.5468, 'learning_rate': 9.369427536128714e-06, 'epoch': 0.66}
{'loss': 0.5564, 'learning_rate': 9.366443713092974e-06, 'epoch': 0.66}
{'loss': 0.598, 'learning_rate': 9.363453324534547e-06, 'epoch': 0.66}
{'loss': 0.5579, 'learning_rate': 9.360456374949877e-06, 'epoch': 0.66}
{'loss': 0.4613, 'learning_rate': 9.357452868845274e-06, 'epoch': 0.66}
{'loss': 0.5739, 'learning_rate': 9.3544428107369e-06, 'epoch': 0.66}
{'loss': 0.5165, 'learning_rate': 9.351426205150778e-06, 'epoch': 0.66}
{'loss': 0.5393, 'learning_rate': 9.348403056622768e-06, 'epoch': 0.66}
{'loss': 0.5184, 'learning_rate': 9.345373369698573e-06, 'epoch': 0.66}
{'loss': 0.5642, 'learning_rate': 9.342337148933727e-06, 'epoch': 0.66}
{'loss': 0.5945, 'learning_rate': 9.339294398893586e-06, 'epoch': 0.67}
{'loss': 0.6173, 'learning_rate': 9.336245124153326e-06, 'epoch': 0.67}
{'loss': 0.6142, 'learning_rate': 9.333189329297932e-06, 'epoch': 0.67}
{'loss': 0.6034, 'learning_rate': 9.330127018922195e-06, 'epoch': 0.67}
{'loss': 0.6122, 'learning_rate': 9.327058197630699e-06, 'epoch': 0.67}
{'loss': 0.6631, 'learning_rate': 9.323982870037823e-06, 'epoch': 0.67}
{'loss': 0.6059, 'learning_rate': 9.320901040767726e-06, 'epoch': 0.67}
{'loss': 0.6617, 'learning_rate': 9.317812714454344e-06, 'epoch': 0.67}
{'loss': 0.5345, 'learning_rate': 9.314717895741383e-06, 'epoch': 0.67}
{'loss': 0.739, 'learning_rate': 9.311616589282307e-06, 'epoch': 0.67}
{'loss': 0.6042, 'learning_rate': 9.30850879974034e-06, 'epoch': 0.67}
{'loss': 0.6622, 'learning_rate': 9.305394531788456e-06, 'epoch': 0.67}
{'loss': 0.5833, 'learning_rate': 9.302273790109362e-06, 'epoch': 0.67}
{'loss': 0.5898, 'learning_rate': 9.299146579395504e-06, 'epoch': 0.67}
{'loss': 0.6761, 'learning_rate': 9.296012904349058e-06, 'epoch': 0.67}
{'loss': 0.5985, 'learning_rate': 9.292872769681913e-06, 'epoch': 0.67}
{'loss': 0.5957, 'learning_rate': 9.289726180115677e-06, 'epoch': 0.67}
{'loss': 0.6811, 'learning_rate': 9.286573140381663e-06, 'epoch': 0.68}
{'loss': 0.6097, 'learning_rate': 9.283413655220877e-06, 'epoch': 0.68}
{'loss': 0.6076, 'learning_rate': 9.280247729384025e-06, 'epoch': 0.68}
{'loss': 0.5767, 'learning_rate': 9.277075367631487e-06, 'epoch': 0.68}
{'loss': 0.6405, 'learning_rate': 9.273896574733334e-06, 'epoch': 0.68}
{'loss': 0.5356, 'learning_rate': 9.270711355469293e-06, 'epoch': 0.68}
{'loss': 0.6765, 'learning_rate': 9.267519714628766e-06, 'epoch': 0.68}
{'loss': 0.5706, 'learning_rate': 9.2643216570108e-06, 'epoch': 0.68}
{'loss': 0.5736, 'learning_rate': 9.261117187424097e-06, 'epoch': 0.68}
{'loss': 0.5435, 'learning_rate': 9.257906310686999e-06, 'epoch': 0.68}
{'loss': 0.5794, 'learning_rate': 9.254689031627483e-06, 'epoch': 0.68}
{'loss': 0.6023, 'learning_rate': 9.251465355083149e-06, 'epoch': 0.68}
{'loss': 0.553, 'learning_rate': 9.24823528590122e-06, 'epoch': 0.68}
{'loss': 0.5662, 'learning_rate': 9.244998828938531e-06, 'epoch': 0.68}
{'loss': 0.539, 'learning_rate': 9.24175598906152e-06, 'epoch': 0.68}
{'loss': 0.5563, 'learning_rate': 9.238506771146223e-06, 'epoch': 0.68}
{'loss': 0.5771, 'learning_rate': 9.235251180078268e-06, 'epoch': 0.69}
{'loss': 0.6453, 'learning_rate': 9.231989220752863e-06, 'epoch': 0.69}
{'loss': 0.6722, 'learning_rate': 9.228720898074793e-06, 'epoch': 0.69}
{'loss': 0.459, 'learning_rate': 9.225446216958413e-06, 'epoch': 0.69}
{'loss': 0.5883, 'learning_rate': 9.222165182327635e-06, 'epoch': 0.69}
{'loss': 0.5927, 'learning_rate': 9.218877799115929e-06, 'epoch': 0.69}
{'loss': 0.5404, 'learning_rate': 9.215584072266306e-06, 'epoch': 0.69}
{'loss': 0.6201, 'learning_rate': 9.212284006731318e-06, 'epoch': 0.69}
{'loss': 0.5916, 'learning_rate': 9.208977607473046e-06, 'epoch': 0.69}
{'loss': 0.6373, 'learning_rate': 9.205664879463102e-06, 'epoch': 0.69}
{'loss': 0.5296, 'learning_rate': 9.202345827682601e-06, 'epoch': 0.69}
{'loss': 0.5695, 'learning_rate': 9.199020457122181e-06, 'epoch': 0.69}
{'loss': 0.6083, 'learning_rate': 9.19568877278197e-06, 'epoch': 0.69}
{'loss': 0.6279, 'learning_rate': 9.192350779671595e-06, 'epoch': 0.69}
{'loss': 0.5517, 'learning_rate': 9.189006482810168e-06, 'epoch': 0.69}
{'loss': 0.5964, 'learning_rate': 9.18565588722628e-06, 'epoch': 0.69}
{'loss': 0.6629, 'learning_rate': 9.182298997957989e-06, 'epoch': 0.7}
{'loss': 0.626, 'learning_rate': 9.178935820052824e-06, 'epoch': 0.7}
{'loss': 0.5378, 'learning_rate': 9.175566358567765e-06, 'epoch': 0.7}
{'loss': 0.5984, 'learning_rate': 9.172190618569236e-06, 'epoch': 0.7}
{'loss': 0.6139, 'learning_rate': 9.168808605133112e-06, 'epoch': 0.7}
{'loss': 0.6314, 'learning_rate': 9.165420323344694e-06, 'epoch': 0.7}
{'loss': 0.6114, 'learning_rate': 9.162025778298709e-06, 'epoch': 0.7}
{'loss': 0.5452, 'learning_rate': 9.158624975099299e-06, 'epoch': 0.7}
{'loss': 0.5923, 'learning_rate': 9.155217918860025e-06, 'epoch': 0.7}
{'loss': 0.6379, 'learning_rate': 9.151804614703838e-06, 'epoch': 0.7}
{'loss': 0.5565, 'learning_rate': 9.148385067763094e-06, 'epoch': 0.7}
{'loss': 0.5035, 'learning_rate': 9.144959283179532e-06, 'epoch': 0.7}
{'loss': 0.5519, 'learning_rate': 9.14152726610427e-06, 'epoch': 0.7}
{'loss': 0.5331, 'learning_rate': 9.138089021697794e-06, 'epoch': 0.7}
{'loss': 0.5138, 'learning_rate': 9.134644555129958e-06, 'epoch': 0.7}
{'loss': 0.5839, 'learning_rate': 9.131193871579975e-06, 'epoch': 0.7}
{'loss': 0.6312, 'learning_rate': 9.127736976236396e-06, 'epoch': 0.71}
{'loss': 0.5522, 'learning_rate': 9.124273874297123e-06, 'epoch': 0.71}
{'loss': 0.5711, 'learning_rate': 9.120804570969382e-06, 'epoch': 0.71}
{'loss': 0.5181, 'learning_rate': 9.117329071469727e-06, 'epoch': 0.71}
{'loss': 0.5931, 'learning_rate': 9.11384738102403e-06, 'epoch': 0.71}
{'loss': 0.5173, 'learning_rate': 9.110359504867472e-06, 'epoch': 0.71}
{'loss': 0.6998, 'learning_rate': 9.10686544824453e-06, 'epoch': 0.71}
{'loss': 0.5497, 'learning_rate': 9.103365216408984e-06, 'epoch': 0.71}
{'loss': 0.5978, 'learning_rate': 9.099858814623887e-06, 'epoch': 0.71}
{'loss': 0.6468, 'learning_rate': 9.096346248161579e-06, 'epoch': 0.71}
{'loss': 0.5887, 'learning_rate': 9.092827522303662e-06, 'epoch': 0.71}
{'loss': 0.5965, 'learning_rate': 9.08930264234101e-06, 'epoch': 0.71}
{'loss': 0.6243, 'learning_rate': 9.085771613573737e-06, 'epoch': 0.71}
{'loss': 0.5887, 'learning_rate': 9.082234441311213e-06, 'epoch': 0.71}
{'loss': 0.4837, 'learning_rate': 9.078691130872044e-06, 'epoch': 0.71}
{'loss': 0.607, 'learning_rate': 9.075141687584056e-06, 'epoch': 0.71}
{'loss': 0.5385, 'learning_rate': 9.071586116784313e-06, 'epoch': 0.72}
{'loss': 0.6295, 'learning_rate': 9.068024423819079e-06, 'epoch': 0.72}
{'loss': 0.5775, 'learning_rate': 9.064456614043827e-06, 'epoch': 0.72}
{'loss': 0.6511, 'learning_rate': 9.060882692823229e-06, 'epoch': 0.72}
{'loss': 0.5799, 'learning_rate': 9.057302665531148e-06, 'epoch': 0.72}
{'loss': 0.6658, 'learning_rate': 9.053716537550627e-06, 'epoch': 0.72}
{'loss': 0.6387, 'learning_rate': 9.050124314273876e-06, 'epoch': 0.72}
{'loss': 0.5295, 'learning_rate': 9.046526001102281e-06, 'epoch': 0.72}
{'loss': 0.536, 'learning_rate': 9.042921603446375e-06, 'epoch': 0.72}
{'loss': 0.5587, 'learning_rate': 9.039311126725848e-06, 'epoch': 0.72}
{'loss': 0.5048, 'learning_rate': 9.035694576369523e-06, 'epoch': 0.72}
{'loss': 0.6389, 'learning_rate': 9.032071957815362e-06, 'epoch': 0.72}
{'loss': 0.5546, 'learning_rate': 9.028443276510447e-06, 'epoch': 0.72}
{'loss': 0.5835, 'learning_rate': 9.024808537910981e-06, 'epoch': 0.72}
{'loss': 0.6426, 'learning_rate': 9.021167747482268e-06, 'epoch': 0.72}
{'loss': 0.6025, 'learning_rate': 9.017520910698718e-06, 'epoch': 0.72}
{'loss': 0.6153, 'learning_rate': 9.013868033043827e-06, 'epoch': 0.73}
{'loss': 0.6131, 'learning_rate': 9.010209120010181e-06, 'epoch': 0.73}
{'loss': 0.5935, 'learning_rate': 9.006544177099434e-06, 'epoch': 0.73}
{'loss': 0.6214, 'learning_rate': 9.002873209822312e-06, 'epoch': 0.73}
{'loss': 0.6239, 'learning_rate': 8.999196223698599e-06, 'epoch': 0.73}
{'loss': 0.5807, 'learning_rate': 8.995513224257122e-06, 'epoch': 0.73}
{'loss': 0.6286, 'learning_rate': 8.99182421703576e-06, 'epoch': 0.73}
{'loss': 0.51, 'learning_rate': 8.988129207581418e-06, 'epoch': 0.73}
{'loss': 0.5468, 'learning_rate': 8.98442820145003e-06, 'epoch': 0.73}
{'loss': 0.5945, 'learning_rate': 8.980721204206548e-06, 'epoch': 0.73}
{'loss': 0.5862, 'learning_rate': 8.977008221424928e-06, 'epoch': 0.73}
{'loss': 0.58, 'learning_rate': 8.973289258688125e-06, 'epoch': 0.73}
{'loss': 0.6092, 'learning_rate': 8.969564321588096e-06, 'epoch': 0.73}
{'loss': 0.6203, 'learning_rate': 8.965833415725768e-06, 'epoch': 0.73}
{'loss': 0.6363, 'learning_rate': 8.962096546711052e-06, 'epoch': 0.73}
{'loss': 0.6047, 'learning_rate': 8.95835372016282e-06, 'epoch': 0.73}
{'loss': 0.5847, 'learning_rate': 8.954604941708906e-06, 'epoch': 0.74}
{'loss': 0.5512, 'learning_rate': 8.950850216986091e-06, 'epoch': 0.74}
{'loss': 0.6044, 'learning_rate': 8.9470895516401e-06, 'epoch': 0.74}
{'loss': 0.5751, 'learning_rate': 8.943322951325583e-06, 'epoch': 0.74}
{'loss': 0.537, 'learning_rate': 8.939550421706125e-06, 'epoch': 0.74}
{'loss': 0.6094, 'learning_rate': 8.935771968454216e-06, 'epoch': 0.74}
{'loss': 0.547, 'learning_rate': 8.931987597251262e-06, 'epoch': 0.74}
{'loss': 0.5533, 'learning_rate': 8.928197313787559e-06, 'epoch': 0.74}
{'loss': 0.6081, 'learning_rate': 8.924401123762298e-06, 'epoch': 0.74}
{'loss': 0.5234, 'learning_rate': 8.920599032883553e-06, 'epoch': 0.74}
{'loss': 0.6145, 'learning_rate': 8.916791046868265e-06, 'epoch': 0.74}
{'loss': 0.545, 'learning_rate': 8.912977171442243e-06, 'epoch': 0.74}
{'loss': 0.5632, 'learning_rate': 8.90915741234015e-06, 'epoch': 0.74}
{'loss': 0.5954, 'learning_rate': 8.905331775305497e-06, 'epoch': 0.74}
{'loss': 0.5992, 'learning_rate': 8.901500266090633e-06, 'epoch': 0.74}
{'loss': 0.542, 'learning_rate': 8.897662890456736e-06, 'epoch': 0.74}
{'loss': 0.5214, 'learning_rate': 8.893819654173804e-06, 'epoch': 0.75}
{'loss': 0.5163, 'learning_rate': 8.88997056302065e-06, 'epoch': 0.75}
{'loss': 0.5898, 'learning_rate': 8.88611562278489e-06, 'epoch': 0.75}
{'loss': 0.5949, 'learning_rate': 8.88225483926293e-06, 'epoch': 0.75}
{'loss': 0.637, 'learning_rate': 8.87838821825997e-06, 'epoch': 0.75}
{'loss': 0.5069, 'learning_rate': 8.874515765589981e-06, 'epoch': 0.75}
{'loss': 0.5733, 'learning_rate': 8.870637487075709e-06, 'epoch': 0.75}
{'loss': 0.6171, 'learning_rate': 8.86675338854865e-06, 'epoch': 0.75}
{'loss': 0.5846, 'learning_rate': 8.862863475849062e-06, 'epoch': 0.75}
{'loss': 0.5773, 'learning_rate': 8.85896775482594e-06, 'epoch': 0.75}
{'loss': 0.6358, 'learning_rate': 8.85506623133701e-06, 'epoch': 0.75}
{'loss': 0.5885, 'learning_rate': 8.851158911248728e-06, 'epoch': 0.75}
{'loss': 0.6178, 'learning_rate': 8.847245800436266e-06, 'epoch': 0.75}
{'loss': 0.5842, 'learning_rate': 8.843326904783498e-06, 'epoch': 0.75}
{'loss': 0.6303, 'learning_rate': 8.839402230183e-06, 'epoch': 0.75}
{'loss': 0.6054, 'learning_rate': 8.835471782536038e-06, 'epoch': 0.75}
{'loss': 0.592, 'learning_rate': 8.831535567752557e-06, 'epoch': 0.76}
{'loss': 0.5781, 'learning_rate': 8.827593591751172e-06, 'epoch': 0.76}
{'loss': 0.5609, 'learning_rate': 8.823645860459164e-06, 'epoch': 0.76}
{'loss': 0.6119, 'learning_rate': 8.819692379812468e-06, 'epoch': 0.76}
{'loss': 0.61, 'learning_rate': 8.815733155755659e-06, 'epoch': 0.76}
{'loss': 0.515, 'learning_rate': 8.811768194241951e-06, 'epoch': 0.76}
{'loss': 0.5694, 'learning_rate': 8.80779750123319e-06, 'epoch': 0.76}
{'loss': 0.5464, 'learning_rate': 8.803821082699833e-06, 'epoch': 0.76}
{'loss': 0.5182, 'learning_rate': 8.799838944620947e-06, 'epoch': 0.76}
{'loss': 0.5972, 'learning_rate': 8.795851092984203e-06, 'epoch': 0.76}
{'loss': 0.5198, 'learning_rate': 8.791857533785859e-06, 'epoch': 0.76}
{'loss': 0.5886, 'learning_rate': 8.787858273030758e-06, 'epoch': 0.76}
{'loss': 0.6315, 'learning_rate': 8.783853316732313e-06, 'epoch': 0.76}
{'loss': 0.5715, 'learning_rate': 8.779842670912505e-06, 'epoch': 0.76}
{'loss': 0.6755, 'learning_rate': 8.775826341601867e-06, 'epoch': 0.76}
{'loss': 0.6173, 'learning_rate': 8.771804334839477e-06, 'epoch': 0.76}
{'loss': 0.673, 'learning_rate': 8.767776656672953e-06, 'epoch': 0.77}
{'loss': 0.7134, 'learning_rate': 8.76374331315844e-06, 'epoch': 0.77}
{'loss': 0.6001, 'learning_rate': 8.759704310360598e-06, 'epoch': 0.77}
{'loss': 0.5535, 'learning_rate': 8.755659654352599e-06, 'epoch': 0.77}
{'loss': 0.5706, 'learning_rate': 8.75160935121612e-06, 'epoch': 0.77}
{'loss': 0.5704, 'learning_rate': 8.74755340704132e-06, 'epoch': 0.77}
{'loss': 0.5074, 'learning_rate': 8.74349182792685e-06, 'epoch': 0.77}
{'loss': 0.5758, 'learning_rate': 8.739424619979823e-06, 'epoch': 0.77}
{'loss': 0.6008, 'learning_rate': 8.735351789315824e-06, 'epoch': 0.77}
{'loss': 0.5444, 'learning_rate': 8.73127334205889e-06, 'epoch': 0.77}
{'loss': 0.5964, 'learning_rate': 8.727189284341501e-06, 'epoch': 0.77}
{'loss': 0.5755, 'learning_rate': 8.723099622304578e-06, 'epoch': 0.77}
{'loss': 0.5949, 'learning_rate': 8.719004362097466e-06, 'epoch': 0.77}
{'loss': 0.5403, 'learning_rate': 8.714903509877925e-06, 'epoch': 0.77}
{'loss': 0.5741, 'learning_rate': 8.710797071812127e-06, 'epoch': 0.77}
{'loss': 0.5298, 'learning_rate': 8.706685054074644e-06, 'epoch': 0.77}
{'loss': 0.5474, 'learning_rate': 8.702567462848432e-06, 'epoch': 0.78}
{'loss': 0.5261, 'learning_rate': 8.698444304324837e-06, 'epoch': 0.78}
{'loss': 0.5833, 'learning_rate': 8.694315584703562e-06, 'epoch': 0.78}
{'loss': 0.6344, 'learning_rate': 8.690181310192686e-06, 'epoch': 0.78}
{'loss': 0.6536, 'learning_rate': 8.686041487008637e-06, 'epoch': 0.78}
{'loss': 0.5834, 'learning_rate': 8.681896121376177e-06, 'epoch': 0.78}
{'loss': 0.5222, 'learning_rate': 8.677745219528414e-06, 'epoch': 0.78}
{'loss': 0.525, 'learning_rate': 8.673588787706773e-06, 'epoch': 0.78}
{'loss': 0.529, 'learning_rate': 8.669426832160997e-06, 'epoch': 0.78}
{'loss': 0.563, 'learning_rate': 8.665259359149132e-06, 'epoch': 0.78}
{'loss': 0.6245, 'learning_rate': 8.661086374937526e-06, 'epoch': 0.78}
{'loss': 0.6101, 'learning_rate': 8.656907885800804e-06, 'epoch': 0.78}
{'loss': 0.5675, 'learning_rate': 8.65272389802188e-06, 'epoch': 0.78}
{'loss': 0.6187, 'learning_rate': 8.648534417891927e-06, 'epoch': 0.78}
{'loss': 0.4715, 'learning_rate': 8.644339451710382e-06, 'epoch': 0.78}
{'loss': 0.6271, 'learning_rate': 8.640139005784924e-06, 'epoch': 0.78}
{'loss': 0.5589, 'learning_rate': 8.63593308643148e-06, 'epoch': 0.79}
{'loss': 0.5823, 'learning_rate': 8.631721699974206e-06, 'epoch': 0.79}
{'loss': 0.7013, 'learning_rate': 8.627504852745469e-06, 'epoch': 0.79}
{'loss': 0.6134, 'learning_rate': 8.623282551085856e-06, 'epoch': 0.79}
{'loss': 0.6761, 'learning_rate': 8.619054801344155e-06, 'epoch': 0.79}
{'loss': 0.6413, 'learning_rate': 8.614821609877344e-06, 'epoch': 0.79}
{'loss': 0.6169, 'learning_rate': 8.610582983050581e-06, 'epoch': 0.79}
{'loss': 0.5565, 'learning_rate': 8.606338927237201e-06, 'epoch': 0.79}
{'loss': 0.4707, 'learning_rate': 8.6020894488187e-06, 'epoch': 0.79}
{'loss': 0.5085, 'learning_rate': 8.59783455418473e-06, 'epoch': 0.79}
{'loss': 0.5718, 'learning_rate': 8.59357424973308e-06, 'epoch': 0.79}
{'loss': 0.5259, 'learning_rate': 8.589308541869681e-06, 'epoch': 0.79}
{'loss': 0.5898, 'learning_rate': 8.585037437008588e-06, 'epoch': 0.79}
{'loss': 0.5922, 'learning_rate': 8.580760941571968e-06, 'epoch': 0.79}
{'loss': 0.5802, 'learning_rate': 8.576479061990094e-06, 'epoch': 0.79}
{'loss': 0.6213, 'learning_rate': 8.572191804701333e-06, 'epoch': 0.79}
{'loss': 0.5238, 'learning_rate': 8.567899176152145e-06, 'epoch': 0.8}
{'loss': 0.5568, 'learning_rate': 8.563601182797059e-06, 'epoch': 0.8}
{'loss': 0.5888, 'learning_rate': 8.559297831098675e-06, 'epoch': 0.8}
{'loss': 0.6215, 'learning_rate': 8.554989127527648e-06, 'epoch': 0.8}
{'loss': 0.6287, 'learning_rate': 8.55067507856268e-06, 'epoch': 0.8}
{'loss': 0.5911, 'learning_rate': 8.546355690690513e-06, 'epoch': 0.8}
{'loss': 0.6008, 'learning_rate': 8.542030970405913e-06, 'epoch': 0.8}
{'loss': 0.5965, 'learning_rate': 8.537700924211667e-06, 'epoch': 0.8}
{'loss': 0.5641, 'learning_rate': 8.53336555861857e-06, 'epoch': 0.8}
{'loss': 0.5232, 'learning_rate': 8.529024880145415e-06, 'epoch': 0.8}
{'loss': 0.6651, 'learning_rate': 8.52467889531898e-06, 'epoch': 0.8}
{'loss': 0.5776, 'learning_rate': 8.520327610674029e-06, 'epoch': 0.8}
{'loss': 0.5685, 'learning_rate': 8.515971032753289e-06, 'epoch': 0.8}
{'loss': 0.5186, 'learning_rate': 8.511609168107447e-06, 'epoch': 0.8}
{'loss': 0.6391, 'learning_rate': 8.507242023295143e-06, 'epoch': 0.8}
{'loss': 0.5161, 'learning_rate': 8.502869604882953e-06, 'epoch': 0.8}
{'loss': 0.6111, 'learning_rate': 8.498491919445384e-06, 'epoch': 0.81}
{'loss': 0.628, 'learning_rate': 8.49410897356486e-06, 'epoch': 0.81}
{'loss': 0.4955, 'learning_rate': 8.489720773831717e-06, 'epoch': 0.81}
{'loss': 0.5839, 'learning_rate': 8.485327326844196e-06, 'epoch': 0.81}
{'loss': 0.5651, 'learning_rate': 8.480928639208415e-06, 'epoch': 0.81}
{'loss': 0.5417, 'learning_rate': 8.476524717538384e-06, 'epoch': 0.81}
{'loss': 0.5481, 'learning_rate': 8.472115568455978e-06, 'epoch': 0.81}
{'loss': 0.5985, 'learning_rate': 8.467701198590935e-06, 'epoch': 0.81}
{'loss': 0.4976, 'learning_rate': 8.463281614580835e-06, 'epoch': 0.81}
{'loss': 0.493, 'learning_rate': 8.458856823071111e-06, 'epoch': 0.81}
{'loss': 0.5919, 'learning_rate': 8.454426830715014e-06, 'epoch': 0.81}
{'loss': 0.5973, 'learning_rate': 8.449991644173624e-06, 'epoch': 0.81}
{'loss': 0.5898, 'learning_rate': 8.445551270115826e-06, 'epoch': 0.81}
{'loss': 0.6249, 'learning_rate': 8.441105715218305e-06, 'epoch': 0.81}
{'loss': 0.5688, 'learning_rate': 8.436654986165542e-06, 'epoch': 0.81}
{'loss': 0.4829, 'learning_rate': 8.43219908964979e-06, 'epoch': 0.81}
{'loss': 0.5552, 'learning_rate': 8.427738032371078e-06, 'epoch': 0.82}
{'loss': 0.5681, 'learning_rate': 8.423271821037191e-06, 'epoch': 0.82}
{'loss': 0.669, 'learning_rate': 8.418800462363668e-06, 'epoch': 0.82}
{'loss': 0.5537, 'learning_rate': 8.41432396307378e-06, 'epoch': 0.82}
{'loss': 0.6229, 'learning_rate': 8.409842329898539e-06, 'epoch': 0.82}
{'loss': 0.6325, 'learning_rate': 8.405355569576666e-06, 'epoch': 0.82}
{'loss': 0.5237, 'learning_rate': 8.400863688854598e-06, 'epoch': 0.82}
{'loss': 0.5289, 'learning_rate': 8.396366694486466e-06, 'epoch': 0.82}
{'loss': 0.5743, 'learning_rate': 8.391864593234095e-06, 'epoch': 0.82}
{'loss': 0.5524, 'learning_rate': 8.387357391866985e-06, 'epoch': 0.82}
{'loss': 0.5181, 'learning_rate': 8.38284509716231e-06, 'epoch': 0.82}
{'loss': 0.5252, 'learning_rate': 8.378327715904894e-06, 'epoch': 0.82}
{'loss': 0.5853, 'learning_rate': 8.373805254887216e-06, 'epoch': 0.82}
{'loss': 0.5615, 'learning_rate': 8.369277720909392e-06, 'epoch': 0.82}
{'loss': 0.6509, 'learning_rate': 8.364745120779166e-06, 'epoch': 0.82}
{'loss': 0.5902, 'learning_rate': 8.360207461311896e-06, 'epoch': 0.82}
{'loss': 0.6602, 'learning_rate': 8.355664749330551e-06, 'epoch': 0.83}
{'loss': 0.5985, 'learning_rate': 8.351116991665697e-06, 'epoch': 0.83}
{'loss': 0.5918, 'learning_rate': 8.346564195155487e-06, 'epoch': 0.83}
{'loss': 0.4961, 'learning_rate': 8.342006366645645e-06, 'epoch': 0.83}
{'loss': 0.5964, 'learning_rate': 8.337443512989472e-06, 'epoch': 0.83}
{'loss': 0.5691, 'learning_rate': 8.332875641047817e-06, 'epoch': 0.83}
{'loss': 0.5954, 'learning_rate': 8.328302757689074e-06, 'epoch': 0.83}
{'loss': 0.598, 'learning_rate': 8.323724869789177e-06, 'epoch': 0.83}
{'loss': 0.5775, 'learning_rate': 8.319141984231582e-06, 'epoch': 0.83}
{'loss': 0.5874, 'learning_rate': 8.314554107907262e-06, 'epoch': 0.83}
{'loss': 0.5182, 'learning_rate': 8.30996124771469e-06, 'epoch': 0.83}
{'loss': 0.5642, 'learning_rate': 8.30536341055984e-06, 'epoch': 0.83}
{'loss': 0.5745, 'learning_rate': 8.30076060335616e-06, 'epoch': 0.83}
{'loss': 0.5954, 'learning_rate': 8.296152833024578e-06, 'epoch': 0.83}
{'loss': 0.5668, 'learning_rate': 8.291540106493485e-06, 'epoch': 0.83}
{'loss': 0.5842, 'learning_rate': 8.286922430698722e-06, 'epoch': 0.83}
{'loss': 0.5805, 'learning_rate': 8.282299812583571e-06, 'epoch': 0.84}
{'loss': 0.5624, 'learning_rate': 8.277672259098746e-06, 'epoch': 0.84}
{'loss': 0.5821, 'learning_rate': 8.273039777202382e-06, 'epoch': 0.84}
{'loss': 0.6748, 'learning_rate': 8.26840237386003e-06, 'epoch': 0.84}
{'loss': 0.5287, 'learning_rate': 8.263760056044632e-06, 'epoch': 0.84}
{'loss': 0.5219, 'learning_rate': 8.259112830736523e-06, 'epoch': 0.84}
{'loss': 0.658, 'learning_rate': 8.25446070492342e-06, 'epoch': 0.84}
{'loss': 0.5581, 'learning_rate': 8.249803685600404e-06, 'epoch': 0.84}
{'loss': 0.5388, 'learning_rate': 8.24514177976992e-06, 'epoch': 0.84}
{'loss': 0.5765, 'learning_rate': 8.240474994441755e-06, 'epoch': 0.84}
{'loss': 0.5899, 'learning_rate': 8.235803336633033e-06, 'epoch': 0.84}
{'loss': 0.5592, 'learning_rate': 8.231126813368207e-06, 'epoch': 0.84}
{'loss': 0.5559, 'learning_rate': 8.226445431679047e-06, 'epoch': 0.84}
{'loss': 0.588, 'learning_rate': 8.221759198604624e-06, 'epoch': 0.84}
{'loss': 0.5131, 'learning_rate': 8.217068121191308e-06, 'epoch': 0.84}
{'loss': 0.609, 'learning_rate': 8.212372206492751e-06, 'epoch': 0.84}
{'loss': 0.5948, 'learning_rate': 8.207671461569878e-06, 'epoch': 0.85}
{'loss': 0.5263, 'learning_rate': 8.202965893490877e-06, 'epoch': 0.85}
{'loss': 0.5908, 'learning_rate': 8.19825550933119e-06, 'epoch': 0.85}
{'loss': 0.541, 'learning_rate': 8.193540316173499e-06, 'epoch': 0.85}
{'loss': 0.5407, 'learning_rate': 8.188820321107717e-06, 'epoch': 0.85}
{'loss': 0.571, 'learning_rate': 8.184095531230978e-06, 'epoch': 0.85}
{'loss': 0.5933, 'learning_rate': 8.179365953647625e-06, 'epoch': 0.85}
{'loss': 0.5598, 'learning_rate': 8.1746315954692e-06, 'epoch': 0.85}
{'loss': 0.5859, 'learning_rate': 8.169892463814435e-06, 'epoch': 0.85}
{'loss': 0.5458, 'learning_rate': 8.165148565809236e-06, 'epoch': 0.85}
{'loss': 0.5344, 'learning_rate': 8.160399908586679e-06, 'epoch': 0.85}
{'loss': 0.5277, 'learning_rate': 8.155646499286996e-06, 'epoch': 0.85}
{'loss': 0.5437, 'learning_rate': 8.15088834505756e-06, 'epoch': 0.85}
{'loss': 0.5986, 'learning_rate': 8.146125453052885e-06, 'epoch': 0.85}
{'loss': 0.6295, 'learning_rate': 8.141357830434607e-06, 'epoch': 0.85}
{'loss': 0.5248, 'learning_rate': 8.136585484371471e-06, 'epoch': 0.85}
{'loss': 0.543, 'learning_rate': 8.131808422039327e-06, 'epoch': 0.86}
{'loss': 0.6013, 'learning_rate': 8.12702665062112e-06, 'epoch': 0.86}
{'loss': 0.5842, 'learning_rate': 8.122240177306868e-06, 'epoch': 0.86}
{'loss': 0.4795, 'learning_rate': 8.117449009293668e-06, 'epoch': 0.86}
{'loss': 0.579, 'learning_rate': 8.11265315378567e-06, 'epoch': 0.86}
{'loss': 0.5191, 'learning_rate': 8.107852617994074e-06, 'epoch': 0.86}
{'loss': 0.608, 'learning_rate': 8.103047409137114e-06, 'epoch': 0.86}
{'loss': 0.5618, 'learning_rate': 8.098237534440059e-06, 'epoch': 0.86}
{'loss': 0.6805, 'learning_rate': 8.093423001135186e-06, 'epoch': 0.86}
{'loss': 0.6253, 'learning_rate': 8.088603816461779e-06, 'epoch': 0.86}
{'loss': 0.5129, 'learning_rate': 8.083779987666117e-06, 'epoch': 0.86}
{'loss': 0.6034, 'learning_rate': 8.07895152200146e-06, 'epoch': 0.86}
{'loss': 0.5862, 'learning_rate': 8.074118426728044e-06, 'epoch': 0.86}
{'loss': 0.6109, 'learning_rate': 8.06928070911306e-06, 'epoch': 0.86}
{'loss': 0.5952, 'learning_rate': 8.064438376430657e-06, 'epoch': 0.86}
{'loss': 0.5924, 'learning_rate': 8.059591435961917e-06, 'epoch': 0.86}
{'loss': 0.5941, 'learning_rate': 8.054739894994854e-06, 'epoch': 0.87}
{'loss': 0.6222, 'learning_rate': 8.049883760824398e-06, 'epoch': 0.87}
{'loss': 0.5829, 'learning_rate': 8.045023040752384e-06, 'epoch': 0.87}
{'loss': 0.5485, 'learning_rate': 8.040157742087548e-06, 'epoch': 0.87}
{'loss': 0.5223, 'learning_rate': 8.035287872145502e-06, 'epoch': 0.87}
{'loss': 0.4916, 'learning_rate': 8.03041343824874e-06, 'epoch': 0.87}
{'loss': 0.6021, 'learning_rate': 8.025534447726613e-06, 'epoch': 0.87}
{'loss': 0.5635, 'learning_rate': 8.020650907915327e-06, 'epoch': 0.87}
{'loss': 0.5953, 'learning_rate': 8.015762826157922e-06, 'epoch': 0.87}
{'loss': 0.4873, 'learning_rate': 8.010870209804279e-06, 'epoch': 0.87}
{'loss': 0.6354, 'learning_rate': 8.005973066211085e-06, 'epoch': 0.87}
{'loss': 0.5662, 'learning_rate': 8.001071402741843e-06, 'epoch': 0.87}
{'loss': 0.5835, 'learning_rate': 7.996165226766845e-06, 'epoch': 0.87}
{'loss': 0.5681, 'learning_rate': 7.991254545663178e-06, 'epoch': 0.87}
{'loss': 0.6404, 'learning_rate': 7.986339366814694e-06, 'epoch': 0.87}
{'loss': 0.6196, 'learning_rate': 7.98141969761201e-06, 'epoch': 0.87}
{'loss': 0.5443, 'learning_rate': 7.976495545452498e-06, 'epoch': 0.88}
{'loss': 0.6254, 'learning_rate': 7.971566917740268e-06, 'epoch': 0.88}
{'loss': 0.4812, 'learning_rate': 7.96663382188616e-06, 'epoch': 0.88}
{'loss': 0.4932, 'learning_rate': 7.961696265307735e-06, 'epoch': 0.88}
{'loss': 0.5628, 'learning_rate': 7.956754255429256e-06, 'epoch': 0.88}
{'loss': 0.5442, 'learning_rate': 7.951807799681684e-06, 'epoch': 0.88}
{'loss': 0.5048, 'learning_rate': 7.94685690550267e-06, 'epoch': 0.88}
{'loss': 0.6084, 'learning_rate': 7.941901580336535e-06, 'epoch': 0.88}
{'loss': 0.5239, 'learning_rate': 7.93694183163426e-06, 'epoch': 0.88}
{'loss': 0.6206, 'learning_rate': 7.93197766685348e-06, 'epoch': 0.88}
{'loss': 0.5653, 'learning_rate': 7.92700909345847e-06, 'epoch': 0.88}
{'loss': 0.5391, 'learning_rate': 7.922036118920134e-06, 'epoch': 0.88}
{'loss': 0.552, 'learning_rate': 7.917058750715995e-06, 'epoch': 0.88}
{'loss': 0.5459, 'learning_rate': 7.91207699633018e-06, 'epoch': 0.88}
{'loss': 0.5545, 'learning_rate': 7.907090863253413e-06, 'epoch': 0.88}
{'loss': 0.5975, 'learning_rate': 7.902100358982999e-06, 'epoch': 0.88}
{'loss': 0.5361, 'learning_rate': 7.897105491022819e-06, 'epoch': 0.89}
{'loss': 0.5924, 'learning_rate': 7.892106266883315e-06, 'epoch': 0.89}
{'loss': 0.6448, 'learning_rate': 7.887102694081479e-06, 'epoch': 0.89}
{'loss': 0.5844, 'learning_rate': 7.882094780140838e-06, 'epoch': 0.89}
{'loss': 0.5515, 'learning_rate': 7.877082532591453e-06, 'epoch': 0.89}
{'loss': 0.5341, 'learning_rate': 7.872065958969896e-06, 'epoch': 0.89}
{'loss': 0.635, 'learning_rate': 7.867045066819245e-06, 'epoch': 0.89}
{'loss': 0.5848, 'learning_rate': 7.862019863689075e-06, 'epoch': 0.89}
{'loss': 0.6252, 'learning_rate': 7.856990357135437e-06, 'epoch': 0.89}
{'loss': 0.485, 'learning_rate': 7.851956554720857e-06, 'epoch': 0.89}
{'loss': 0.5594, 'learning_rate': 7.846918464014319e-06, 'epoch': 0.89}
{'loss': 0.5659, 'learning_rate': 7.841876092591255e-06, 'epoch': 0.89}
{'loss': 0.5801, 'learning_rate': 7.836829448033534e-06, 'epoch': 0.89}
{'loss': 0.5439, 'learning_rate': 7.831778537929452e-06, 'epoch': 0.89}
{'loss': 0.5993, 'learning_rate': 7.826723369873715e-06, 'epoch': 0.89}
{'loss': 0.5397, 'learning_rate': 7.821663951467434e-06, 'epoch': 0.89}
{'loss': 0.6527, 'learning_rate': 7.81660029031811e-06, 'epoch': 0.9}
{'loss': 0.6011, 'learning_rate': 7.811532394039624e-06, 'epoch': 0.9}
{'loss': 0.554, 'learning_rate': 7.806460270252228e-06, 'epoch': 0.9}
{'loss': 0.5027, 'learning_rate': 7.801383926582522e-06, 'epoch': 0.9}
{'loss': 0.5941, 'learning_rate': 7.796303370663458e-06, 'epoch': 0.9}
{'loss': 0.6011, 'learning_rate': 7.791218610134324e-06, 'epoch': 0.9}
{'loss': 0.6207, 'learning_rate': 7.786129652640723e-06, 'epoch': 0.9}
{'loss': 0.4805, 'learning_rate': 7.781036505834575e-06, 'epoch': 0.9}
{'loss': 0.6187, 'learning_rate': 7.775939177374093e-06, 'epoch': 0.9}
{'loss': 0.592, 'learning_rate': 7.770837674923784e-06, 'epoch': 0.9}
{'loss': 0.6679, 'learning_rate': 7.765732006154428e-06, 'epoch': 0.9}
{'loss': 0.5583, 'learning_rate': 7.760622178743066e-06, 'epoch': 0.9}
{'loss': 0.547, 'learning_rate': 7.755508200373e-06, 'epoch': 0.9}
{'loss': 0.636, 'learning_rate': 7.75039007873377e-06, 'epoch': 0.9}
{'loss': 0.5521, 'learning_rate': 7.745267821521143e-06, 'epoch': 0.9}
{'loss': 0.5704, 'learning_rate': 7.740141436437105e-06, 'epoch': 0.9}
{'loss': 0.5528, 'learning_rate': 7.735010931189855e-06, 'epoch': 0.91}
{'loss': 0.5777, 'learning_rate': 7.729876313493781e-06, 'epoch': 0.91}
{'loss': 0.6065, 'learning_rate': 7.724737591069455e-06, 'epoch': 0.91}
{'loss': 0.5641, 'learning_rate': 7.719594771643623e-06, 'epoch': 0.91}
{'loss': 0.6021, 'learning_rate': 7.714447862949193e-06, 'epoch': 0.91}
{'loss': 0.6284, 'learning_rate': 7.709296872725217e-06, 'epoch': 0.91}
{'loss': 0.5999, 'learning_rate': 7.704141808716885e-06, 'epoch': 0.91}
{'loss': 0.5509, 'learning_rate': 7.698982678675518e-06, 'epoch': 0.91}
{'loss': 0.6371, 'learning_rate': 7.693819490358545e-06, 'epoch': 0.91}
{'loss': 0.6206, 'learning_rate': 7.688652251529498e-06, 'epoch': 0.91}
{'loss': 0.558, 'learning_rate': 7.683480969958005e-06, 'epoch': 0.91}
{'loss': 0.6001, 'learning_rate': 7.67830565341976e-06, 'epoch': 0.91}
{'loss': 0.5794, 'learning_rate': 7.67312630969654e-06, 'epoch': 0.91}
{'loss': 0.6046, 'learning_rate': 7.667942946576168e-06, 'epoch': 0.91}
{'loss': 0.5571, 'learning_rate': 7.66275557185251e-06, 'epoch': 0.91}
{'loss': 0.597, 'learning_rate': 7.65756419332547e-06, 'epoch': 0.91}
{'loss': 0.5639, 'learning_rate': 7.652368818800964e-06, 'epoch': 0.92}
{'loss': 0.5527, 'learning_rate': 7.647169456090925e-06, 'epoch': 0.92}
{'loss': 0.5157, 'learning_rate': 7.641966113013282e-06, 'epoch': 0.92}
{'loss': 0.5701, 'learning_rate': 7.636758797391939e-06, 'epoch': 0.92}
{'loss': 0.5065, 'learning_rate': 7.631547517056783e-06, 'epoch': 0.92}
{'loss': 0.6062, 'learning_rate': 7.626332279843661e-06, 'epoch': 0.92}
{'loss': 0.5683, 'learning_rate': 7.621113093594368e-06, 'epoch': 0.92}
{'loss': 0.5846, 'learning_rate': 7.6158899661566355e-06, 'epoch': 0.92}
{'loss': 0.546, 'learning_rate': 7.6106629053841255e-06, 'epoch': 0.92}
{'loss': 0.5263, 'learning_rate': 7.60543191913641e-06, 'epoch': 0.92}
{'loss': 0.5641, 'learning_rate': 7.600197015278965e-06, 'epoch': 0.92}
{'loss': 0.546, 'learning_rate': 7.594958201683158e-06, 'epoch': 0.92}
{'loss': 0.604, 'learning_rate': 7.589715486226235e-06, 'epoch': 0.92}
{'loss': 0.524, 'learning_rate': 7.584468876791307e-06, 'epoch': 0.92}
{'loss': 0.5959, 'learning_rate': 7.579218381267344e-06, 'epoch': 0.92}
{'loss': 0.6008, 'learning_rate': 7.5739640075491546e-06, 'epoch': 0.92}
{'loss': 0.548, 'learning_rate': 7.568705763537383e-06, 'epoch': 0.93}
{'loss': 0.5909, 'learning_rate': 7.56344365713849e-06, 'epoch': 0.93}
{'loss': 0.5761, 'learning_rate': 7.558177696264744e-06, 'epoch': 0.93}
{'loss': 0.6424, 'learning_rate': 7.552907888834211e-06, 'epoch': 0.93}
{'loss': 0.5643, 'learning_rate': 7.5476342427707406e-06, 'epoch': 0.93}
{'loss': 0.5321, 'learning_rate': 7.542356766003953e-06, 'epoch': 0.93}
{'loss': 0.5898, 'learning_rate': 7.537075466469228e-06, 'epoch': 0.93}
{'loss': 0.5711, 'learning_rate': 7.531790352107696e-06, 'epoch': 0.93}
{'loss': 0.6328, 'learning_rate': 7.526501430866222e-06, 'epoch': 0.93}
{'loss': 0.6154, 'learning_rate': 7.521208710697394e-06, 'epoch': 0.93}
{'loss': 0.5958, 'learning_rate': 7.515912199559514e-06, 'epoch': 0.93}
{'loss': 0.5405, 'learning_rate': 7.510611905416583e-06, 'epoch': 0.93}
{'loss': 0.5661, 'learning_rate': 7.505307836238289e-06, 'epoch': 0.93}
{'loss': 0.5735, 'learning_rate': 7.500000000000001e-06, 'epoch': 0.93}
{'loss': 0.5408, 'learning_rate': 7.494688404682747e-06, 'epoch': 0.93}
{'loss': 0.5449, 'learning_rate': 7.4893730582732115e-06, 'epoch': 0.93}
{'loss': 0.5348, 'learning_rate': 7.4840539687637145e-06, 'epoch': 0.94}
{'loss': 0.5472, 'learning_rate': 7.4787311441522105e-06, 'epoch': 0.94}
{'loss': 0.6459, 'learning_rate': 7.473404592442264e-06, 'epoch': 0.94}
{'loss': 0.5363, 'learning_rate': 7.468074321643047e-06, 'epoch': 0.94}
{'loss': 0.5502, 'learning_rate': 7.462740339769323e-06, 'epoch': 0.94}
{'loss': 0.5173, 'learning_rate': 7.457402654841437e-06, 'epoch': 0.94}
{'loss': 0.5984, 'learning_rate': 7.452061274885299e-06, 'epoch': 0.94}
{'loss': 0.5194, 'learning_rate': 7.446716207932375e-06, 'epoch': 0.94}
{'loss': 0.5576, 'learning_rate': 7.44136746201968e-06, 'epoch': 0.94}
{'loss': 0.5602, 'learning_rate': 7.436015045189757e-06, 'epoch': 0.94}
{'loss': 0.5915, 'learning_rate': 7.430658965490667e-06, 'epoch': 0.94}
{'loss': 0.5868, 'learning_rate': 7.425299230975982e-06, 'epoch': 0.94}
{'loss': 0.4984, 'learning_rate': 7.419935849704767e-06, 'epoch': 0.94}
{'loss': 0.5565, 'learning_rate': 7.414568829741572e-06, 'epoch': 0.94}
{'loss': 0.5438, 'learning_rate': 7.4091981791564195e-06, 'epoch': 0.94}
{'loss': 0.5398, 'learning_rate': 7.403823906024786e-06, 'epoch': 0.94}
{'loss': 0.5653, 'learning_rate': 7.398446018427601e-06, 'epoch': 0.95}
{'loss': 0.5685, 'learning_rate': 7.393064524451225e-06, 'epoch': 0.95}
{'loss': 0.6492, 'learning_rate': 7.387679432187442e-06, 'epoch': 0.95}
{'loss': 0.4935, 'learning_rate': 7.382290749733447e-06, 'epoch': 0.95}
{'loss': 0.5035, 'learning_rate': 7.376898485191834e-06, 'epoch': 0.95}
{'loss': 0.6398, 'learning_rate': 7.371502646670583e-06, 'epoch': 0.95}
{'loss': 0.5191, 'learning_rate': 7.366103242283045e-06, 'epoch': 0.95}
{'loss': 0.5836, 'learning_rate': 7.360700280147937e-06, 'epoch': 0.95}
{'loss': 0.5702, 'learning_rate': 7.355293768389321e-06, 'epoch': 0.95}
{'loss': 0.5378, 'learning_rate': 7.349883715136601e-06, 'epoch': 0.95}
{'loss': 0.6008, 'learning_rate': 7.344470128524504e-06, 'epoch': 0.95}
{'loss': 0.6012, 'learning_rate': 7.339053016693068e-06, 'epoch': 0.95}
{'loss': 0.533, 'learning_rate': 7.333632387787635e-06, 'epoch': 0.95}
{'loss': 0.6002, 'learning_rate': 7.328208249958834e-06, 'epoch': 0.95}
{'loss': 0.5846, 'learning_rate': 7.322780611362569e-06, 'epoch': 0.95}
{'loss': 0.5257, 'learning_rate': 7.317349480160009e-06, 'epoch': 0.95}
{'loss': 0.6236, 'learning_rate': 7.311914864517575e-06, 'epoch': 0.96}
{'loss': 0.6561, 'learning_rate': 7.3064767726069265e-06, 'epoch': 0.96}
{'loss': 0.6055, 'learning_rate': 7.301035212604951e-06, 'epoch': 0.96}
{'loss': 0.5871, 'learning_rate': 7.295590192693748e-06, 'epoch': 0.96}
{'loss': 0.652, 'learning_rate': 7.290141721060623e-06, 'epoch': 0.96}
{'loss': 0.5285, 'learning_rate': 7.2846898058980685e-06, 'epoch': 0.96}
{'loss': 0.6512, 'learning_rate': 7.2792344554037584e-06, 'epoch': 0.96}
{'loss': 0.6159, 'learning_rate': 7.27377567778053e-06, 'epoch': 0.96}
{'loss': 0.5178, 'learning_rate': 7.268313481236372e-06, 'epoch': 0.96}
{'loss': 0.5828, 'learning_rate': 7.262847873984416e-06, 'epoch': 0.96}
{'loss': 0.5649, 'learning_rate': 7.257378864242923e-06, 'epoch': 0.96}
{'loss': 0.6154, 'learning_rate': 7.251906460235268e-06, 'epoch': 0.96}
{'loss': 0.6278, 'learning_rate': 7.246430670189931e-06, 'epoch': 0.96}
{'loss': 0.5962, 'learning_rate': 7.240951502340482e-06, 'epoch': 0.96}
{'loss': 0.5373, 'learning_rate': 7.235468964925571e-06, 'epoch': 0.96}
{'loss': 0.5452, 'learning_rate': 7.229983066188915e-06, 'epoch': 0.96}
{'loss': 0.5619, 'learning_rate': 7.224493814379283e-06, 'epoch': 0.97}
{'loss': 0.6396, 'learning_rate': 7.21900121775049e-06, 'epoch': 0.97}
{'loss': 0.6367, 'learning_rate': 7.213505284561375e-06, 'epoch': 0.97}
{'loss': 0.5914, 'learning_rate': 7.2080060230758e-06, 'epoch': 0.97}
{'loss': 0.5615, 'learning_rate': 7.202503441562625e-06, 'epoch': 0.97}
{'loss': 0.543, 'learning_rate': 7.1969975482957075e-06, 'epoch': 0.97}
{'loss': 0.5462, 'learning_rate': 7.191488351553883e-06, 'epoch': 0.97}
{'loss': 0.582, 'learning_rate': 7.185975859620953e-06, 'epoch': 0.97}
{'loss': 0.5534, 'learning_rate': 7.1804600807856715e-06, 'epoch': 0.97}
{'loss': 0.5637, 'learning_rate': 7.174941023341741e-06, 'epoch': 0.97}
{'loss': 0.5425, 'learning_rate': 7.169418695587791e-06, 'epoch': 0.97}
{'loss': 0.502, 'learning_rate': 7.1638931058273665e-06, 'epoch': 0.97}
{'loss': 0.5652, 'learning_rate': 7.158364262368919e-06, 'epoch': 0.97}
{'loss': 0.5677, 'learning_rate': 7.152832173525793e-06, 'epoch': 0.97}
{'loss': 0.5719, 'learning_rate': 7.147296847616211e-06, 'epoch': 0.97}
{'loss': 0.5139, 'learning_rate': 7.1417582929632635e-06, 'epoch': 0.97}
{'loss': 0.5635, 'learning_rate': 7.136216517894898e-06, 'epoch': 0.98}
{'loss': 0.6499, 'learning_rate': 7.1306715307439025e-06, 'epoch': 0.98}
{'loss': 0.5286, 'learning_rate': 7.1251233398478925e-06, 'epoch': 0.98}
{'loss': 0.5657, 'learning_rate': 7.119571953549305e-06, 'epoch': 0.98}
{'loss': 0.6013, 'learning_rate': 7.114017380195378e-06, 'epoch': 0.98}
{'loss': 0.5972, 'learning_rate': 7.108459628138145e-06, 'epoch': 0.98}
{'loss': 0.5484, 'learning_rate': 7.1028987057344174e-06, 'epoch': 0.98}
{'loss': 0.5217, 'learning_rate': 7.097334621345774e-06, 'epoch': 0.98}
{'loss': 0.58, 'learning_rate': 7.091767383338547e-06, 'epoch': 0.98}
{'loss': 0.5643, 'learning_rate': 7.086197000083812e-06, 'epoch': 0.98}
{'loss': 0.5746, 'learning_rate': 7.080623479957372e-06, 'epoch': 0.98}
{'loss': 0.5973, 'learning_rate': 7.075046831339751e-06, 'epoch': 0.98}
{'loss': 0.6267, 'learning_rate': 7.06946706261617e-06, 'epoch': 0.98}
{'loss': 0.607, 'learning_rate': 7.063884182176548e-06, 'epoch': 0.98}
{'loss': 0.5617, 'learning_rate': 7.058298198415478e-06, 'epoch': 0.98}
{'loss': 0.5559, 'learning_rate': 7.052709119732226e-06, 'epoch': 0.98}
{'loss': 0.5725, 'learning_rate': 7.0471169545307035e-06, 'epoch': 0.99}
{'loss': 0.5642, 'learning_rate': 7.041521711219468e-06, 'epoch': 0.99}
{'loss': 0.5346, 'learning_rate': 7.0359233982117026e-06, 'epoch': 0.99}
{'loss': 0.5172, 'learning_rate': 7.03032202392521e-06, 'epoch': 0.99}
{'loss': 0.5626, 'learning_rate': 7.024717596782391e-06, 'epoch': 0.99}
{'loss': 0.6984, 'learning_rate': 7.019110125210243e-06, 'epoch': 0.99}
{'loss': 0.5538, 'learning_rate': 7.013499617640334e-06, 'epoch': 0.99}
{'loss': 0.6008, 'learning_rate': 7.007886082508801e-06, 'epoch': 0.99}
{'loss': 0.5225, 'learning_rate': 7.002269528256334e-06, 'epoch': 0.99}
{'loss': 0.5344, 'learning_rate': 6.996649963328159e-06, 'epoch': 0.99}
{'loss': 0.4775, 'learning_rate': 6.991027396174033e-06, 'epoch': 0.99}
{'loss': 0.5857, 'learning_rate': 6.9854018352482264e-06, 'epoch': 0.99}
{'loss': 0.5365, 'learning_rate': 6.9797732890095084e-06, 'epoch': 0.99}
{'loss': 0.5321, 'learning_rate': 6.9741417659211395e-06, 'epoch': 0.99}
{'loss': 0.5615, 'learning_rate': 6.968507274450857e-06, 'epoch': 0.99}
{'loss': 0.6412, 'learning_rate': 6.9628698230708604e-06, 'epoch': 0.99}
{'loss': 0.4312, 'learning_rate': 6.957229420257796e-06, 'epoch': 1.0}
{'loss': 0.6157, 'learning_rate': 6.951586074492755e-06, 'epoch': 1.0}
{'loss': 0.6256, 'learning_rate': 6.94593979426125e-06, 'epoch': 1.0}
{'loss': 0.5808, 'learning_rate': 6.940290588053206e-06, 'epoch': 1.0}
{'loss': 0.5575, 'learning_rate': 6.934638464362946e-06, 'epoch': 1.0}
{'loss': 0.5522, 'learning_rate': 6.928983431689185e-06, 'epoch': 1.0}
{'loss': 0.5859, 'learning_rate': 6.9233254985350066e-06, 'epoch': 1.0}
{'loss': 0.5164, 'learning_rate': 6.917664673407858e-06, 'epoch': 1.0}
{'eval_loss': 0.5726814270019531, 'eval_runtime': 305.9047, 'eval_samples_per_second': 55.184, 'eval_steps_per_second': 3.452, 'epoch': 1.0}
{'loss': 0.5286, 'learning_rate': 6.912000964819536e-06, 'epoch': 1.0}
{'loss': 0.585, 'learning_rate': 6.9063343812861704e-06, 'epoch': 1.0}
{'loss': 0.5418, 'learning_rate': 6.900664931328215e-06, 'epoch': 1.0}
{'loss': 0.4562, 'learning_rate': 6.894992623470434e-06, 'epoch': 1.0}
{'loss': 0.6164, 'learning_rate': 6.8893174662418905e-06, 'epoch': 1.0}
{'loss': 0.4868, 'learning_rate': 6.883639468175926e-06, 'epoch': 1.0}
{'loss': 0.4895, 'learning_rate': 6.877958637810162e-06, 'epoch': 1.0}
{'loss': 0.6345, 'learning_rate': 6.8722749836864734e-06, 'epoch': 1.0}
{'loss': 0.6295, 'learning_rate': 6.86658851435098e-06, 'epoch': 1.01}
{'loss': 0.5291, 'learning_rate': 6.860899238354039e-06, 'epoch': 1.01}
{'loss': 0.5456, 'learning_rate': 6.855207164250226e-06, 'epoch': 1.01}
{'loss': 0.4778, 'learning_rate': 6.849512300598321e-06, 'epoch': 1.01}
{'loss': 0.5147, 'learning_rate': 6.843814655961302e-06, 'epoch': 1.01}
{'loss': 0.5948, 'learning_rate': 6.838114238906327e-06, 'epoch': 1.01}
{'loss': 0.6008, 'learning_rate': 6.832411058004726e-06, 'epoch': 1.01}
{'loss': 0.5105, 'learning_rate': 6.8267051218319766e-06, 'epoch': 1.01}
{'loss': 0.5208, 'learning_rate': 6.8209964389677085e-06, 'epoch': 1.01}
{'loss': 0.4922, 'learning_rate': 6.815285017995676e-06, 'epoch': 1.01}
{'loss': 0.6238, 'learning_rate': 6.8095708675037545e-06, 'epoch': 1.01}
{'loss': 0.5057, 'learning_rate': 6.803853996083918e-06, 'epoch': 1.01}
{'loss': 0.5969, 'learning_rate': 6.798134412332236e-06, 'epoch': 1.01}
{'loss': 0.4936, 'learning_rate': 6.7924121248488565e-06, 'epoch': 1.01}
{'loss': 0.5711, 'learning_rate': 6.786687142237991e-06, 'epoch': 1.01}
{'loss': 0.5473, 'learning_rate': 6.780959473107903e-06, 'epoch': 1.01}
{'loss': 0.5995, 'learning_rate': 6.775229126070899e-06, 'epoch': 1.02}
{'loss': 0.5444, 'learning_rate': 6.769496109743309e-06, 'epoch': 1.02}
{'loss': 0.5477, 'learning_rate': 6.763760432745475e-06, 'epoch': 1.02}
{'loss': 0.5364, 'learning_rate': 6.7580221037017445e-06, 'epoch': 1.02}
{'loss': 0.5687, 'learning_rate': 6.7522811312404515e-06, 'epoch': 1.02}
{'loss': 0.6482, 'learning_rate': 6.7465375239939e-06, 'epoch': 1.02}
{'loss': 0.591, 'learning_rate': 6.740791290598362e-06, 'epoch': 1.02}
{'loss': 0.601, 'learning_rate': 6.735042439694055e-06, 'epoch': 1.02}
{'loss': 0.5237, 'learning_rate': 6.729290979925132e-06, 'epoch': 1.02}
{'loss': 0.5616, 'learning_rate': 6.723536919939669e-06, 'epoch': 1.02}
{'loss': 0.5821, 'learning_rate': 6.717780268389656e-06, 'epoch': 1.02}
{'loss': 0.5062, 'learning_rate': 6.712021033930972e-06, 'epoch': 1.02}
{'loss': 0.6223, 'learning_rate': 6.706259225223386e-06, 'epoch': 1.02}
{'loss': 0.5835, 'learning_rate': 6.7004948509305345e-06, 'epoch': 1.02}
{'loss': 0.5598, 'learning_rate': 6.694727919719913e-06, 'epoch': 1.02}
{'loss': 0.6256, 'learning_rate': 6.688958440262861e-06, 'epoch': 1.02}
{'loss': 0.5903, 'learning_rate': 6.683186421234552e-06, 'epoch': 1.03}
{'loss': 0.5738, 'learning_rate': 6.677411871313975e-06, 'epoch': 1.03}
{'loss': 0.5684, 'learning_rate': 6.671634799183923e-06, 'epoch': 1.03}
{'loss': 0.6318, 'learning_rate': 6.66585521353099e-06, 'epoch': 1.03}
{'loss': 0.606, 'learning_rate': 6.660073123045537e-06, 'epoch': 1.03}
{'loss': 0.6173, 'learning_rate': 6.6542885364217046e-06, 'epoch': 1.03}
{'loss': 0.4881, 'learning_rate': 6.648501462357374e-06, 'epoch': 1.03}
{'loss': 0.5603, 'learning_rate': 6.6427119095541745e-06, 'epoch': 1.03}
{'loss': 0.5741, 'learning_rate': 6.636919886717463e-06, 'epoch': 1.03}
{'loss': 0.559, 'learning_rate': 6.631125402556303e-06, 'epoch': 1.03}
{'loss': 0.451, 'learning_rate': 6.625328465783469e-06, 'epoch': 1.03}
{'loss': 0.5633, 'learning_rate': 6.6195290851154144e-06, 'epoch': 1.03}
{'loss': 0.5744, 'learning_rate': 6.613727269272276e-06, 'epoch': 1.03}
{'loss': 0.562, 'learning_rate': 6.607923026977841e-06, 'epoch': 1.03}
{'loss': 0.606, 'learning_rate': 6.602116366959556e-06, 'epoch': 1.03}
{'loss': 0.5477, 'learning_rate': 6.5963072979484986e-06, 'epoch': 1.03}
{'loss': 0.6048, 'learning_rate': 6.590495828679365e-06, 'epoch': 1.04}
{'loss': 0.6108, 'learning_rate': 6.584681967890466e-06, 'epoch': 1.04}
{'loss': 0.6087, 'learning_rate': 6.578865724323707e-06, 'epoch': 1.04}
{'loss': 0.5075, 'learning_rate': 6.573047106724574e-06, 'epoch': 1.04}
{'loss': 0.5311, 'learning_rate': 6.567226123842126e-06, 'epoch': 1.04}
{'loss': 0.645, 'learning_rate': 6.561402784428974e-06, 'epoch': 1.04}
{'loss': 0.547, 'learning_rate': 6.555577097241278e-06, 'epoch': 1.04}
{'loss': 0.5653, 'learning_rate': 6.549749071038724e-06, 'epoch': 1.04}
{'loss': 0.555, 'learning_rate': 6.5439187145845155e-06, 'epoch': 1.04}
{'loss': 0.581, 'learning_rate': 6.538086036645363e-06, 'epoch': 1.04}
{'loss': 0.5762, 'learning_rate': 6.5322510459914625e-06, 'epoch': 1.04}
{'loss': 0.6446, 'learning_rate': 6.526413751396492e-06, 'epoch': 1.04}
{'loss': 0.6138, 'learning_rate': 6.520574161637591e-06, 'epoch': 1.04}
{'loss': 0.645, 'learning_rate': 6.5147322854953506e-06, 'epoch': 1.04}
{'loss': 0.5957, 'learning_rate': 6.508888131753803e-06, 'epoch': 1.04}
{'loss': 0.5549, 'learning_rate': 6.503041709200399e-06, 'epoch': 1.04}
{'loss': 0.5905, 'learning_rate': 6.4971930266260075e-06, 'epoch': 1.05}
{'loss': 0.5626, 'learning_rate': 6.4913420928248905e-06, 'epoch': 1.05}
{'loss': 0.6089, 'learning_rate': 6.485488916594697e-06, 'epoch': 1.05}
{'loss': 0.5599, 'learning_rate': 6.479633506736447e-06, 'epoch': 1.05}
{'loss': 0.5501, 'learning_rate': 6.473775872054522e-06, 'epoch': 1.05}
{'loss': 0.5269, 'learning_rate': 6.467916021356644e-06, 'epoch': 1.05}
{'loss': 0.5825, 'learning_rate': 6.46205396345387e-06, 'epoch': 1.05}
{'loss': 0.5503, 'learning_rate': 6.456189707160577e-06, 'epoch': 1.05}
{'loss': 0.6236, 'learning_rate': 6.450323261294444e-06, 'epoch': 1.05}
{'loss': 0.5648, 'learning_rate': 6.444454634676447e-06, 'epoch': 1.05}
{'loss': 0.4828, 'learning_rate': 6.438583836130835e-06, 'epoch': 1.05}
{'loss': 0.64, 'learning_rate': 6.4327108744851285e-06, 'epoch': 1.05}
{'loss': 0.5734, 'learning_rate': 6.4268357585700984e-06, 'epoch': 1.05}
{'loss': 0.5998, 'learning_rate': 6.420958497219751e-06, 'epoch': 1.05}
{'loss': 0.5563, 'learning_rate': 6.415079099271328e-06, 'epoch': 1.05}
{'loss': 0.5261, 'learning_rate': 6.4091975735652725e-06, 'epoch': 1.05}
{'loss': 0.561, 'learning_rate': 6.403313928945235e-06, 'epoch': 1.06}
{'loss': 0.5533, 'learning_rate': 6.397428174258048e-06, 'epoch': 1.06}
{'loss': 0.5604, 'learning_rate': 6.39154031835372e-06, 'epoch': 1.06}
{'loss': 0.6373, 'learning_rate': 6.385650370085415e-06, 'epoch': 1.06}
{'loss': 0.6097, 'learning_rate': 6.379758338309446e-06, 'epoch': 1.06}
{'loss': 0.5911, 'learning_rate': 6.373864231885259e-06, 'epoch': 1.06}
{'loss': 0.5808, 'learning_rate': 6.367968059675418e-06, 'epoch': 1.06}
{'loss': 0.5312, 'learning_rate': 6.362069830545594e-06, 'epoch': 1.06}
{'loss': 0.5825, 'learning_rate': 6.3561695533645505e-06, 'epoch': 1.06}
{'loss': 0.6071, 'learning_rate': 6.350267237004131e-06, 'epoch': 1.06}
{'loss': 0.4813, 'learning_rate': 6.344362890339243e-06, 'epoch': 1.06}
{'loss': 0.589, 'learning_rate': 6.338456522247851e-06, 'epoch': 1.06}
{'loss': 0.607, 'learning_rate': 6.332548141610955e-06, 'epoch': 1.06}
{'loss': 0.6817, 'learning_rate': 6.3266377573125824e-06, 'epoch': 1.06}
{'loss': 0.5138, 'learning_rate': 6.320725378239776e-06, 'epoch': 1.06}
{'loss': 0.5881, 'learning_rate': 6.314811013282574e-06, 'epoch': 1.06}
{'loss': 0.5593, 'learning_rate': 6.3088946713340026e-06, 'epoch': 1.07}
{'loss': 0.5557, 'learning_rate': 6.302976361290061e-06, 'epoch': 1.07}
{'loss': 0.5795, 'learning_rate': 6.297056092049707e-06, 'epoch': 1.07}
{'loss': 0.5813, 'learning_rate': 6.2911338725148426e-06, 'epoch': 1.07}
{'loss': 0.5563, 'learning_rate': 6.285209711590306e-06, 'epoch': 1.07}
{'loss': 0.4987, 'learning_rate': 6.279283618183853e-06, 'epoch': 1.07}
{'loss': 0.5873, 'learning_rate': 6.273355601206143e-06, 'epoch': 1.07}
{'loss': 0.5056, 'learning_rate': 6.267425669570733e-06, 'epoch': 1.07}
{'loss': 0.664, 'learning_rate': 6.2614938321940525e-06, 'epoch': 1.07}
{'loss': 0.5227, 'learning_rate': 6.255560097995399e-06, 'epoch': 1.07}
{'loss': 0.5996, 'learning_rate': 6.249624475896925e-06, 'epoch': 1.07}
{'loss': 0.5481, 'learning_rate': 6.243686974823617e-06, 'epoch': 1.07}
{'loss': 0.5074, 'learning_rate': 6.237747603703291e-06, 'epoch': 1.07}
{'loss': 0.6433, 'learning_rate': 6.231806371466574e-06, 'epoch': 1.07}
{'loss': 0.527, 'learning_rate': 6.225863287046889e-06, 'epoch': 1.07}
{'loss': 0.601, 'learning_rate': 6.219918359380444e-06, 'epoch': 1.07}
{'loss': 0.5774, 'learning_rate': 6.213971597406221e-06, 'epoch': 1.08}
{'loss': 0.5633, 'learning_rate': 6.20802301006596e-06, 'epoch': 1.08}
{'loss': 0.6033, 'learning_rate': 6.202072606304144e-06, 'epoch': 1.08}
{'loss': 0.5398, 'learning_rate': 6.196120395067991e-06, 'epoch': 1.08}
{'loss': 0.6292, 'learning_rate': 6.190166385307428e-06, 'epoch': 1.08}
{'loss': 0.5344, 'learning_rate': 6.1842105859750965e-06, 'epoch': 1.08}
{'loss': 0.547, 'learning_rate': 6.178253006026324e-06, 'epoch': 1.08}
{'loss': 0.53, 'learning_rate': 6.1722936544191155e-06, 'epoch': 1.08}
{'loss': 0.613, 'learning_rate': 6.166332540114139e-06, 'epoch': 1.08}
{'loss': 0.608, 'learning_rate': 6.160369672074717e-06, 'epoch': 1.08}
{'loss': 0.6375, 'learning_rate': 6.154405059266803e-06, 'epoch': 1.08}
{'loss': 0.4918, 'learning_rate': 6.148438710658979e-06, 'epoch': 1.08}
{'loss': 0.6322, 'learning_rate': 6.142470635222435e-06, 'epoch': 1.08}
{'loss': 0.5567, 'learning_rate': 6.136500841930958e-06, 'epoch': 1.08}
{'loss': 0.5474, 'learning_rate': 6.130529339760917e-06, 'epoch': 1.08}
{'loss': 0.653, 'learning_rate': 6.124556137691252e-06, 'epoch': 1.08}
{'loss': 0.5725, 'learning_rate': 6.118581244703458e-06, 'epoch': 1.09}
{'loss': 0.5758, 'learning_rate': 6.112604669781572e-06, 'epoch': 1.09}
{'loss': 0.6311, 'learning_rate': 6.106626421912163e-06, 'epoch': 1.09}
{'loss': 0.6292, 'learning_rate': 6.100646510084313e-06, 'epoch': 1.09}
{'loss': 0.6419, 'learning_rate': 6.094664943289605e-06, 'epoch': 1.09}
{'loss': 0.5804, 'learning_rate': 6.0886817305221105e-06, 'epoch': 1.09}
{'loss': 0.5869, 'learning_rate': 6.082696880778379e-06, 'epoch': 1.09}
{'loss': 0.5524, 'learning_rate': 6.07671040305742e-06, 'epoch': 1.09}
{'loss': 0.5972, 'learning_rate': 6.07072230636069e-06, 'epoch': 1.09}
{'loss': 0.6178, 'learning_rate': 6.064732599692079e-06, 'epoch': 1.09}
{'loss': 0.6479, 'learning_rate': 6.058741292057901e-06, 'epoch': 1.09}
{'loss': 0.5953, 'learning_rate': 6.052748392466876e-06, 'epoch': 1.09}
{'loss': 0.5373, 'learning_rate': 6.046753909930116e-06, 'epoch': 1.09}
{'loss': 0.5935, 'learning_rate': 6.040757853461113e-06, 'epoch': 1.09}
{'loss': 0.5272, 'learning_rate': 6.034760232075729e-06, 'epoch': 1.09}
{'loss': 0.5598, 'learning_rate': 6.028761054792176e-06, 'epoch': 1.09}
{'loss': 0.5911, 'learning_rate': 6.022760330631006e-06, 'epoch': 1.1}
{'loss': 0.4972, 'learning_rate': 6.016758068615097e-06, 'epoch': 1.1}
{'loss': 0.6014, 'learning_rate': 6.010754277769641e-06, 'epoch': 1.1}
{'loss': 0.5761, 'learning_rate': 6.004748967122128e-06, 'epoch': 1.1}
{'loss': 0.5605, 'learning_rate': 5.998742145702332e-06, 'epoch': 1.1}
{'loss': 0.5862, 'learning_rate': 5.9927338225423e-06, 'epoch': 1.1}
{'loss': 0.55, 'learning_rate': 5.986724006676334e-06, 'epoch': 1.1}
{'loss': 0.5728, 'learning_rate': 5.980712707140985e-06, 'epoch': 1.1}
{'loss': 0.5777, 'learning_rate': 5.974699932975035e-06, 'epoch': 1.1}
{'loss': 0.5031, 'learning_rate': 5.968685693219477e-06, 'epoch': 1.1}
{'loss': 0.6012, 'learning_rate': 5.962669996917514e-06, 'epoch': 1.1}
{'loss': 0.5863, 'learning_rate': 5.9566528531145375e-06, 'epoch': 1.1}
{'loss': 0.5406, 'learning_rate': 5.950634270858112e-06, 'epoch': 1.1}
{'loss': 0.5495, 'learning_rate': 5.944614259197972e-06, 'epoch': 1.1}
{'loss': 0.5617, 'learning_rate': 5.938592827185994e-06, 'epoch': 1.1}
{'loss': 0.5769, 'learning_rate': 5.932569983876195e-06, 'epoch': 1.1}
{'loss': 0.5537, 'learning_rate': 5.926545738324713e-06, 'epoch': 1.11}
{'loss': 0.534, 'learning_rate': 5.920520099589791e-06, 'epoch': 1.11}
{'loss': 0.5742, 'learning_rate': 5.914493076731774e-06, 'epoch': 1.11}
{'loss': 0.6398, 'learning_rate': 5.908464678813081e-06, 'epoch': 1.11}
{'loss': 0.46, 'learning_rate': 5.9024349148982e-06, 'epoch': 1.11}
{'loss': 0.5522, 'learning_rate': 5.896403794053679e-06, 'epoch': 1.11}
{'loss': 0.6595, 'learning_rate': 5.890371325348099e-06, 'epoch': 1.11}
{'loss': 0.6299, 'learning_rate': 5.8843375178520704e-06, 'epoch': 1.11}
{'loss': 0.5217, 'learning_rate': 5.878302380638216e-06, 'epoch': 1.11}
{'loss': 0.5832, 'learning_rate': 5.872265922781162e-06, 'epoch': 1.11}
{'loss': 0.57, 'learning_rate': 5.866228153357514e-06, 'epoch': 1.11}
{'loss': 0.5361, 'learning_rate': 5.860189081445854e-06, 'epoch': 1.11}
{'loss': 0.541, 'learning_rate': 5.854148716126722e-06, 'epoch': 1.11}
{'loss': 0.4789, 'learning_rate': 5.8481070664826e-06, 'epoch': 1.11}
{'loss': 0.7151, 'learning_rate': 5.842064141597905e-06, 'epoch': 1.11}
{'loss': 0.6241, 'learning_rate': 5.83601995055897e-06, 'epoch': 1.11}
{'loss': 0.5928, 'learning_rate': 5.82997450245403e-06, 'epoch': 1.12}
{'loss': 0.6212, 'learning_rate': 5.823927806373212e-06, 'epoch': 1.12}
{'loss': 0.5282, 'learning_rate': 5.817879871408519e-06, 'epoch': 1.12}
{'loss': 0.5369, 'learning_rate': 5.811830706653819e-06, 'epoch': 1.12}
{'loss': 0.5949, 'learning_rate': 5.805780321204826e-06, 'epoch': 1.12}
{'loss': 0.5172, 'learning_rate': 5.799728724159091e-06, 'epoch': 1.12}
{'loss': 0.5851, 'learning_rate': 5.793675924615986e-06, 'epoch': 1.12}
{'loss': 0.5622, 'learning_rate': 5.7876219316766916e-06, 'epoch': 1.12}
{'loss': 0.5189, 'learning_rate': 5.781566754444181e-06, 'epoch': 1.12}
{'loss': 0.6155, 'learning_rate': 5.775510402023213e-06, 'epoch': 1.12}
{'loss': 0.6268, 'learning_rate': 5.76945288352031e-06, 'epoch': 1.12}
{'loss': 0.5226, 'learning_rate': 5.763394208043747e-06, 'epoch': 1.12}
{'loss': 0.663, 'learning_rate': 5.757334384703539e-06, 'epoch': 1.12}
{'loss': 0.6044, 'learning_rate': 5.75127342261143e-06, 'epoch': 1.12}
{'loss': 0.5144, 'learning_rate': 5.745211330880872e-06, 'epoch': 1.12}
{'loss': 0.6063, 'learning_rate': 5.7391481186270205e-06, 'epoch': 1.12}
{'loss': 0.6439, 'learning_rate': 5.73308379496671e-06, 'epoch': 1.13}
{'loss': 0.5858, 'learning_rate': 5.72701836901845e-06, 'epoch': 1.13}
{'loss': 0.5665, 'learning_rate': 5.720951849902408e-06, 'epoch': 1.13}
{'loss': 0.5758, 'learning_rate': 5.71488424674039e-06, 'epoch': 1.13}
{'loss': 0.591, 'learning_rate': 5.70881556865584e-06, 'epoch': 1.13}
{'loss': 0.5501, 'learning_rate': 5.702745824773811e-06, 'epoch': 1.13}
{'loss': 0.5019, 'learning_rate': 5.696675024220963e-06, 'epoch': 1.13}
{'loss': 0.5493, 'learning_rate': 5.6906031761255445e-06, 'epoch': 1.13}
{'loss': 0.5937, 'learning_rate': 5.684530289617377e-06, 'epoch': 1.13}
{'loss': 0.5758, 'learning_rate': 5.678456373827843e-06, 'epoch': 1.13}
{'loss': 0.5518, 'learning_rate': 5.672381437889876e-06, 'epoch': 1.13}
{'loss': 0.5635, 'learning_rate': 5.666305490937943e-06, 'epoch': 1.13}
{'loss': 0.5265, 'learning_rate': 5.660228542108026e-06, 'epoch': 1.13}
{'loss': 0.4736, 'learning_rate': 5.65415060053762e-06, 'epoch': 1.13}
{'loss': 0.5315, 'learning_rate': 5.648071675365708e-06, 'epoch': 1.13}
{'loss': 0.5649, 'learning_rate': 5.641991775732756e-06, 'epoch': 1.13}
{'loss': 0.6273, 'learning_rate': 5.6359109107806905e-06, 'epoch': 1.14}
{'loss': 0.6293, 'learning_rate': 5.629829089652894e-06, 'epoch': 1.14}
{'loss': 0.5232, 'learning_rate': 5.623746321494186e-06, 'epoch': 1.14}
{'loss': 0.5072, 'learning_rate': 5.617662615450805e-06, 'epoch': 1.14}
{'loss': 0.5101, 'learning_rate': 5.611577980670407e-06, 'epoch': 1.14}
{'loss': 0.5868, 'learning_rate': 5.605492426302042e-06, 'epoch': 1.14}
{'loss': 0.5428, 'learning_rate': 5.599405961496137e-06, 'epoch': 1.14}
{'loss': 0.5679, 'learning_rate': 5.5933185954044964e-06, 'epoch': 1.14}
{'loss': 0.5435, 'learning_rate': 5.587230337180275e-06, 'epoch': 1.14}
{'loss': 0.619, 'learning_rate': 5.581141195977969e-06, 'epoch': 1.14}
{'loss': 0.5422, 'learning_rate': 5.575051180953407e-06, 'epoch': 1.14}
{'loss': 0.4948, 'learning_rate': 5.568960301263724e-06, 'epoch': 1.14}
{'loss': 0.5017, 'learning_rate': 5.562868566067362e-06, 'epoch': 1.14}
{'loss': 0.5365, 'learning_rate': 5.556775984524044e-06, 'epoch': 1.14}
{'loss': 0.5638, 'learning_rate': 5.55068256579477e-06, 'epoch': 1.14}
{'loss': 0.5674, 'learning_rate': 5.544588319041797e-06, 'epoch': 1.14}
{'loss': 0.6352, 'learning_rate': 5.538493253428625e-06, 'epoch': 1.15}
{'loss': 0.5425, 'learning_rate': 5.532397378119989e-06, 'epoch': 1.15}
{'loss': 0.5401, 'learning_rate': 5.5263007022818385e-06, 'epoch': 1.15}
{'loss': 0.4567, 'learning_rate': 5.520203235081329e-06, 'epoch': 1.15}
{'loss': 0.5878, 'learning_rate': 5.514104985686802e-06, 'epoch': 1.15}
{'loss': 0.5777, 'learning_rate': 5.508005963267782e-06, 'epoch': 1.15}
{'loss': 0.5337, 'learning_rate': 5.501906176994949e-06, 'epoch': 1.15}
{'loss': 0.5331, 'learning_rate': 5.495805636040135e-06, 'epoch': 1.15}
{'loss': 0.6223, 'learning_rate': 5.489704349576306e-06, 'epoch': 1.15}
{'loss': 0.5331, 'learning_rate': 5.483602326777549e-06, 'epoch': 1.15}
{'loss': 0.6021, 'learning_rate': 5.4774995768190595e-06, 'epoch': 1.15}
{'loss': 0.5388, 'learning_rate': 5.471396108877123e-06, 'epoch': 1.15}
{'loss': 0.6172, 'learning_rate': 5.465291932129107e-06, 'epoch': 1.15}
{'loss': 0.5322, 'learning_rate': 5.459187055753446e-06, 'epoch': 1.15}
{'loss': 0.5821, 'learning_rate': 5.453081488929625e-06, 'epoch': 1.15}
{'loss': 0.5172, 'learning_rate': 5.446975240838165e-06, 'epoch': 1.15}
{'loss': 0.5553, 'learning_rate': 5.440868320660614e-06, 'epoch': 1.16}
{'loss': 0.5244, 'learning_rate': 5.434760737579532e-06, 'epoch': 1.16}
{'loss': 0.5353, 'learning_rate': 5.428652500778472e-06, 'epoch': 1.16}
{'loss': 0.5407, 'learning_rate': 5.422543619441973e-06, 'epoch': 1.16}
{'loss': 0.5662, 'learning_rate': 5.416434102755541e-06, 'epoch': 1.16}
{'loss': 0.5643, 'learning_rate': 5.410323959905638e-06, 'epoch': 1.16}
{'loss': 0.4644, 'learning_rate': 5.404213200079669e-06, 'epoch': 1.16}
{'loss': 0.5535, 'learning_rate': 5.3981018324659654e-06, 'epoch': 1.16}
{'loss': 0.5546, 'learning_rate': 5.391989866253772e-06, 'epoch': 1.16}
{'loss': 0.5422, 'learning_rate': 5.385877310633233e-06, 'epoch': 1.16}
{'loss': 0.5307, 'learning_rate': 5.379764174795382e-06, 'epoch': 1.16}
{'loss': 0.5478, 'learning_rate': 5.373650467932122e-06, 'epoch': 1.16}
{'loss': 0.605, 'learning_rate': 5.3675361992362176e-06, 'epoch': 1.16}
{'loss': 0.6035, 'learning_rate': 5.3614213779012735e-06, 'epoch': 1.16}
{'loss': 0.5535, 'learning_rate': 5.35530601312173e-06, 'epoch': 1.16}
{'loss': 0.5753, 'learning_rate': 5.349190114092842e-06, 'epoch': 1.16}
{'loss': 0.637, 'learning_rate': 5.3430736900106715e-06, 'epoch': 1.17}
{'loss': 0.602, 'learning_rate': 5.336956750072063e-06, 'epoch': 1.17}
{'loss': 0.5634, 'learning_rate': 5.330839303474641e-06, 'epoch': 1.17}
{'loss': 0.5098, 'learning_rate': 5.324721359416794e-06, 'epoch': 1.17}
{'loss': 0.5471, 'learning_rate': 5.318602927097652e-06, 'epoch': 1.17}
{'loss': 0.4958, 'learning_rate': 5.312484015717087e-06, 'epoch': 1.17}
{'loss': 0.5489, 'learning_rate': 5.306364634475684e-06, 'epoch': 1.17}
{'loss': 0.6099, 'learning_rate': 5.300244792574743e-06, 'epoch': 1.17}
{'loss': 0.5504, 'learning_rate': 5.294124499216246e-06, 'epoch': 1.17}
{'loss': 0.5695, 'learning_rate': 5.288003763602862e-06, 'epoch': 1.17}
{'loss': 0.625, 'learning_rate': 5.281882594937923e-06, 'epoch': 1.17}
{'loss': 0.5943, 'learning_rate': 5.275761002425411e-06, 'epoch': 1.17}
{'loss': 0.558, 'learning_rate': 5.269638995269945e-06, 'epoch': 1.17}
{'loss': 0.5008, 'learning_rate': 5.263516582676767e-06, 'epoch': 1.17}
{'loss': 0.5292, 'learning_rate': 5.257393773851733e-06, 'epoch': 1.17}
{'loss': 0.5341, 'learning_rate': 5.2512705780012915e-06, 'epoch': 1.17}
{'loss': 0.4488, 'learning_rate': 5.245147004332471e-06, 'epoch': 1.18}
{'loss': 0.5697, 'learning_rate': 5.239023062052873e-06, 'epoch': 1.18}
{'loss': 0.517, 'learning_rate': 5.232898760370648e-06, 'epoch': 1.18}
{'loss': 0.6717, 'learning_rate': 5.226774108494491e-06, 'epoch': 1.18}
{'loss': 0.5713, 'learning_rate': 5.220649115633621e-06, 'epoch': 1.18}
{'loss': 0.607, 'learning_rate': 5.214523790997773e-06, 'epoch': 1.18}
{'loss': 0.6059, 'learning_rate': 5.208398143797176e-06, 'epoch': 1.18}
{'loss': 0.5779, 'learning_rate': 5.202272183242547e-06, 'epoch': 1.18}
{'loss': 0.5093, 'learning_rate': 5.196145918545075e-06, 'epoch': 1.18}
{'loss': 0.6024, 'learning_rate': 5.190019358916404e-06, 'epoch': 1.18}
{'loss': 0.5247, 'learning_rate': 5.183892513568622e-06, 'epoch': 1.18}
{'loss': 0.4787, 'learning_rate': 5.177765391714249e-06, 'epoch': 1.18}
{'loss': 0.56, 'learning_rate': 5.171638002566218e-06, 'epoch': 1.18}
{'loss': 0.5942, 'learning_rate': 5.165510355337865e-06, 'epoch': 1.18}
{'loss': 0.5442, 'learning_rate': 5.159382459242914e-06, 'epoch': 1.18}
{'loss': 0.5477, 'learning_rate': 5.153254323495465e-06, 'epoch': 1.18}
{'loss': 0.5367, 'learning_rate': 5.147125957309972e-06, 'epoch': 1.19}
{'loss': 0.5388, 'learning_rate': 5.140997369901243e-06, 'epoch': 1.19}
{'loss': 0.4655, 'learning_rate': 5.134868570484415e-06, 'epoch': 1.19}
{'loss': 0.5798, 'learning_rate': 5.1287395682749444e-06, 'epoch': 1.19}
{'loss': 0.5438, 'learning_rate': 5.122610372488592e-06, 'epoch': 1.19}
{'loss': 0.5495, 'learning_rate': 5.116480992341412e-06, 'epoch': 1.19}
{'loss': 0.5468, 'learning_rate': 5.110351437049731e-06, 'epoch': 1.19}
{'loss': 0.6199, 'learning_rate': 5.104221715830145e-06, 'epoch': 1.19}
{'loss': 0.5671, 'learning_rate': 5.098091837899495e-06, 'epoch': 1.19}
{'loss': 0.5917, 'learning_rate': 5.091961812474861e-06, 'epoch': 1.19}
{'loss': 0.5049, 'learning_rate': 5.0858316487735385e-06, 'epoch': 1.19}
{'loss': 0.5935, 'learning_rate': 5.0797013560130385e-06, 'epoch': 1.19}
{'loss': 0.5467, 'learning_rate': 5.073570943411061e-06, 'epoch': 1.19}
{'loss': 0.4669, 'learning_rate': 5.067440420185491e-06, 'epoch': 1.19}
{'loss': 0.5567, 'learning_rate': 5.061309795554375e-06, 'epoch': 1.19}
{'loss': 0.5531, 'learning_rate': 5.055179078735912e-06, 'epoch': 1.19}
{'loss': 0.494, 'learning_rate': 5.049048278948445e-06, 'epoch': 1.2}
{'loss': 0.611, 'learning_rate': 5.042917405410436e-06, 'epoch': 1.2}
{'loss': 0.5331, 'learning_rate': 5.03678646734046e-06, 'epoch': 1.2}
{'loss': 0.5879, 'learning_rate': 5.030655473957192e-06, 'epoch': 1.2}
{'loss': 0.6451, 'learning_rate': 5.024524434479383e-06, 'epoch': 1.2}
{'loss': 0.5297, 'learning_rate': 5.0183933581258606e-06, 'epoch': 1.2}
{'loss': 0.5955, 'learning_rate': 5.012262254115503e-06, 'epoch': 1.2}
{'loss': 0.5491, 'learning_rate': 5.006131131667233e-06, 'epoch': 1.2}
{'loss': 0.62, 'learning_rate': 5e-06, 'epoch': 1.2}
{'loss': 0.5743, 'learning_rate': 4.993868868332768e-06, 'epoch': 1.2}
{'loss': 0.5263, 'learning_rate': 4.987737745884499e-06, 'epoch': 1.2}
{'loss': 0.5948, 'learning_rate': 4.981606641874141e-06, 'epoch': 1.2}
{'loss': 0.6042, 'learning_rate': 4.975475565520618e-06, 'epoch': 1.2}
{'loss': 0.6271, 'learning_rate': 4.96934452604281e-06, 'epoch': 1.2}
{'loss': 0.5569, 'learning_rate': 4.963213532659541e-06, 'epoch': 1.2}
{'loss': 0.5884, 'learning_rate': 4.957082594589566e-06, 'epoch': 1.2}
{'loss': 0.5451, 'learning_rate': 4.9509517210515566e-06, 'epoch': 1.21}
{'loss': 0.6279, 'learning_rate': 4.944820921264089e-06, 'epoch': 1.21}
{'loss': 0.5878, 'learning_rate': 4.938690204445628e-06, 'epoch': 1.21}
{'loss': 0.57, 'learning_rate': 4.93255957981451e-06, 'epoch': 1.21}
{'loss': 0.5193, 'learning_rate': 4.92642905658894e-06, 'epoch': 1.21}
{'loss': 0.5178, 'learning_rate': 4.920298643986963e-06, 'epoch': 1.21}
{'loss': 0.6036, 'learning_rate': 4.914168351226463e-06, 'epoch': 1.21}
{'loss': 0.5824, 'learning_rate': 4.908038187525142e-06, 'epoch': 1.21}
{'loss': 0.4804, 'learning_rate': 4.901908162100507e-06, 'epoch': 1.21}
{'loss': 0.5924, 'learning_rate': 4.8957782841698566e-06, 'epoch': 1.21}
{'loss': 0.5325, 'learning_rate': 4.8896485629502705e-06, 'epoch': 1.21}
{'loss': 0.5667, 'learning_rate': 4.88351900765859e-06, 'epoch': 1.21}
{'loss': 0.5962, 'learning_rate': 4.8773896275114095e-06, 'epoch': 1.21}
{'loss': 0.5665, 'learning_rate': 4.871260431725058e-06, 'epoch': 1.21}
{'loss': 0.6195, 'learning_rate': 4.865131429515587e-06, 'epoch': 1.21}
{'loss': 0.5651, 'learning_rate': 4.859002630098759e-06, 'epoch': 1.21}
{'loss': 0.5602, 'learning_rate': 4.85287404269003e-06, 'epoch': 1.22}
{'loss': 0.5655, 'learning_rate': 4.8467456765045375e-06, 'epoch': 1.22}
{'loss': 0.5431, 'learning_rate': 4.840617540757088e-06, 'epoch': 1.22}
{'loss': 0.6262, 'learning_rate': 4.834489644662137e-06, 'epoch': 1.22}
{'loss': 0.5906, 'learning_rate': 4.828361997433783e-06, 'epoch': 1.22}
{'loss': 0.5237, 'learning_rate': 4.822234608285752e-06, 'epoch': 1.22}
{'loss': 0.5324, 'learning_rate': 4.816107486431379e-06, 'epoch': 1.22}
{'loss': 0.5415, 'learning_rate': 4.809980641083598e-06, 'epoch': 1.22}
{'loss': 0.5579, 'learning_rate': 4.803854081454927e-06, 'epoch': 1.22}
{'loss': 0.5469, 'learning_rate': 4.797727816757454e-06, 'epoch': 1.22}
{'loss': 0.5231, 'learning_rate': 4.791601856202825e-06, 'epoch': 1.22}
{'loss': 0.6054, 'learning_rate': 4.7854762090022274e-06, 'epoch': 1.22}
{'loss': 0.5767, 'learning_rate': 4.77935088436638e-06, 'epoch': 1.22}
{'loss': 0.6565, 'learning_rate': 4.7732258915055104e-06, 'epoch': 1.22}
{'loss': 0.6398, 'learning_rate': 4.7671012396293535e-06, 'epoch': 1.22}
{'loss': 0.5435, 'learning_rate': 4.760976937947128e-06, 'epoch': 1.22}
{'loss': 0.5958, 'learning_rate': 4.7548529956675296e-06, 'epoch': 1.23}
{'loss': 0.4533, 'learning_rate': 4.748729421998709e-06, 'epoch': 1.23}
{'loss': 0.6188, 'learning_rate': 4.742606226148268e-06, 'epoch': 1.23}
{'loss': 0.5591, 'learning_rate': 4.7364834173232335e-06, 'epoch': 1.23}
{'loss': 0.5132, 'learning_rate': 4.730361004730058e-06, 'epoch': 1.23}
{'loss': 0.5169, 'learning_rate': 4.724238997574591e-06, 'epoch': 1.23}
{'loss': 0.5626, 'learning_rate': 4.718117405062078e-06, 'epoch': 1.23}
{'loss': 0.5395, 'learning_rate': 4.711996236397139e-06, 'epoch': 1.23}
{'loss': 0.5063, 'learning_rate': 4.705875500783756e-06, 'epoch': 1.23}
{'loss': 0.577, 'learning_rate': 4.699755207425259e-06, 'epoch': 1.23}
{'loss': 0.6374, 'learning_rate': 4.6936353655243165e-06, 'epoch': 1.23}
{'loss': 0.5863, 'learning_rate': 4.687515984282915e-06, 'epoch': 1.23}
{'loss': 0.598, 'learning_rate': 4.6813970729023494e-06, 'epoch': 1.23}
{'loss': 0.5694, 'learning_rate': 4.675278640583209e-06, 'epoch': 1.23}
{'loss': 0.608, 'learning_rate': 4.66916069652536e-06, 'epoch': 1.23}
{'loss': 0.504, 'learning_rate': 4.663043249927939e-06, 'epoch': 1.23}
{'loss': 0.5806, 'learning_rate': 4.65692630998933e-06, 'epoch': 1.24}
{'loss': 0.5391, 'learning_rate': 4.6508098859071585e-06, 'epoch': 1.24}
{'loss': 0.669, 'learning_rate': 4.644693986878271e-06, 'epoch': 1.24}
{'loss': 0.5787, 'learning_rate': 4.638578622098728e-06, 'epoch': 1.24}
{'loss': 0.5694, 'learning_rate': 4.632463800763785e-06, 'epoch': 1.24}
{'loss': 0.6552, 'learning_rate': 4.626349532067879e-06, 'epoch': 1.24}
{'loss': 0.5638, 'learning_rate': 4.6202358252046195e-06, 'epoch': 1.24}
{'loss': 0.6053, 'learning_rate': 4.614122689366769e-06, 'epoch': 1.24}
{'loss': 0.5718, 'learning_rate': 4.608010133746229e-06, 'epoch': 1.24}
{'loss': 0.5664, 'learning_rate': 4.601898167534035e-06, 'epoch': 1.24}
{'loss': 0.567, 'learning_rate': 4.595786799920331e-06, 'epoch': 1.24}
{'loss': 0.6024, 'learning_rate': 4.589676040094363e-06, 'epoch': 1.24}
{'loss': 0.5062, 'learning_rate': 4.58356589724446e-06, 'epoch': 1.24}
{'loss': 0.5933, 'learning_rate': 4.577456380558028e-06, 'epoch': 1.24}
{'loss': 0.4619, 'learning_rate': 4.571347499221528e-06, 'epoch': 1.24}
{'loss': 0.5116, 'learning_rate': 4.565239262420469e-06, 'epoch': 1.24}
{'loss': 0.5511, 'learning_rate': 4.559131679339386e-06, 'epoch': 1.25}
{'loss': 0.4817, 'learning_rate': 4.553024759161836e-06, 'epoch': 1.25}
{'loss': 0.5884, 'learning_rate': 4.546918511070376e-06, 'epoch': 1.25}
{'loss': 0.614, 'learning_rate': 4.540812944246554e-06, 'epoch': 1.25}
{'loss': 0.6073, 'learning_rate': 4.534708067870893e-06, 'epoch': 1.25}
{'loss': 0.561, 'learning_rate': 4.528603891122878e-06, 'epoch': 1.25}
{'loss': 0.4947, 'learning_rate': 4.522500423180942e-06, 'epoch': 1.25}
{'loss': 0.6142, 'learning_rate': 4.516397673222451e-06, 'epoch': 1.25}
{'loss': 0.6345, 'learning_rate': 4.510295650423695e-06, 'epoch': 1.25}
{'loss': 0.6098, 'learning_rate': 4.504194363959865e-06, 'epoch': 1.25}
{'loss': 0.564, 'learning_rate': 4.498093823005052e-06, 'epoch': 1.25}
{'loss': 0.4997, 'learning_rate': 4.491994036732219e-06, 'epoch': 1.25}
{'loss': 0.5612, 'learning_rate': 4.485895014313198e-06, 'epoch': 1.25}
{'loss': 0.6054, 'learning_rate': 4.479796764918672e-06, 'epoch': 1.25}
{'loss': 0.6018, 'learning_rate': 4.473699297718162e-06, 'epoch': 1.25}
{'loss': 0.5509, 'learning_rate': 4.467602621880011e-06, 'epoch': 1.25}
{'loss': 0.6104, 'learning_rate': 4.4615067465713755e-06, 'epoch': 1.26}
{'loss': 0.5196, 'learning_rate': 4.455411680958204e-06, 'epoch': 1.26}
{'loss': 0.6156, 'learning_rate': 4.44931743420523e-06, 'epoch': 1.26}
{'loss': 0.6334, 'learning_rate': 4.443224015475956e-06, 'epoch': 1.26}
{'loss': 0.5697, 'learning_rate': 4.437131433932639e-06, 'epoch': 1.26}
{'loss': 0.5483, 'learning_rate': 4.431039698736276e-06, 'epoch': 1.26}
{'loss': 0.627, 'learning_rate': 4.4249488190465935e-06, 'epoch': 1.26}
{'loss': 0.5208, 'learning_rate': 4.418858804022031e-06, 'epoch': 1.26}
{'loss': 0.5871, 'learning_rate': 4.412769662819726e-06, 'epoch': 1.26}
{'loss': 0.5423, 'learning_rate': 4.406681404595504e-06, 'epoch': 1.26}
{'loss': 0.6722, 'learning_rate': 4.400594038503864e-06, 'epoch': 1.26}
{'loss': 0.5683, 'learning_rate': 4.39450757369796e-06, 'epoch': 1.26}
{'loss': 0.5266, 'learning_rate': 4.388422019329593e-06, 'epoch': 1.26}
{'loss': 0.526, 'learning_rate': 4.3823373845491954e-06, 'epoch': 1.26}
{'loss': 0.4941, 'learning_rate': 4.376253678505815e-06, 'epoch': 1.26}
{'loss': 0.5483, 'learning_rate': 4.3701709103471055e-06, 'epoch': 1.26}
{'loss': 0.5581, 'learning_rate': 4.36408908921931e-06, 'epoch': 1.27}
{'loss': 0.5914, 'learning_rate': 4.358008224267245e-06, 'epoch': 1.27}
{'loss': 0.6304, 'learning_rate': 4.351928324634293e-06, 'epoch': 1.27}
{'loss': 0.6092, 'learning_rate': 4.345849399462381e-06, 'epoch': 1.27}
{'loss': 0.564, 'learning_rate': 4.3397714578919745e-06, 'epoch': 1.27}
{'loss': 0.6002, 'learning_rate': 4.333694509062058e-06, 'epoch': 1.27}
{'loss': 0.5987, 'learning_rate': 4.327618562110124e-06, 'epoch': 1.27}
{'loss': 0.6142, 'learning_rate': 4.321543626172157e-06, 'epoch': 1.27}
{'loss': 0.5862, 'learning_rate': 4.3154697103826235e-06, 'epoch': 1.27}
{'loss': 0.5032, 'learning_rate': 4.3093968238744554e-06, 'epoch': 1.27}
{'loss': 0.5354, 'learning_rate': 4.303324975779036e-06, 'epoch': 1.27}
{'loss': 0.6053, 'learning_rate': 4.297254175226189e-06, 'epoch': 1.27}
{'loss': 0.5189, 'learning_rate': 4.291184431344161e-06, 'epoch': 1.27}
{'loss': 0.582, 'learning_rate': 4.28511575325961e-06, 'epoch': 1.27}
{'loss': 0.5559, 'learning_rate': 4.279048150097595e-06, 'epoch': 1.27}
{'loss': 0.56, 'learning_rate': 4.272981630981551e-06, 'epoch': 1.27}
{'loss': 0.6143, 'learning_rate': 4.266916205033291e-06, 'epoch': 1.28}
{'loss': 0.5981, 'learning_rate': 4.26085188137298e-06, 'epoch': 1.28}
{'loss': 0.688, 'learning_rate': 4.254788669119127e-06, 'epoch': 1.28}
{'loss': 0.6879, 'learning_rate': 4.24872657738857e-06, 'epoch': 1.28}
{'loss': 0.6201, 'learning_rate': 4.242665615296461e-06, 'epoch': 1.28}
{'loss': 0.5015, 'learning_rate': 4.236605791956254e-06, 'epoch': 1.28}
{'loss': 0.5964, 'learning_rate': 4.230547116479691e-06, 'epoch': 1.28}
{'loss': 0.5263, 'learning_rate': 4.224489597976787e-06, 'epoch': 1.28}
{'loss': 0.5525, 'learning_rate': 4.21843324555582e-06, 'epoch': 1.28}
{'loss': 0.5638, 'learning_rate': 4.212378068323312e-06, 'epoch': 1.28}
{'loss': 0.6175, 'learning_rate': 4.206324075384017e-06, 'epoch': 1.28}
{'loss': 0.5784, 'learning_rate': 4.200271275840911e-06, 'epoch': 1.28}
{'loss': 0.5166, 'learning_rate': 4.194219678795176e-06, 'epoch': 1.28}
{'loss': 0.5882, 'learning_rate': 4.1881692933461835e-06, 'epoch': 1.28}
{'loss': 0.5587, 'learning_rate': 4.182120128591483e-06, 'epoch': 1.28}
{'loss': 0.5517, 'learning_rate': 4.176072193626791e-06, 'epoch': 1.28}
{'loss': 0.5474, 'learning_rate': 4.170025497545973e-06, 'epoch': 1.29}
{'loss': 0.6403, 'learning_rate': 4.163980049441033e-06, 'epoch': 1.29}
{'loss': 0.5473, 'learning_rate': 4.157935858402097e-06, 'epoch': 1.29}
{'loss': 0.5899, 'learning_rate': 4.151892933517402e-06, 'epoch': 1.29}
{'loss': 0.5802, 'learning_rate': 4.14585128387328e-06, 'epoch': 1.29}
{'loss': 0.5554, 'learning_rate': 4.139810918554147e-06, 'epoch': 1.29}
{'loss': 0.5395, 'learning_rate': 4.133771846642488e-06, 'epoch': 1.29}
{'loss': 0.5199, 'learning_rate': 4.1277340772188404e-06, 'epoch': 1.29}
{'loss': 0.4866, 'learning_rate': 4.121697619361786e-06, 'epoch': 1.29}
{'loss': 0.6463, 'learning_rate': 4.115662482147932e-06, 'epoch': 1.29}
{'loss': 0.6114, 'learning_rate': 4.109628674651904e-06, 'epoch': 1.29}
{'loss': 0.5483, 'learning_rate': 4.103596205946323e-06, 'epoch': 1.29}
{'loss': 0.6584, 'learning_rate': 4.097565085101801e-06, 'epoch': 1.29}
{'loss': 0.5373, 'learning_rate': 4.091535321186921e-06, 'epoch': 1.29}
{'loss': 0.5312, 'learning_rate': 4.085506923268227e-06, 'epoch': 1.29}
{'loss': 0.5917, 'learning_rate': 4.07947990041021e-06, 'epoch': 1.29}
{'loss': 0.5841, 'learning_rate': 4.073454261675289e-06, 'epoch': 1.3}
{'loss': 0.598, 'learning_rate': 4.067430016123806e-06, 'epoch': 1.3}
{'loss': 0.5281, 'learning_rate': 4.061407172814008e-06, 'epoch': 1.3}
{'loss': 0.582, 'learning_rate': 4.055385740802031e-06, 'epoch': 1.3}
{'loss': 0.5151, 'learning_rate': 4.04936572914189e-06, 'epoch': 1.3}
{'loss': 0.5729, 'learning_rate': 4.043347146885466e-06, 'epoch': 1.3}
{'loss': 0.6496, 'learning_rate': 4.037330003082488e-06, 'epoch': 1.3}
{'loss': 0.6133, 'learning_rate': 4.0313143067805255e-06, 'epoch': 1.3}
{'loss': 0.515, 'learning_rate': 4.025300067024968e-06, 'epoch': 1.3}
{'loss': 0.61, 'learning_rate': 4.019287292859016e-06, 'epoch': 1.3}
{'loss': 0.5938, 'learning_rate': 4.013275993323667e-06, 'epoch': 1.3}
{'loss': 0.5382, 'learning_rate': 4.007266177457703e-06, 'epoch': 1.3}
{'loss': 0.5888, 'learning_rate': 4.001257854297671e-06, 'epoch': 1.3}
{'loss': 0.5373, 'learning_rate': 3.995251032877874e-06, 'epoch': 1.3}
{'loss': 0.6396, 'learning_rate': 3.989245722230361e-06, 'epoch': 1.3}
{'loss': 0.5159, 'learning_rate': 3.983241931384905e-06, 'epoch': 1.3}
{'loss': 0.5582, 'learning_rate': 3.977239669368998e-06, 'epoch': 1.31}
{'loss': 0.524, 'learning_rate': 3.971238945207827e-06, 'epoch': 1.31}
{'loss': 0.5725, 'learning_rate': 3.9652397679242736e-06, 'epoch': 1.31}
{'loss': 0.5604, 'learning_rate': 3.959242146538889e-06, 'epoch': 1.31}
{'loss': 0.4694, 'learning_rate': 3.953246090069886e-06, 'epoch': 1.31}
{'loss': 0.5153, 'learning_rate': 3.947251607533125e-06, 'epoch': 1.31}
{'loss': 0.5716, 'learning_rate': 3.941258707942101e-06, 'epoch': 1.31}
{'loss': 0.5643, 'learning_rate': 3.9352674003079225e-06, 'epoch': 1.31}
{'loss': 0.5105, 'learning_rate': 3.929277693639313e-06, 'epoch': 1.31}
{'loss': 0.5995, 'learning_rate': 3.923289596942583e-06, 'epoch': 1.31}
{'loss': 0.513, 'learning_rate': 3.917303119221623e-06, 'epoch': 1.31}
{'loss': 0.5267, 'learning_rate': 3.911318269477892e-06, 'epoch': 1.31}
{'loss': 0.5432, 'learning_rate': 3.905335056710399e-06, 'epoch': 1.31}
{'loss': 0.5269, 'learning_rate': 3.89935348991569e-06, 'epoch': 1.31}
{'loss': 0.5783, 'learning_rate': 3.893373578087838e-06, 'epoch': 1.31}
{'loss': 0.5608, 'learning_rate': 3.887395330218429e-06, 'epoch': 1.31}
{'loss': 0.5671, 'learning_rate': 3.881418755296545e-06, 'epoch': 1.32}
{'loss': 0.5297, 'learning_rate': 3.8754438623087506e-06, 'epoch': 1.32}
{'loss': 0.5746, 'learning_rate': 3.869470660239085e-06, 'epoch': 1.32}
{'loss': 0.546, 'learning_rate': 3.863499158069044e-06, 'epoch': 1.32}
{'loss': 0.5483, 'learning_rate': 3.857529364777567e-06, 'epoch': 1.32}
{'loss': 0.5503, 'learning_rate': 3.851561289341023e-06, 'epoch': 1.32}
{'loss': 0.5159, 'learning_rate': 3.845594940733199e-06, 'epoch': 1.32}
{'loss': 0.5296, 'learning_rate': 3.839630327925285e-06, 'epoch': 1.32}
{'loss': 0.4762, 'learning_rate': 3.833667459885862e-06, 'epoch': 1.32}
{'loss': 0.5767, 'learning_rate': 3.827706345580886e-06, 'epoch': 1.32}
{'loss': 0.6163, 'learning_rate': 3.821746993973678e-06, 'epoch': 1.32}
{'loss': 0.5558, 'learning_rate': 3.815789414024904e-06, 'epoch': 1.32}
{'loss': 0.578, 'learning_rate': 3.8098336146925728e-06, 'epoch': 1.32}
{'loss': 0.4839, 'learning_rate': 3.8038796049320114e-06, 'epoch': 1.32}
{'loss': 0.627, 'learning_rate': 3.7979273936958565e-06, 'epoch': 1.32}
{'loss': 0.5481, 'learning_rate': 3.7919769899340407e-06, 'epoch': 1.32}
{'loss': 0.5179, 'learning_rate': 3.78602840259378e-06, 'epoch': 1.33}
{'loss': 0.5736, 'learning_rate': 3.780081640619558e-06, 'epoch': 1.33}
{'loss': 0.5905, 'learning_rate': 3.774136712953113e-06, 'epoch': 1.33}
{'loss': 0.4623, 'learning_rate': 3.768193628533427e-06, 'epoch': 1.33}
{'loss': 0.6434, 'learning_rate': 3.7622523962967094e-06, 'epoch': 1.33}
{'loss': 0.5654, 'learning_rate': 3.756313025176384e-06, 'epoch': 1.33}
{'loss': 0.5973, 'learning_rate': 3.750375524103077e-06, 'epoch': 1.33}
{'loss': 0.6318, 'learning_rate': 3.744439902004603e-06, 'epoch': 1.33}
{'loss': 0.5365, 'learning_rate': 3.7385061678059496e-06, 'epoch': 1.33}
{'loss': 0.525, 'learning_rate': 3.732574330429268e-06, 'epoch': 1.33}
{'loss': 0.565, 'learning_rate': 3.726644398793857e-06, 'epoch': 1.33}
{'loss': 0.5639, 'learning_rate': 3.720716381816148e-06, 'epoch': 1.33}
{'loss': 0.4882, 'learning_rate': 3.714790288409695e-06, 'epoch': 1.33}
{'loss': 0.5236, 'learning_rate': 3.7088661274851583e-06, 'epoch': 1.33}
{'loss': 0.5107, 'learning_rate': 3.702943907950295e-06, 'epoch': 1.33}
{'loss': 0.5709, 'learning_rate': 3.697023638709941e-06, 'epoch': 1.33}
{'loss': 0.5852, 'learning_rate': 3.691105328665999e-06, 'epoch': 1.33}
{'loss': 0.5707, 'learning_rate': 3.685188986717427e-06, 'epoch': 1.34}
{'loss': 0.6214, 'learning_rate': 3.6792746217602254e-06, 'epoch': 1.34}
{'loss': 0.565, 'learning_rate': 3.6733622426874184e-06, 'epoch': 1.34}
{'loss': 0.551, 'learning_rate': 3.6674518583890466e-06, 'epoch': 1.34}
{'loss': 0.6305, 'learning_rate': 3.661543477752151e-06, 'epoch': 1.34}
{'loss': 0.6046, 'learning_rate': 3.6556371096607577e-06, 'epoch': 1.34}
{'loss': 0.5982, 'learning_rate': 3.6497327629958706e-06, 'epoch': 1.34}
{'loss': 0.5749, 'learning_rate': 3.6438304466354503e-06, 'epoch': 1.34}
{'loss': 0.657, 'learning_rate': 3.6379301694544073e-06, 'epoch': 1.34}
{'loss': 0.5831, 'learning_rate': 3.632031940324583e-06, 'epoch': 1.34}
{'loss': 0.5069, 'learning_rate': 3.6261357681147425e-06, 'epoch': 1.34}
{'loss': 0.5965, 'learning_rate': 3.620241661690555e-06, 'epoch': 1.34}
{'loss': 0.5625, 'learning_rate': 3.6143496299145866e-06, 'epoch': 1.34}
{'loss': 0.5004, 'learning_rate': 3.6084596816462823e-06, 'epoch': 1.34}
{'loss': 0.5597, 'learning_rate': 3.6025718257419532e-06, 'epoch': 1.34}
{'loss': 0.5596, 'learning_rate': 3.596686071054767e-06, 'epoch': 1.34}
{'loss': 0.6166, 'learning_rate': 3.5908024264347283e-06, 'epoch': 1.35}
{'loss': 0.5693, 'learning_rate': 3.5849209007286734e-06, 'epoch': 1.35}
{'loss': 0.5868, 'learning_rate': 3.5790415027802494e-06, 'epoch': 1.35}
{'loss': 0.5302, 'learning_rate': 3.573164241429904e-06, 'epoch': 1.35}
{'loss': 0.4491, 'learning_rate': 3.5672891255148723e-06, 'epoch': 1.35}
{'loss': 0.5972, 'learning_rate': 3.5614161638691657e-06, 'epoch': 1.35}
{'loss': 0.5493, 'learning_rate': 3.555545365323555e-06, 'epoch': 1.35}
{'loss': 0.505, 'learning_rate': 3.5496767387055566e-06, 'epoch': 1.35}
{'loss': 0.5873, 'learning_rate': 3.543810292839424e-06, 'epoch': 1.35}
{'loss': 0.5496, 'learning_rate': 3.5379460365461306e-06, 'epoch': 1.35}
{'loss': 0.6057, 'learning_rate': 3.532083978643357e-06, 'epoch': 1.35}
{'loss': 0.6105, 'learning_rate': 3.526224127945479e-06, 'epoch': 1.35}
{'loss': 0.5639, 'learning_rate': 3.520366493263554e-06, 'epoch': 1.35}
{'loss': 0.6097, 'learning_rate': 3.514511083405305e-06, 'epoch': 1.35}
{'loss': 0.5739, 'learning_rate': 3.5086579071751108e-06, 'epoch': 1.35}
{'loss': 0.5978, 'learning_rate': 3.5028069733739934e-06, 'epoch': 1.35}
{'loss': 0.5086, 'learning_rate': 3.4969582907996015e-06, 'epoch': 1.36}
{'loss': 0.5473, 'learning_rate': 3.4911118682461988e-06, 'epoch': 1.36}
{'loss': 0.5862, 'learning_rate': 3.4852677145046503e-06, 'epoch': 1.36}
{'loss': 0.5341, 'learning_rate': 3.4794258383624115e-06, 'epoch': 1.36}
{'loss': 0.5609, 'learning_rate': 3.47358624860351e-06, 'epoch': 1.36}
{'loss': 0.5679, 'learning_rate': 3.467748954008539e-06, 'epoch': 1.36}
{'loss': 0.5308, 'learning_rate': 3.4619139633546385e-06, 'epoch': 1.36}
{'loss': 0.6223, 'learning_rate': 3.456081285415486e-06, 'epoch': 1.36}
{'loss': 0.6004, 'learning_rate': 3.4502509289612783e-06, 'epoch': 1.36}
{'loss': 0.599, 'learning_rate': 3.444422902758724e-06, 'epoch': 1.36}
{'loss': 0.5087, 'learning_rate': 3.4385972155710274e-06, 'epoch': 1.36}
{'loss': 0.6099, 'learning_rate': 3.4327738761578764e-06, 'epoch': 1.36}
{'loss': 0.5335, 'learning_rate': 3.4269528932754277e-06, 'epoch': 1.36}
{'loss': 0.5045, 'learning_rate': 3.4211342756762945e-06, 'epoch': 1.36}
{'loss': 0.5666, 'learning_rate': 3.415318032109535e-06, 'epoch': 1.36}
{'loss': 0.5329, 'learning_rate': 3.409504171320637e-06, 'epoch': 1.36}
{'loss': 0.5081, 'learning_rate': 3.403692702051503e-06, 'epoch': 1.37}
{'loss': 0.5647, 'learning_rate': 3.3978836330404453e-06, 'epoch': 1.37}
{'loss': 0.5494, 'learning_rate': 3.3920769730221604e-06, 'epoch': 1.37}
{'loss': 0.5402, 'learning_rate': 3.3862727307277267e-06, 'epoch': 1.37}
{'loss': 0.625, 'learning_rate': 3.380470914884586e-06, 'epoch': 1.37}
{'loss': 0.5579, 'learning_rate': 3.3746715342165325e-06, 'epoch': 1.37}
{'loss': 0.5534, 'learning_rate': 3.3688745974436976e-06, 'epoch': 1.37}
{'loss': 0.5129, 'learning_rate': 3.3630801132825395e-06, 'epoch': 1.37}
{'loss': 0.538, 'learning_rate': 3.3572880904458267e-06, 'epoch': 1.37}
{'loss': 0.6058, 'learning_rate': 3.351498537642628e-06, 'epoch': 1.37}
{'loss': 0.5954, 'learning_rate': 3.345711463578297e-06, 'epoch': 1.37}
{'loss': 0.5269, 'learning_rate': 3.3399268769544635e-06, 'epoch': 1.37}
{'loss': 0.5386, 'learning_rate': 3.3341447864690123e-06, 'epoch': 1.37}
{'loss': 0.5707, 'learning_rate': 3.328365200816077e-06, 'epoch': 1.37}
{'loss': 0.5621, 'learning_rate': 3.322588128686027e-06, 'epoch': 1.37}
{'loss': 0.5278, 'learning_rate': 3.3168135787654493e-06, 'epoch': 1.37}
{'loss': 0.4756, 'learning_rate': 3.311041559737139e-06, 'epoch': 1.38}
{'loss': 0.5507, 'learning_rate': 3.3052720802800887e-06, 'epoch': 1.38}
{'loss': 0.5913, 'learning_rate': 3.2995051490694676e-06, 'epoch': 1.38}
{'loss': 0.6356, 'learning_rate': 3.2937407747766155e-06, 'epoch': 1.38}
{'loss': 0.559, 'learning_rate': 3.2879789660690288e-06, 'epoch': 1.38}
{'loss': 0.5854, 'learning_rate': 3.282219731610346e-06, 'epoch': 1.38}
{'loss': 0.5287, 'learning_rate': 3.2764630800603314e-06, 'epoch': 1.38}
{'loss': 0.6807, 'learning_rate': 3.2707090200748696e-06, 'epoch': 1.38}
{'loss': 0.5825, 'learning_rate': 3.264957560305947e-06, 'epoch': 1.38}
{'loss': 0.6012, 'learning_rate': 3.2592087094016395e-06, 'epoch': 1.38}
{'loss': 0.6441, 'learning_rate': 3.2534624760061013e-06, 'epoch': 1.38}
{'loss': 0.5817, 'learning_rate': 3.2477188687595506e-06, 'epoch': 1.38}
{'loss': 0.5959, 'learning_rate': 3.2419778962982563e-06, 'epoch': 1.38}
{'loss': 0.5221, 'learning_rate': 3.236239567254526e-06, 'epoch': 1.38}
{'loss': 0.4986, 'learning_rate': 3.230503890256693e-06, 'epoch': 1.38}
{'loss': 0.539, 'learning_rate': 3.2247708739291017e-06, 'epoch': 1.38}
{'loss': 0.5242, 'learning_rate': 3.2190405268920983e-06, 'epoch': 1.39}
{'loss': 0.534, 'learning_rate': 3.213312857762011e-06, 'epoch': 1.39}
{'loss': 0.6482, 'learning_rate': 3.2075878751511447e-06, 'epoch': 1.39}
{'loss': 0.5676, 'learning_rate': 3.201865587667765e-06, 'epoch': 1.39}
{'loss': 0.5521, 'learning_rate': 3.1961460039160842e-06, 'epoch': 1.39}
{'loss': 0.6617, 'learning_rate': 3.1904291324962476e-06, 'epoch': 1.39}
{'loss': 0.5452, 'learning_rate': 3.184714982004325e-06, 'epoch': 1.39}
{'loss': 0.5806, 'learning_rate': 3.179003561032293e-06, 'epoch': 1.39}
{'loss': 0.5408, 'learning_rate': 3.173294878168025e-06, 'epoch': 1.39}
{'loss': 0.5707, 'learning_rate': 3.1675889419952764e-06, 'epoch': 1.39}
{'loss': 0.5564, 'learning_rate': 3.1618857610936743e-06, 'epoch': 1.39}
{'loss': 0.5623, 'learning_rate': 3.1561853440387e-06, 'epoch': 1.39}
{'loss': 0.6162, 'learning_rate': 3.150487699401681e-06, 'epoch': 1.39}
{'loss': 0.5991, 'learning_rate': 3.144792835749776e-06, 'epoch': 1.39}
{'loss': 0.6173, 'learning_rate': 3.139100761645961e-06, 'epoch': 1.39}
{'loss': 0.5703, 'learning_rate': 3.1334114856490203e-06, 'epoch': 1.39}
{'loss': 0.4999, 'learning_rate': 3.1277250163135274e-06, 'epoch': 1.4}
{'loss': 0.5795, 'learning_rate': 3.122041362189838e-06, 'epoch': 1.4}
{'loss': 0.6241, 'learning_rate': 3.116360531824074e-06, 'epoch': 1.4}
{'loss': 0.5255, 'learning_rate': 3.1106825337581116e-06, 'epoch': 1.4}
{'loss': 0.5335, 'learning_rate': 3.1050073765295675e-06, 'epoch': 1.4}
{'loss': 0.6048, 'learning_rate': 3.099335068671787e-06, 'epoch': 1.4}
{'loss': 0.5904, 'learning_rate': 3.0936656187138312e-06, 'epoch': 1.4}
{'loss': 0.5378, 'learning_rate': 3.0879990351804658e-06, 'epoch': 1.4}
{'loss': 0.6021, 'learning_rate': 3.0823353265921422e-06, 'epoch': 1.4}
{'loss': 0.6052, 'learning_rate': 3.076674501464994e-06, 'epoch': 1.4}
{'loss': 0.6181, 'learning_rate': 3.0710165683108156e-06, 'epoch': 1.4}
{'loss': 0.6198, 'learning_rate': 3.0653615356370537e-06, 'epoch': 1.4}
{'loss': 0.5915, 'learning_rate': 3.0597094119467953e-06, 'epoch': 1.4}
{'loss': 0.5311, 'learning_rate': 3.0540602057387504e-06, 'epoch': 1.4}
{'loss': 0.5384, 'learning_rate': 3.048413925507245e-06, 'epoch': 1.4}
{'loss': 0.5067, 'learning_rate': 3.0427705797422046e-06, 'epoch': 1.4}
{'loss': 0.6224, 'learning_rate': 3.0371301769291417e-06, 'epoch': 1.41}
{'loss': 0.5335, 'learning_rate': 3.031492725549143e-06, 'epoch': 1.41}
{'loss': 0.6738, 'learning_rate': 3.02585823407886e-06, 'epoch': 1.41}
{'loss': 0.6074, 'learning_rate': 3.020226710990492e-06, 'epoch': 1.41}
{'loss': 0.5519, 'learning_rate': 3.014598164751774e-06, 'epoch': 1.41}
{'loss': 0.6516, 'learning_rate': 3.008972603825967e-06, 'epoch': 1.41}
{'loss': 0.6003, 'learning_rate': 3.0033500366718415e-06, 'epoch': 1.41}
{'loss': 0.626, 'learning_rate': 2.997730471743667e-06, 'epoch': 1.41}
{'loss': 0.5406, 'learning_rate': 2.9921139174911996e-06, 'epoch': 1.41}
{'loss': 0.5365, 'learning_rate': 2.986500382359667e-06, 'epoch': 1.41}
{'loss': 0.4741, 'learning_rate': 2.980889874789758e-06, 'epoch': 1.41}
{'loss': 0.5206, 'learning_rate': 2.9752824032176086e-06, 'epoch': 1.41}
{'loss': 0.5106, 'learning_rate': 2.9696779760747907e-06, 'epoch': 1.41}
{'loss': 0.4652, 'learning_rate': 2.964076601788298e-06, 'epoch': 1.41}
{'loss': 0.5644, 'learning_rate': 2.958478288780533e-06, 'epoch': 1.41}
{'loss': 0.4655, 'learning_rate': 2.952883045469297e-06, 'epoch': 1.41}
{'loss': 0.6466, 'learning_rate': 2.9472908802677747e-06, 'epoch': 1.42}
{'loss': 0.5968, 'learning_rate': 2.941701801584521e-06, 'epoch': 1.42}
{'loss': 0.5238, 'learning_rate': 2.9361158178234526e-06, 'epoch': 1.42}
{'loss': 0.6126, 'learning_rate': 2.930532937383831e-06, 'epoch': 1.42}
{'loss': 0.625, 'learning_rate': 2.9249531686602506e-06, 'epoch': 1.42}
{'loss': 0.5836, 'learning_rate': 2.919376520042628e-06, 'epoch': 1.42}
{'loss': 0.6622, 'learning_rate': 2.9138029999161876e-06, 'epoch': 1.42}
{'loss': 0.6694, 'learning_rate': 2.9082326166614532e-06, 'epoch': 1.42}
{'loss': 0.5676, 'learning_rate': 2.9026653786542277e-06, 'epoch': 1.42}
{'loss': 0.5919, 'learning_rate': 2.897101294265583e-06, 'epoch': 1.42}
{'loss': 0.5768, 'learning_rate': 2.8915403718618562e-06, 'epoch': 1.42}
{'loss': 0.5876, 'learning_rate': 2.8859826198046226e-06, 'epoch': 1.42}
{'loss': 0.5458, 'learning_rate': 2.880428046450697e-06, 'epoch': 1.42}
{'loss': 0.5279, 'learning_rate': 2.8748766601521083e-06, 'epoch': 1.42}
{'loss': 0.6451, 'learning_rate': 2.869328469256099e-06, 'epoch': 1.42}
{'loss': 0.554, 'learning_rate': 2.8637834821051016e-06, 'epoch': 1.42}
{'loss': 0.5014, 'learning_rate': 2.8582417070367365e-06, 'epoch': 1.43}
{'loss': 0.6362, 'learning_rate': 2.8527031523837887e-06, 'epoch': 1.43}
{'loss': 0.532, 'learning_rate': 2.8471678264742076e-06, 'epoch': 1.43}
{'loss': 0.5667, 'learning_rate': 2.8416357376310823e-06, 'epoch': 1.43}
{'loss': 0.5169, 'learning_rate': 2.8361068941726334e-06, 'epoch': 1.43}
{'loss': 0.5937, 'learning_rate': 2.83058130441221e-06, 'epoch': 1.43}
{'loss': 0.6139, 'learning_rate': 2.8250589766582582e-06, 'epoch': 1.43}
{'loss': 0.584, 'learning_rate': 2.8195399192143293e-06, 'epoch': 1.43}
{'loss': 0.5433, 'learning_rate': 2.814024140379048e-06, 'epoch': 1.43}
{'loss': 0.5666, 'learning_rate': 2.8085116484461176e-06, 'epoch': 1.43}
{'loss': 0.5734, 'learning_rate': 2.8030024517042907e-06, 'epoch': 1.43}
{'loss': 0.5457, 'learning_rate': 2.7974965584373747e-06, 'epoch': 1.43}
{'loss': 0.6329, 'learning_rate': 2.7919939769242018e-06, 'epoch': 1.43}
{'loss': 0.524, 'learning_rate': 2.7864947154386245e-06, 'epoch': 1.43}
{'loss': 0.6093, 'learning_rate': 2.780998782249512e-06, 'epoch': 1.43}
{'loss': 0.5509, 'learning_rate': 2.775506185620718e-06, 'epoch': 1.43}
{'loss': 0.5802, 'learning_rate': 2.770016933811087e-06, 'epoch': 1.44}
{'loss': 0.4817, 'learning_rate': 2.7645310350744296e-06, 'epoch': 1.44}
{'loss': 0.5507, 'learning_rate': 2.75904849765952e-06, 'epoch': 1.44}
{'loss': 0.5516, 'learning_rate': 2.7535693298100695e-06, 'epoch': 1.44}
{'loss': 0.5406, 'learning_rate': 2.7480935397647322e-06, 'epoch': 1.44}
{'loss': 0.5305, 'learning_rate': 2.7426211357570763e-06, 'epoch': 1.44}
{'loss': 0.6326, 'learning_rate': 2.737152126015584e-06, 'epoch': 1.44}
{'loss': 0.5638, 'learning_rate': 2.73168651876363e-06, 'epoch': 1.44}
{'loss': 0.5599, 'learning_rate': 2.7262243222194728e-06, 'epoch': 1.44}
{'loss': 0.5822, 'learning_rate': 2.7207655445962424e-06, 'epoch': 1.44}
{'loss': 0.5477, 'learning_rate': 2.715310194101933e-06, 'epoch': 1.44}
{'loss': 0.6425, 'learning_rate': 2.709858278939381e-06, 'epoch': 1.44}
{'loss': 0.5507, 'learning_rate': 2.704409807306254e-06, 'epoch': 1.44}
{'loss': 0.531, 'learning_rate': 2.6989647873950525e-06, 'epoch': 1.44}
{'loss': 0.5184, 'learning_rate': 2.693523227393075e-06, 'epoch': 1.44}
{'loss': 0.5997, 'learning_rate': 2.6880851354824277e-06, 'epoch': 1.44}
{'loss': 0.6543, 'learning_rate': 2.6826505198399923e-06, 'epoch': 1.45}
{'loss': 0.58, 'learning_rate': 2.677219388637434e-06, 'epoch': 1.45}
{'loss': 0.6214, 'learning_rate': 2.6717917500411674e-06, 'epoch': 1.45}
{'loss': 0.5896, 'learning_rate': 2.666367612212367e-06, 'epoch': 1.45}
{'loss': 0.5005, 'learning_rate': 2.6609469833069335e-06, 'epoch': 1.45}
{'loss': 0.5339, 'learning_rate': 2.6555298714754983e-06, 'epoch': 1.45}
{'loss': 0.5634, 'learning_rate': 2.6501162848634023e-06, 'epoch': 1.45}
{'loss': 0.4576, 'learning_rate': 2.644706231610681e-06, 'epoch': 1.45}
{'loss': 0.5228, 'learning_rate': 2.6392997198520662e-06, 'epoch': 1.45}
{'loss': 0.4841, 'learning_rate': 2.633896757716956e-06, 'epoch': 1.45}
{'loss': 0.5572, 'learning_rate': 2.6284973533294195e-06, 'epoch': 1.45}
{'loss': 0.6671, 'learning_rate': 2.623101514808166e-06, 'epoch': 1.45}
{'loss': 0.5097, 'learning_rate': 2.6177092502665547e-06, 'epoch': 1.45}
{'loss': 0.6089, 'learning_rate': 2.6123205678125597e-06, 'epoch': 1.45}
{'loss': 0.5337, 'learning_rate': 2.6069354755487774e-06, 'epoch': 1.45}
{'loss': 0.5079, 'learning_rate': 2.601553981572402e-06, 'epoch': 1.45}
{'loss': 0.5819, 'learning_rate': 2.5961760939752155e-06, 'epoch': 1.46}
{'loss': 0.517, 'learning_rate': 2.5908018208435835e-06, 'epoch': 1.46}
{'loss': 0.5367, 'learning_rate': 2.585431170258429e-06, 'epoch': 1.46}
{'loss': 0.5568, 'learning_rate': 2.5800641502952357e-06, 'epoch': 1.46}
{'loss': 0.5542, 'learning_rate': 2.57470076902402e-06, 'epoch': 1.46}
{'loss': 0.5594, 'learning_rate': 2.569341034509335e-06, 'epoch': 1.46}
{'loss': 0.6499, 'learning_rate': 2.563984954810245e-06, 'epoch': 1.46}
{'loss': 0.575, 'learning_rate': 2.5586325379803213e-06, 'epoch': 1.46}
{'loss': 0.5259, 'learning_rate': 2.5532837920676257e-06, 'epoch': 1.46}
{'loss': 0.6298, 'learning_rate': 2.5479387251147047e-06, 'epoch': 1.46}
{'loss': 0.5077, 'learning_rate': 2.5425973451585667e-06, 'epoch': 1.46}
{'loss': 0.5288, 'learning_rate': 2.537259660230679e-06, 'epoch': 1.46}
{'loss': 0.6059, 'learning_rate': 2.531925678356956e-06, 'epoch': 1.46}
{'loss': 0.5993, 'learning_rate': 2.526595407557738e-06, 'epoch': 1.46}
{'loss': 0.5417, 'learning_rate': 2.521268855847792e-06, 'epoch': 1.46}
{'loss': 0.5289, 'learning_rate': 2.515946031236286e-06, 'epoch': 1.46}
{'loss': 0.5098, 'learning_rate': 2.510626941726791e-06, 'epoch': 1.47}
{'loss': 0.5624, 'learning_rate': 2.5053115953172534e-06, 'epoch': 1.47}
{'loss': 0.6115, 'learning_rate': 2.5000000000000015e-06, 'epoch': 1.47}
{'loss': 0.6665, 'learning_rate': 2.494692163761712e-06, 'epoch': 1.47}
{'loss': 0.6131, 'learning_rate': 2.48938809458342e-06, 'epoch': 1.47}
{'loss': 0.5986, 'learning_rate': 2.4840878004404888e-06, 'epoch': 1.47}
{'loss': 0.4406, 'learning_rate': 2.478791289302607e-06, 'epoch': 1.47}
{'loss': 0.6163, 'learning_rate': 2.4734985691337803e-06, 'epoch': 1.47}
{'loss': 0.5485, 'learning_rate': 2.468209647892305e-06, 'epoch': 1.47}
{'loss': 0.602, 'learning_rate': 2.462924533530774e-06, 'epoch': 1.47}
{'loss': 0.5696, 'learning_rate': 2.457643233996049e-06, 'epoch': 1.47}
{'loss': 0.6713, 'learning_rate': 2.452365757229262e-06, 'epoch': 1.47}
{'loss': 0.5254, 'learning_rate': 2.4470921111657907e-06, 'epoch': 1.47}
{'loss': 0.4971, 'learning_rate': 2.441822303735259e-06, 'epoch': 1.47}
{'loss': 0.5874, 'learning_rate': 2.436556342861514e-06, 'epoch': 1.47}
{'loss': 0.5552, 'learning_rate': 2.4312942364626195e-06, 'epoch': 1.47}
{'loss': 0.5273, 'learning_rate': 2.426035992450848e-06, 'epoch': 1.48}
{'loss': 0.5275, 'learning_rate': 2.420781618732658e-06, 'epoch': 1.48}
{'loss': 0.4864, 'learning_rate': 2.415531123208695e-06, 'epoch': 1.48}
{'loss': 0.5307, 'learning_rate': 2.4102845137737668e-06, 'epoch': 1.48}
{'loss': 0.5252, 'learning_rate': 2.4050417983168437e-06, 'epoch': 1.48}
{'loss': 0.5866, 'learning_rate': 2.3998029847210365e-06, 'epoch': 1.48}
{'loss': 0.5405, 'learning_rate': 2.394568080863592e-06, 'epoch': 1.48}
{'loss': 0.668, 'learning_rate': 2.3893370946158758e-06, 'epoch': 1.48}
{'loss': 0.5569, 'learning_rate': 2.3841100338433658e-06, 'epoch': 1.48}
{'loss': 0.5529, 'learning_rate': 2.378886906405635e-06, 'epoch': 1.48}
{'loss': 0.5806, 'learning_rate': 2.3736677201563403e-06, 'epoch': 1.48}
{'loss': 0.5295, 'learning_rate': 2.368452482943219e-06, 'epoch': 1.48}
{'loss': 0.5515, 'learning_rate': 2.3632412026080628e-06, 'epoch': 1.48}
{'loss': 0.4835, 'learning_rate': 2.358033886986721e-06, 'epoch': 1.48}
{'loss': 0.5444, 'learning_rate': 2.3528305439090744e-06, 'epoch': 1.48}
{'loss': 0.5326, 'learning_rate': 2.347631181199037e-06, 'epoch': 1.48}
{'loss': 0.5026, 'learning_rate': 2.3424358066745316e-06, 'epoch': 1.49}
{'loss': 0.5982, 'learning_rate': 2.3372444281474914e-06, 'epoch': 1.49}
{'loss': 0.5008, 'learning_rate': 2.3320570534238333e-06, 'epoch': 1.49}
{'loss': 0.5241, 'learning_rate': 2.326873690303461e-06, 'epoch': 1.49}
{'loss': 0.5534, 'learning_rate': 2.3216943465802415e-06, 'epoch': 1.49}
{'loss': 0.5486, 'learning_rate': 2.316519030041998e-06, 'epoch': 1.49}
{'loss': 0.541, 'learning_rate': 2.3113477484705033e-06, 'epoch': 1.49}
{'loss': 0.5026, 'learning_rate': 2.3061805096414563e-06, 'epoch': 1.49}
{'loss': 0.4949, 'learning_rate': 2.301017321324484e-06, 'epoch': 1.49}
{'loss': 0.5662, 'learning_rate': 2.2958581912831152e-06, 'epoch': 1.49}
{'loss': 0.5369, 'learning_rate': 2.2907031272747855e-06, 'epoch': 1.49}
{'loss': 0.4953, 'learning_rate': 2.2855521370508077e-06, 'epoch': 1.49}
{'loss': 0.6032, 'learning_rate': 2.280405228356377e-06, 'epoch': 1.49}
{'loss': 0.5253, 'learning_rate': 2.275262408930547e-06, 'epoch': 1.49}
{'loss': 0.6751, 'learning_rate': 2.2701236865062197e-06, 'epoch': 1.49}
{'loss': 0.536, 'learning_rate': 2.264989068810146e-06, 'epoch': 1.49}
{'loss': 0.5545, 'learning_rate': 2.259858563562895e-06, 'epoch': 1.5}
{'loss': 0.6185, 'learning_rate': 2.2547321784788593e-06, 'epoch': 1.5}
{'loss': 0.5992, 'learning_rate': 2.249609921266231e-06, 'epoch': 1.5}
{'loss': 0.6562, 'learning_rate': 2.2444917996270003e-06, 'epoch': 1.5}
{'loss': 0.5067, 'learning_rate': 2.239377821256934e-06, 'epoch': 1.5}
{'loss': 0.5411, 'learning_rate': 2.2342679938455745e-06, 'epoch': 1.5}
{'loss': 0.5371, 'learning_rate': 2.2291623250762162e-06, 'epoch': 1.5}
{'loss': 0.585, 'learning_rate': 2.224060822625908e-06, 'epoch': 1.5}
{'loss': 0.5198, 'learning_rate': 2.2189634941654274e-06, 'epoch': 1.5}
{'loss': 0.5978, 'learning_rate': 2.2138703473592773e-06, 'epoch': 1.5}
{'loss': 0.5186, 'learning_rate': 2.2087813898656775e-06, 'epoch': 1.5}
{'loss': 0.5399, 'learning_rate': 2.203696629336542e-06, 'epoch': 1.5}
{'loss': 0.5472, 'learning_rate': 2.1986160734174807e-06, 'epoch': 1.5}
{'loss': 0.5522, 'learning_rate': 2.1935397297477732e-06, 'epoch': 1.5}
{'loss': 0.5773, 'learning_rate': 2.188467605960376e-06, 'epoch': 1.5}
{'loss': 0.5829, 'learning_rate': 2.1833997096818897e-06, 'epoch': 1.5}
{'loss': 0.5839, 'learning_rate': 2.178336048532567e-06, 'epoch': 1.51}
{'loss': 0.5189, 'learning_rate': 2.173276630126287e-06, 'epoch': 1.51}
{'loss': 0.548, 'learning_rate': 2.1682214620705494e-06, 'epoch': 1.51}
{'loss': 0.6391, 'learning_rate': 2.1631705519664675e-06, 'epoch': 1.51}
{'loss': 0.4781, 'learning_rate': 2.158123907408747e-06, 'epoch': 1.51}
{'loss': 0.4888, 'learning_rate': 2.153081535985684e-06, 'epoch': 1.51}
{'loss': 0.6584, 'learning_rate': 2.1480434452791447e-06, 'epoch': 1.51}
{'loss': 0.5969, 'learning_rate': 2.1430096428645654e-06, 'epoch': 1.51}
{'loss': 0.5793, 'learning_rate': 2.137980136310926e-06, 'epoch': 1.51}
{'loss': 0.5874, 'learning_rate': 2.132954933180755e-06, 'epoch': 1.51}
{'loss': 0.5512, 'learning_rate': 2.127934041030104e-06, 'epoch': 1.51}
{'loss': 0.57, 'learning_rate': 2.1229174674085477e-06, 'epoch': 1.51}
{'loss': 0.5223, 'learning_rate': 2.1179052198591634e-06, 'epoch': 1.51}
{'loss': 0.5032, 'learning_rate': 2.1128973059185225e-06, 'epoch': 1.51}
{'loss': 0.5928, 'learning_rate': 2.1078937331166866e-06, 'epoch': 1.51}
{'loss': 0.6317, 'learning_rate': 2.102894508977182e-06, 'epoch': 1.51}
{'loss': 0.5963, 'learning_rate': 2.0978996410170035e-06, 'epoch': 1.52}
{'loss': 0.6147, 'learning_rate': 2.092909136746589e-06, 'epoch': 1.52}
{'loss': 0.526, 'learning_rate': 2.087923003669822e-06, 'epoch': 1.52}
{'loss': 0.6011, 'learning_rate': 2.0829412492840055e-06, 'epoch': 1.52}
{'loss': 0.5503, 'learning_rate': 2.0779638810798667e-06, 'epoch': 1.52}
{'loss': 0.5739, 'learning_rate': 2.072990906541531e-06, 'epoch': 1.52}
{'loss': 0.5272, 'learning_rate': 2.0680223331465223e-06, 'epoch': 1.52}
{'loss': 0.5421, 'learning_rate': 2.063058168365743e-06, 'epoch': 1.52}
{'loss': 0.5473, 'learning_rate': 2.0580984196634662e-06, 'epoch': 1.52}
{'loss': 0.6066, 'learning_rate': 2.053143094497331e-06, 'epoch': 1.52}
{'loss': 0.6146, 'learning_rate': 2.0481922003183165e-06, 'epoch': 1.52}
{'loss': 0.5225, 'learning_rate': 2.043245744570747e-06, 'epoch': 1.52}
{'loss': 0.5884, 'learning_rate': 2.0383037346922667e-06, 'epoch': 1.52}
{'loss': 0.5237, 'learning_rate': 2.033366178113841e-06, 'epoch': 1.52}
{'loss': 0.5381, 'learning_rate': 2.0284330822597328e-06, 'epoch': 1.52}
{'loss': 0.5699, 'learning_rate': 2.0235044545475035e-06, 'epoch': 1.52}
{'loss': 0.5025, 'learning_rate': 2.018580302387992e-06, 'epoch': 1.53}
{'loss': 0.5072, 'learning_rate': 2.0136606331853076e-06, 'epoch': 1.53}
{'loss': 0.6378, 'learning_rate': 2.008745454336824e-06, 'epoch': 1.53}
{'loss': 0.5577, 'learning_rate': 2.0038347732331547e-06, 'epoch': 1.53}
{'loss': 0.5601, 'learning_rate': 1.9989285972581595e-06, 'epoch': 1.53}
{'loss': 0.5691, 'learning_rate': 1.9940269337889164e-06, 'epoch': 1.53}
{'loss': 0.552, 'learning_rate': 1.9891297901957235e-06, 'epoch': 1.53}
{'loss': 0.5335, 'learning_rate': 1.984237173842078e-06, 'epoch': 1.53}
{'loss': 0.6144, 'learning_rate': 1.979349092084676e-06, 'epoch': 1.53}
{'loss': 0.5674, 'learning_rate': 1.9744655522733874e-06, 'epoch': 1.53}
{'loss': 0.5247, 'learning_rate': 1.9695865617512615e-06, 'epoch': 1.53}
{'loss': 0.5848, 'learning_rate': 1.9647121278544996e-06, 'epoch': 1.53}
{'loss': 0.5574, 'learning_rate': 1.9598422579124537e-06, 'epoch': 1.53}
{'loss': 0.5818, 'learning_rate': 1.954976959247617e-06, 'epoch': 1.53}
{'loss': 0.4938, 'learning_rate': 1.950116239175603e-06, 'epoch': 1.53}
{'loss': 0.713, 'learning_rate': 1.9452601050051473e-06, 'epoch': 1.53}
{'loss': 0.5766, 'learning_rate': 1.9404085640380833e-06, 'epoch': 1.54}
{'loss': 0.5812, 'learning_rate': 1.935561623569344e-06, 'epoch': 1.54}
{'loss': 0.5353, 'learning_rate': 1.93071929088694e-06, 'epoch': 1.54}
{'loss': 0.5602, 'learning_rate': 1.925881573271958e-06, 'epoch': 1.54}
{'loss': 0.4743, 'learning_rate': 1.9210484779985403e-06, 'epoch': 1.54}
{'loss': 0.5907, 'learning_rate': 1.9162200123338853e-06, 'epoch': 1.54}
{'loss': 0.5534, 'learning_rate': 1.911396183538223e-06, 'epoch': 1.54}
{'loss': 0.5508, 'learning_rate': 1.9065769988648152e-06, 'epoch': 1.54}
{'loss': 0.5419, 'learning_rate': 1.9017624655599426e-06, 'epoch': 1.54}
{'loss': 0.5896, 'learning_rate': 1.896952590862886e-06, 'epoch': 1.54}
{'loss': 0.4853, 'learning_rate': 1.8921473820059284e-06, 'epoch': 1.54}
{'loss': 0.6009, 'learning_rate': 1.8873468462143307e-06, 'epoch': 1.54}
{'loss': 0.6216, 'learning_rate': 1.8825509907063328e-06, 'epoch': 1.54}
{'loss': 0.4512, 'learning_rate': 1.8777598226931315e-06, 'epoch': 1.54}
{'loss': 0.5706, 'learning_rate': 1.8729733493788822e-06, 'epoch': 1.54}
{'loss': 0.5929, 'learning_rate': 1.8681915779606751e-06, 'epoch': 1.54}
{'loss': 0.5191, 'learning_rate': 1.8634145156285311e-06, 'epoch': 1.55}
{'loss': 0.4599, 'learning_rate': 1.8586421695653956e-06, 'epoch': 1.55}
{'loss': 0.5232, 'learning_rate': 1.8538745469471153e-06, 'epoch': 1.55}
{'loss': 0.5508, 'learning_rate': 1.8491116549424414e-06, 'epoch': 1.55}
{'loss': 0.5432, 'learning_rate': 1.8443535007130058e-06, 'epoch': 1.55}
{'loss': 0.5191, 'learning_rate': 1.8396000914133228e-06, 'epoch': 1.55}
{'loss': 0.5425, 'learning_rate': 1.8348514341907654e-06, 'epoch': 1.55}
{'loss': 0.4912, 'learning_rate': 1.8301075361855674e-06, 'epoch': 1.55}
{'loss': 0.4996, 'learning_rate': 1.8253684045308007e-06, 'epoch': 1.55}
{'loss': 0.525, 'learning_rate': 1.820634046352377e-06, 'epoch': 1.55}
{'loss': 0.53, 'learning_rate': 1.8159044687690248e-06, 'epoch': 1.55}
{'loss': 0.5747, 'learning_rate': 1.8111796788922847e-06, 'epoch': 1.55}
{'loss': 0.4959, 'learning_rate': 1.8064596838265036e-06, 'epoch': 1.55}
{'loss': 0.544, 'learning_rate': 1.8017444906688114e-06, 'epoch': 1.55}
{'loss': 0.5799, 'learning_rate': 1.7970341065091246e-06, 'epoch': 1.55}
{'loss': 0.5843, 'learning_rate': 1.792328538430123e-06, 'epoch': 1.55}
{'loss': 0.6431, 'learning_rate': 1.7876277935072505e-06, 'epoch': 1.56}
{'loss': 0.6191, 'learning_rate': 1.7829318788086923e-06, 'epoch': 1.56}
{'loss': 0.643, 'learning_rate': 1.7782408013953773e-06, 'epoch': 1.56}
{'loss': 0.5936, 'learning_rate': 1.773554568320956e-06, 'epoch': 1.56}
{'loss': 0.5406, 'learning_rate': 1.768873186631795e-06, 'epoch': 1.56}
{'loss': 0.6027, 'learning_rate': 1.7641966633669705e-06, 'epoch': 1.56}
{'loss': 0.4704, 'learning_rate': 1.7595250055582475e-06, 'epoch': 1.56}
{'loss': 0.6119, 'learning_rate': 1.7548582202300819e-06, 'epoch': 1.56}
{'loss': 0.5809, 'learning_rate': 1.750196314399596e-06, 'epoch': 1.56}
{'loss': 0.5628, 'learning_rate': 1.7455392950765815e-06, 'epoch': 1.56}
{'loss': 0.5389, 'learning_rate': 1.740887169263477e-06, 'epoch': 1.56}
{'loss': 0.5905, 'learning_rate': 1.7362399439553695e-06, 'epoch': 1.56}
{'loss': 0.5031, 'learning_rate': 1.7315976261399698e-06, 'epoch': 1.56}
{'loss': 0.4436, 'learning_rate': 1.7269602227976167e-06, 'epoch': 1.56}
{'loss': 0.5869, 'learning_rate': 1.7223277409012556e-06, 'epoch': 1.56}
{'loss': 0.5472, 'learning_rate': 1.71770018741643e-06, 'epoch': 1.56}
{'loss': 0.5346, 'learning_rate': 1.713077569301279e-06, 'epoch': 1.57}
{'loss': 0.5897, 'learning_rate': 1.7084598935065144e-06, 'epoch': 1.57}
{'loss': 0.4913, 'learning_rate': 1.7038471669754225e-06, 'epoch': 1.57}
{'loss': 0.6493, 'learning_rate': 1.699239396643841e-06, 'epoch': 1.57}
{'loss': 0.6178, 'learning_rate': 1.6946365894401623e-06, 'epoch': 1.57}
{'loss': 0.496, 'learning_rate': 1.6900387522853096e-06, 'epoch': 1.57}
{'loss': 0.5097, 'learning_rate': 1.6854458920927391e-06, 'epoch': 1.57}
{'loss': 0.5625, 'learning_rate': 1.6808580157684174e-06, 'epoch': 1.57}
{'loss': 0.4794, 'learning_rate': 1.6762751302108237e-06, 'epoch': 1.57}
{'loss': 0.4852, 'learning_rate': 1.6716972423109273e-06, 'epoch': 1.57}
{'loss': 0.5015, 'learning_rate': 1.667124358952184e-06, 'epoch': 1.57}
{'loss': 0.5466, 'learning_rate': 1.6625564870105282e-06, 'epoch': 1.57}
{'loss': 0.5076, 'learning_rate': 1.6579936333543538e-06, 'epoch': 1.57}
{'loss': 0.6281, 'learning_rate': 1.6534358048445153e-06, 'epoch': 1.57}
{'loss': 0.4887, 'learning_rate': 1.6488830083343033e-06, 'epoch': 1.57}
{'loss': 0.5519, 'learning_rate': 1.6443352506694498e-06, 'epoch': 1.57}
{'loss': 0.5515, 'learning_rate': 1.6397925386881048e-06, 'epoch': 1.58}
{'loss': 0.5149, 'learning_rate': 1.6352548792208356e-06, 'epoch': 1.58}
{'loss': 0.5711, 'learning_rate': 1.6307222790906092e-06, 'epoch': 1.58}
{'loss': 0.5563, 'learning_rate': 1.626194745112784e-06, 'epoch': 1.58}
{'loss': 0.4919, 'learning_rate': 1.6216722840951077e-06, 'epoch': 1.58}
{'loss': 0.552, 'learning_rate': 1.6171549028376909e-06, 'epoch': 1.58}
{'loss': 0.5923, 'learning_rate': 1.6126426081330149e-06, 'epoch': 1.58}
{'loss': 0.5781, 'learning_rate': 1.608135406765905e-06, 'epoch': 1.58}
{'loss': 0.5567, 'learning_rate': 1.6036333055135345e-06, 'epoch': 1.58}
{'loss': 0.565, 'learning_rate': 1.5991363111454023e-06, 'epoch': 1.58}
{'loss': 0.5759, 'learning_rate': 1.5946444304233343e-06, 'epoch': 1.58}
{'loss': 0.6223, 'learning_rate': 1.5901576701014604e-06, 'epoch': 1.58}
{'loss': 0.5897, 'learning_rate': 1.5856760369262191e-06, 'epoch': 1.58}
{'loss': 0.6389, 'learning_rate': 1.5811995376363343e-06, 'epoch': 1.58}
{'loss': 0.5612, 'learning_rate': 1.5767281789628086e-06, 'epoch': 1.58}
{'loss': 0.5104, 'learning_rate': 1.572261967628923e-06, 'epoch': 1.58}
{'loss': 0.5113, 'learning_rate': 1.5678009103502095e-06, 'epoch': 1.59}
{'loss': 0.4996, 'learning_rate': 1.5633450138344592e-06, 'epoch': 1.59}
{'loss': 0.5516, 'learning_rate': 1.558894284781694e-06, 'epoch': 1.59}
{'loss': 0.6106, 'learning_rate': 1.5544487298841753e-06, 'epoch': 1.59}
{'loss': 0.5408, 'learning_rate': 1.5500083558263763e-06, 'epoch': 1.59}
{'loss': 0.481, 'learning_rate': 1.5455731692849862e-06, 'epoch': 1.59}
{'loss': 0.6109, 'learning_rate': 1.541143176928891e-06, 'epoch': 1.59}
{'loss': 0.5943, 'learning_rate': 1.5367183854191648e-06, 'epoch': 1.59}
{'loss': 0.5701, 'learning_rate': 1.5322988014090673e-06, 'epoch': 1.59}
{'loss': 0.5628, 'learning_rate': 1.5278844315440217e-06, 'epoch': 1.59}
{'loss': 0.5713, 'learning_rate': 1.5234752824616167e-06, 'epoch': 1.59}
{'loss': 0.5809, 'learning_rate': 1.5190713607915852e-06, 'epoch': 1.59}
{'loss': 0.5782, 'learning_rate': 1.514672673155806e-06, 'epoch': 1.59}
{'loss': 0.5862, 'learning_rate': 1.5102792261682813e-06, 'epoch': 1.59}
{'loss': 0.5561, 'learning_rate': 1.5058910264351406e-06, 'epoch': 1.59}
{'loss': 0.5431, 'learning_rate': 1.5015080805546162e-06, 'epoch': 1.59}
{'loss': 0.636, 'learning_rate': 1.4971303951170473e-06, 'epoch': 1.6}
{'loss': 0.6446, 'learning_rate': 1.4927579767048578e-06, 'epoch': 1.6}
{'loss': 0.6346, 'learning_rate': 1.4883908318925528e-06, 'epoch': 1.6}
{'loss': 0.5285, 'learning_rate': 1.4840289672467128e-06, 'epoch': 1.6}
{'loss': 0.6037, 'learning_rate': 1.4796723893259712e-06, 'epoch': 1.6}
{'loss': 0.5443, 'learning_rate': 1.4753211046810206e-06, 'epoch': 1.6}
{'loss': 0.5446, 'learning_rate': 1.4709751198545858e-06, 'epoch': 1.6}
{'loss': 0.542, 'learning_rate': 1.4666344413814303e-06, 'epoch': 1.6}
{'loss': 0.6051, 'learning_rate': 1.4622990757883337e-06, 'epoch': 1.6}
{'loss': 0.597, 'learning_rate': 1.457969029594089e-06, 'epoch': 1.6}
{'loss': 0.5157, 'learning_rate': 1.4536443093094887e-06, 'epoch': 1.6}
{'loss': 0.5158, 'learning_rate': 1.4493249214373224e-06, 'epoch': 1.6}
{'loss': 0.6807, 'learning_rate': 1.4450108724723538e-06, 'epoch': 1.6}
{'loss': 0.5832, 'learning_rate': 1.4407021689013274e-06, 'epoch': 1.6}
{'loss': 0.488, 'learning_rate': 1.4363988172029419e-06, 'epoch': 1.6}
{'loss': 0.5337, 'learning_rate': 1.4321008238478573e-06, 'epoch': 1.6}
{'loss': 0.589, 'learning_rate': 1.4278081952986694e-06, 'epoch': 1.61}
{'loss': 0.5487, 'learning_rate': 1.4235209380099092e-06, 'epoch': 1.61}
{'loss': 0.5227, 'learning_rate': 1.4192390584280347e-06, 'epoch': 1.61}
{'loss': 0.5992, 'learning_rate': 1.4149625629914132e-06, 'epoch': 1.61}
{'loss': 0.5195, 'learning_rate': 1.4106914581303199e-06, 'epoch': 1.61}
{'loss': 0.5972, 'learning_rate': 1.4064257502669215e-06, 'epoch': 1.61}
{'loss': 0.5694, 'learning_rate': 1.4021654458152735e-06, 'epoch': 1.61}
{'loss': 0.5215, 'learning_rate': 1.3979105511813002e-06, 'epoch': 1.61}
{'loss': 0.5284, 'learning_rate': 1.3936610727628003e-06, 'epoch': 1.61}
{'loss': 0.6003, 'learning_rate': 1.3894170169494192e-06, 'epoch': 1.61}
{'loss': 0.5765, 'learning_rate': 1.3851783901226578e-06, 'epoch': 1.61}
{'loss': 0.5972, 'learning_rate': 1.3809451986558464e-06, 'epoch': 1.61}
{'loss': 0.5064, 'learning_rate': 1.376717448914145e-06, 'epoch': 1.61}
{'loss': 0.6072, 'learning_rate': 1.3724951472545339e-06, 'epoch': 1.61}
{'loss': 0.6115, 'learning_rate': 1.3682783000257965e-06, 'epoch': 1.61}
{'loss': 0.5532, 'learning_rate': 1.3640669135685202e-06, 'epoch': 1.61}
{'loss': 0.5566, 'learning_rate': 1.3598609942150765e-06, 'epoch': 1.62}
{'loss': 0.5227, 'learning_rate': 1.3556605482896207e-06, 'epoch': 1.62}
{'loss': 0.5806, 'learning_rate': 1.3514655821080735e-06, 'epoch': 1.62}
{'loss': 0.5991, 'learning_rate': 1.3472761019781217e-06, 'epoch': 1.62}
{'loss': 0.5169, 'learning_rate': 1.3430921141991977e-06, 'epoch': 1.62}
{'loss': 0.5832, 'learning_rate': 1.3389136250624767e-06, 'epoch': 1.62}
{'loss': 0.5094, 'learning_rate': 1.3347406408508695e-06, 'epoch': 1.62}
{'loss': 0.5348, 'learning_rate': 1.330573167839005e-06, 'epoch': 1.62}
{'loss': 0.5901, 'learning_rate': 1.3264112122932294e-06, 'epoch': 1.62}
{'loss': 0.5241, 'learning_rate': 1.3222547804715874e-06, 'epoch': 1.62}
{'loss': 0.5314, 'learning_rate': 1.3181038786238247e-06, 'epoch': 1.62}
{'loss': 0.6118, 'learning_rate': 1.3139585129913651e-06, 'epoch': 1.62}
{'loss': 0.5621, 'learning_rate': 1.3098186898073146e-06, 'epoch': 1.62}
{'loss': 0.5514, 'learning_rate': 1.3056844152964388e-06, 'epoch': 1.62}
{'loss': 0.5927, 'learning_rate': 1.3015556956751669e-06, 'epoch': 1.62}
{'loss': 0.4872, 'learning_rate': 1.29743253715157e-06, 'epoch': 1.62}
{'loss': 0.4687, 'learning_rate': 1.293314945925358e-06, 'epoch': 1.63}
{'loss': 0.5753, 'learning_rate': 1.2892029281878748e-06, 'epoch': 1.63}
{'loss': 0.6309, 'learning_rate': 1.2850964901220765e-06, 'epoch': 1.63}
{'loss': 0.5077, 'learning_rate': 1.2809956379025363e-06, 'epoch': 1.63}
{'loss': 0.5794, 'learning_rate': 1.2769003776954225e-06, 'epoch': 1.63}
{'loss': 0.6457, 'learning_rate': 1.2728107156585e-06, 'epoch': 1.63}
{'loss': 0.5667, 'learning_rate': 1.2687266579411113e-06, 'epoch': 1.63}
{'loss': 0.6135, 'learning_rate': 1.2646482106841772e-06, 'epoch': 1.63}
{'loss': 0.5412, 'learning_rate': 1.2605753800201792e-06, 'epoch': 1.63}
{'loss': 0.556, 'learning_rate': 1.2565081720731514e-06, 'epoch': 1.63}
{'loss': 0.5111, 'learning_rate': 1.2524465929586805e-06, 'epoch': 1.63}
{'loss': 0.6082, 'learning_rate': 1.2483906487838809e-06, 'epoch': 1.63}
{'loss': 0.5871, 'learning_rate': 1.2443403456474017e-06, 'epoch': 1.63}
{'loss': 0.5676, 'learning_rate': 1.2402956896394041e-06, 'epoch': 1.63}
{'loss': 0.5663, 'learning_rate': 1.2362566868415632e-06, 'epoch': 1.63}
{'loss': 0.6023, 'learning_rate': 1.232223343327048e-06, 'epoch': 1.63}
{'loss': 0.6056, 'learning_rate': 1.2281956651605248e-06, 'epoch': 1.64}
{'loss': 0.4993, 'learning_rate': 1.2241736583981345e-06, 'epoch': 1.64}
{'loss': 0.5785, 'learning_rate': 1.2201573290874963e-06, 'epoch': 1.64}
{'loss': 0.5043, 'learning_rate': 1.2161466832676888e-06, 'epoch': 1.64}
{'loss': 0.5933, 'learning_rate': 1.2121417269692437e-06, 'epoch': 1.64}
{'loss': 0.5838, 'learning_rate': 1.2081424662141429e-06, 'epoch': 1.64}
{'loss': 0.4961, 'learning_rate': 1.204148907015798e-06, 'epoch': 1.64}
{'loss': 0.5876, 'learning_rate': 1.2001610553790543e-06, 'epoch': 1.64}
{'loss': 0.6239, 'learning_rate': 1.196178917300168e-06, 'epoch': 1.64}
{'loss': 0.5859, 'learning_rate': 1.1922024987668106e-06, 'epoch': 1.64}
{'loss': 0.5549, 'learning_rate': 1.188231805758049e-06, 'epoch': 1.64}
{'loss': 0.5374, 'learning_rate': 1.1842668442443434e-06, 'epoch': 1.64}
{'loss': 0.5752, 'learning_rate': 1.1803076201875336e-06, 'epoch': 1.64}
{'loss': 0.5544, 'learning_rate': 1.1763541395408367e-06, 'epoch': 1.64}
{'loss': 0.6086, 'learning_rate': 1.1724064082488296e-06, 'epoch': 1.64}
{'loss': 0.5574, 'learning_rate': 1.1684644322474442e-06, 'epoch': 1.64}
{'loss': 0.5429, 'learning_rate': 1.1645282174639634e-06, 'epoch': 1.65}
{'loss': 0.5248, 'learning_rate': 1.1605977698170001e-06, 'epoch': 1.65}
{'loss': 0.4861, 'learning_rate': 1.1566730952165033e-06, 'epoch': 1.65}
{'loss': 0.5435, 'learning_rate': 1.1527541995637347e-06, 'epoch': 1.65}
{'loss': 0.5604, 'learning_rate': 1.148841088751273e-06, 'epoch': 1.65}
{'loss': 0.5791, 'learning_rate': 1.1449337686629912e-06, 'epoch': 1.65}
{'loss': 0.572, 'learning_rate': 1.1410322451740629e-06, 'epoch': 1.65}
{'loss': 0.5421, 'learning_rate': 1.1371365241509402e-06, 'epoch': 1.65}
{'loss': 0.5199, 'learning_rate': 1.1332466114513512e-06, 'epoch': 1.65}
{'loss': 0.5422, 'learning_rate': 1.1293625129242941e-06, 'epoch': 1.65}
{'loss': 0.5747, 'learning_rate': 1.1254842344100193e-06, 'epoch': 1.65}
{'loss': 0.689, 'learning_rate': 1.1216117817400318e-06, 'epoch': 1.65}
{'loss': 0.5103, 'learning_rate': 1.1177451607370703e-06, 'epoch': 1.65}
{'loss': 0.575, 'learning_rate': 1.1138843772151125e-06, 'epoch': 1.65}
{'loss': 0.5223, 'learning_rate': 1.1100294369793507e-06, 'epoch': 1.65}
{'loss': 0.5287, 'learning_rate': 1.1061803458261977e-06, 'epoch': 1.65}
{'loss': 0.5042, 'learning_rate': 1.1023371095432656e-06, 'epoch': 1.66}
{'loss': 0.572, 'learning_rate': 1.0984997339093684e-06, 'epoch': 1.66}
{'loss': 0.4523, 'learning_rate': 1.094668224694505e-06, 'epoch': 1.66}
{'loss': 0.5478, 'learning_rate': 1.0908425876598512e-06, 'epoch': 1.66}
{'loss': 0.5209, 'learning_rate': 1.0870228285577595e-06, 'epoch': 1.66}
{'loss': 0.538, 'learning_rate': 1.0832089531317363e-06, 'epoch': 1.66}
{'loss': 0.6077, 'learning_rate': 1.0794009671164484e-06, 'epoch': 1.66}
{'loss': 0.5986, 'learning_rate': 1.0755988762377017e-06, 'epoch': 1.66}
{'loss': 0.5653, 'learning_rate': 1.0718026862124425e-06, 'epoch': 1.66}
{'loss': 0.4831, 'learning_rate': 1.0680124027487393e-06, 'epoch': 1.66}
{'loss': 0.5885, 'learning_rate': 1.0642280315457849e-06, 'epoch': 1.66}
{'loss': 0.5335, 'learning_rate': 1.0604495782938773e-06, 'epoch': 1.66}
{'loss': 0.5472, 'learning_rate': 1.056677048674417e-06, 'epoch': 1.66}
{'loss': 0.5574, 'learning_rate': 1.0529104483599023e-06, 'epoch': 1.66}
{'loss': 0.4981, 'learning_rate': 1.049149783013909e-06, 'epoch': 1.66}
{'loss': 0.5502, 'learning_rate': 1.0453950582910954e-06, 'epoch': 1.66}
{'loss': 0.5617, 'learning_rate': 1.0416462798371806e-06, 'epoch': 1.67}
{'loss': 0.5085, 'learning_rate': 1.0379034532889504e-06, 'epoch': 1.67}
{'loss': 0.5529, 'learning_rate': 1.0341665842742327e-06, 'epoch': 1.67}
{'loss': 0.6761, 'learning_rate': 1.0304356784119057e-06, 'epoch': 1.67}
{'loss': 0.4914, 'learning_rate': 1.0267107413118743e-06, 'epoch': 1.67}
{'loss': 0.5457, 'learning_rate': 1.0229917785750742e-06, 'epoch': 1.67}
{'loss': 0.635, 'learning_rate': 1.0192787957934536e-06, 'epoch': 1.67}
{'loss': 0.5521, 'learning_rate': 1.0155717985499696e-06, 'epoch': 1.67}
{'loss': 0.5589, 'learning_rate': 1.0118707924185833e-06, 'epoch': 1.67}
{'loss': 0.5758, 'learning_rate': 1.0081757829642413e-06, 'epoch': 1.67}
{'loss': 0.5422, 'learning_rate': 1.0044867757428795e-06, 'epoch': 1.67}
{'loss': 0.5386, 'learning_rate': 1.0008037763014033e-06, 'epoch': 1.67}
{'loss': 0.6164, 'learning_rate': 9.971267901776888e-07, 'epoch': 1.67}
{'loss': 0.6681, 'learning_rate': 9.934558229005664e-07, 'epoch': 1.67}
{'loss': 0.5187, 'learning_rate': 9.89790879989821e-07, 'epoch': 1.67}
{'loss': 0.5987, 'learning_rate': 9.861319669561737e-07, 'epoch': 1.67}
{'loss': 0.565, 'learning_rate': 9.824790893012843e-07, 'epoch': 1.68}
{'loss': 0.5966, 'learning_rate': 9.78832252517734e-07, 'epoch': 1.68}
{'loss': 0.5519, 'learning_rate': 9.751914620890208e-07, 'epoch': 1.68}
{'loss': 0.5961, 'learning_rate': 9.715567234895539e-07, 'epoch': 1.68}
{'loss': 0.5904, 'learning_rate': 9.679280421846394e-07, 'epoch': 1.68}
{'loss': 0.6311, 'learning_rate': 9.64305423630479e-07, 'epoch': 1.68}
{'loss': 0.4429, 'learning_rate': 9.606888732741538e-07, 'epoch': 1.68}
{'loss': 0.4418, 'learning_rate': 9.570783965536261e-07, 'epoch': 1.68}
{'loss': 0.5322, 'learning_rate': 9.534739988977199e-07, 'epoch': 1.68}
{'loss': 0.5161, 'learning_rate': 9.498756857261243e-07, 'epoch': 1.68}
{'loss': 0.4982, 'learning_rate': 9.462834624493755e-07, 'epoch': 1.68}
{'loss': 0.4507, 'learning_rate': 9.426973344688517e-07, 'epoch': 1.68}
{'loss': 0.552, 'learning_rate': 9.391173071767718e-07, 'epoch': 1.68}
{'loss': 0.5997, 'learning_rate': 9.355433859561741e-07, 'epoch': 1.68}
{'loss': 0.5033, 'learning_rate': 9.319755761809235e-07, 'epoch': 1.68}
{'loss': 0.6037, 'learning_rate': 9.284138832156875e-07, 'epoch': 1.68}
{'loss': 0.5525, 'learning_rate': 9.248583124159438e-07, 'epoch': 1.69}
{'loss': 0.6537, 'learning_rate': 9.213088691279576e-07, 'epoch': 1.69}
{'loss': 0.4817, 'learning_rate': 9.177655586887873e-07, 'epoch': 1.69}
{'loss': 0.5228, 'learning_rate': 9.14228386426263e-07, 'epoch': 1.69}
{'loss': 0.5459, 'learning_rate': 9.106973576589922e-07, 'epoch': 1.69}
{'loss': 0.549, 'learning_rate': 9.071724776963387e-07, 'epoch': 1.69}
{'loss': 0.6001, 'learning_rate': 9.03653751838423e-07, 'epoch': 1.69}
{'loss': 0.6368, 'learning_rate': 9.00141185376115e-07, 'epoch': 1.69}
{'loss': 0.5075, 'learning_rate': 8.966347835910178e-07, 'epoch': 1.69}
{'loss': 0.5327, 'learning_rate': 8.931345517554701e-07, 'epoch': 1.69}
{'loss': 0.6094, 'learning_rate': 8.896404951325294e-07, 'epoch': 1.69}
{'loss': 0.5639, 'learning_rate': 8.861526189759706e-07, 'epoch': 1.69}
{'loss': 0.5597, 'learning_rate': 8.826709285302737e-07, 'epoch': 1.69}
{'loss': 0.5363, 'learning_rate': 8.791954290306198e-07, 'epoch': 1.69}
{'loss': 0.6197, 'learning_rate': 8.757261257028776e-07, 'epoch': 1.69}
{'loss': 0.6241, 'learning_rate': 8.722630237636037e-07, 'epoch': 1.69}
{'loss': 0.6499, 'learning_rate': 8.688061284200266e-07, 'epoch': 1.7}
{'loss': 0.5242, 'learning_rate': 8.653554448700413e-07, 'epoch': 1.7}
{'loss': 0.5971, 'learning_rate': 8.619109783022072e-07, 'epoch': 1.7}
{'loss': 0.5896, 'learning_rate': 8.584727338957316e-07, 'epoch': 1.7}
{'loss': 0.5863, 'learning_rate': 8.550407168204683e-07, 'epoch': 1.7}
{'loss': 0.5635, 'learning_rate': 8.516149322369055e-07, 'epoch': 1.7}
{'loss': 0.4923, 'learning_rate': 8.481953852961627e-07, 'epoch': 1.7}
{'loss': 0.6022, 'learning_rate': 8.447820811399765e-07, 'epoch': 1.7}
{'loss': 0.5807, 'learning_rate': 8.413750249007013e-07, 'epoch': 1.7}
{'loss': 0.5102, 'learning_rate': 8.379742217012931e-07, 'epoch': 1.7}
{'loss': 0.6161, 'learning_rate': 8.345796766553066e-07, 'epoch': 1.7}
{'loss': 0.5843, 'learning_rate': 8.311913948668881e-07, 'epoch': 1.7}
{'loss': 0.5377, 'learning_rate': 8.278093814307637e-07, 'epoch': 1.7}
{'loss': 0.617, 'learning_rate': 8.244336414322374e-07, 'epoch': 1.7}
{'loss': 0.624, 'learning_rate': 8.210641799471763e-07, 'epoch': 1.7}
{'loss': 0.5547, 'learning_rate': 8.177010020420117e-07, 'epoch': 1.7}
{'loss': 0.6252, 'learning_rate': 8.143441127737217e-07, 'epoch': 1.71}
{'loss': 0.6083, 'learning_rate': 8.109935171898331e-07, 'epoch': 1.71}
{'loss': 0.5438, 'learning_rate': 8.076492203284053e-07, 'epoch': 1.71}
{'loss': 0.5221, 'learning_rate': 8.043112272180309e-07, 'epoch': 1.71}
{'loss': 0.5579, 'learning_rate': 8.009795428778205e-07, 'epoch': 1.71}
{'loss': 0.5731, 'learning_rate': 7.976541723173986e-07, 'epoch': 1.71}
{'loss': 0.5432, 'learning_rate': 7.943351205369004e-07, 'epoch': 1.71}
{'loss': 0.5204, 'learning_rate': 7.910223925269539e-07, 'epoch': 1.71}
{'loss': 0.5916, 'learning_rate': 7.87715993268684e-07, 'epoch': 1.71}
{'loss': 0.545, 'learning_rate': 7.844159277336949e-07, 'epoch': 1.71}
{'loss': 0.604, 'learning_rate': 7.811222008840719e-07, 'epoch': 1.71}
{'loss': 0.5146, 'learning_rate': 7.778348176723644e-07, 'epoch': 1.71}
{'loss': 0.5496, 'learning_rate': 7.745537830415878e-07, 'epoch': 1.71}
{'loss': 0.5775, 'learning_rate': 7.712791019252081e-07, 'epoch': 1.71}
{'loss': 0.5126, 'learning_rate': 7.680107792471381e-07, 'epoch': 1.71}
{'loss': 0.5187, 'learning_rate': 7.647488199217334e-07, 'epoch': 1.71}
{'loss': 0.5774, 'learning_rate': 7.614932288537774e-07, 'epoch': 1.72}
{'loss': 0.5711, 'learning_rate': 7.582440109384808e-07, 'epoch': 1.72}
{'loss': 0.6437, 'learning_rate': 7.550011710614691e-07, 'epoch': 1.72}
{'loss': 0.576, 'learning_rate': 7.5176471409878e-07, 'epoch': 1.72}
{'loss': 0.5135, 'learning_rate': 7.485346449168512e-07, 'epoch': 1.72}
{'loss': 0.5538, 'learning_rate': 7.45310968372518e-07, 'epoch': 1.72}
{'loss': 0.5797, 'learning_rate': 7.420936893130009e-07, 'epoch': 1.72}
{'loss': 0.4986, 'learning_rate': 7.38882812575904e-07, 'epoch': 1.72}
{'loss': 0.5994, 'learning_rate': 7.356783429892022e-07, 'epoch': 1.72}
{'loss': 0.5551, 'learning_rate': 7.324802853712354e-07, 'epoch': 1.72}
{'loss': 0.5474, 'learning_rate': 7.292886445307074e-07, 'epoch': 1.72}
{'loss': 0.4644, 'learning_rate': 7.261034252666671e-07, 'epoch': 1.72}
{'loss': 0.5366, 'learning_rate': 7.22924632368513e-07, 'epoch': 1.72}
{'loss': 0.5711, 'learning_rate': 7.197522706159771e-07, 'epoch': 1.72}
{'loss': 0.5518, 'learning_rate': 7.165863447791238e-07, 'epoch': 1.72}
{'loss': 0.5389, 'learning_rate': 7.13426859618338e-07, 'epoch': 1.72}
{'loss': 0.5532, 'learning_rate': 7.102738198843228e-07, 'epoch': 1.73}
{'loss': 0.5754, 'learning_rate': 7.071272303180871e-07, 'epoch': 1.73}
{'loss': 0.5369, 'learning_rate': 7.039870956509432e-07, 'epoch': 1.73}
{'loss': 0.5616, 'learning_rate': 7.00853420604497e-07, 'epoch': 1.73}
{'loss': 0.5531, 'learning_rate': 6.977262098906389e-07, 'epoch': 1.73}
{'loss': 0.5238, 'learning_rate': 6.946054682115455e-07, 'epoch': 1.73}
{'loss': 0.6073, 'learning_rate': 6.914912002596591e-07, 'epoch': 1.73}
{'loss': 0.5801, 'learning_rate': 6.88383410717694e-07, 'epoch': 1.73}
{'loss': 0.5299, 'learning_rate': 6.852821042586183e-07, 'epoch': 1.73}
{'loss': 0.6301, 'learning_rate': 6.821872855456562e-07, 'epoch': 1.73}
{'loss': 0.5376, 'learning_rate': 6.790989592322738e-07, 'epoch': 1.73}
{'loss': 0.5514, 'learning_rate': 6.760171299621776e-07, 'epoch': 1.73}
{'loss': 0.5677, 'learning_rate': 6.729418023693024e-07, 'epoch': 1.73}
{'loss': 0.5529, 'learning_rate': 6.698729810778065e-07, 'epoch': 1.73}
{'loss': 0.5512, 'learning_rate': 6.668106707020694e-07, 'epoch': 1.73}
{'loss': 0.5667, 'learning_rate': 6.63754875846675e-07, 'epoch': 1.73}
{'loss': 0.5659, 'learning_rate': 6.607056011064156e-07, 'epoch': 1.74}
{'loss': 0.5308, 'learning_rate': 6.576628510662742e-07, 'epoch': 1.74}
{'loss': 0.6251, 'learning_rate': 6.546266303014281e-07, 'epoch': 1.74}
{'loss': 0.5203, 'learning_rate': 6.515969433772329e-07, 'epoch': 1.74}
{'loss': 0.5722, 'learning_rate': 6.485737948492237e-07, 'epoch': 1.74}
{'loss': 0.5838, 'learning_rate': 6.455571892631002e-07, 'epoch': 1.74}
{'loss': 0.5405, 'learning_rate': 6.425471311547277e-07, 'epoch': 1.74}
{'loss': 0.6436, 'learning_rate': 6.395436250501235e-07, 'epoch': 1.74}
{'loss': 0.5885, 'learning_rate': 6.365466754654532e-07, 'epoch': 1.74}
{'loss': 0.5832, 'learning_rate': 6.335562869070272e-07, 'epoch': 1.74}
{'loss': 0.5931, 'learning_rate': 6.305724638712857e-07, 'epoch': 1.74}
{'loss': 0.5301, 'learning_rate': 6.275952108448019e-07, 'epoch': 1.74}
{'loss': 0.5708, 'learning_rate': 6.246245323042649e-07, 'epoch': 1.74}
{'loss': 0.5982, 'learning_rate': 6.216604327164827e-07, 'epoch': 1.74}
{'loss': 0.5899, 'learning_rate': 6.187029165383679e-07, 'epoch': 1.74}
{'loss': 0.5288, 'learning_rate': 6.157519882169366e-07, 'epoch': 1.74}
{'loss': 0.5635, 'learning_rate': 6.128076521892956e-07, 'epoch': 1.75}
{'loss': 0.6002, 'learning_rate': 6.098699128826446e-07, 'epoch': 1.75}
{'loss': 0.6034, 'learning_rate': 6.069387747142591e-07, 'epoch': 1.75}
{'loss': 0.5988, 'learning_rate': 6.040142420914902e-07, 'epoch': 1.75}
{'loss': 0.5826, 'learning_rate': 6.010963194117602e-07, 'epoch': 1.75}
{'loss': 0.6066, 'learning_rate': 5.981850110625476e-07, 'epoch': 1.75}
{'loss': 0.4763, 'learning_rate': 5.952803214213887e-07, 'epoch': 1.75}
{'loss': 0.645, 'learning_rate': 5.923822548558655e-07, 'epoch': 1.75}
{'loss': 0.516, 'learning_rate': 5.894908157236045e-07, 'epoch': 1.75}
{'loss': 0.5663, 'learning_rate': 5.866060083722624e-07, 'epoch': 1.75}
{'loss': 0.5978, 'learning_rate': 5.837278371395289e-07, 'epoch': 1.75}
{'loss': 0.6804, 'learning_rate': 5.80856306353112e-07, 'epoch': 1.75}
{'loss': 0.538, 'learning_rate': 5.779914203307358e-07, 'epoch': 1.75}
{'loss': 0.6201, 'learning_rate': 5.751331833801343e-07, 'epoch': 1.75}
{'loss': 0.6199, 'learning_rate': 5.722815997990411e-07, 'epoch': 1.75}
{'loss': 0.5144, 'learning_rate': 5.694366738751905e-07, 'epoch': 1.75}
{'loss': 0.6507, 'learning_rate': 5.665984098862992e-07, 'epoch': 1.76}
{'loss': 0.5342, 'learning_rate': 5.637668121000739e-07, 'epoch': 1.76}
{'loss': 0.5682, 'learning_rate': 5.609418847741927e-07, 'epoch': 1.76}
{'loss': 0.5505, 'learning_rate': 5.58123632156306e-07, 'epoch': 1.76}
{'loss': 0.5517, 'learning_rate': 5.553120584840266e-07, 'epoch': 1.76}
{'loss': 0.4795, 'learning_rate': 5.525071679849275e-07, 'epoch': 1.76}
{'loss': 0.5988, 'learning_rate': 5.497089648765297e-07, 'epoch': 1.76}
{'loss': 0.506, 'learning_rate': 5.46917453366298e-07, 'epoch': 1.76}
{'loss': 0.5252, 'learning_rate': 5.441326376516398e-07, 'epoch': 1.76}
{'loss': 0.5826, 'learning_rate': 5.413545219198912e-07, 'epoch': 1.76}
{'loss': 0.5933, 'learning_rate': 5.385831103483141e-07, 'epoch': 1.76}
{'loss': 0.5158, 'learning_rate': 5.358184071040901e-07, 'epoch': 1.76}
{'loss': 0.596, 'learning_rate': 5.330604163443159e-07, 'epoch': 1.76}
{'loss': 0.5128, 'learning_rate': 5.303091422159923e-07, 'epoch': 1.76}
{'loss': 0.5591, 'learning_rate': 5.275645888560233e-07, 'epoch': 1.76}
{'loss': 0.5088, 'learning_rate': 5.248267603912039e-07, 'epoch': 1.76}
{'loss': 0.5107, 'learning_rate': 5.220956609382216e-07, 'epoch': 1.77}
{'loss': 0.5645, 'learning_rate': 5.193712946036416e-07, 'epoch': 1.77}
{'loss': 0.545, 'learning_rate': 5.166536654839099e-07, 'epoch': 1.77}
{'loss': 0.5328, 'learning_rate': 5.139427776653372e-07, 'epoch': 1.77}
{'loss': 0.5224, 'learning_rate': 5.112386352241017e-07, 'epoch': 1.77}
{'loss': 0.6131, 'learning_rate': 5.085412422262364e-07, 'epoch': 1.77}
{'loss': 0.5513, 'learning_rate': 5.058506027276261e-07, 'epoch': 1.77}
{'loss': 0.4549, 'learning_rate': 5.031667207740026e-07, 'epoch': 1.77}
{'loss': 0.6006, 'learning_rate': 5.004896004009347e-07, 'epoch': 1.77}
{'loss': 0.5778, 'learning_rate': 4.97819245633826e-07, 'epoch': 1.77}
{'loss': 0.4735, 'learning_rate': 4.951556604879049e-07, 'epoch': 1.77}
{'loss': 0.5002, 'learning_rate': 4.924988489682237e-07, 'epoch': 1.77}
{'loss': 0.5436, 'learning_rate': 4.898488150696468e-07, 'epoch': 1.77}
{'loss': 0.561, 'learning_rate': 4.872055627768502e-07, 'epoch': 1.77}
{'loss': 0.5034, 'learning_rate': 4.845690960643107e-07, 'epoch': 1.77}
{'loss': 0.4964, 'learning_rate': 4.819394188963023e-07, 'epoch': 1.77}
{'loss': 0.5111, 'learning_rate': 4.793165352268924e-07, 'epoch': 1.78}
{'loss': 0.5435, 'learning_rate': 4.7670044899993e-07, 'epoch': 1.78}
{'loss': 0.5809, 'learning_rate': 4.740911641490464e-07, 'epoch': 1.78}
{'loss': 0.5261, 'learning_rate': 4.71488684597643e-07, 'epoch': 1.78}
{'loss': 0.5086, 'learning_rate': 4.688930142588921e-07, 'epoch': 1.78}
{'loss': 0.5528, 'learning_rate': 4.6630415703572407e-07, 'epoch': 1.78}
{'loss': 0.5738, 'learning_rate': 4.6372211682082837e-07, 'epoch': 1.78}
{'loss': 0.5819, 'learning_rate': 4.6114689749663987e-07, 'epoch': 1.78}
{'loss': 0.5416, 'learning_rate': 4.5857850293534125e-07, 'epoch': 1.78}
{'loss': 0.5303, 'learning_rate': 4.560169369988515e-07, 'epoch': 1.78}
{'loss': 0.5079, 'learning_rate': 4.534622035388214e-07, 'epoch': 1.78}
{'loss': 0.622, 'learning_rate': 4.509143063966298e-07, 'epoch': 1.78}
{'loss': 0.5577, 'learning_rate': 4.483732494033738e-07, 'epoch': 1.78}
{'loss': 0.5243, 'learning_rate': 4.4583903637986926e-07, 'epoch': 1.78}
{'loss': 0.5189, 'learning_rate': 4.433116711366364e-07, 'epoch': 1.78}
{'loss': 0.4423, 'learning_rate': 4.407911574739038e-07, 'epoch': 1.78}
{'loss': 0.4692, 'learning_rate': 4.38277499181593e-07, 'epoch': 1.79}
{'loss': 0.6028, 'learning_rate': 4.3577070003932243e-07, 'epoch': 1.79}
{'loss': 0.5389, 'learning_rate': 4.3327076381639357e-07, 'epoch': 1.79}
{'loss': 0.5657, 'learning_rate': 4.307776942717884e-07, 'epoch': 1.79}
{'loss': 0.5061, 'learning_rate': 4.2829149515416614e-07, 'epoch': 1.79}
{'loss': 0.5763, 'learning_rate': 4.258121702018536e-07, 'epoch': 1.79}
{'loss': 0.5257, 'learning_rate': 4.233397231428432e-07, 'epoch': 1.79}
{'loss': 0.5639, 'learning_rate': 4.2087415769478336e-07, 'epoch': 1.79}
{'loss': 0.6724, 'learning_rate': 4.184154775649768e-07, 'epoch': 1.79}
{'loss': 0.5693, 'learning_rate': 4.1596368645037187e-07, 'epoch': 1.79}
{'loss': 0.494, 'learning_rate': 4.1351878803756073e-07, 'epoch': 1.79}
{'loss': 0.5489, 'learning_rate': 4.1108078600276767e-07, 'epoch': 1.79}
{'loss': 0.5339, 'learning_rate': 4.0864968401185144e-07, 'epoch': 1.79}
{'loss': 0.6369, 'learning_rate': 4.062254857202935e-07, 'epoch': 1.79}
{'loss': 0.5389, 'learning_rate': 4.038081947731931e-07, 'epoch': 1.79}
{'loss': 0.5545, 'learning_rate': 4.0139781480526776e-07, 'epoch': 1.79}
{'loss': 0.5766, 'learning_rate': 3.9899434944083883e-07, 'epoch': 1.8}
{'loss': 0.5924, 'learning_rate': 3.9659780229383436e-07, 'epoch': 1.8}
{'loss': 0.5384, 'learning_rate': 3.942081769677775e-07, 'epoch': 1.8}
{'loss': 0.5235, 'learning_rate': 3.91825477055785e-07, 'epoch': 1.8}
{'loss': 0.56, 'learning_rate': 3.894497061405589e-07, 'epoch': 1.8}
{'loss': 0.5238, 'learning_rate': 3.8708086779438383e-07, 'epoch': 1.8}
{'loss': 0.5503, 'learning_rate': 3.8471896557912005e-07, 'epoch': 1.8}
{'loss': 0.5609, 'learning_rate': 3.8236400304619835e-07, 'epoch': 1.8}
{'loss': 0.5344, 'learning_rate': 3.8001598373661466e-07, 'epoch': 1.8}
{'loss': 0.5258, 'learning_rate': 3.7767491118092417e-07, 'epoch': 1.8}
{'loss': 0.6077, 'learning_rate': 3.753407888992394e-07, 'epoch': 1.8}
{'loss': 0.5305, 'learning_rate': 3.7301362040121805e-07, 'epoch': 1.8}
{'loss': 0.5154, 'learning_rate': 3.7069340918606643e-07, 'epoch': 1.8}
{'loss': 0.5732, 'learning_rate': 3.683801587425251e-07, 'epoch': 1.8}
{'loss': 0.5693, 'learning_rate': 3.660738725488733e-07, 'epoch': 1.8}
{'loss': 0.5269, 'learning_rate': 3.6377455407291263e-07, 'epoch': 1.8}
{'loss': 0.5995, 'learning_rate': 3.6148220677197364e-07, 'epoch': 1.81}
{'loss': 0.5809, 'learning_rate': 3.591968340929014e-07, 'epoch': 1.81}
{'loss': 0.6319, 'learning_rate': 3.5691843947205315e-07, 'epoch': 1.81}
{'loss': 0.5111, 'learning_rate': 3.546470263352963e-07, 'epoch': 1.81}
{'loss': 0.5154, 'learning_rate': 3.523825980979989e-07, 'epoch': 1.81}
{'loss': 0.5025, 'learning_rate': 3.5012515816502725e-07, 'epoch': 1.81}
{'loss': 0.5657, 'learning_rate': 3.478747099307389e-07, 'epoch': 1.81}
{'loss': 0.4726, 'learning_rate': 3.4563125677897936e-07, 'epoch': 1.81}
{'loss': 0.5169, 'learning_rate': 3.433948020830746e-07, 'epoch': 1.81}
{'loss': 0.5496, 'learning_rate': 3.411653492058298e-07, 'epoch': 1.81}
{'loss': 0.5106, 'learning_rate': 3.389429014995199e-07, 'epoch': 1.81}
{'loss': 0.6012, 'learning_rate': 3.3672746230588803e-07, 'epoch': 1.81}
{'loss': 0.5469, 'learning_rate': 3.3451903495613836e-07, 'epoch': 1.81}
{'loss': 0.628, 'learning_rate': 3.323176227709313e-07, 'epoch': 1.81}
{'loss': 0.5471, 'learning_rate': 3.301232290603812e-07, 'epoch': 1.81}
{'loss': 0.5338, 'learning_rate': 3.27935857124046e-07, 'epoch': 1.81}
{'loss': 0.5519, 'learning_rate': 3.257555102509291e-07, 'epoch': 1.82}
{'loss': 0.5603, 'learning_rate': 3.2358219171946703e-07, 'epoch': 1.82}
{'loss': 0.5707, 'learning_rate': 3.214159047975324e-07, 'epoch': 1.82}
{'loss': 0.5845, 'learning_rate': 3.1925665274242014e-07, 'epoch': 1.82}
{'loss': 0.4835, 'learning_rate': 3.171044388008515e-07, 'epoch': 1.82}
{'loss': 0.561, 'learning_rate': 3.1495926620896345e-07, 'epoch': 1.82}
{'loss': 0.5892, 'learning_rate': 3.128211381923041e-07, 'epoch': 1.82}
{'loss': 0.5488, 'learning_rate': 3.106900579658312e-07, 'epoch': 1.82}
{'loss': 0.5973, 'learning_rate': 3.085660287339032e-07, 'epoch': 1.82}
{'loss': 0.5655, 'learning_rate': 3.0644905369027923e-07, 'epoch': 1.82}
{'loss': 0.6699, 'learning_rate': 3.043391360181086e-07, 'epoch': 1.82}
{'loss': 0.5403, 'learning_rate': 3.022362788899308e-07, 'epoch': 1.82}
{'loss': 0.6424, 'learning_rate': 3.0014048546766706e-07, 'epoch': 1.82}
{'loss': 0.5523, 'learning_rate': 2.980517589026205e-07, 'epoch': 1.82}
{'loss': 0.6478, 'learning_rate': 2.959701023354644e-07, 'epoch': 1.82}
{'loss': 0.493, 'learning_rate': 2.9389551889624503e-07, 'epoch': 1.82}
{'loss': 0.6077, 'learning_rate': 2.918280117043709e-07, 'epoch': 1.83}
{'loss': 0.5235, 'learning_rate': 2.897675838686098e-07, 'epoch': 1.83}
{'loss': 0.5144, 'learning_rate': 2.8771423848708846e-07, 'epoch': 1.83}
{'loss': 0.5508, 'learning_rate': 2.8566797864727993e-07, 'epoch': 1.83}
{'loss': 0.5439, 'learning_rate': 2.836288074260068e-07, 'epoch': 1.83}
{'loss': 0.5981, 'learning_rate': 2.815967278894294e-07, 'epoch': 1.83}
{'loss': 0.5379, 'learning_rate': 2.7957174309304835e-07, 'epoch': 1.83}
{'loss': 0.6152, 'learning_rate': 2.7755385608169374e-07, 'epoch': 1.83}
{'loss': 0.5638, 'learning_rate': 2.7554306988952505e-07, 'epoch': 1.83}
{'loss': 0.5167, 'learning_rate': 2.7353938754002273e-07, 'epoch': 1.83}
{'loss': 0.5677, 'learning_rate': 2.7154281204598896e-07, 'epoch': 1.83}
{'loss': 0.5504, 'learning_rate': 2.6955334640953566e-07, 'epoch': 1.83}
{'loss': 0.5414, 'learning_rate': 2.6757099362208663e-07, 'epoch': 1.83}
{'loss': 0.5635, 'learning_rate': 2.655957566643708e-07, 'epoch': 1.83}
{'loss': 0.6114, 'learning_rate': 2.636276385064157e-07, 'epoch': 1.83}
{'loss': 0.5473, 'learning_rate': 2.6166664210754754e-07, 'epoch': 1.83}
{'loss': 0.5374, 'learning_rate': 2.59712770416381e-07, 'epoch': 1.84}
{'loss': 0.608, 'learning_rate': 2.577660263708204e-07, 'epoch': 1.84}
{'loss': 0.5821, 'learning_rate': 2.558264128980503e-07, 'epoch': 1.84}
{'loss': 0.5779, 'learning_rate': 2.5389393291453626e-07, 'epoch': 1.84}
{'loss': 0.5417, 'learning_rate': 2.5196858932601596e-07, 'epoch': 1.84}
{'loss': 0.6075, 'learning_rate': 2.500503850274949e-07, 'epoch': 1.84}
{'loss': 0.6617, 'learning_rate': 2.481393229032486e-07, 'epoch': 1.84}
{'loss': 0.5404, 'learning_rate': 2.4623540582680794e-07, 'epoch': 1.84}
{'loss': 0.5055, 'learning_rate': 2.443386366609646e-07, 'epoch': 1.84}
{'loss': 0.5734, 'learning_rate': 2.424490182577588e-07, 'epoch': 1.84}
{'loss': 0.5179, 'learning_rate': 2.4056655345848224e-07, 'epoch': 1.84}
{'loss': 0.6024, 'learning_rate': 2.386912450936674e-07, 'epoch': 1.84}
{'loss': 0.5375, 'learning_rate': 2.368230959830875e-07, 'epoch': 1.84}
{'loss': 0.4953, 'learning_rate': 2.349621089357501e-07, 'epoch': 1.84}
{'loss': 0.5601, 'learning_rate': 2.3310828674989516e-07, 'epoch': 1.84}
{'loss': 0.6278, 'learning_rate': 2.3126163221298793e-07, 'epoch': 1.84}
{'loss': 0.6595, 'learning_rate': 2.2942214810171503e-07, 'epoch': 1.85}
{'loss': 0.5592, 'learning_rate': 2.2758983718198514e-07, 'epoch': 1.85}
{'loss': 0.5901, 'learning_rate': 2.2576470220891656e-07, 'epoch': 1.85}
{'loss': 0.6249, 'learning_rate': 2.2394674592684184e-07, 'epoch': 1.85}
{'loss': 0.6964, 'learning_rate': 2.2213597106929608e-07, 'epoch': 1.85}
{'loss': 0.488, 'learning_rate': 2.2033238035901904e-07, 'epoch': 1.85}
{'loss': 0.5046, 'learning_rate': 2.1853597650794478e-07, 'epoch': 1.85}
{'loss': 0.566, 'learning_rate': 2.167467622172048e-07, 'epoch': 1.85}
{'loss': 0.498, 'learning_rate': 2.1496474017711655e-07, 'epoch': 1.85}
{'loss': 0.618, 'learning_rate': 2.1318991306718607e-07, 'epoch': 1.85}
{'loss': 0.5301, 'learning_rate': 2.1142228355609862e-07, 'epoch': 1.85}
{'loss': 0.5862, 'learning_rate': 2.096618543017176e-07, 'epoch': 1.85}
{'loss': 0.6065, 'learning_rate': 2.0790862795108113e-07, 'epoch': 1.85}
{'loss': 0.6203, 'learning_rate': 2.0616260714039383e-07, 'epoch': 1.85}
{'loss': 0.4555, 'learning_rate': 2.0442379449503003e-07, 'epoch': 1.85}
{'loss': 0.5615, 'learning_rate': 2.0269219262952111e-07, 'epoch': 1.85}
{'loss': 0.484, 'learning_rate': 2.0096780414756045e-07, 'epoch': 1.86}
{'loss': 0.5128, 'learning_rate': 1.992506316419912e-07, 'epoch': 1.86}
{'loss': 0.5303, 'learning_rate': 1.9754067769480967e-07, 'epoch': 1.86}
{'loss': 0.5399, 'learning_rate': 1.9583794487715579e-07, 'epoch': 1.86}
{'loss': 0.5777, 'learning_rate': 1.9414243574931214e-07, 'epoch': 1.86}
{'loss': 0.5959, 'learning_rate': 1.9245415286070047e-07, 'epoch': 1.86}
{'loss': 0.6197, 'learning_rate': 1.907730987498757e-07, 'epoch': 1.86}
{'loss': 0.5238, 'learning_rate': 1.890992759445248e-07, 'epoch': 1.86}
{'loss': 0.5495, 'learning_rate': 1.8743268696145956e-07, 'epoch': 1.86}
{'loss': 0.6375, 'learning_rate': 1.8577333430661648e-07, 'epoch': 1.86}
{'loss': 0.5557, 'learning_rate': 1.8412122047505032e-07, 'epoch': 1.86}
{'loss': 0.4798, 'learning_rate': 1.8247634795093227e-07, 'epoch': 1.86}
{'loss': 0.5476, 'learning_rate': 1.808387192075428e-07, 'epoch': 1.86}
{'loss': 0.5948, 'learning_rate': 1.7920833670727444e-07, 'epoch': 1.86}
{'loss': 0.5292, 'learning_rate': 1.7758520290162118e-07, 'epoch': 1.86}
{'loss': 0.468, 'learning_rate': 1.7596932023117687e-07, 'epoch': 1.86}
{'loss': 0.4768, 'learning_rate': 1.7436069112563568e-07, 'epoch': 1.87}
{'loss': 0.5279, 'learning_rate': 1.7275931800378177e-07, 'epoch': 1.87}
{'loss': 0.6085, 'learning_rate': 1.7116520327349117e-07, 'epoch': 1.87}
{'loss': 0.5691, 'learning_rate': 1.6957834933172434e-07, 'epoch': 1.87}
{'loss': 0.4829, 'learning_rate': 1.6799875856452596e-07, 'epoch': 1.87}
{'loss': 0.5718, 'learning_rate': 1.664264333470178e-07, 'epoch': 1.87}
{'loss': 0.5756, 'learning_rate': 1.6486137604339813e-07, 'epoch': 1.87}
{'loss': 0.5018, 'learning_rate': 1.6330358900693676e-07, 'epoch': 1.87}
{'loss': 0.615, 'learning_rate': 1.617530745799706e-07, 'epoch': 1.87}
{'loss': 0.5134, 'learning_rate': 1.6020983509390354e-07, 'epoch': 1.87}
{'loss': 0.5514, 'learning_rate': 1.5867387286919723e-07, 'epoch': 1.87}
{'loss': 0.606, 'learning_rate': 1.5714519021537477e-07, 'epoch': 1.87}
{'loss': 0.5991, 'learning_rate': 1.5562378943101086e-07, 'epoch': 1.87}
{'loss': 0.5549, 'learning_rate': 1.5410967280373222e-07, 'epoch': 1.87}
{'loss': 0.5735, 'learning_rate': 1.5260284261021163e-07, 'epoch': 1.87}
{'loss': 0.464, 'learning_rate': 1.5110330111616777e-07, 'epoch': 1.87}
{'loss': 0.5848, 'learning_rate': 1.4961105057635706e-07, 'epoch': 1.88}
{'loss': 0.6269, 'learning_rate': 1.4812609323457628e-07, 'epoch': 1.88}
{'loss': 0.5624, 'learning_rate': 1.4664843132365325e-07, 'epoch': 1.88}
{'loss': 0.5824, 'learning_rate': 1.4517806706544625e-07, 'epoch': 1.88}
{'loss': 0.5395, 'learning_rate': 1.4371500267084337e-07, 'epoch': 1.88}
{'loss': 0.539, 'learning_rate': 1.422592403397527e-07, 'epoch': 1.88}
{'loss': 0.5386, 'learning_rate': 1.4081078226110546e-07, 'epoch': 1.88}
{'loss': 0.5392, 'learning_rate': 1.3936963061284837e-07, 'epoch': 1.88}
{'loss': 0.519, 'learning_rate': 1.379357875619436e-07, 'epoch': 1.88}
{'loss': 0.6034, 'learning_rate': 1.36509255264361e-07, 'epoch': 1.88}
{'loss': 0.5691, 'learning_rate': 1.3509003586508197e-07, 'epoch': 1.88}
{'loss': 0.5706, 'learning_rate': 1.3367813149808728e-07, 'epoch': 1.88}
{'loss': 0.5636, 'learning_rate': 1.3227354428636262e-07, 'epoch': 1.88}
{'loss': 0.6209, 'learning_rate': 1.3087627634188916e-07, 'epoch': 1.88}
{'loss': 0.5819, 'learning_rate': 1.294863297656429e-07, 'epoch': 1.88}
{'loss': 0.5174, 'learning_rate': 1.2810370664759153e-07, 'epoch': 1.88}
{'loss': 0.4981, 'learning_rate': 1.2672840906669092e-07, 'epoch': 1.89}
{'loss': 0.5922, 'learning_rate': 1.253604390908819e-07, 'epoch': 1.89}
{'loss': 0.4907, 'learning_rate': 1.2399979877708746e-07, 'epoch': 1.89}
{'loss': 0.574, 'learning_rate': 1.2264649017120934e-07, 'epoch': 1.89}
{'loss': 0.5594, 'learning_rate': 1.2130051530812425e-07, 'epoch': 1.89}
{'loss': 0.5966, 'learning_rate': 1.1996187621168388e-07, 'epoch': 1.89}
{'loss': 0.5617, 'learning_rate': 1.1863057489470808e-07, 'epoch': 1.89}
{'loss': 0.631, 'learning_rate': 1.173066133589823e-07, 'epoch': 1.89}
{'loss': 0.5682, 'learning_rate': 1.1598999359525797e-07, 'epoch': 1.89}
{'loss': 0.5818, 'learning_rate': 1.1468071758324595e-07, 'epoch': 1.89}
{'loss': 0.5549, 'learning_rate': 1.1337878729161533e-07, 'epoch': 1.89}
{'loss': 0.4891, 'learning_rate': 1.1208420467798853e-07, 'epoch': 1.89}
{'loss': 0.5737, 'learning_rate': 1.1079697168894232e-07, 'epoch': 1.89}
{'loss': 0.5314, 'learning_rate': 1.0951709025999957e-07, 'epoch': 1.89}
{'loss': 0.5434, 'learning_rate': 1.0824456231563141e-07, 'epoch': 1.89}
{'loss': 0.5567, 'learning_rate': 1.069793897692506e-07, 'epoch': 1.89}
{'loss': 0.5714, 'learning_rate': 1.0572157452321097e-07, 'epoch': 1.9}
{'loss': 0.545, 'learning_rate': 1.0447111846880243e-07, 'epoch': 1.9}
{'loss': 0.4901, 'learning_rate': 1.0322802348625039e-07, 'epoch': 1.9}
{'loss': 0.5151, 'learning_rate': 1.0199229144471246e-07, 'epoch': 1.9}
{'loss': 0.4397, 'learning_rate': 1.0076392420227343e-07, 'epoch': 1.9}
{'loss': 0.6104, 'learning_rate': 9.954292360594641e-08, 'epoch': 1.9}
{'loss': 0.519, 'learning_rate': 9.832929149166503e-08, 'epoch': 1.9}
{'loss': 0.5618, 'learning_rate': 9.712302968428567e-08, 'epoch': 1.9}
{'loss': 0.6031, 'learning_rate': 9.592413999758077e-08, 'epoch': 1.9}
{'loss': 0.5239, 'learning_rate': 9.473262423424002e-08, 'epoch': 1.9}
{'loss': 0.5517, 'learning_rate': 9.35484841858636e-08, 'epoch': 1.9}
{'loss': 0.6186, 'learning_rate': 9.237172163296171e-08, 'epoch': 1.9}
{'loss': 0.5258, 'learning_rate': 9.12023383449523e-08, 'epoch': 1.9}
{'loss': 0.5933, 'learning_rate': 9.004033608015606e-08, 'epoch': 1.9}
{'loss': 0.5913, 'learning_rate': 8.888571658579704e-08, 'epoch': 1.9}
{'loss': 0.5947, 'learning_rate': 8.773848159799647e-08, 'epoch': 1.9}
{'loss': 0.5432, 'learning_rate': 8.659863284177505e-08, 'epoch': 1.91}
{'loss': 0.5767, 'learning_rate': 8.546617203104402e-08, 'epoch': 1.91}
{'loss': 0.5002, 'learning_rate': 8.434110086860736e-08, 'epoch': 1.91}
{'loss': 0.5505, 'learning_rate': 8.322342104615744e-08, 'epoch': 1.91}
{'loss': 0.573, 'learning_rate': 8.21131342442738e-08, 'epoch': 1.91}
{'loss': 0.5423, 'learning_rate': 8.101024213241826e-08, 'epoch': 1.91}
{'loss': 0.531, 'learning_rate': 7.99147463689337e-08, 'epoch': 1.91}
{'loss': 0.6437, 'learning_rate': 7.882664860104305e-08, 'epoch': 1.91}
{'loss': 0.5795, 'learning_rate': 7.774595046484368e-08, 'epoch': 1.91}
{'loss': 0.5686, 'learning_rate': 7.667265358530851e-08, 'epoch': 1.91}
{'loss': 0.4878, 'learning_rate': 7.560675957627939e-08, 'epoch': 1.91}
{'loss': 0.5756, 'learning_rate': 7.454827004046872e-08, 'epoch': 1.91}
{'loss': 0.5738, 'learning_rate': 7.349718656945504e-08, 'epoch': 1.91}
{'loss': 0.5829, 'learning_rate': 7.245351074368023e-08, 'epoch': 1.91}
{'loss': 0.6148, 'learning_rate': 7.141724413244899e-08, 'epoch': 1.91}
{'loss': 0.544, 'learning_rate': 7.038838829392381e-08, 'epoch': 1.91}
{'loss': 0.6469, 'learning_rate': 6.936694477512496e-08, 'epoch': 1.92}
{'loss': 0.5523, 'learning_rate': 6.835291511192666e-08, 'epoch': 1.92}
{'loss': 0.5668, 'learning_rate': 6.734630082905757e-08, 'epoch': 1.92}
{'loss': 0.5511, 'learning_rate': 6.634710344009255e-08, 'epoch': 1.92}
{'loss': 0.6205, 'learning_rate': 6.535532444745862e-08, 'epoch': 1.92}
{'loss': 0.563, 'learning_rate': 6.437096534242405e-08, 'epoch': 1.92}
{'loss': 0.5954, 'learning_rate': 6.339402760510371e-08, 'epoch': 1.92}
{'loss': 0.6008, 'learning_rate': 6.242451270445038e-08, 'epoch': 1.92}
{'loss': 0.516, 'learning_rate': 6.146242209825959e-08, 'epoch': 1.92}
{'loss': 0.5361, 'learning_rate': 6.050775723315915e-08, 'epoch': 1.92}
{'loss': 0.5816, 'learning_rate': 5.9560519544614725e-08, 'epoch': 1.92}
{'loss': 0.5486, 'learning_rate': 5.8620710456921414e-08, 'epoch': 1.92}
{'loss': 0.5553, 'learning_rate': 5.768833138320662e-08, 'epoch': 1.92}
{'loss': 0.5266, 'learning_rate': 5.6763383725425006e-08, 'epoch': 1.92}
{'loss': 0.6423, 'learning_rate': 5.584586887435739e-08, 'epoch': 1.92}
{'loss': 0.5841, 'learning_rate': 5.493578820960743e-08, 'epoch': 1.92}
{'loss': 0.6272, 'learning_rate': 5.403314309960161e-08, 'epoch': 1.93}
{'loss': 0.6392, 'learning_rate': 5.3137934901585364e-08, 'epoch': 1.93}
{'loss': 0.5786, 'learning_rate': 5.225016496162194e-08, 'epoch': 1.93}
{'loss': 0.5438, 'learning_rate': 5.136983461459078e-08, 'epoch': 1.93}
{'loss': 0.5749, 'learning_rate': 5.049694518418358e-08, 'epoch': 1.93}
{'loss': 0.6601, 'learning_rate': 4.9631497982905455e-08, 'epoch': 1.93}
{'loss': 0.4903, 'learning_rate': 4.877349431206879e-08, 'epoch': 1.93}
{'loss': 0.567, 'learning_rate': 4.7922935461796607e-08, 'epoch': 1.93}
{'loss': 0.4799, 'learning_rate': 4.7079822711015296e-08, 'epoch': 1.93}
{'loss': 0.6132, 'learning_rate': 4.624415732745524e-08, 'epoch': 1.93}
{'loss': 0.4403, 'learning_rate': 4.541594056765075e-08, 'epoch': 1.93}
{'loss': 0.5355, 'learning_rate': 4.459517367693289e-08, 'epoch': 1.93}
{'loss': 0.5085, 'learning_rate': 4.3781857889434456e-08, 'epoch': 1.93}
{'loss': 0.5687, 'learning_rate': 4.297599442808109e-08, 'epoch': 1.93}
{'loss': 0.5699, 'learning_rate': 4.2177584504595746e-08, 'epoch': 1.93}
{'loss': 0.5387, 'learning_rate': 4.138662931949255e-08, 'epoch': 1.93}
{'loss': 0.5113, 'learning_rate': 4.060313006207683e-08, 'epoch': 1.94}
{'loss': 0.5168, 'learning_rate': 3.982708791044176e-08, 'epoch': 1.94}
{'loss': 0.5679, 'learning_rate': 3.90585040314706e-08, 'epoch': 1.94}
{'loss': 0.571, 'learning_rate': 3.829737958082891e-08, 'epoch': 1.94}
{'loss': 0.6074, 'learning_rate': 3.754371570296789e-08, 'epoch': 1.94}
{'loss': 0.6197, 'learning_rate': 3.6797513531120485e-08, 'epoch': 1.94}
{'loss': 0.6204, 'learning_rate': 3.605877418729975e-08, 'epoch': 1.94}
{'loss': 0.5658, 'learning_rate': 3.532749878229769e-08, 'epoch': 1.94}
{'loss': 0.5489, 'learning_rate': 3.460368841568307e-08, 'epoch': 1.94}
{'loss': 0.4908, 'learning_rate': 3.388734417579975e-08, 'epoch': 1.94}
{'loss': 0.5109, 'learning_rate': 3.317846713976502e-08, 'epoch': 1.94}
{'loss': 0.5529, 'learning_rate': 3.2477058373470146e-08, 'epoch': 1.94}
{'loss': 0.6068, 'learning_rate': 3.178311893157482e-08, 'epoch': 1.94}
{'loss': 0.5214, 'learning_rate': 3.1096649857508264e-08, 'epoch': 1.94}
{'loss': 0.5025, 'learning_rate': 3.041765218346704e-08, 'epoch': 1.94}
{'loss': 0.5274, 'learning_rate': 2.9746126930412787e-08, 'epoch': 1.94}
{'loss': 0.58, 'learning_rate': 2.9082075108073926e-08, 'epoch': 1.95}
{'loss': 0.5907, 'learning_rate': 2.8425497714937856e-08, 'epoch': 1.95}
{'loss': 0.551, 'learning_rate': 2.7776395738256523e-08, 'epoch': 1.95}
{'loss': 0.5421, 'learning_rate': 2.7134770154039202e-08, 'epoch': 1.95}
{'loss': 0.5366, 'learning_rate': 2.6500621927054716e-08, 'epoch': 1.95}
{'loss': 0.5376, 'learning_rate': 2.587395201082865e-08, 'epoch': 1.95}
{'loss': 0.5034, 'learning_rate': 2.5254761347641155e-08, 'epoch': 1.95}
{'loss': 0.5449, 'learning_rate': 2.4643050868527474e-08, 'epoch': 1.95}
{'loss': 0.6071, 'learning_rate': 2.4038821493274077e-08, 'epoch': 1.95}
{'loss': 0.5622, 'learning_rate': 2.3442074130419767e-08, 'epoch': 1.95}
{'loss': 0.5357, 'learning_rate': 2.285280967725234e-08, 'epoch': 1.95}
{'loss': 0.5707, 'learning_rate': 2.227102901980971e-08, 'epoch': 1.95}
{'loss': 0.5147, 'learning_rate': 2.1696733032873785e-08, 'epoch': 1.95}
{'loss': 0.556, 'learning_rate': 2.1129922579975482e-08, 'epoch': 1.95}
{'loss': 0.5889, 'learning_rate': 2.0570598513388605e-08, 'epoch': 1.95}
{'loss': 0.5429, 'learning_rate': 2.0018761674130417e-08, 'epoch': 1.95}
{'loss': 0.5534, 'learning_rate': 1.9474412891959395e-08, 'epoch': 1.96}
{'loss': 0.5144, 'learning_rate': 1.8937552985377472e-08, 'epoch': 1.96}
{'loss': 0.6232, 'learning_rate': 1.840818276162226e-08, 'epoch': 1.96}
{'loss': 0.5703, 'learning_rate': 1.7886303016672602e-08, 'epoch': 1.96}
{'loss': 0.5803, 'learning_rate': 1.737191453524356e-08, 'epoch': 1.96}
{'loss': 0.5151, 'learning_rate': 1.6865018090784778e-08, 'epoch': 1.96}
{'loss': 0.5496, 'learning_rate': 1.636561444548268e-08, 'epoch': 1.96}
{'loss': 0.5126, 'learning_rate': 1.5873704350256037e-08, 'epoch': 1.96}
{'loss': 0.5749, 'learning_rate': 1.538928854475652e-08, 'epoch': 1.96}
{'loss': 0.5972, 'learning_rate': 1.4912367757366485e-08, 'epoch': 1.96}
{'loss': 0.49, 'learning_rate': 1.444294270520008e-08, 'epoch': 1.96}
{'loss': 0.5371, 'learning_rate': 1.3981014094099354e-08, 'epoch': 1.96}
{'loss': 0.598, 'learning_rate': 1.3526582618634265e-08, 'epoch': 1.96}
{'loss': 0.4686, 'learning_rate': 1.3079648962102675e-08, 'epoch': 1.96}
{'loss': 0.6146, 'learning_rate': 1.2640213796528134e-08, 'epoch': 1.96}
{'loss': 0.5894, 'learning_rate': 1.2208277782659317e-08, 'epoch': 1.96}
{'loss': 0.6057, 'learning_rate': 1.1783841569968368e-08, 'epoch': 1.97}
{'loss': 0.5882, 'learning_rate': 1.136690579665145e-08, 'epoch': 1.97}
{'loss': 0.4913, 'learning_rate': 1.0957471089626526e-08, 'epoch': 1.97}
{'loss': 0.5454, 'learning_rate': 1.0555538064532244e-08, 'epoch': 1.97}
{'loss': 0.616, 'learning_rate': 1.0161107325727394e-08, 'epoch': 1.97}
{'loss': 0.4847, 'learning_rate': 9.774179466291445e-09, 'epoch': 1.97}
{'loss': 0.6246, 'learning_rate': 9.394755068020678e-09, 'epoch': 1.97}
{'loss': 0.5113, 'learning_rate': 9.022834701429839e-09, 'epoch': 1.97}
{'loss': 0.5567, 'learning_rate': 8.658418925749922e-09, 'epoch': 1.97}
{'loss': 0.6392, 'learning_rate': 8.301508288928174e-09, 'epoch': 1.97}
{'loss': 0.5959, 'learning_rate': 7.95210332762697e-09, 'epoch': 1.97}
{'loss': 0.5028, 'learning_rate': 7.610204567222168e-09, 'epoch': 1.97}
{'loss': 0.4988, 'learning_rate': 7.275812521803649e-09, 'epoch': 1.97}
{'loss': 0.482, 'learning_rate': 6.9489276941742124e-09, 'epoch': 1.97}
{'loss': 0.5153, 'learning_rate': 6.629550575847355e-09, 'epoch': 1.97}
{'loss': 0.6341, 'learning_rate': 6.317681647049489e-09, 'epoch': 1.97}
{'loss': 0.4841, 'learning_rate': 6.013321376716619e-09, 'epoch': 1.98}
{'loss': 0.6355, 'learning_rate': 5.716470222493775e-09, 'epoch': 1.98}
{'loss': 0.5614, 'learning_rate': 5.427128630736134e-09, 'epoch': 1.98}
{'loss': 0.5719, 'learning_rate': 5.145297036506791e-09, 'epoch': 1.98}
{'loss': 0.4961, 'learning_rate': 4.87097586357621e-09, 'epoch': 1.98}
{'loss': 0.5661, 'learning_rate': 4.6041655244233315e-09, 'epoch': 1.98}
{'loss': 0.4915, 'learning_rate': 4.344866420231686e-09, 'epoch': 1.98}
{'loss': 0.5312, 'learning_rate': 4.09307894089217e-09, 'epoch': 1.98}
{'loss': 0.5595, 'learning_rate': 3.848803465000272e-09, 'epoch': 1.98}
{'loss': 0.6297, 'learning_rate': 3.612040359856073e-09, 'epoch': 1.98}
{'loss': 0.5372, 'learning_rate': 3.3827899814642408e-09, 'epoch': 1.98}
{'loss': 0.5133, 'learning_rate': 3.1610526745329275e-09, 'epoch': 1.98}
{'loss': 0.5749, 'learning_rate': 2.9468287724737642e-09, 'epoch': 1.98}
{'loss': 0.5395, 'learning_rate': 2.7401185973996434e-09, 'epoch': 1.98}
{'loss': 0.5461, 'learning_rate': 2.5409224601269376e-09, 'epoch': 1.98}
{'loss': 0.6069, 'learning_rate': 2.34924066017328e-09, 'epoch': 1.98}
{'loss': 0.5706, 'learning_rate': 2.165073485757563e-09, 'epoch': 1.99}
{'loss': 0.5321, 'learning_rate': 1.98842121379883e-09, 'epoch': 1.99}
{'loss': 0.5966, 'learning_rate': 1.8192841099179404e-09, 'epoch': 1.99}
{'loss': 0.5589, 'learning_rate': 1.657662428434792e-09, 'epoch': 1.99}
{'loss': 0.5401, 'learning_rate': 1.5035564123677682e-09, 'epoch': 1.99}
{'loss': 0.6221, 'learning_rate': 1.3569662934359572e-09, 'epoch': 1.99}
{'loss': 0.6106, 'learning_rate': 1.2178922920574876e-09, 'epoch': 1.99}
{'loss': 0.56, 'learning_rate': 1.0863346173478617e-09, 'epoch': 1.99}
{'loss': 0.5891, 'learning_rate': 9.622934671216221e-10, 'epoch': 1.99}
{'loss': 0.5876, 'learning_rate': 8.457690278912412e-10, 'epoch': 1.99}
{'loss': 0.5332, 'learning_rate': 7.36761474865455e-10, 'epoch': 1.99}
{'loss': 0.5835, 'learning_rate': 6.352709719525951e-10, 'epoch': 1.99}
{'loss': 0.5839, 'learning_rate': 5.412976717561469e-10, 'epoch': 1.99}
{'loss': 0.5171, 'learning_rate': 4.5484171557808044e-10, 'epoch': 1.99}
{'loss': 0.5001, 'learning_rate': 3.7590323341607507e-10, 'epoch': 1.99}
{'loss': 0.5846, 'learning_rate': 3.044823439640743e-10, 'epoch': 1.99}
{'loss': 0.5662, 'learning_rate': 2.405791546133962e-10, 'epoch': 2.0}
{'loss': 0.4515, 'learning_rate': 1.8419376145051294e-10, 'epoch': 2.0}
{'loss': 0.5807, 'learning_rate': 1.3532624925871595e-10, 'epoch': 2.0}
{'loss': 0.5931, 'learning_rate': 9.397669151589572e-11, 'epoch': 2.0}
{'loss': 0.5439, 'learning_rate': 6.014515039731717e-11, 'epoch': 2.0}
{'loss': 0.4843, 'learning_rate': 3.383167677284416e-11, 'epoch': 2.0}
{'loss': 0.5219, 'learning_rate': 1.5036310208604853e-11, 'epoch': 2.0}
{'loss': 0.5514, 'learning_rate': 3.759078965326346e-12, 'epoch': 2.0}
{'loss': 0.5949, 'learning_rate': 0.0, 'epoch': 2.0}
{'eval_loss': 0.5598455667495728, 'eval_runtime': 305.6384, 'eval_samples_per_second': 55.232, 'eval_steps_per_second': 3.455, 'epoch': 2.0}
{'train_runtime': 24904.3285, 'train_samples_per_second': 16.462, 'train_steps_per_second': 0.257, 'train_loss': 0.7163192825208706, 'epoch': 2.0}
start testing...
path: output/cn15k_cp/model_name_pt_llm_ds_llm_model_name_7b_chat_llm_frozen_True_max_txt_len_1500_max_new_tokens_32_gnn_model_name_gt_patience_2_num_epochs_2_seed0_fp16_False/test_result.csv
start testing...
path: output/cn15k_cp/model_name_pt_llm_ds_llm_model_name_7b_chat_llm_frozen_True_max_txt_len_1500_max_new_tokens_32_gnn_model_name_gt_patience_2_num_epochs_2_seed0_fp16_False/test_result.csv
MSE: 0.06988
MAE: 0.17295
valid_ratio: 0.99088
Test Acc 0.06988324509811815
MSE: 0.06988
MAE: 0.17295
valid_ratio: 0.99088
Test Acc 0.06988324509811815
[2025-12-04 02:24:59,267] [INFO] [launch.py:347:main] Process 1771688 exits successfully.
[2025-12-04 02:25:35,304] [INFO] [launch.py:347:main] Process 1771687 exits successfully.
cn15k_baseline_cp, prompt tuning, llm_frozen=true, zero2_nocpu, mbs=16
[2025-12-04 02:25:40,518] [INFO] [real_accelerator.py:158:get_accelerator] Setting ds_accelerator to cuda (auto detect)
[2025-12-04 02:25:42,744] [WARNING] [runner.py:203:fetch_hostfile] Unable to find hostfile, will proceed with training with local resources only.
Detected CUDA_VISIBLE_DEVICES=0,1 but ignoring it because one or several of --include/--exclude/--num_gpus/--num_nodes cl args were used. If you want to use CUDA_VISIBLE_DEVICES don't pass any of these arguments to deepspeed.
[2025-12-04 02:25:42,758] [INFO] [runner.py:570:main] cmd = /seu_share/home/qiguilin/220236147/.conda/envs/g_retriever/bin/python3.9 -u -m deepspeed.launcher.launch --world_info=eyJsb2NhbGhvc3QiOiBbMCwgMV19 --master_addr=127.0.0.1 --master_port=29501 --enable_each_rank_log=None train_ds.py --dataset cn15k_baseline_cp --model_name pt_llm_ds --num_epochs 2 --batch_size 64 --micro_batch_size 16 --max_txt_len 1500 --llm_frozen True --deepspeed ds_config_zero2_nocpu.json --eval_batch_size 8
[2025-12-04 02:25:44,393] [INFO] [real_accelerator.py:158:get_accelerator] Setting ds_accelerator to cuda (auto detect)
[2025-12-04 02:25:45,692] [INFO] [launch.py:145:main] WORLD INFO DICT: {'localhost': [0, 1]}
[2025-12-04 02:25:45,692] [INFO] [launch.py:151:main] nnodes=1, num_local_procs=2, node_rank=0
[2025-12-04 02:25:45,707] [INFO] [launch.py:162:main] global_rank_mapping=defaultdict(<class 'list'>, {'localhost': [0, 1]})
[2025-12-04 02:25:45,707] [INFO] [launch.py:163:main] dist_world_size=2
[2025-12-04 02:25:45,707] [INFO] [launch.py:165:main] Setting CUDA_VISIBLE_DEVICES=0,1
start import from src/ ...
start import from src/ ...
end import from src! cost 206.1s
start load args ...
end load args! cost 0.0s
Namespace(model_name='pt_llm_ds', project='project_g_retriever', seed=0, dataset='cn15k_baseline_cp', lr=1e-05, wd=0.05, patience=2, batch_size=64, micro_batch_size=16, grad_steps=2, num_epochs=2, warmup_epochs=1, eval_batch_size=8, llm_model_name='7b_chat', llm_model_path='', llm_frozen='True', llm_num_virtual_tokens=10, output_dir='output', max_txt_len=1500, max_new_tokens=32, max_memory=[80, 80], gnn_model_name='gt', gnn_num_layers=4, gnn_in_dim=1024, gnn_hidden_dim=1024, gnn_num_heads=4, gnn_dropout=0.0, local_rank=0, deepspeed='ds_config_zero2_nocpu.json', fp16=False, bf16=False, exp_name='', kl_weight=0.5, ce_weight=1.0, mse_weight=0.5, if_calibration=False)
start load model...
world_size: 2, ddp: True
device_map: {'': 0}
end import from src! cost 234.6s
start load args ...
end load args! cost 0.0s
Namespace(model_name='pt_llm_ds', project='project_g_retriever', seed=0, dataset='cn15k_baseline_cp', lr=1e-05, wd=0.05, patience=2, batch_size=64, micro_batch_size=16, grad_steps=2, num_epochs=2, warmup_epochs=1, eval_batch_size=8, llm_model_name='7b_chat', llm_model_path='', llm_frozen='True', llm_num_virtual_tokens=10, output_dir='output', max_txt_len=1500, max_new_tokens=32, max_memory=[80, 80], gnn_model_name='gt', gnn_num_layers=4, gnn_in_dim=1024, gnn_hidden_dim=1024, gnn_num_heads=4, gnn_dropout=0.0, local_rank=1, deepspeed='ds_config_zero2_nocpu.json', fp16=False, bf16=False, exp_name='', kl_weight=0.5, ce_weight=1.0, mse_weight=0.5, if_calibration=False)
start load model...
world_size: 2, ddp: True
device_map: {'': 1}
Freezing LLAMA!
end load model! cost 76.9s
sp_model trainable params: 40960 || all params: 6738456576 || trainable%: 0.0006078543289257816
start load dataset...
Freezing LLAMA!
end load model! cost 108.4s
sp_model trainable params: 40960 || all params: 6738456576 || trainable%: 0.0006078543289257816
start load dataset...
end load dataset! cost 645.4s
start training...
output_path: output/cn15k_baseline_cp/model_name_pt_llm_ds_llm_model_name_7b_chat_llm_frozen_True_max_txt_len_1500_max_new_tokens_32_gnn_model_name_gt_patience_2_num_epochs_2_seed0_fp16_False/
batch_size: 64, micro_batch_size: 16, grad_steps: 2, world_size: 2
end load dataset! cost 650.8s
start training...
output_path: output/cn15k_baseline_cp/model_name_pt_llm_ds_llm_model_name_7b_chat_llm_frozen_True_max_txt_len_1500_max_new_tokens_32_gnn_model_name_gt_patience_2_num_epochs_2_seed0_fp16_False/
batch_size: 64, micro_batch_size: 16, grad_steps: 2, world_size: 2
[2025-12-04 02:42:01,869] [INFO] [real_accelerator.py:158:get_accelerator] Setting ds_accelerator to cuda (auto detect)
[2025-12-04 02:42:04,202] [INFO] [real_accelerator.py:158:get_accelerator] Setting ds_accelerator to cuda (auto detect)
[2025-12-04 02:42:04,526] [INFO] [comm.py:637:init_distributed] cdb=None
[2025-12-04 02:42:04,526] [INFO] [comm.py:668:init_distributed] Initializing TorchBackend in DeepSpeed with backend nccl
[2025-12-04 02:42:06,837] [INFO] [comm.py:637:init_distributed] cdb=None
{'loss': 1.992, 'learning_rate': 1.5600624024961e-08, 'epoch': 0.0}
{'loss': 2.1671, 'learning_rate': 3.1201248049922e-08, 'epoch': 0.0}
{'loss': 1.9819, 'learning_rate': 4.6801872074883e-08, 'epoch': 0.0}
{'loss': 1.8994, 'learning_rate': 6.2402496099844e-08, 'epoch': 0.0}
{'loss': 1.9574, 'learning_rate': 7.8003120124805e-08, 'epoch': 0.0}
{'loss': 2.0686, 'learning_rate': 9.3603744149766e-08, 'epoch': 0.0}
{'loss': 1.9875, 'learning_rate': 1.09204368174727e-07, 'epoch': 0.0}
{'loss': 2.0518, 'learning_rate': 1.24804992199688e-07, 'epoch': 0.0}
{'loss': 1.7884, 'learning_rate': 1.40405616224649e-07, 'epoch': 0.01}
{'loss': 1.7037, 'learning_rate': 1.5600624024961e-07, 'epoch': 0.01}
{'loss': 1.9652, 'learning_rate': 1.71606864274571e-07, 'epoch': 0.01}
{'loss': 1.988, 'learning_rate': 1.87207488299532e-07, 'epoch': 0.01}
{'loss': 1.8742, 'learning_rate': 2.02808112324493e-07, 'epoch': 0.01}
{'loss': 1.8144, 'learning_rate': 2.18408736349454e-07, 'epoch': 0.01}
{'loss': 1.7365, 'learning_rate': 2.34009360374415e-07, 'epoch': 0.01}
{'loss': 2.2128, 'learning_rate': 2.49609984399376e-07, 'epoch': 0.01}
{'loss': 2.0221, 'learning_rate': 2.65210608424337e-07, 'epoch': 0.01}
{'loss': 2.0479, 'learning_rate': 2.80811232449298e-07, 'epoch': 0.01}
{'loss': 1.8425, 'learning_rate': 2.96411856474259e-07, 'epoch': 0.01}
{'loss': 2.3487, 'learning_rate': 3.1201248049922e-07, 'epoch': 0.01}
{'loss': 1.9064, 'learning_rate': 3.27613104524181e-07, 'epoch': 0.01}
{'loss': 2.0952, 'learning_rate': 3.43213728549142e-07, 'epoch': 0.01}
{'loss': 1.9992, 'learning_rate': 3.5881435257410303e-07, 'epoch': 0.01}
{'loss': 1.9614, 'learning_rate': 3.74414976599064e-07, 'epoch': 0.01}
{'loss': 1.8648, 'learning_rate': 3.90015600624025e-07, 'epoch': 0.02}
{'loss': 2.0421, 'learning_rate': 4.05616224648986e-07, 'epoch': 0.02}
{'loss': 1.8215, 'learning_rate': 4.21216848673947e-07, 'epoch': 0.02}
{'loss': 1.9556, 'learning_rate': 4.36817472698908e-07, 'epoch': 0.02}
{'loss': 1.9039, 'learning_rate': 4.52418096723869e-07, 'epoch': 0.02}
{'loss': 2.0191, 'learning_rate': 4.6801872074883e-07, 'epoch': 0.02}
{'loss': 1.8767, 'learning_rate': 4.836193447737911e-07, 'epoch': 0.02}
{'loss': 1.97, 'learning_rate': 4.99219968798752e-07, 'epoch': 0.02}
{'loss': 1.8575, 'learning_rate': 5.14820592823713e-07, 'epoch': 0.02}
{'loss': 2.0323, 'learning_rate': 5.30421216848674e-07, 'epoch': 0.02}
{'loss': 2.0329, 'learning_rate': 5.46021840873635e-07, 'epoch': 0.02}
{'loss': 1.8513, 'learning_rate': 5.61622464898596e-07, 'epoch': 0.02}
{'loss': 1.9553, 'learning_rate': 5.77223088923557e-07, 'epoch': 0.02}
{'loss': 1.9137, 'learning_rate': 5.92823712948518e-07, 'epoch': 0.02}
{'loss': 1.7367, 'learning_rate': 6.08424336973479e-07, 'epoch': 0.02}
{'loss': 2.0235, 'learning_rate': 6.2402496099844e-07, 'epoch': 0.02}
{'loss': 1.75, 'learning_rate': 6.396255850234009e-07, 'epoch': 0.03}
{'loss': 2.0605, 'learning_rate': 6.55226209048362e-07, 'epoch': 0.03}
{'loss': 2.0042, 'learning_rate': 6.708268330733229e-07, 'epoch': 0.03}
{'loss': 1.7995, 'learning_rate': 6.86427457098284e-07, 'epoch': 0.03}
{'loss': 2.0276, 'learning_rate': 7.020280811232449e-07, 'epoch': 0.03}
{'loss': 1.9779, 'learning_rate': 7.176287051482061e-07, 'epoch': 0.03}
{'loss': 2.1081, 'learning_rate': 7.332293291731669e-07, 'epoch': 0.03}
{'loss': 1.6332, 'learning_rate': 7.48829953198128e-07, 'epoch': 0.03}
{'loss': 1.7692, 'learning_rate': 7.64430577223089e-07, 'epoch': 0.03}
{'loss': 2.0254, 'learning_rate': 7.8003120124805e-07, 'epoch': 0.03}
{'loss': 1.8426, 'learning_rate': 7.95631825273011e-07, 'epoch': 0.03}
{'loss': 2.0201, 'learning_rate': 8.11232449297972e-07, 'epoch': 0.03}
{'loss': 1.8018, 'learning_rate': 8.26833073322933e-07, 'epoch': 0.03}
{'loss': 1.9648, 'learning_rate': 8.42433697347894e-07, 'epoch': 0.03}
{'loss': 1.8535, 'learning_rate': 8.58034321372855e-07, 'epoch': 0.03}
{'loss': 1.9698, 'learning_rate': 8.73634945397816e-07, 'epoch': 0.03}
{'loss': 1.9585, 'learning_rate': 8.89235569422777e-07, 'epoch': 0.04}
{'loss': 1.8495, 'learning_rate': 9.04836193447738e-07, 'epoch': 0.04}
{'loss': 1.978, 'learning_rate': 9.20436817472699e-07, 'epoch': 0.04}
{'loss': 2.0358, 'learning_rate': 9.3603744149766e-07, 'epoch': 0.04}
{'loss': 2.0789, 'learning_rate': 9.51638065522621e-07, 'epoch': 0.04}
{'loss': 1.9947, 'learning_rate': 9.672386895475821e-07, 'epoch': 0.04}
{'loss': 2.0806, 'learning_rate': 9.82839313572543e-07, 'epoch': 0.04}
{'loss': 1.9933, 'learning_rate': 9.98439937597504e-07, 'epoch': 0.04}
{'loss': 1.8569, 'learning_rate': 1.014040561622465e-06, 'epoch': 0.04}
{'loss': 1.8808, 'learning_rate': 1.029641185647426e-06, 'epoch': 0.04}
{'loss': 1.7449, 'learning_rate': 1.045241809672387e-06, 'epoch': 0.04}
{'loss': 2.0849, 'learning_rate': 1.060842433697348e-06, 'epoch': 0.04}
{'loss': 2.0856, 'learning_rate': 1.076443057722309e-06, 'epoch': 0.04}
{'loss': 2.0129, 'learning_rate': 1.09204368174727e-06, 'epoch': 0.04}
{'loss': 1.7954, 'learning_rate': 1.107644305772231e-06, 'epoch': 0.04}
{'loss': 1.9058, 'learning_rate': 1.123244929797192e-06, 'epoch': 0.04}
{'loss': 1.9315, 'learning_rate': 1.138845553822153e-06, 'epoch': 0.05}
{'loss': 1.9118, 'learning_rate': 1.154446177847114e-06, 'epoch': 0.05}
{'loss': 1.6438, 'learning_rate': 1.170046801872075e-06, 'epoch': 0.05}
{'loss': 1.9549, 'learning_rate': 1.185647425897036e-06, 'epoch': 0.05}
{'loss': 1.9656, 'learning_rate': 1.201248049921997e-06, 'epoch': 0.05}
{'loss': 2.0014, 'learning_rate': 1.216848673946958e-06, 'epoch': 0.05}
{'loss': 1.7904, 'learning_rate': 1.232449297971919e-06, 'epoch': 0.05}
{'loss': 2.0773, 'learning_rate': 1.24804992199688e-06, 'epoch': 0.05}
{'loss': 1.8569, 'learning_rate': 1.263650546021841e-06, 'epoch': 0.05}
{'loss': 2.0127, 'learning_rate': 1.2792511700468018e-06, 'epoch': 0.05}
{'loss': 2.0501, 'learning_rate': 1.294851794071763e-06, 'epoch': 0.05}
{'loss': 1.9096, 'learning_rate': 1.310452418096724e-06, 'epoch': 0.05}
{'loss': 1.8373, 'learning_rate': 1.326053042121685e-06, 'epoch': 0.05}
{'loss': 1.9391, 'learning_rate': 1.3416536661466458e-06, 'epoch': 0.05}
{'loss': 1.8363, 'learning_rate': 1.357254290171607e-06, 'epoch': 0.05}
{'loss': 1.9456, 'learning_rate': 1.372854914196568e-06, 'epoch': 0.05}
{'loss': 1.9562, 'learning_rate': 1.388455538221529e-06, 'epoch': 0.06}
{'loss': 1.7757, 'learning_rate': 1.4040561622464898e-06, 'epoch': 0.06}
{'loss': 1.775, 'learning_rate': 1.419656786271451e-06, 'epoch': 0.06}
{'loss': 1.8426, 'learning_rate': 1.4352574102964121e-06, 'epoch': 0.06}
{'loss': 1.6948, 'learning_rate': 1.450858034321373e-06, 'epoch': 0.06}
{'loss': 2.0241, 'learning_rate': 1.4664586583463338e-06, 'epoch': 0.06}
{'loss': 1.8783, 'learning_rate': 1.482059282371295e-06, 'epoch': 0.06}
{'loss': 1.9471, 'learning_rate': 1.497659906396256e-06, 'epoch': 0.06}
{'loss': 1.6121, 'learning_rate': 1.513260530421217e-06, 'epoch': 0.06}
{'loss': 1.7773, 'learning_rate': 1.528861154446178e-06, 'epoch': 0.06}
{'loss': 1.7549, 'learning_rate': 1.544461778471139e-06, 'epoch': 0.06}
{'loss': 1.838, 'learning_rate': 1.5600624024961e-06, 'epoch': 0.06}
{'loss': 2.0101, 'learning_rate': 1.575663026521061e-06, 'epoch': 0.06}
{'loss': 1.7546, 'learning_rate': 1.591263650546022e-06, 'epoch': 0.06}
{'loss': 1.7479, 'learning_rate': 1.606864274570983e-06, 'epoch': 0.06}
{'loss': 1.9481, 'learning_rate': 1.622464898595944e-06, 'epoch': 0.06}
{'loss': 2.0772, 'learning_rate': 1.638065522620905e-06, 'epoch': 0.07}
{'loss': 1.9181, 'learning_rate': 1.653666146645866e-06, 'epoch': 0.07}
{'loss': 1.9092, 'learning_rate': 1.669266770670827e-06, 'epoch': 0.07}
{'loss': 2.1514, 'learning_rate': 1.684867394695788e-06, 'epoch': 0.07}
{'loss': 1.8359, 'learning_rate': 1.700468018720749e-06, 'epoch': 0.07}
{'loss': 1.9546, 'learning_rate': 1.71606864274571e-06, 'epoch': 0.07}
{'loss': 1.9418, 'learning_rate': 1.731669266770671e-06, 'epoch': 0.07}
{'loss': 1.7752, 'learning_rate': 1.747269890795632e-06, 'epoch': 0.07}
{'loss': 2.0225, 'learning_rate': 1.7628705148205929e-06, 'epoch': 0.07}
{'loss': 1.7, 'learning_rate': 1.778471138845554e-06, 'epoch': 0.07}
{'loss': 1.8346, 'learning_rate': 1.7940717628705152e-06, 'epoch': 0.07}
{'loss': 1.8509, 'learning_rate': 1.809672386895476e-06, 'epoch': 0.07}
{'loss': 1.6154, 'learning_rate': 1.8252730109204369e-06, 'epoch': 0.07}
{'loss': 1.9329, 'learning_rate': 1.840873634945398e-06, 'epoch': 0.07}
{'loss': 1.9073, 'learning_rate': 1.8564742589703592e-06, 'epoch': 0.07}
{'loss': 2.0034, 'learning_rate': 1.87207488299532e-06, 'epoch': 0.07}
{'loss': 1.8123, 'learning_rate': 1.8876755070202809e-06, 'epoch': 0.08}
{'loss': 1.8667, 'learning_rate': 1.903276131045242e-06, 'epoch': 0.08}
{'loss': 1.7993, 'learning_rate': 1.918876755070203e-06, 'epoch': 0.08}
{'loss': 1.7475, 'learning_rate': 1.9344773790951642e-06, 'epoch': 0.08}
{'loss': 1.9037, 'learning_rate': 1.950078003120125e-06, 'epoch': 0.08}
{'loss': 1.8993, 'learning_rate': 1.965678627145086e-06, 'epoch': 0.08}
{'loss': 1.9588, 'learning_rate': 1.981279251170047e-06, 'epoch': 0.08}
{'loss': 2.1861, 'learning_rate': 1.996879875195008e-06, 'epoch': 0.08}
{'loss': 1.7838, 'learning_rate': 2.012480499219969e-06, 'epoch': 0.08}
{'loss': 1.8915, 'learning_rate': 2.02808112324493e-06, 'epoch': 0.08}
{'loss': 1.8009, 'learning_rate': 2.043681747269891e-06, 'epoch': 0.08}
{'loss': 1.8392, 'learning_rate': 2.059282371294852e-06, 'epoch': 0.08}
{'loss': 1.9401, 'learning_rate': 2.074882995319813e-06, 'epoch': 0.08}
{'loss': 2.034, 'learning_rate': 2.090483619344774e-06, 'epoch': 0.08}
{'loss': 1.824, 'learning_rate': 2.1060842433697347e-06, 'epoch': 0.08}
{'loss': 1.8163, 'learning_rate': 2.121684867394696e-06, 'epoch': 0.08}
{'loss': 1.9377, 'learning_rate': 2.137285491419657e-06, 'epoch': 0.09}
{'loss': 1.7708, 'learning_rate': 2.152886115444618e-06, 'epoch': 0.09}
{'loss': 1.7779, 'learning_rate': 2.168486739469579e-06, 'epoch': 0.09}
{'loss': 1.8362, 'learning_rate': 2.18408736349454e-06, 'epoch': 0.09}
{'loss': 1.7431, 'learning_rate': 2.199687987519501e-06, 'epoch': 0.09}
{'loss': 1.9685, 'learning_rate': 2.215288611544462e-06, 'epoch': 0.09}
{'loss': 1.6268, 'learning_rate': 2.2308892355694227e-06, 'epoch': 0.09}
{'loss': 2.0833, 'learning_rate': 2.246489859594384e-06, 'epoch': 0.09}
{'loss': 2.0514, 'learning_rate': 2.2620904836193448e-06, 'epoch': 0.09}
{'loss': 1.8258, 'learning_rate': 2.277691107644306e-06, 'epoch': 0.09}
{'loss': 1.6777, 'learning_rate': 2.293291731669267e-06, 'epoch': 0.09}
{'loss': 2.1462, 'learning_rate': 2.308892355694228e-06, 'epoch': 0.09}
{'loss': 1.7652, 'learning_rate': 2.324492979719189e-06, 'epoch': 0.09}
{'loss': 1.9743, 'learning_rate': 2.34009360374415e-06, 'epoch': 0.09}
{'loss': 1.9501, 'learning_rate': 2.3556942277691107e-06, 'epoch': 0.09}
{'loss': 1.7595, 'learning_rate': 2.371294851794072e-06, 'epoch': 0.09}
{'loss': 1.9622, 'learning_rate': 2.386895475819033e-06, 'epoch': 0.1}
{'loss': 1.6855, 'learning_rate': 2.402496099843994e-06, 'epoch': 0.1}
{'loss': 1.8408, 'learning_rate': 2.418096723868955e-06, 'epoch': 0.1}
{'loss': 1.6872, 'learning_rate': 2.433697347893916e-06, 'epoch': 0.1}
{'loss': 2.0742, 'learning_rate': 2.449297971918877e-06, 'epoch': 0.1}
{'loss': 1.5936, 'learning_rate': 2.464898595943838e-06, 'epoch': 0.1}
{'loss': 1.7385, 'learning_rate': 2.4804992199687986e-06, 'epoch': 0.1}
{'loss': 1.7446, 'learning_rate': 2.49609984399376e-06, 'epoch': 0.1}
{'loss': 1.9055, 'learning_rate': 2.5117004680187207e-06, 'epoch': 0.1}
{'loss': 1.6022, 'learning_rate': 2.527301092043682e-06, 'epoch': 0.1}
{'loss': 1.8882, 'learning_rate': 2.5429017160686432e-06, 'epoch': 0.1}
{'loss': 1.6664, 'learning_rate': 2.5585023400936037e-06, 'epoch': 0.1}
{'loss': 1.8264, 'learning_rate': 2.574102964118565e-06, 'epoch': 0.1}
{'loss': 1.7004, 'learning_rate': 2.589703588143526e-06, 'epoch': 0.1}
{'loss': 1.617, 'learning_rate': 2.605304212168487e-06, 'epoch': 0.1}
{'loss': 1.8911, 'learning_rate': 2.620904836193448e-06, 'epoch': 0.1}
{'loss': 1.9612, 'learning_rate': 2.6365054602184087e-06, 'epoch': 0.11}
{'loss': 1.8218, 'learning_rate': 2.65210608424337e-06, 'epoch': 0.11}
{'loss': 1.7124, 'learning_rate': 2.6677067082683312e-06, 'epoch': 0.11}
{'loss': 1.7127, 'learning_rate': 2.6833073322932916e-06, 'epoch': 0.11}
{'loss': 1.6121, 'learning_rate': 2.698907956318253e-06, 'epoch': 0.11}
{'loss': 1.7747, 'learning_rate': 2.714508580343214e-06, 'epoch': 0.11}
{'loss': 1.4771, 'learning_rate': 2.730109204368175e-06, 'epoch': 0.11}
{'loss': 1.4748, 'learning_rate': 2.745709828393136e-06, 'epoch': 0.11}
{'loss': 1.7288, 'learning_rate': 2.7613104524180967e-06, 'epoch': 0.11}
{'loss': 1.7909, 'learning_rate': 2.776911076443058e-06, 'epoch': 0.11}
{'loss': 1.5292, 'learning_rate': 2.792511700468019e-06, 'epoch': 0.11}
{'loss': 1.7339, 'learning_rate': 2.8081123244929796e-06, 'epoch': 0.11}
{'loss': 1.8249, 'learning_rate': 2.823712948517941e-06, 'epoch': 0.11}
{'loss': 1.744, 'learning_rate': 2.839313572542902e-06, 'epoch': 0.11}
{'loss': 1.7321, 'learning_rate': 2.854914196567863e-06, 'epoch': 0.11}
{'loss': 1.7983, 'learning_rate': 2.8705148205928242e-06, 'epoch': 0.11}
{'loss': 1.8303, 'learning_rate': 2.8861154446177846e-06, 'epoch': 0.12}
{'loss': 1.7475, 'learning_rate': 2.901716068642746e-06, 'epoch': 0.12}
{'loss': 1.6857, 'learning_rate': 2.917316692667707e-06, 'epoch': 0.12}
{'loss': 1.6074, 'learning_rate': 2.9329173166926676e-06, 'epoch': 0.12}
{'loss': 2.0172, 'learning_rate': 2.948517940717629e-06, 'epoch': 0.12}
{'loss': 1.7778, 'learning_rate': 2.96411856474259e-06, 'epoch': 0.12}
{'loss': 1.7047, 'learning_rate': 2.979719188767551e-06, 'epoch': 0.12}
{'loss': 1.7453, 'learning_rate': 2.995319812792512e-06, 'epoch': 0.12}
{'loss': 1.7368, 'learning_rate': 3.0109204368174726e-06, 'epoch': 0.12}
{'loss': 1.7717, 'learning_rate': 3.026521060842434e-06, 'epoch': 0.12}
{'loss': 1.9543, 'learning_rate': 3.042121684867395e-06, 'epoch': 0.12}
{'loss': 1.7531, 'learning_rate': 3.057722308892356e-06, 'epoch': 0.12}
{'loss': 1.7123, 'learning_rate': 3.073322932917317e-06, 'epoch': 0.12}
{'loss': 1.6004, 'learning_rate': 3.088923556942278e-06, 'epoch': 0.12}
{'loss': 1.545, 'learning_rate': 3.104524180967239e-06, 'epoch': 0.12}
{'loss': 1.9681, 'learning_rate': 3.1201248049922e-06, 'epoch': 0.12}
{'loss': 1.5895, 'learning_rate': 3.1357254290171606e-06, 'epoch': 0.13}
{'loss': 1.634, 'learning_rate': 3.151326053042122e-06, 'epoch': 0.13}
{'loss': 1.4769, 'learning_rate': 3.166926677067083e-06, 'epoch': 0.13}
{'loss': 1.5076, 'learning_rate': 3.182527301092044e-06, 'epoch': 0.13}
{'loss': 1.6394, 'learning_rate': 3.198127925117005e-06, 'epoch': 0.13}
{'loss': 1.7695, 'learning_rate': 3.213728549141966e-06, 'epoch': 0.13}
{'loss': 1.6008, 'learning_rate': 3.229329173166927e-06, 'epoch': 0.13}
{'loss': 1.6283, 'learning_rate': 3.244929797191888e-06, 'epoch': 0.13}
{'loss': 1.7138, 'learning_rate': 3.2605304212168486e-06, 'epoch': 0.13}
{'loss': 1.723, 'learning_rate': 3.27613104524181e-06, 'epoch': 0.13}
{'loss': 1.7757, 'learning_rate': 3.291731669266771e-06, 'epoch': 0.13}
{'loss': 1.6033, 'learning_rate': 3.307332293291732e-06, 'epoch': 0.13}
{'loss': 1.6009, 'learning_rate': 3.322932917316693e-06, 'epoch': 0.13}
{'loss': 1.6346, 'learning_rate': 3.338533541341654e-06, 'epoch': 0.13}
{'loss': 1.4672, 'learning_rate': 3.354134165366615e-06, 'epoch': 0.13}
{'loss': 1.3582, 'learning_rate': 3.369734789391576e-06, 'epoch': 0.13}
{'loss': 1.842, 'learning_rate': 3.3853354134165365e-06, 'epoch': 0.14}
{'loss': 1.705, 'learning_rate': 3.400936037441498e-06, 'epoch': 0.14}
{'loss': 1.6922, 'learning_rate': 3.416536661466459e-06, 'epoch': 0.14}
{'loss': 1.7747, 'learning_rate': 3.43213728549142e-06, 'epoch': 0.14}
{'loss': 1.7421, 'learning_rate': 3.447737909516381e-06, 'epoch': 0.14}
{'loss': 1.5852, 'learning_rate': 3.463338533541342e-06, 'epoch': 0.14}
{'loss': 1.7525, 'learning_rate': 3.478939157566303e-06, 'epoch': 0.14}
{'loss': 1.5415, 'learning_rate': 3.494539781591264e-06, 'epoch': 0.14}
{'loss': 1.6926, 'learning_rate': 3.5101404056162245e-06, 'epoch': 0.14}
{'loss': 1.7953, 'learning_rate': 3.5257410296411858e-06, 'epoch': 0.14}
{'loss': 1.6014, 'learning_rate': 3.541341653666147e-06, 'epoch': 0.14}
{'loss': 1.512, 'learning_rate': 3.556942277691108e-06, 'epoch': 0.14}
{'loss': 1.7118, 'learning_rate': 3.572542901716069e-06, 'epoch': 0.14}
{'loss': 1.4607, 'learning_rate': 3.5881435257410304e-06, 'epoch': 0.14}
{'loss': 1.5187, 'learning_rate': 3.603744149765991e-06, 'epoch': 0.14}
{'loss': 1.5024, 'learning_rate': 3.619344773790952e-06, 'epoch': 0.14}
{'loss': 1.4141, 'learning_rate': 3.634945397815913e-06, 'epoch': 0.15}
{'loss': 1.6933, 'learning_rate': 3.6505460218408737e-06, 'epoch': 0.15}
{'loss': 1.5828, 'learning_rate': 3.666146645865835e-06, 'epoch': 0.15}
{'loss': 1.6151, 'learning_rate': 3.681747269890796e-06, 'epoch': 0.15}
{'loss': 1.5516, 'learning_rate': 3.697347893915757e-06, 'epoch': 0.15}
{'loss': 1.5962, 'learning_rate': 3.7129485179407184e-06, 'epoch': 0.15}
{'loss': 1.471, 'learning_rate': 3.7285491419656788e-06, 'epoch': 0.15}
{'loss': 1.7084, 'learning_rate': 3.74414976599064e-06, 'epoch': 0.15}
{'loss': 1.5428, 'learning_rate': 3.759750390015601e-06, 'epoch': 0.15}
{'loss': 1.3732, 'learning_rate': 3.7753510140405617e-06, 'epoch': 0.15}
{'loss': 1.5321, 'learning_rate': 3.790951638065523e-06, 'epoch': 0.15}
{'loss': 1.6061, 'learning_rate': 3.806552262090484e-06, 'epoch': 0.15}
{'loss': 1.5489, 'learning_rate': 3.822152886115445e-06, 'epoch': 0.15}
{'loss': 1.565, 'learning_rate': 3.837753510140406e-06, 'epoch': 0.15}
{'loss': 1.4661, 'learning_rate': 3.853354134165367e-06, 'epoch': 0.15}
{'loss': 1.5693, 'learning_rate': 3.8689547581903284e-06, 'epoch': 0.15}
{'loss': 1.3597, 'learning_rate': 3.884555382215289e-06, 'epoch': 0.16}
{'loss': 1.6433, 'learning_rate': 3.90015600624025e-06, 'epoch': 0.16}
{'loss': 1.3199, 'learning_rate': 3.915756630265211e-06, 'epoch': 0.16}
{'loss': 1.5777, 'learning_rate': 3.931357254290172e-06, 'epoch': 0.16}
{'loss': 1.6038, 'learning_rate': 3.946957878315133e-06, 'epoch': 0.16}
{'loss': 1.6991, 'learning_rate': 3.962558502340094e-06, 'epoch': 0.16}
{'loss': 1.6082, 'learning_rate': 3.978159126365055e-06, 'epoch': 0.16}
{'loss': 1.5615, 'learning_rate': 3.993759750390016e-06, 'epoch': 0.16}
{'loss': 1.6174, 'learning_rate': 4.009360374414976e-06, 'epoch': 0.16}
{'loss': 1.6517, 'learning_rate': 4.024960998439938e-06, 'epoch': 0.16}
{'loss': 1.5079, 'learning_rate': 4.040561622464899e-06, 'epoch': 0.16}
{'loss': 1.5327, 'learning_rate': 4.05616224648986e-06, 'epoch': 0.16}
{'loss': 1.3809, 'learning_rate': 4.071762870514821e-06, 'epoch': 0.16}
{'loss': 1.5895, 'learning_rate': 4.087363494539782e-06, 'epoch': 0.16}
{'loss': 1.3876, 'learning_rate': 4.102964118564743e-06, 'epoch': 0.16}
{'loss': 1.5304, 'learning_rate': 4.118564742589704e-06, 'epoch': 0.16}
{'loss': 1.4739, 'learning_rate': 4.134165366614665e-06, 'epoch': 0.17}
{'loss': 1.3058, 'learning_rate': 4.149765990639626e-06, 'epoch': 0.17}
{'loss': 1.5697, 'learning_rate': 4.165366614664587e-06, 'epoch': 0.17}
{'loss': 1.5441, 'learning_rate': 4.180967238689548e-06, 'epoch': 0.17}
{'loss': 1.4441, 'learning_rate': 4.196567862714509e-06, 'epoch': 0.17}
{'loss': 1.504, 'learning_rate': 4.212168486739469e-06, 'epoch': 0.17}
{'loss': 1.527, 'learning_rate': 4.227769110764431e-06, 'epoch': 0.17}
{'loss': 1.3156, 'learning_rate': 4.243369734789392e-06, 'epoch': 0.17}
{'loss': 1.494, 'learning_rate': 4.258970358814352e-06, 'epoch': 0.17}
{'loss': 1.5381, 'learning_rate': 4.274570982839314e-06, 'epoch': 0.17}
{'loss': 1.6391, 'learning_rate': 4.290171606864275e-06, 'epoch': 0.17}
{'loss': 1.3914, 'learning_rate': 4.305772230889236e-06, 'epoch': 0.17}
{'loss': 1.5024, 'learning_rate': 4.321372854914197e-06, 'epoch': 0.17}
{'loss': 1.3898, 'learning_rate': 4.336973478939158e-06, 'epoch': 0.17}
{'loss': 1.5497, 'learning_rate': 4.352574102964119e-06, 'epoch': 0.17}
{'loss': 1.1941, 'learning_rate': 4.36817472698908e-06, 'epoch': 0.17}
{'loss': 1.4992, 'learning_rate': 4.383775351014041e-06, 'epoch': 0.18}
{'loss': 1.4532, 'learning_rate': 4.399375975039002e-06, 'epoch': 0.18}
{'loss': 1.4611, 'learning_rate': 4.414976599063963e-06, 'epoch': 0.18}
{'loss': 1.3409, 'learning_rate': 4.430577223088924e-06, 'epoch': 0.18}
{'loss': 1.4075, 'learning_rate': 4.446177847113885e-06, 'epoch': 0.18}
{'loss': 1.4672, 'learning_rate': 4.461778471138845e-06, 'epoch': 0.18}
{'loss': 1.2825, 'learning_rate': 4.477379095163807e-06, 'epoch': 0.18}
{'loss': 1.488, 'learning_rate': 4.492979719188768e-06, 'epoch': 0.18}
{'loss': 1.4248, 'learning_rate': 4.508580343213729e-06, 'epoch': 0.18}
{'loss': 1.4037, 'learning_rate': 4.5241809672386896e-06, 'epoch': 0.18}
{'loss': 1.5043, 'learning_rate': 4.539781591263651e-06, 'epoch': 0.18}
{'loss': 1.518, 'learning_rate': 4.555382215288612e-06, 'epoch': 0.18}
{'loss': 1.3146, 'learning_rate': 4.570982839313573e-06, 'epoch': 0.18}
{'loss': 1.4431, 'learning_rate': 4.586583463338534e-06, 'epoch': 0.18}
{'loss': 1.3061, 'learning_rate': 4.602184087363495e-06, 'epoch': 0.18}
{'loss': 1.4753, 'learning_rate': 4.617784711388456e-06, 'epoch': 0.18}
{'loss': 1.4152, 'learning_rate': 4.633385335413417e-06, 'epoch': 0.19}
{'loss': 1.1129, 'learning_rate': 4.648985959438378e-06, 'epoch': 0.19}
{'loss': 1.2852, 'learning_rate': 4.664586583463339e-06, 'epoch': 0.19}
{'loss': 1.2116, 'learning_rate': 4.6801872074883e-06, 'epoch': 0.19}
{'loss': 1.3397, 'learning_rate': 4.695787831513261e-06, 'epoch': 0.19}
{'loss': 1.2884, 'learning_rate': 4.711388455538221e-06, 'epoch': 0.19}
{'loss': 1.1819, 'learning_rate': 4.7269890795631826e-06, 'epoch': 0.19}
{'loss': 1.3313, 'learning_rate': 4.742589703588144e-06, 'epoch': 0.19}
{'loss': 1.3199, 'learning_rate': 4.758190327613105e-06, 'epoch': 0.19}
{'loss': 1.4835, 'learning_rate': 4.773790951638066e-06, 'epoch': 0.19}
{'loss': 1.3104, 'learning_rate': 4.789391575663027e-06, 'epoch': 0.19}
{'loss': 1.347, 'learning_rate': 4.804992199687988e-06, 'epoch': 0.19}
{'loss': 1.1725, 'learning_rate': 4.820592823712949e-06, 'epoch': 0.19}
{'loss': 1.4471, 'learning_rate': 4.83619344773791e-06, 'epoch': 0.19}
{'loss': 1.3624, 'learning_rate': 4.851794071762871e-06, 'epoch': 0.19}
{'loss': 1.069, 'learning_rate': 4.867394695787832e-06, 'epoch': 0.19}
{'loss': 1.1634, 'learning_rate': 4.882995319812793e-06, 'epoch': 0.2}
{'loss': 1.1901, 'learning_rate': 4.898595943837754e-06, 'epoch': 0.2}
{'loss': 1.3454, 'learning_rate': 4.914196567862715e-06, 'epoch': 0.2}
{'loss': 1.3209, 'learning_rate': 4.929797191887676e-06, 'epoch': 0.2}
{'loss': 1.1222, 'learning_rate': 4.945397815912637e-06, 'epoch': 0.2}
{'loss': 1.3687, 'learning_rate': 4.960998439937597e-06, 'epoch': 0.2}
{'loss': 1.141, 'learning_rate': 4.9765990639625585e-06, 'epoch': 0.2}
{'loss': 1.3081, 'learning_rate': 4.99219968798752e-06, 'epoch': 0.2}
{'loss': 1.2389, 'learning_rate': 5.007800312012481e-06, 'epoch': 0.2}
{'loss': 1.2439, 'learning_rate': 5.0234009360374415e-06, 'epoch': 0.2}
{'loss': 1.222, 'learning_rate': 5.0390015600624036e-06, 'epoch': 0.2}
{'loss': 1.1794, 'learning_rate': 5.054602184087364e-06, 'epoch': 0.2}
{'loss': 1.1451, 'learning_rate': 5.070202808112324e-06, 'epoch': 0.2}
{'loss': 1.126, 'learning_rate': 5.0858034321372865e-06, 'epoch': 0.2}
{'loss': 1.1342, 'learning_rate': 5.101404056162247e-06, 'epoch': 0.2}
{'loss': 1.0623, 'learning_rate': 5.117004680187207e-06, 'epoch': 0.2}
{'loss': 1.1001, 'learning_rate': 5.1326053042121694e-06, 'epoch': 0.21}
{'loss': 1.1197, 'learning_rate': 5.14820592823713e-06, 'epoch': 0.21}
{'loss': 1.0244, 'learning_rate': 5.16380655226209e-06, 'epoch': 0.21}
{'loss': 1.2062, 'learning_rate': 5.179407176287052e-06, 'epoch': 0.21}
{'loss': 1.2734, 'learning_rate': 5.195007800312013e-06, 'epoch': 0.21}
{'loss': 1.1267, 'learning_rate': 5.210608424336974e-06, 'epoch': 0.21}
{'loss': 1.1548, 'learning_rate': 5.226209048361935e-06, 'epoch': 0.21}
{'loss': 1.0379, 'learning_rate': 5.241809672386896e-06, 'epoch': 0.21}
{'loss': 1.4048, 'learning_rate': 5.257410296411857e-06, 'epoch': 0.21}
{'loss': 1.0248, 'learning_rate': 5.273010920436817e-06, 'epoch': 0.21}
{'loss': 0.9868, 'learning_rate': 5.2886115444617795e-06, 'epoch': 0.21}
{'loss': 1.128, 'learning_rate': 5.30421216848674e-06, 'epoch': 0.21}
{'loss': 1.1795, 'learning_rate': 5.3198127925117e-06, 'epoch': 0.21}
{'loss': 1.0662, 'learning_rate': 5.3354134165366624e-06, 'epoch': 0.21}
{'loss': 1.1657, 'learning_rate': 5.351014040561623e-06, 'epoch': 0.21}
{'loss': 1.1838, 'learning_rate': 5.366614664586583e-06, 'epoch': 0.21}
{'loss': 1.0682, 'learning_rate': 5.382215288611545e-06, 'epoch': 0.22}
{'loss': 1.0318, 'learning_rate': 5.397815912636506e-06, 'epoch': 0.22}
{'loss': 1.1998, 'learning_rate': 5.413416536661466e-06, 'epoch': 0.22}
{'loss': 0.9456, 'learning_rate': 5.429017160686428e-06, 'epoch': 0.22}
{'loss': 1.0441, 'learning_rate': 5.444617784711389e-06, 'epoch': 0.22}
{'loss': 1.1129, 'learning_rate': 5.46021840873635e-06, 'epoch': 0.22}
{'loss': 1.178, 'learning_rate': 5.475819032761311e-06, 'epoch': 0.22}
{'loss': 0.8416, 'learning_rate': 5.491419656786272e-06, 'epoch': 0.22}
{'loss': 1.1499, 'learning_rate': 5.507020280811233e-06, 'epoch': 0.22}
{'loss': 1.191, 'learning_rate': 5.522620904836193e-06, 'epoch': 0.22}
{'loss': 1.1814, 'learning_rate': 5.5382215288611555e-06, 'epoch': 0.22}
{'loss': 1.0938, 'learning_rate': 5.553822152886116e-06, 'epoch': 0.22}
{'loss': 0.9966, 'learning_rate': 5.569422776911076e-06, 'epoch': 0.22}
{'loss': 1.226, 'learning_rate': 5.585023400936038e-06, 'epoch': 0.22}
{'loss': 1.1294, 'learning_rate': 5.600624024960999e-06, 'epoch': 0.22}
{'loss': 1.1835, 'learning_rate': 5.616224648985959e-06, 'epoch': 0.22}
{'loss': 1.1999, 'learning_rate': 5.631825273010921e-06, 'epoch': 0.23}
{'loss': 1.089, 'learning_rate': 5.647425897035882e-06, 'epoch': 0.23}
{'loss': 0.8585, 'learning_rate': 5.663026521060843e-06, 'epoch': 0.23}
{'loss': 0.8763, 'learning_rate': 5.678627145085804e-06, 'epoch': 0.23}
{'loss': 0.9078, 'learning_rate': 5.694227769110765e-06, 'epoch': 0.23}
{'loss': 1.1872, 'learning_rate': 5.709828393135726e-06, 'epoch': 0.23}
{'loss': 0.896, 'learning_rate': 5.725429017160687e-06, 'epoch': 0.23}
{'loss': 0.8056, 'learning_rate': 5.7410296411856485e-06, 'epoch': 0.23}
{'loss': 0.9459, 'learning_rate': 5.756630265210609e-06, 'epoch': 0.23}
{'loss': 1.1122, 'learning_rate': 5.772230889235569e-06, 'epoch': 0.23}
{'loss': 1.0595, 'learning_rate': 5.787831513260531e-06, 'epoch': 0.23}
{'loss': 0.9041, 'learning_rate': 5.803432137285492e-06, 'epoch': 0.23}
{'loss': 0.8302, 'learning_rate': 5.819032761310452e-06, 'epoch': 0.23}
{'loss': 0.9454, 'learning_rate': 5.834633385335414e-06, 'epoch': 0.23}
{'loss': 0.9216, 'learning_rate': 5.850234009360375e-06, 'epoch': 0.23}
{'loss': 0.9381, 'learning_rate': 5.865834633385335e-06, 'epoch': 0.23}
{'loss': 0.8519, 'learning_rate': 5.881435257410297e-06, 'epoch': 0.24}
{'loss': 0.8592, 'learning_rate': 5.897035881435258e-06, 'epoch': 0.24}
{'loss': 1.0628, 'learning_rate': 5.912636505460219e-06, 'epoch': 0.24}
{'loss': 0.8783, 'learning_rate': 5.92823712948518e-06, 'epoch': 0.24}
{'loss': 0.839, 'learning_rate': 5.943837753510141e-06, 'epoch': 0.24}
{'loss': 0.7744, 'learning_rate': 5.959438377535102e-06, 'epoch': 0.24}
{'loss': 0.9682, 'learning_rate': 5.975039001560063e-06, 'epoch': 0.24}
{'loss': 0.9734, 'learning_rate': 5.990639625585024e-06, 'epoch': 0.24}
{'loss': 0.9987, 'learning_rate': 6.006240249609985e-06, 'epoch': 0.24}
{'loss': 0.7802, 'learning_rate': 6.021840873634945e-06, 'epoch': 0.24}
{'loss': 1.0213, 'learning_rate': 6.037441497659907e-06, 'epoch': 0.24}
{'loss': 0.9566, 'learning_rate': 6.053042121684868e-06, 'epoch': 0.24}
{'loss': 1.0745, 'learning_rate': 6.068642745709828e-06, 'epoch': 0.24}
{'loss': 0.95, 'learning_rate': 6.08424336973479e-06, 'epoch': 0.24}
{'loss': 0.8553, 'learning_rate': 6.099843993759751e-06, 'epoch': 0.24}
{'loss': 0.8574, 'learning_rate': 6.115444617784712e-06, 'epoch': 0.24}
{'loss': 0.8003, 'learning_rate': 6.131045241809673e-06, 'epoch': 0.25}
{'loss': 1.0503, 'learning_rate': 6.146645865834634e-06, 'epoch': 0.25}
{'loss': 0.8277, 'learning_rate': 6.162246489859595e-06, 'epoch': 0.25}
{'loss': 0.9845, 'learning_rate': 6.177847113884556e-06, 'epoch': 0.25}
{'loss': 0.9113, 'learning_rate': 6.193447737909517e-06, 'epoch': 0.25}
{'loss': 0.8674, 'learning_rate': 6.209048361934478e-06, 'epoch': 0.25}
{'loss': 0.9101, 'learning_rate': 6.224648985959438e-06, 'epoch': 0.25}
{'loss': 0.9001, 'learning_rate': 6.2402496099844e-06, 'epoch': 0.25}
{'loss': 1.0044, 'learning_rate': 6.255850234009361e-06, 'epoch': 0.25}
{'loss': 0.853, 'learning_rate': 6.271450858034321e-06, 'epoch': 0.25}
{'loss': 0.7485, 'learning_rate': 6.287051482059283e-06, 'epoch': 0.25}
{'loss': 0.9354, 'learning_rate': 6.302652106084244e-06, 'epoch': 0.25}
{'loss': 0.9935, 'learning_rate': 6.318252730109204e-06, 'epoch': 0.25}
{'loss': 0.9224, 'learning_rate': 6.333853354134166e-06, 'epoch': 0.25}
{'loss': 0.8108, 'learning_rate': 6.349453978159127e-06, 'epoch': 0.25}
{'loss': 0.7573, 'learning_rate': 6.365054602184088e-06, 'epoch': 0.25}
{'loss': 0.9646, 'learning_rate': 6.380655226209049e-06, 'epoch': 0.26}
{'loss': 0.742, 'learning_rate': 6.39625585023401e-06, 'epoch': 0.26}
{'loss': 0.8989, 'learning_rate': 6.411856474258971e-06, 'epoch': 0.26}
{'loss': 0.9614, 'learning_rate': 6.427457098283932e-06, 'epoch': 0.26}
{'loss': 0.9317, 'learning_rate': 6.443057722308893e-06, 'epoch': 0.26}
{'loss': 0.9107, 'learning_rate': 6.458658346333854e-06, 'epoch': 0.26}
{'loss': 0.7715, 'learning_rate': 6.474258970358814e-06, 'epoch': 0.26}
{'loss': 0.8611, 'learning_rate': 6.489859594383776e-06, 'epoch': 0.26}
{'loss': 0.8984, 'learning_rate': 6.505460218408737e-06, 'epoch': 0.26}
{'loss': 0.9676, 'learning_rate': 6.521060842433697e-06, 'epoch': 0.26}
{'loss': 0.9754, 'learning_rate': 6.536661466458659e-06, 'epoch': 0.26}
{'loss': 0.7776, 'learning_rate': 6.55226209048362e-06, 'epoch': 0.26}
{'loss': 0.9779, 'learning_rate': 6.56786271450858e-06, 'epoch': 0.26}
{'loss': 0.9194, 'learning_rate': 6.583463338533542e-06, 'epoch': 0.26}
{'loss': 0.9973, 'learning_rate': 6.599063962558503e-06, 'epoch': 0.26}
{'loss': 0.8241, 'learning_rate': 6.614664586583464e-06, 'epoch': 0.26}
{'loss': 0.7717, 'learning_rate': 6.630265210608425e-06, 'epoch': 0.27}
{'loss': 0.7711, 'learning_rate': 6.645865834633386e-06, 'epoch': 0.27}
{'loss': 0.9831, 'learning_rate': 6.661466458658347e-06, 'epoch': 0.27}
{'loss': 1.0381, 'learning_rate': 6.677067082683308e-06, 'epoch': 0.27}
{'loss': 0.7694, 'learning_rate': 6.692667706708269e-06, 'epoch': 0.27}
{'loss': 0.8285, 'learning_rate': 6.70826833073323e-06, 'epoch': 0.27}
{'loss': 0.9173, 'learning_rate': 6.72386895475819e-06, 'epoch': 0.27}
{'loss': 0.947, 'learning_rate': 6.739469578783152e-06, 'epoch': 0.27}
{'loss': 0.8033, 'learning_rate': 6.755070202808113e-06, 'epoch': 0.27}
{'loss': 0.743, 'learning_rate': 6.770670826833073e-06, 'epoch': 0.27}
{'loss': 0.8184, 'learning_rate': 6.786271450858035e-06, 'epoch': 0.27}
{'loss': 0.8449, 'learning_rate': 6.801872074882996e-06, 'epoch': 0.27}
{'loss': 0.891, 'learning_rate': 6.817472698907957e-06, 'epoch': 0.27}
{'loss': 1.0878, 'learning_rate': 6.833073322932918e-06, 'epoch': 0.27}
{'loss': 0.8115, 'learning_rate': 6.8486739469578785e-06, 'epoch': 0.27}
{'loss': 0.8638, 'learning_rate': 6.86427457098284e-06, 'epoch': 0.27}
{'loss': 0.9324, 'learning_rate': 6.879875195007801e-06, 'epoch': 0.28}
{'loss': 0.8808, 'learning_rate': 6.895475819032762e-06, 'epoch': 0.28}
{'loss': 0.7382, 'learning_rate': 6.911076443057723e-06, 'epoch': 0.28}
{'loss': 0.8536, 'learning_rate': 6.926677067082684e-06, 'epoch': 0.28}
{'loss': 0.8267, 'learning_rate': 6.942277691107645e-06, 'epoch': 0.28}
{'loss': 0.708, 'learning_rate': 6.957878315132606e-06, 'epoch': 0.28}
{'loss': 0.8342, 'learning_rate': 6.973478939157566e-06, 'epoch': 0.28}
{'loss': 0.8758, 'learning_rate': 6.989079563182528e-06, 'epoch': 0.28}
{'loss': 0.7588, 'learning_rate': 7.004680187207489e-06, 'epoch': 0.28}
{'loss': 0.8207, 'learning_rate': 7.020280811232449e-06, 'epoch': 0.28}
{'loss': 0.7492, 'learning_rate': 7.035881435257411e-06, 'epoch': 0.28}
{'loss': 0.7985, 'learning_rate': 7.0514820592823715e-06, 'epoch': 0.28}
{'loss': 0.8035, 'learning_rate': 7.067082683307333e-06, 'epoch': 0.28}
{'loss': 0.9349, 'learning_rate': 7.082683307332294e-06, 'epoch': 0.28}
{'loss': 0.7964, 'learning_rate': 7.0982839313572545e-06, 'epoch': 0.28}
{'loss': 0.9408, 'learning_rate': 7.113884555382216e-06, 'epoch': 0.28}
{'loss': 0.954, 'learning_rate': 7.129485179407177e-06, 'epoch': 0.29}
{'loss': 0.8559, 'learning_rate': 7.145085803432138e-06, 'epoch': 0.29}
{'loss': 0.8007, 'learning_rate': 7.160686427457099e-06, 'epoch': 0.29}
{'loss': 0.7937, 'learning_rate': 7.176287051482061e-06, 'epoch': 0.29}
{'loss': 0.8949, 'learning_rate': 7.191887675507021e-06, 'epoch': 0.29}
{'loss': 0.8584, 'learning_rate': 7.207488299531982e-06, 'epoch': 0.29}
{'loss': 0.8979, 'learning_rate': 7.223088923556942e-06, 'epoch': 0.29}
{'loss': 0.8713, 'learning_rate': 7.238689547581904e-06, 'epoch': 0.29}
{'loss': 0.723, 'learning_rate': 7.2542901716068646e-06, 'epoch': 0.29}
{'loss': 0.8607, 'learning_rate': 7.269890795631826e-06, 'epoch': 0.29}
{'loss': 0.7587, 'learning_rate': 7.285491419656787e-06, 'epoch': 0.29}
{'loss': 0.9098, 'learning_rate': 7.3010920436817475e-06, 'epoch': 0.29}
{'loss': 0.8058, 'learning_rate': 7.316692667706709e-06, 'epoch': 0.29}
{'loss': 0.8669, 'learning_rate': 7.33229329173167e-06, 'epoch': 0.29}
{'loss': 0.9062, 'learning_rate': 7.347893915756631e-06, 'epoch': 0.29}
{'loss': 0.8308, 'learning_rate': 7.363494539781592e-06, 'epoch': 0.29}
{'loss': 0.7387, 'learning_rate': 7.379095163806553e-06, 'epoch': 0.3}
{'loss': 0.9138, 'learning_rate': 7.394695787831514e-06, 'epoch': 0.3}
{'loss': 0.9027, 'learning_rate': 7.410296411856475e-06, 'epoch': 0.3}
{'loss': 0.7288, 'learning_rate': 7.425897035881437e-06, 'epoch': 0.3}
{'loss': 0.7907, 'learning_rate': 7.441497659906397e-06, 'epoch': 0.3}
{'loss': 0.787, 'learning_rate': 7.4570982839313576e-06, 'epoch': 0.3}
{'loss': 0.9154, 'learning_rate': 7.472698907956318e-06, 'epoch': 0.3}
{'loss': 0.751, 'learning_rate': 7.48829953198128e-06, 'epoch': 0.3}
{'loss': 0.7572, 'learning_rate': 7.5039001560062405e-06, 'epoch': 0.3}
{'loss': 0.7933, 'learning_rate': 7.519500780031202e-06, 'epoch': 0.3}
{'loss': 0.803, 'learning_rate': 7.535101404056163e-06, 'epoch': 0.3}
{'loss': 0.9003, 'learning_rate': 7.5507020280811234e-06, 'epoch': 0.3}
{'loss': 0.764, 'learning_rate': 7.566302652106085e-06, 'epoch': 0.3}
{'loss': 0.7661, 'learning_rate': 7.581903276131046e-06, 'epoch': 0.3}
{'loss': 0.7893, 'learning_rate': 7.597503900156007e-06, 'epoch': 0.3}
{'loss': 0.69, 'learning_rate': 7.613104524180968e-06, 'epoch': 0.3}
{'loss': 0.768, 'learning_rate': 7.62870514820593e-06, 'epoch': 0.31}
{'loss': 0.742, 'learning_rate': 7.64430577223089e-06, 'epoch': 0.31}
{'loss': 0.937, 'learning_rate': 7.65990639625585e-06, 'epoch': 0.31}
{'loss': 0.7438, 'learning_rate': 7.675507020280812e-06, 'epoch': 0.31}
{'loss': 0.8819, 'learning_rate': 7.691107644305773e-06, 'epoch': 0.31}
{'loss': 0.6692, 'learning_rate': 7.706708268330734e-06, 'epoch': 0.31}
{'loss': 0.8344, 'learning_rate': 7.722308892355694e-06, 'epoch': 0.31}
{'loss': 0.7557, 'learning_rate': 7.737909516380657e-06, 'epoch': 0.31}
{'loss': 0.8843, 'learning_rate': 7.753510140405616e-06, 'epoch': 0.31}
{'loss': 0.6964, 'learning_rate': 7.769110764430578e-06, 'epoch': 0.31}
{'loss': 0.7907, 'learning_rate': 7.784711388455539e-06, 'epoch': 0.31}
{'loss': 0.871, 'learning_rate': 7.8003120124805e-06, 'epoch': 0.31}
{'loss': 0.689, 'learning_rate': 7.81591263650546e-06, 'epoch': 0.31}
{'loss': 0.7168, 'learning_rate': 7.831513260530423e-06, 'epoch': 0.31}
{'loss': 0.859, 'learning_rate': 7.847113884555382e-06, 'epoch': 0.31}
{'loss': 0.8125, 'learning_rate': 7.862714508580344e-06, 'epoch': 0.31}
{'loss': 0.8239, 'learning_rate': 7.878315132605305e-06, 'epoch': 0.32}
{'loss': 0.8563, 'learning_rate': 7.893915756630266e-06, 'epoch': 0.32}
{'loss': 0.7558, 'learning_rate': 7.909516380655227e-06, 'epoch': 0.32}
{'loss': 0.8839, 'learning_rate': 7.925117004680189e-06, 'epoch': 0.32}
{'loss': 0.8153, 'learning_rate': 7.94071762870515e-06, 'epoch': 0.32}
{'loss': 0.6884, 'learning_rate': 7.95631825273011e-06, 'epoch': 0.32}
{'loss': 0.769, 'learning_rate': 7.97191887675507e-06, 'epoch': 0.32}
{'loss': 0.8498, 'learning_rate': 7.987519500780032e-06, 'epoch': 0.32}
{'loss': 0.7096, 'learning_rate': 8.003120124804993e-06, 'epoch': 0.32}
{'loss': 0.8875, 'learning_rate': 8.018720748829953e-06, 'epoch': 0.32}
{'loss': 0.6417, 'learning_rate': 8.034321372854916e-06, 'epoch': 0.32}
{'loss': 0.8156, 'learning_rate': 8.049921996879875e-06, 'epoch': 0.32}
{'loss': 0.7882, 'learning_rate': 8.065522620904837e-06, 'epoch': 0.32}
{'loss': 0.7646, 'learning_rate': 8.081123244929798e-06, 'epoch': 0.32}
{'loss': 0.7225, 'learning_rate': 8.096723868954759e-06, 'epoch': 0.32}
{'loss': 0.6768, 'learning_rate': 8.11232449297972e-06, 'epoch': 0.32}
{'loss': 0.7161, 'learning_rate': 8.127925117004682e-06, 'epoch': 0.33}
{'loss': 0.7953, 'learning_rate': 8.143525741029641e-06, 'epoch': 0.33}
{'loss': 0.7264, 'learning_rate': 8.159126365054602e-06, 'epoch': 0.33}
{'loss': 0.5899, 'learning_rate': 8.174726989079564e-06, 'epoch': 0.33}
{'loss': 0.7427, 'learning_rate': 8.190327613104525e-06, 'epoch': 0.33}
{'loss': 0.7717, 'learning_rate': 8.205928237129486e-06, 'epoch': 0.33}
{'loss': 0.7159, 'learning_rate': 8.221528861154446e-06, 'epoch': 0.33}
{'loss': 0.8952, 'learning_rate': 8.237129485179409e-06, 'epoch': 0.33}
{'loss': 0.6622, 'learning_rate': 8.252730109204368e-06, 'epoch': 0.33}
{'loss': 0.8375, 'learning_rate': 8.26833073322933e-06, 'epoch': 0.33}
{'loss': 0.7375, 'learning_rate': 8.283931357254291e-06, 'epoch': 0.33}
{'loss': 0.7863, 'learning_rate': 8.299531981279252e-06, 'epoch': 0.33}
{'loss': 0.6044, 'learning_rate': 8.315132605304212e-06, 'epoch': 0.33}
{'loss': 0.8028, 'learning_rate': 8.330733229329175e-06, 'epoch': 0.33}
{'loss': 0.658, 'learning_rate': 8.346333853354134e-06, 'epoch': 0.33}
{'loss': 0.7546, 'learning_rate': 8.361934477379095e-06, 'epoch': 0.33}
{'loss': 0.7252, 'learning_rate': 8.377535101404057e-06, 'epoch': 0.34}
{'loss': 0.792, 'learning_rate': 8.393135725429018e-06, 'epoch': 0.34}
{'loss': 0.6634, 'learning_rate': 8.40873634945398e-06, 'epoch': 0.34}
{'loss': 0.7974, 'learning_rate': 8.424336973478939e-06, 'epoch': 0.34}
{'loss': 0.7341, 'learning_rate': 8.439937597503902e-06, 'epoch': 0.34}
{'loss': 0.5241, 'learning_rate': 8.455538221528861e-06, 'epoch': 0.34}
{'loss': 0.7031, 'learning_rate': 8.471138845553823e-06, 'epoch': 0.34}
{'loss': 0.7622, 'learning_rate': 8.486739469578784e-06, 'epoch': 0.34}
{'loss': 0.7481, 'learning_rate': 8.502340093603745e-06, 'epoch': 0.34}
{'loss': 0.7812, 'learning_rate': 8.517940717628705e-06, 'epoch': 0.34}
{'loss': 0.6045, 'learning_rate': 8.533541341653668e-06, 'epoch': 0.34}
{'loss': 0.7069, 'learning_rate': 8.549141965678627e-06, 'epoch': 0.34}
{'loss': 0.7855, 'learning_rate': 8.564742589703588e-06, 'epoch': 0.34}
{'loss': 0.7103, 'learning_rate': 8.58034321372855e-06, 'epoch': 0.34}
{'loss': 0.8501, 'learning_rate': 8.595943837753511e-06, 'epoch': 0.34}
{'loss': 0.7572, 'learning_rate': 8.611544461778472e-06, 'epoch': 0.34}
{'loss': 0.6684, 'learning_rate': 8.627145085803434e-06, 'epoch': 0.35}
{'loss': 0.6887, 'learning_rate': 8.642745709828395e-06, 'epoch': 0.35}
{'loss': 0.7356, 'learning_rate': 8.658346333853354e-06, 'epoch': 0.35}
{'loss': 0.7758, 'learning_rate': 8.673946957878316e-06, 'epoch': 0.35}
{'loss': 0.7155, 'learning_rate': 8.689547581903277e-06, 'epoch': 0.35}
{'loss': 0.7028, 'learning_rate': 8.705148205928238e-06, 'epoch': 0.35}
{'loss': 0.5925, 'learning_rate': 8.720748829953198e-06, 'epoch': 0.35}
{'loss': 0.8317, 'learning_rate': 8.73634945397816e-06, 'epoch': 0.35}
{'loss': 0.6369, 'learning_rate': 8.75195007800312e-06, 'epoch': 0.35}
{'loss': 0.5552, 'learning_rate': 8.767550702028081e-06, 'epoch': 0.35}
{'loss': 0.6772, 'learning_rate': 8.783151326053043e-06, 'epoch': 0.35}
{'loss': 0.6693, 'learning_rate': 8.798751950078004e-06, 'epoch': 0.35}
{'loss': 0.6754, 'learning_rate': 8.814352574102965e-06, 'epoch': 0.35}
{'loss': 0.7025, 'learning_rate': 8.829953198127927e-06, 'epoch': 0.35}
{'loss': 0.6709, 'learning_rate': 8.845553822152886e-06, 'epoch': 0.35}
{'loss': 0.6078, 'learning_rate': 8.861154446177847e-06, 'epoch': 0.35}
{'loss': 0.6197, 'learning_rate': 8.876755070202809e-06, 'epoch': 0.36}
{'loss': 0.765, 'learning_rate': 8.89235569422777e-06, 'epoch': 0.36}
{'loss': 0.6542, 'learning_rate': 8.907956318252731e-06, 'epoch': 0.36}
{'loss': 0.6639, 'learning_rate': 8.92355694227769e-06, 'epoch': 0.36}
{'loss': 0.643, 'learning_rate': 8.939157566302654e-06, 'epoch': 0.36}
{'loss': 0.7211, 'learning_rate': 8.954758190327613e-06, 'epoch': 0.36}
{'loss': 0.5409, 'learning_rate': 8.970358814352575e-06, 'epoch': 0.36}
{'loss': 0.689, 'learning_rate': 8.985959438377536e-06, 'epoch': 0.36}
{'loss': 0.6664, 'learning_rate': 9.001560062402497e-06, 'epoch': 0.36}
{'loss': 0.5792, 'learning_rate': 9.017160686427458e-06, 'epoch': 0.36}
{'loss': 0.7009, 'learning_rate': 9.03276131045242e-06, 'epoch': 0.36}
{'loss': 0.6577, 'learning_rate': 9.048361934477379e-06, 'epoch': 0.36}
{'loss': 0.6238, 'learning_rate': 9.06396255850234e-06, 'epoch': 0.36}
{'loss': 0.6798, 'learning_rate': 9.079563182527302e-06, 'epoch': 0.36}
{'loss': 0.6647, 'learning_rate': 9.095163806552263e-06, 'epoch': 0.36}
{'loss': 0.6582, 'learning_rate': 9.110764430577224e-06, 'epoch': 0.36}
{'loss': 0.7085, 'learning_rate': 9.126365054602185e-06, 'epoch': 0.37}
{'loss': 0.6716, 'learning_rate': 9.141965678627147e-06, 'epoch': 0.37}
{'loss': 0.6286, 'learning_rate': 9.157566302652106e-06, 'epoch': 0.37}
{'loss': 0.6418, 'learning_rate': 9.173166926677068e-06, 'epoch': 0.37}
{'loss': 0.6065, 'learning_rate': 9.188767550702029e-06, 'epoch': 0.37}
{'loss': 0.5051, 'learning_rate': 9.20436817472699e-06, 'epoch': 0.37}
{'loss': 0.5659, 'learning_rate': 9.21996879875195e-06, 'epoch': 0.37}
{'loss': 0.59, 'learning_rate': 9.235569422776913e-06, 'epoch': 0.37}
{'loss': 0.5608, 'learning_rate': 9.251170046801872e-06, 'epoch': 0.37}
{'loss': 0.6037, 'learning_rate': 9.266770670826833e-06, 'epoch': 0.37}
{'loss': 0.6667, 'learning_rate': 9.282371294851795e-06, 'epoch': 0.37}
{'loss': 0.4823, 'learning_rate': 9.297971918876756e-06, 'epoch': 0.37}
{'loss': 0.7368, 'learning_rate': 9.313572542901717e-06, 'epoch': 0.37}
{'loss': 0.589, 'learning_rate': 9.329173166926678e-06, 'epoch': 0.37}
{'loss': 0.6561, 'learning_rate': 9.34477379095164e-06, 'epoch': 0.37}
{'loss': 0.6736, 'learning_rate': 9.3603744149766e-06, 'epoch': 0.37}
{'loss': 0.6089, 'learning_rate': 9.37597503900156e-06, 'epoch': 0.38}
{'loss': 0.5784, 'learning_rate': 9.391575663026522e-06, 'epoch': 0.38}
{'loss': 0.6055, 'learning_rate': 9.407176287051483e-06, 'epoch': 0.38}
{'loss': 0.5901, 'learning_rate': 9.422776911076443e-06, 'epoch': 0.38}
{'loss': 0.6471, 'learning_rate': 9.438377535101406e-06, 'epoch': 0.38}
{'loss': 0.5551, 'learning_rate': 9.453978159126365e-06, 'epoch': 0.38}
{'loss': 0.5816, 'learning_rate': 9.469578783151326e-06, 'epoch': 0.38}
{'loss': 0.5615, 'learning_rate': 9.485179407176288e-06, 'epoch': 0.38}
{'loss': 0.6775, 'learning_rate': 9.500780031201249e-06, 'epoch': 0.38}
{'loss': 0.6425, 'learning_rate': 9.51638065522621e-06, 'epoch': 0.38}
{'loss': 0.5734, 'learning_rate': 9.531981279251171e-06, 'epoch': 0.38}
{'loss': 0.6898, 'learning_rate': 9.547581903276133e-06, 'epoch': 0.38}
{'loss': 0.5774, 'learning_rate': 9.563182527301092e-06, 'epoch': 0.38}
{'loss': 0.5316, 'learning_rate': 9.578783151326054e-06, 'epoch': 0.38}
{'loss': 0.716, 'learning_rate': 9.594383775351015e-06, 'epoch': 0.38}
{'loss': 0.556, 'learning_rate': 9.609984399375976e-06, 'epoch': 0.38}
{'loss': 0.499, 'learning_rate': 9.625585023400937e-06, 'epoch': 0.39}
{'loss': 0.6139, 'learning_rate': 9.641185647425899e-06, 'epoch': 0.39}
{'loss': 0.5591, 'learning_rate': 9.656786271450858e-06, 'epoch': 0.39}
{'loss': 0.5901, 'learning_rate': 9.67238689547582e-06, 'epoch': 0.39}
{'loss': 0.6684, 'learning_rate': 9.68798751950078e-06, 'epoch': 0.39}
{'loss': 0.4984, 'learning_rate': 9.703588143525742e-06, 'epoch': 0.39}
{'loss': 0.543, 'learning_rate': 9.719188767550703e-06, 'epoch': 0.39}
{'loss': 0.6493, 'learning_rate': 9.734789391575664e-06, 'epoch': 0.39}
{'loss': 0.5944, 'learning_rate': 9.750390015600624e-06, 'epoch': 0.39}
{'loss': 0.5101, 'learning_rate': 9.765990639625585e-06, 'epoch': 0.39}
{'loss': 0.664, 'learning_rate': 9.781591263650547e-06, 'epoch': 0.39}
{'loss': 0.5844, 'learning_rate': 9.797191887675508e-06, 'epoch': 0.39}
{'loss': 0.5536, 'learning_rate': 9.812792511700469e-06, 'epoch': 0.39}
{'loss': 0.4986, 'learning_rate': 9.82839313572543e-06, 'epoch': 0.39}
{'loss': 0.5385, 'learning_rate': 9.843993759750392e-06, 'epoch': 0.39}
{'loss': 0.5429, 'learning_rate': 9.859594383775351e-06, 'epoch': 0.39}
{'loss': 0.6668, 'learning_rate': 9.875195007800314e-06, 'epoch': 0.4}
{'loss': 0.5472, 'learning_rate': 9.890795631825274e-06, 'epoch': 0.4}
{'loss': 0.4961, 'learning_rate': 9.906396255850235e-06, 'epoch': 0.4}
{'loss': 0.5626, 'learning_rate': 9.921996879875195e-06, 'epoch': 0.4}
{'loss': 0.5875, 'learning_rate': 9.937597503900157e-06, 'epoch': 0.4}
{'loss': 0.5318, 'learning_rate': 9.953198127925117e-06, 'epoch': 0.4}
{'loss': 0.5539, 'learning_rate': 9.968798751950078e-06, 'epoch': 0.4}
{'loss': 0.6438, 'learning_rate': 9.98439937597504e-06, 'epoch': 0.4}
{'loss': 0.5091, 'learning_rate': 1e-05, 'epoch': 0.4}
{'loss': 0.644, 'learning_rate': 9.999996240921036e-06, 'epoch': 0.4}
{'loss': 0.5335, 'learning_rate': 9.999984963689793e-06, 'epoch': 0.4}
{'loss': 0.627, 'learning_rate': 9.999966168323227e-06, 'epoch': 0.4}
{'loss': 0.6506, 'learning_rate': 9.999939854849603e-06, 'epoch': 0.4}
{'loss': 0.5183, 'learning_rate': 9.999906023308485e-06, 'epoch': 0.4}
{'loss': 0.5406, 'learning_rate': 9.999864673750742e-06, 'epoch': 0.4}
{'loss': 0.5974, 'learning_rate': 9.999815806238551e-06, 'epoch': 0.4}
{'loss': 0.5188, 'learning_rate': 9.999759420845387e-06, 'epoch': 0.41}
{'loss': 0.5044, 'learning_rate': 9.999695517656035e-06, 'epoch': 0.41}
{'loss': 0.6042, 'learning_rate': 9.999624096766584e-06, 'epoch': 0.41}
{'loss': 0.577, 'learning_rate': 9.999545158284423e-06, 'epoch': 0.41}
{'loss': 0.5626, 'learning_rate': 9.999458702328244e-06, 'epoch': 0.41}
{'loss': 0.5287, 'learning_rate': 9.999364729028048e-06, 'epoch': 0.41}
{'loss': 0.6054, 'learning_rate': 9.999263238525135e-06, 'epoch': 0.41}
{'loss': 0.59, 'learning_rate': 9.99915423097211e-06, 'epoch': 0.41}
{'loss': 0.5697, 'learning_rate': 9.99903770653288e-06, 'epoch': 0.41}
{'loss': 0.5955, 'learning_rate': 9.998913665382653e-06, 'epoch': 0.41}
{'loss': 0.6209, 'learning_rate': 9.998782107707943e-06, 'epoch': 0.41}
{'loss': 0.665, 'learning_rate': 9.998643033706565e-06, 'epoch': 0.41}
{'loss': 0.6034, 'learning_rate': 9.998496443587632e-06, 'epoch': 0.41}
{'loss': 0.5823, 'learning_rate': 9.998342337571566e-06, 'epoch': 0.41}
{'loss': 0.5076, 'learning_rate': 9.998180715890082e-06, 'epoch': 0.41}
{'loss': 0.5414, 'learning_rate': 9.998011578786202e-06, 'epoch': 0.41}
{'loss': 0.5337, 'learning_rate': 9.997834926514242e-06, 'epoch': 0.42}
{'loss': 0.6468, 'learning_rate': 9.997650759339827e-06, 'epoch': 0.42}
{'loss': 0.573, 'learning_rate': 9.997459077539874e-06, 'epoch': 0.42}
{'loss': 0.5134, 'learning_rate': 9.997259881402601e-06, 'epoch': 0.42}
{'loss': 0.4757, 'learning_rate': 9.997053171227527e-06, 'epoch': 0.42}
{'loss': 0.5727, 'learning_rate': 9.996838947325468e-06, 'epoch': 0.42}
{'loss': 0.5211, 'learning_rate': 9.996617210018536e-06, 'epoch': 0.42}
{'loss': 0.5552, 'learning_rate': 9.996387959640144e-06, 'epoch': 0.42}
{'loss': 0.6115, 'learning_rate': 9.996151196535e-06, 'epoch': 0.42}
{'loss': 0.534, 'learning_rate': 9.995906921059109e-06, 'epoch': 0.42}
{'loss': 0.479, 'learning_rate': 9.995655133579769e-06, 'epoch': 0.42}
{'loss': 0.5169, 'learning_rate': 9.995395834475578e-06, 'epoch': 0.42}
{'loss': 0.4457, 'learning_rate': 9.995129024136425e-06, 'epoch': 0.42}
{'loss': 0.4778, 'learning_rate': 9.994854702963494e-06, 'epoch': 0.42}
{'loss': 0.5179, 'learning_rate': 9.994572871369265e-06, 'epoch': 0.42}
{'loss': 0.5081, 'learning_rate': 9.994283529777506e-06, 'epoch': 0.42}
{'loss': 0.5409, 'learning_rate': 9.993986678623285e-06, 'epoch': 0.43}
{'loss': 0.5948, 'learning_rate': 9.99368231835295e-06, 'epoch': 0.43}
{'loss': 0.5138, 'learning_rate': 9.993370449424153e-06, 'epoch': 0.43}
{'loss': 0.5213, 'learning_rate': 9.993051072305826e-06, 'epoch': 0.43}
{'loss': 0.5672, 'learning_rate': 9.992724187478197e-06, 'epoch': 0.43}
{'loss': 0.5049, 'learning_rate': 9.992389795432779e-06, 'epoch': 0.43}
{'loss': 0.468, 'learning_rate': 9.992047896672375e-06, 'epoch': 0.43}
{'loss': 0.6833, 'learning_rate': 9.991698491711073e-06, 'epoch': 0.43}
{'loss': 0.5475, 'learning_rate': 9.99134158107425e-06, 'epoch': 0.43}
{'loss': 0.4848, 'learning_rate': 9.990977165298571e-06, 'epoch': 0.43}
{'loss': 0.5786, 'learning_rate': 9.99060524493198e-06, 'epoch': 0.43}
{'loss': 0.5993, 'learning_rate': 9.99022582053371e-06, 'epoch': 0.43}
{'loss': 0.4981, 'learning_rate': 9.989838892674273e-06, 'epoch': 0.43}
{'loss': 0.4749, 'learning_rate': 9.989444461935469e-06, 'epoch': 0.43}
{'loss': 0.5143, 'learning_rate': 9.989042528910375e-06, 'epoch': 0.43}
{'loss': 0.5051, 'learning_rate': 9.98863309420335e-06, 'epoch': 0.43}
{'loss': 0.515, 'learning_rate': 9.988216158430033e-06, 'epoch': 0.44}
{'loss': 0.5104, 'learning_rate': 9.987791722217342e-06, 'epoch': 0.44}
{'loss': 0.5647, 'learning_rate': 9.987359786203472e-06, 'epoch': 0.44}
{'loss': 0.5051, 'learning_rate': 9.9869203510379e-06, 'epoch': 0.44}
{'loss': 0.5506, 'learning_rate': 9.986473417381366e-06, 'epoch': 0.44}
{'loss': 0.5576, 'learning_rate': 9.986018985905901e-06, 'epoch': 0.44}
{'loss': 0.5498, 'learning_rate': 9.985557057294801e-06, 'epoch': 0.44}
{'loss': 0.522, 'learning_rate': 9.985087632242634e-06, 'epoch': 0.44}
{'loss': 0.4717, 'learning_rate': 9.984610711455244e-06, 'epoch': 0.44}
{'loss': 0.5459, 'learning_rate': 9.984126295649745e-06, 'epoch': 0.44}
{'loss': 0.6, 'learning_rate': 9.983634385554519e-06, 'epoch': 0.44}
{'loss': 0.5296, 'learning_rate': 9.983134981909216e-06, 'epoch': 0.44}
{'loss': 0.5215, 'learning_rate': 9.982628085464759e-06, 'epoch': 0.44}
{'loss': 0.4687, 'learning_rate': 9.982113696983328e-06, 'epoch': 0.44}
{'loss': 0.5274, 'learning_rate': 9.981591817238379e-06, 'epoch': 0.44}
{'loss': 0.4803, 'learning_rate': 9.981062447014624e-06, 'epoch': 0.44}
{'loss': 0.4942, 'learning_rate': 9.98052558710804e-06, 'epoch': 0.45}
{'loss': 0.5921, 'learning_rate': 9.979981238325871e-06, 'epoch': 0.45}
{'loss': 0.4998, 'learning_rate': 9.979429401486613e-06, 'epoch': 0.45}
{'loss': 0.4957, 'learning_rate': 9.978870077420026e-06, 'epoch': 0.45}
{'loss': 0.5405, 'learning_rate': 9.978303266967127e-06, 'epoch': 0.45}
{'loss': 0.4358, 'learning_rate': 9.977728970980193e-06, 'epoch': 0.45}
{'loss': 0.3864, 'learning_rate': 9.977147190322748e-06, 'epoch': 0.45}
{'loss': 0.5489, 'learning_rate': 9.976557925869581e-06, 'epoch': 0.45}
{'loss': 0.5477, 'learning_rate': 9.975961178506728e-06, 'epoch': 0.45}
{'loss': 0.5529, 'learning_rate': 9.975356949131474e-06, 'epoch': 0.45}
{'loss': 0.5478, 'learning_rate': 9.974745238652359e-06, 'epoch': 0.45}
{'loss': 0.5479, 'learning_rate': 9.974126047989173e-06, 'epoch': 0.45}
{'loss': 0.4836, 'learning_rate': 9.973499378072947e-06, 'epoch': 0.45}
{'loss': 0.5353, 'learning_rate': 9.972865229845961e-06, 'epoch': 0.45}
{'loss': 0.6387, 'learning_rate': 9.972223604261743e-06, 'epoch': 0.45}
{'loss': 0.5503, 'learning_rate': 9.971574502285063e-06, 'epoch': 0.45}
{'loss': 0.5155, 'learning_rate': 9.970917924891927e-06, 'epoch': 0.46}
{'loss': 0.5049, 'learning_rate': 9.970253873069588e-06, 'epoch': 0.46}
{'loss': 0.473, 'learning_rate': 9.969582347816534e-06, 'epoch': 0.46}
{'loss': 0.4416, 'learning_rate': 9.968903350142494e-06, 'epoch': 0.46}
{'loss': 0.5012, 'learning_rate': 9.968216881068426e-06, 'epoch': 0.46}
{'loss': 0.5093, 'learning_rate': 9.96752294162653e-06, 'epoch': 0.46}
{'loss': 0.5511, 'learning_rate': 9.966821532860236e-06, 'epoch': 0.46}
{'loss': 0.5491, 'learning_rate': 9.966112655824201e-06, 'epoch': 0.46}
{'loss': 0.5438, 'learning_rate': 9.965396311584319e-06, 'epoch': 0.46}
{'loss': 0.4678, 'learning_rate': 9.964672501217702e-06, 'epoch': 0.46}
{'loss': 0.498, 'learning_rate': 9.9639412258127e-06, 'epoch': 0.46}
{'loss': 0.5557, 'learning_rate': 9.96320248646888e-06, 'epoch': 0.46}
{'loss': 0.4924, 'learning_rate': 9.962456284297033e-06, 'epoch': 0.46}
{'loss': 0.3603, 'learning_rate': 9.96170262041917e-06, 'epoch': 0.46}
{'loss': 0.5534, 'learning_rate': 9.96094149596853e-06, 'epoch': 0.46}
{'loss': 0.5776, 'learning_rate': 9.960172912089558e-06, 'epoch': 0.46}
{'loss': 0.5258, 'learning_rate': 9.959396869937925e-06, 'epoch': 0.47}
{'loss': 0.6, 'learning_rate': 9.958613370680507e-06, 'epoch': 0.47}
{'loss': 0.5126, 'learning_rate': 9.957822415495405e-06, 'epoch': 0.47}
{'loss': 0.5135, 'learning_rate': 9.95702400557192e-06, 'epoch': 0.47}
{'loss': 0.4906, 'learning_rate': 9.956218142110567e-06, 'epoch': 0.47}
{'loss': 0.5587, 'learning_rate': 9.955404826323067e-06, 'epoch': 0.47}
{'loss': 0.54, 'learning_rate': 9.95458405943235e-06, 'epoch': 0.47}
{'loss': 0.5603, 'learning_rate': 9.953755842672545e-06, 'epoch': 0.47}
{'loss': 0.5449, 'learning_rate': 9.952920177288985e-06, 'epoch': 0.47}
{'loss': 0.4942, 'learning_rate': 9.952077064538203e-06, 'epoch': 0.47}
{'loss': 0.5107, 'learning_rate': 9.951226505687933e-06, 'epoch': 0.47}
{'loss': 0.541, 'learning_rate': 9.950368502017096e-06, 'epoch': 0.47}
{'loss': 0.5116, 'learning_rate': 9.949503054815817e-06, 'epoch': 0.47}
{'loss': 0.5619, 'learning_rate': 9.948630165385411e-06, 'epoch': 0.47}
{'loss': 0.6129, 'learning_rate': 9.947749835038378e-06, 'epoch': 0.47}
{'loss': 0.4724, 'learning_rate': 9.946862065098415e-06, 'epoch': 0.47}
{'loss': 0.6027, 'learning_rate': 9.9459668569004e-06, 'epoch': 0.48}
{'loss': 0.6089, 'learning_rate': 9.945064211790394e-06, 'epoch': 0.48}
{'loss': 0.6067, 'learning_rate': 9.944154131125643e-06, 'epoch': 0.48}
{'loss': 0.5287, 'learning_rate': 9.943236616274576e-06, 'epoch': 0.48}
{'loss': 0.4714, 'learning_rate': 9.942311668616793e-06, 'epoch': 0.48}
{'loss': 0.4654, 'learning_rate': 9.94137928954308e-06, 'epoch': 0.48}
{'loss': 0.5436, 'learning_rate': 9.940439480455386e-06, 'epoch': 0.48}
{'loss': 0.564, 'learning_rate': 9.93949224276684e-06, 'epoch': 0.48}
{'loss': 0.5113, 'learning_rate': 9.938537577901741e-06, 'epoch': 0.48}
{'loss': 0.5159, 'learning_rate': 9.93757548729555e-06, 'epoch': 0.48}
{'loss': 0.4881, 'learning_rate': 9.936605972394897e-06, 'epoch': 0.48}
{'loss': 0.5128, 'learning_rate': 9.935629034657577e-06, 'epoch': 0.48}
{'loss': 0.5145, 'learning_rate': 9.934644675552543e-06, 'epoch': 0.48}
{'loss': 0.5361, 'learning_rate': 9.933652896559907e-06, 'epoch': 0.48}
{'loss': 0.5886, 'learning_rate': 9.932653699170943e-06, 'epoch': 0.48}
{'loss': 0.4661, 'learning_rate': 9.931647084888073e-06, 'epoch': 0.48}
{'loss': 0.6454, 'learning_rate': 9.930633055224876e-06, 'epoch': 0.49}
{'loss': 0.5454, 'learning_rate': 9.929611611706077e-06, 'epoch': 0.49}
{'loss': 0.575, 'learning_rate': 9.928582755867553e-06, 'epoch': 0.49}
{'loss': 0.4268, 'learning_rate': 9.92754648925632e-06, 'epoch': 0.49}
{'loss': 0.4687, 'learning_rate': 9.926502813430545e-06, 'epoch': 0.49}
{'loss': 0.5503, 'learning_rate': 9.925451729959532e-06, 'epoch': 0.49}
{'loss': 0.5169, 'learning_rate': 9.924393240423723e-06, 'epoch': 0.49}
{'loss': 0.5491, 'learning_rate': 9.923327346414692e-06, 'epoch': 0.49}
{'loss': 0.5227, 'learning_rate': 9.922254049535157e-06, 'epoch': 0.49}
{'loss': 0.4979, 'learning_rate': 9.921173351398959e-06, 'epoch': 0.49}
{'loss': 0.4282, 'learning_rate': 9.920085253631067e-06, 'epoch': 0.49}
{'loss': 0.5562, 'learning_rate': 9.918989757867584e-06, 'epoch': 0.49}
{'loss': 0.4951, 'learning_rate': 9.917886865755727e-06, 'epoch': 0.49}
{'loss': 0.4907, 'learning_rate': 9.916776578953842e-06, 'epoch': 0.49}
{'loss': 0.5229, 'learning_rate': 9.915658899131393e-06, 'epoch': 0.49}
{'loss': 0.5744, 'learning_rate': 9.914533827968958e-06, 'epoch': 0.49}
{'loss': 0.4535, 'learning_rate': 9.913401367158227e-06, 'epoch': 0.5}
{'loss': 0.5137, 'learning_rate': 9.912261518402004e-06, 'epoch': 0.5}
{'loss': 0.4908, 'learning_rate': 9.911114283414204e-06, 'epoch': 0.5}
{'loss': 0.4833, 'learning_rate': 9.909959663919845e-06, 'epoch': 0.5}
{'loss': 0.623, 'learning_rate': 9.90879766165505e-06, 'epoch': 0.5}
{'loss': 0.4818, 'learning_rate': 9.907628278367039e-06, 'epoch': 0.5}
{'loss': 0.4698, 'learning_rate': 9.906451515814137e-06, 'epoch': 0.5}
{'loss': 0.4281, 'learning_rate': 9.905267375765762e-06, 'epoch': 0.5}
{'loss': 0.5158, 'learning_rate': 9.90407586000242e-06, 'epoch': 0.5}
{'loss': 0.5164, 'learning_rate': 9.902876970315715e-06, 'epoch': 0.5}
{'loss': 0.5263, 'learning_rate': 9.901670708508335e-06, 'epoch': 0.5}
{'loss': 0.4976, 'learning_rate': 9.900457076394054e-06, 'epoch': 0.5}
{'loss': 0.5269, 'learning_rate': 9.899236075797726e-06, 'epoch': 0.5}
{'loss': 0.547, 'learning_rate': 9.898007708555288e-06, 'epoch': 0.5}
{'loss': 0.5092, 'learning_rate': 9.89677197651375e-06, 'epoch': 0.5}
{'loss': 0.4165, 'learning_rate': 9.895528881531199e-06, 'epoch': 0.5}
{'loss': 0.4609, 'learning_rate': 9.89427842547679e-06, 'epoch': 0.51}
{'loss': 0.4795, 'learning_rate': 9.89302061023075e-06, 'epoch': 0.51}
{'loss': 0.539, 'learning_rate': 9.89175543768437e-06, 'epoch': 0.51}
{'loss': 0.4769, 'learning_rate': 9.89048290974e-06, 'epoch': 0.51}
{'loss': 0.4984, 'learning_rate': 9.889203028311058e-06, 'epoch': 0.51}
{'loss': 0.53, 'learning_rate': 9.887915795322011e-06, 'epoch': 0.51}
{'loss': 0.5358, 'learning_rate': 9.886621212708384e-06, 'epoch': 0.51}
{'loss': 0.5441, 'learning_rate': 9.885319282416755e-06, 'epoch': 0.51}
{'loss': 0.5142, 'learning_rate': 9.884010006404743e-06, 'epoch': 0.51}
{'loss': 0.5148, 'learning_rate': 9.882693386641018e-06, 'epoch': 0.51}
{'loss': 0.488, 'learning_rate': 9.881369425105294e-06, 'epoch': 0.51}
{'loss': 0.5758, 'learning_rate': 9.880038123788316e-06, 'epoch': 0.51}
{'loss': 0.4147, 'learning_rate': 9.878699484691876e-06, 'epoch': 0.51}
{'loss': 0.5737, 'learning_rate': 9.877353509828792e-06, 'epoch': 0.51}
{'loss': 0.5722, 'learning_rate': 9.876000201222912e-06, 'epoch': 0.51}
{'loss': 0.5528, 'learning_rate': 9.874639560909118e-06, 'epoch': 0.51}
{'loss': 0.4815, 'learning_rate': 9.87327159093331e-06, 'epoch': 0.52}
{'loss': 0.4592, 'learning_rate': 9.87189629335241e-06, 'epoch': 0.52}
{'loss': 0.5564, 'learning_rate': 9.87051367023436e-06, 'epoch': 0.52}
{'loss': 0.5066, 'learning_rate': 9.869123723658112e-06, 'epoch': 0.52}
{'loss': 0.5977, 'learning_rate': 9.867726455713637e-06, 'epoch': 0.52}
{'loss': 0.5492, 'learning_rate': 9.866321868501914e-06, 'epoch': 0.52}
{'loss': 0.4989, 'learning_rate': 9.864909964134919e-06, 'epoch': 0.52}
{'loss': 0.5176, 'learning_rate': 9.86349074473564e-06, 'epoch': 0.52}
{'loss': 0.4163, 'learning_rate': 9.862064212438059e-06, 'epoch': 0.52}
{'loss': 0.5784, 'learning_rate': 9.860630369387152e-06, 'epoch': 0.52}
{'loss': 0.468, 'learning_rate': 9.859189217738896e-06, 'epoch': 0.52}
{'loss': 0.4752, 'learning_rate': 9.857740759660248e-06, 'epoch': 0.52}
{'loss': 0.5254, 'learning_rate': 9.856284997329158e-06, 'epoch': 0.52}
{'loss': 0.4926, 'learning_rate': 9.854821932934555e-06, 'epoch': 0.52}
{'loss': 0.4864, 'learning_rate': 9.853351568676347e-06, 'epoch': 0.52}
{'loss': 0.5426, 'learning_rate': 9.851873906765425e-06, 'epoch': 0.52}
{'loss': 0.5122, 'learning_rate': 9.850388949423644e-06, 'epoch': 0.53}
{'loss': 0.4786, 'learning_rate': 9.848896698883834e-06, 'epoch': 0.53}
{'loss': 0.4964, 'learning_rate': 9.847397157389789e-06, 'epoch': 0.53}
{'loss': 0.4524, 'learning_rate': 9.845890327196269e-06, 'epoch': 0.53}
{'loss': 0.5103, 'learning_rate': 9.84437621056899e-06, 'epoch': 0.53}
{'loss': 0.4894, 'learning_rate': 9.842854809784625e-06, 'epoch': 0.53}
{'loss': 0.4437, 'learning_rate': 9.841326127130804e-06, 'epoch': 0.53}
{'loss': 0.5012, 'learning_rate': 9.839790164906098e-06, 'epoch': 0.53}
{'loss': 0.5019, 'learning_rate': 9.83824692542003e-06, 'epoch': 0.53}
{'loss': 0.5462, 'learning_rate': 9.836696410993064e-06, 'epoch': 0.53}
{'loss': 0.4745, 'learning_rate': 9.835138623956603e-06, 'epoch': 0.53}
{'loss': 0.4882, 'learning_rate': 9.833573566652983e-06, 'epoch': 0.53}
{'loss': 0.5387, 'learning_rate': 9.832001241435476e-06, 'epoch': 0.53}
{'loss': 0.5496, 'learning_rate': 9.830421650668276e-06, 'epoch': 0.53}
{'loss': 0.4987, 'learning_rate': 9.82883479672651e-06, 'epoch': 0.53}
{'loss': 0.503, 'learning_rate': 9.82724068199622e-06, 'epoch': 0.53}
{'loss': 0.4455, 'learning_rate': 9.825639308874365e-06, 'epoch': 0.54}
{'loss': 0.5047, 'learning_rate': 9.824030679768824e-06, 'epoch': 0.54}
{'loss': 0.559, 'learning_rate': 9.82241479709838e-06, 'epoch': 0.54}
{'loss': 0.4618, 'learning_rate': 9.820791663292725e-06, 'epoch': 0.54}
{'loss': 0.5344, 'learning_rate': 9.819161280792458e-06, 'epoch': 0.54}
{'loss': 0.4745, 'learning_rate': 9.81752365204907e-06, 'epoch': 0.54}
{'loss': 0.5764, 'learning_rate': 9.81587877952495e-06, 'epoch': 0.54}
{'loss': 0.5188, 'learning_rate': 9.814226665693384e-06, 'epoch': 0.54}
{'loss': 0.5528, 'learning_rate': 9.812567313038542e-06, 'epoch': 0.54}
{'loss': 0.4907, 'learning_rate': 9.810900724055477e-06, 'epoch': 0.54}
{'loss': 0.5412, 'learning_rate': 9.809226901250126e-06, 'epoch': 0.54}
{'loss': 0.5133, 'learning_rate': 9.807545847139301e-06, 'epoch': 0.54}
{'loss': 0.5371, 'learning_rate': 9.805857564250689e-06, 'epoch': 0.54}
{'loss': 0.4867, 'learning_rate': 9.804162055122845e-06, 'epoch': 0.54}
{'loss': 0.5205, 'learning_rate': 9.80245932230519e-06, 'epoch': 0.54}
{'loss': 0.5367, 'learning_rate': 9.80074936835801e-06, 'epoch': 0.54}
{'loss': 0.4906, 'learning_rate': 9.79903219585244e-06, 'epoch': 0.55}
{'loss': 0.5281, 'learning_rate': 9.79730780737048e-06, 'epoch': 0.55}
{'loss': 0.6312, 'learning_rate': 9.795576205504971e-06, 'epoch': 0.55}
{'loss': 0.4888, 'learning_rate': 9.793837392859606e-06, 'epoch': 0.55}
{'loss': 0.4836, 'learning_rate': 9.79209137204892e-06, 'epoch': 0.55}
{'loss': 0.5199, 'learning_rate': 9.790338145698284e-06, 'epoch': 0.55}
{'loss': 0.592, 'learning_rate': 9.788577716443903e-06, 'epoch': 0.55}
{'loss': 0.4891, 'learning_rate': 9.786810086932814e-06, 'epoch': 0.55}
{'loss': 0.4696, 'learning_rate': 9.785035259822884e-06, 'epoch': 0.55}
{'loss': 0.518, 'learning_rate': 9.783253237782795e-06, 'epoch': 0.55}
{'loss': 0.5439, 'learning_rate': 9.781464023492055e-06, 'epoch': 0.55}
{'loss': 0.5848, 'learning_rate': 9.779667619640983e-06, 'epoch': 0.55}
{'loss': 0.6255, 'learning_rate': 9.777864028930705e-06, 'epoch': 0.55}
{'loss': 0.5537, 'learning_rate': 9.77605325407316e-06, 'epoch': 0.55}
{'loss': 0.5125, 'learning_rate': 9.774235297791083e-06, 'epoch': 0.55}
{'loss': 0.4828, 'learning_rate': 9.772410162818015e-06, 'epoch': 0.55}
{'loss': 0.5041, 'learning_rate': 9.770577851898286e-06, 'epoch': 0.56}
{'loss': 0.4696, 'learning_rate': 9.768738367787014e-06, 'epoch': 0.56}
{'loss': 0.4734, 'learning_rate': 9.766891713250105e-06, 'epoch': 0.56}
{'loss': 0.5542, 'learning_rate': 9.765037891064251e-06, 'epoch': 0.56}
{'loss': 0.5487, 'learning_rate': 9.763176904016914e-06, 'epoch': 0.56}
{'loss': 0.4285, 'learning_rate': 9.761308754906333e-06, 'epoch': 0.56}
{'loss': 0.5411, 'learning_rate': 9.75943344654152e-06, 'epoch': 0.56}
{'loss': 0.5003, 'learning_rate': 9.757550981742243e-06, 'epoch': 0.56}
{'loss': 0.4864, 'learning_rate': 9.755661363339037e-06, 'epoch': 0.56}
{'loss': 0.556, 'learning_rate': 9.753764594173193e-06, 'epoch': 0.56}
{'loss': 0.4381, 'learning_rate': 9.751860677096753e-06, 'epoch': 0.56}
{'loss': 0.5176, 'learning_rate': 9.749949614972507e-06, 'epoch': 0.56}
{'loss': 0.5058, 'learning_rate': 9.748031410673986e-06, 'epoch': 0.56}
{'loss': 0.5586, 'learning_rate': 9.746106067085465e-06, 'epoch': 0.56}
{'loss': 0.4907, 'learning_rate': 9.744173587101951e-06, 'epoch': 0.56}
{'loss': 0.498, 'learning_rate': 9.74223397362918e-06, 'epoch': 0.56}
{'loss': 0.5353, 'learning_rate': 9.74028722958362e-06, 'epoch': 0.57}
{'loss': 0.4829, 'learning_rate': 9.738333357892454e-06, 'epoch': 0.57}
{'loss': 0.5323, 'learning_rate': 9.736372361493584e-06, 'epoch': 0.57}
{'loss': 0.5629, 'learning_rate': 9.73440424333563e-06, 'epoch': 0.57}
{'loss': 0.4953, 'learning_rate': 9.732429006377915e-06, 'epoch': 0.57}
{'loss': 0.4802, 'learning_rate': 9.730446653590466e-06, 'epoch': 0.57}
{'loss': 0.4583, 'learning_rate': 9.728457187954013e-06, 'epoch': 0.57}
{'loss': 0.5505, 'learning_rate': 9.726460612459978e-06, 'epoch': 0.57}
{'loss': 0.4589, 'learning_rate': 9.724456930110475e-06, 'epoch': 0.57}
{'loss': 0.5049, 'learning_rate': 9.722446143918307e-06, 'epoch': 0.57}
{'loss': 0.4628, 'learning_rate': 9.720428256906952e-06, 'epoch': 0.57}
{'loss': 0.5165, 'learning_rate': 9.71840327211057e-06, 'epoch': 0.57}
{'loss': 0.4522, 'learning_rate': 9.716371192573994e-06, 'epoch': 0.57}
{'loss': 0.4874, 'learning_rate': 9.714332021352722e-06, 'epoch': 0.57}
{'loss': 0.4797, 'learning_rate': 9.712285761512914e-06, 'epoch': 0.57}
{'loss': 0.4571, 'learning_rate': 9.710232416131391e-06, 'epoch': 0.57}
{'loss': 0.4474, 'learning_rate': 9.70817198829563e-06, 'epoch': 0.58}
{'loss': 0.4774, 'learning_rate': 9.706104481103755e-06, 'epoch': 0.58}
{'loss': 0.5124, 'learning_rate': 9.704029897664536e-06, 'epoch': 0.58}
{'loss': 0.5546, 'learning_rate': 9.70194824109738e-06, 'epoch': 0.58}
{'loss': 0.4631, 'learning_rate': 9.699859514532333e-06, 'epoch': 0.58}
{'loss': 0.4957, 'learning_rate': 9.69776372111007e-06, 'epoch': 0.58}
{'loss': 0.4938, 'learning_rate': 9.695660863981894e-06, 'epoch': 0.58}
{'loss': 0.4799, 'learning_rate': 9.693550946309721e-06, 'epoch': 0.58}
{'loss': 0.4678, 'learning_rate': 9.691433971266098e-06, 'epoch': 0.58}
{'loss': 0.4412, 'learning_rate': 9.68930994203417e-06, 'epoch': 0.58}
{'loss': 0.5118, 'learning_rate': 9.687178861807698e-06, 'epoch': 0.58}
{'loss': 0.5442, 'learning_rate': 9.685040733791038e-06, 'epoch': 0.58}
{'loss': 0.5083, 'learning_rate': 9.68289556119915e-06, 'epoch': 0.58}
{'loss': 0.5428, 'learning_rate': 9.68074334725758e-06, 'epoch': 0.58}
{'loss': 0.459, 'learning_rate': 9.678584095202468e-06, 'epoch': 0.58}
{'loss': 0.5005, 'learning_rate': 9.676417808280534e-06, 'epoch': 0.58}
{'loss': 0.4488, 'learning_rate': 9.674244489749071e-06, 'epoch': 0.59}
{'loss': 0.4778, 'learning_rate': 9.672064142875954e-06, 'epoch': 0.59}
{'loss': 0.4614, 'learning_rate': 9.66987677093962e-06, 'epoch': 0.59}
{'loss': 0.5465, 'learning_rate': 9.667682377229069e-06, 'epoch': 0.59}
{'loss': 0.4827, 'learning_rate': 9.665480965043862e-06, 'epoch': 0.59}
{'loss': 0.4868, 'learning_rate': 9.663272537694112e-06, 'epoch': 0.59}
{'loss': 0.5244, 'learning_rate': 9.661057098500481e-06, 'epoch': 0.59}
{'loss': 0.406, 'learning_rate': 9.658834650794171e-06, 'epoch': 0.59}
{'loss': 0.5111, 'learning_rate': 9.656605197916926e-06, 'epoch': 0.59}
{'loss': 0.5514, 'learning_rate': 9.654368743221022e-06, 'epoch': 0.59}
{'loss': 0.473, 'learning_rate': 9.652125290069262e-06, 'epoch': 0.59}
{'loss': 0.4518, 'learning_rate': 9.649874841834975e-06, 'epoch': 0.59}
{'loss': 0.4544, 'learning_rate': 9.647617401902003e-06, 'epoch': 0.59}
{'loss': 0.583, 'learning_rate': 9.645352973664706e-06, 'epoch': 0.59}
{'loss': 0.5111, 'learning_rate': 9.643081560527948e-06, 'epoch': 0.59}
{'loss': 0.5299, 'learning_rate': 9.6408031659071e-06, 'epoch': 0.59}
{'loss': 0.5362, 'learning_rate': 9.638517793228028e-06, 'epoch': 0.6}
{'loss': 0.4798, 'learning_rate': 9.636225445927088e-06, 'epoch': 0.6}
{'loss': 0.5045, 'learning_rate': 9.633926127451127e-06, 'epoch': 0.6}
{'loss': 0.5573, 'learning_rate': 9.631619841257477e-06, 'epoch': 0.6}
{'loss': 0.4868, 'learning_rate': 9.629306590813935e-06, 'epoch': 0.6}
{'loss': 0.468, 'learning_rate': 9.626986379598782e-06, 'epoch': 0.6}
{'loss': 0.4851, 'learning_rate': 9.624659211100762e-06, 'epoch': 0.6}
{'loss': 0.5114, 'learning_rate': 9.622325088819076e-06, 'epoch': 0.6}
{'loss': 0.4895, 'learning_rate': 9.619984016263386e-06, 'epoch': 0.6}
{'loss': 0.5584, 'learning_rate': 9.617635996953803e-06, 'epoch': 0.6}
{'loss': 0.5944, 'learning_rate': 9.615281034420882e-06, 'epoch': 0.6}
{'loss': 0.4779, 'learning_rate': 9.612919132205617e-06, 'epoch': 0.6}
{'loss': 0.5462, 'learning_rate': 9.610550293859442e-06, 'epoch': 0.6}
{'loss': 0.4908, 'learning_rate': 9.608174522944216e-06, 'epoch': 0.6}
{'loss': 0.4822, 'learning_rate': 9.605791823032224e-06, 'epoch': 0.6}
{'loss': 0.4665, 'learning_rate': 9.603402197706166e-06, 'epoch': 0.6}
{'loss': 0.482, 'learning_rate': 9.601005650559161e-06, 'epoch': 0.61}
{'loss': 0.5022, 'learning_rate': 9.598602185194733e-06, 'epoch': 0.61}
{'loss': 0.5418, 'learning_rate': 9.59619180522681e-06, 'epoch': 0.61}
{'loss': 0.549, 'learning_rate': 9.593774514279708e-06, 'epoch': 0.61}
{'loss': 0.5364, 'learning_rate': 9.59135031598815e-06, 'epoch': 0.61}
{'loss': 0.5141, 'learning_rate': 9.588919213997234e-06, 'epoch': 0.61}
{'loss': 0.4988, 'learning_rate': 9.586481211962441e-06, 'epoch': 0.61}
{'loss': 0.4742, 'learning_rate': 9.58403631354963e-06, 'epoch': 0.61}
{'loss': 0.523, 'learning_rate': 9.581584522435025e-06, 'epoch': 0.61}
{'loss': 0.5578, 'learning_rate': 9.579125842305219e-06, 'epoch': 0.61}
{'loss': 0.5542, 'learning_rate': 9.576660276857159e-06, 'epoch': 0.61}
{'loss': 0.5148, 'learning_rate': 9.574187829798148e-06, 'epoch': 0.61}
{'loss': 0.5056, 'learning_rate': 9.571708504845837e-06, 'epoch': 0.61}
{'loss': 0.4844, 'learning_rate': 9.569222305728213e-06, 'epoch': 0.61}
{'loss': 0.4484, 'learning_rate': 9.566729236183608e-06, 'epoch': 0.61}
{'loss': 0.5269, 'learning_rate': 9.564229299960679e-06, 'epoch': 0.61}
{'loss': 0.5155, 'learning_rate': 9.561722500818408e-06, 'epoch': 0.62}
{'loss': 0.5611, 'learning_rate': 9.559208842526097e-06, 'epoch': 0.62}
{'loss': 0.4714, 'learning_rate': 9.556688328863364e-06, 'epoch': 0.62}
{'loss': 0.5144, 'learning_rate': 9.554160963620132e-06, 'epoch': 0.62}
{'loss': 0.565, 'learning_rate': 9.551626750596628e-06, 'epoch': 0.62}
{'loss': 0.4843, 'learning_rate': 9.549085693603371e-06, 'epoch': 0.62}
{'loss': 0.4726, 'learning_rate': 9.54653779646118e-06, 'epoch': 0.62}
{'loss': 0.4745, 'learning_rate': 9.543983063001149e-06, 'epoch': 0.62}
{'loss': 0.4708, 'learning_rate': 9.54142149706466e-06, 'epoch': 0.62}
{'loss': 0.4837, 'learning_rate': 9.538853102503361e-06, 'epoch': 0.62}
{'loss': 0.5672, 'learning_rate': 9.536277883179173e-06, 'epoch': 0.62}
{'loss': 0.5385, 'learning_rate': 9.533695842964277e-06, 'epoch': 0.62}
{'loss': 0.5486, 'learning_rate': 9.53110698574111e-06, 'epoch': 0.62}
{'loss': 0.4651, 'learning_rate': 9.528511315402358e-06, 'epoch': 0.62}
{'loss': 0.5049, 'learning_rate': 9.525908835850955e-06, 'epoch': 0.62}
{'loss': 0.5496, 'learning_rate': 9.523299551000072e-06, 'epoch': 0.62}
{'loss': 0.415, 'learning_rate': 9.52068346477311e-06, 'epoch': 0.63}
{'loss': 0.4913, 'learning_rate': 9.5180605811037e-06, 'epoch': 0.63}
{'loss': 0.471, 'learning_rate': 9.515430903935691e-06, 'epoch': 0.63}
{'loss': 0.5062, 'learning_rate': 9.512794437223152e-06, 'epoch': 0.63}
{'loss': 0.539, 'learning_rate': 9.510151184930354e-06, 'epoch': 0.63}
{'loss': 0.5725, 'learning_rate': 9.507501151031778e-06, 'epoch': 0.63}
{'loss': 0.5114, 'learning_rate': 9.504844339512096e-06, 'epoch': 0.63}
{'loss': 0.4985, 'learning_rate': 9.502180754366176e-06, 'epoch': 0.63}
{'loss': 0.5112, 'learning_rate': 9.499510399599067e-06, 'epoch': 0.63}
{'loss': 0.4552, 'learning_rate': 9.496833279225999e-06, 'epoch': 0.63}
{'loss': 0.499, 'learning_rate': 9.494149397272376e-06, 'epoch': 0.63}
{'loss': 0.4282, 'learning_rate': 9.491458757773766e-06, 'epoch': 0.63}
{'loss': 0.4372, 'learning_rate': 9.4887613647759e-06, 'epoch': 0.63}
{'loss': 0.383, 'learning_rate': 9.486057222334664e-06, 'epoch': 0.63}
{'loss': 0.4993, 'learning_rate': 9.483346334516091e-06, 'epoch': 0.63}
{'loss': 0.5261, 'learning_rate': 9.48062870539636e-06, 'epoch': 0.63}
{'loss': 0.5343, 'learning_rate': 9.47790433906178e-06, 'epoch': 0.64}
{'loss': 0.4538, 'learning_rate': 9.475173239608797e-06, 'epoch': 0.64}
{'loss': 0.5061, 'learning_rate': 9.472435411143979e-06, 'epoch': 0.64}
{'loss': 0.4978, 'learning_rate': 9.469690857784009e-06, 'epoch': 0.64}
{'loss': 0.4632, 'learning_rate': 9.466939583655685e-06, 'epoch': 0.64}
{'loss': 0.5165, 'learning_rate': 9.464181592895912e-06, 'epoch': 0.64}
{'loss': 0.5265, 'learning_rate': 9.461416889651687e-06, 'epoch': 0.64}
{'loss': 0.4695, 'learning_rate': 9.458645478080111e-06, 'epoch': 0.64}
{'loss': 0.5042, 'learning_rate': 9.45586736234836e-06, 'epoch': 0.64}
{'loss': 0.5675, 'learning_rate': 9.453082546633704e-06, 'epoch': 0.64}
{'loss': 0.4259, 'learning_rate': 9.450291035123472e-06, 'epoch': 0.64}
{'loss': 0.4824, 'learning_rate': 9.447492832015072e-06, 'epoch': 0.64}
{'loss': 0.5371, 'learning_rate': 9.444687941515973e-06, 'epoch': 0.64}
{'loss': 0.436, 'learning_rate': 9.441876367843694e-06, 'epoch': 0.64}
{'loss': 0.4975, 'learning_rate': 9.439058115225808e-06, 'epoch': 0.64}
{'loss': 0.5006, 'learning_rate': 9.436233187899927e-06, 'epoch': 0.64}
{'loss': 0.4986, 'learning_rate': 9.433401590113702e-06, 'epoch': 0.65}
{'loss': 0.493, 'learning_rate': 9.430563326124811e-06, 'epoch': 0.65}
{'loss': 0.4863, 'learning_rate': 9.427718400200959e-06, 'epoch': 0.65}
{'loss': 0.4864, 'learning_rate': 9.424866816619867e-06, 'epoch': 0.65}
{'loss': 0.505, 'learning_rate': 9.422008579669265e-06, 'epoch': 0.65}
{'loss': 0.4792, 'learning_rate': 9.419143693646889e-06, 'epoch': 0.65}
{'loss': 0.4533, 'learning_rate': 9.416272162860472e-06, 'epoch': 0.65}
{'loss': 0.4999, 'learning_rate': 9.413393991627737e-06, 'epoch': 0.65}
{'loss': 0.5199, 'learning_rate': 9.410509184276396e-06, 'epoch': 0.65}
{'loss': 0.4792, 'learning_rate': 9.407617745144136e-06, 'epoch': 0.65}
{'loss': 0.5006, 'learning_rate': 9.404719678578613e-06, 'epoch': 0.65}
{'loss': 0.5348, 'learning_rate': 9.401814988937453e-06, 'epoch': 0.65}
{'loss': 0.3968, 'learning_rate': 9.398903680588241e-06, 'epoch': 0.65}
{'loss': 0.5287, 'learning_rate': 9.39598575790851e-06, 'epoch': 0.65}
{'loss': 0.5219, 'learning_rate': 9.393061225285743e-06, 'epoch': 0.65}
{'loss': 0.4668, 'learning_rate': 9.390130087117356e-06, 'epoch': 0.65}
{'loss': 0.4775, 'learning_rate': 9.387192347810704e-06, 'epoch': 0.66}
{'loss': 0.4391, 'learning_rate': 9.384248011783064e-06, 'epoch': 0.66}
{'loss': 0.4825, 'learning_rate': 9.381297083461632e-06, 'epoch': 0.66}
{'loss': 0.5143, 'learning_rate': 9.37833956728352e-06, 'epoch': 0.66}
{'loss': 0.5772, 'learning_rate': 9.375375467695735e-06, 'epoch': 0.66}
{'loss': 0.5059, 'learning_rate': 9.372404789155199e-06, 'epoch': 0.66}
{'loss': 0.4771, 'learning_rate': 9.369427536128714e-06, 'epoch': 0.66}
{'loss': 0.4665, 'learning_rate': 9.366443713092974e-06, 'epoch': 0.66}
{'loss': 0.516, 'learning_rate': 9.363453324534547e-06, 'epoch': 0.66}
{'loss': 0.4642, 'learning_rate': 9.360456374949877e-06, 'epoch': 0.66}
{'loss': 0.3746, 'learning_rate': 9.357452868845274e-06, 'epoch': 0.66}
{'loss': 0.456, 'learning_rate': 9.3544428107369e-06, 'epoch': 0.66}
{'loss': 0.4539, 'learning_rate': 9.351426205150778e-06, 'epoch': 0.66}
{'loss': 0.46, 'learning_rate': 9.348403056622768e-06, 'epoch': 0.66}
{'loss': 0.4453, 'learning_rate': 9.345373369698573e-06, 'epoch': 0.66}
{'loss': 0.4871, 'learning_rate': 9.342337148933727e-06, 'epoch': 0.66}
{'loss': 0.4945, 'learning_rate': 9.339294398893586e-06, 'epoch': 0.67}
{'loss': 0.5262, 'learning_rate': 9.336245124153326e-06, 'epoch': 0.67}
{'loss': 0.4987, 'learning_rate': 9.333189329297932e-06, 'epoch': 0.67}
{'loss': 0.5048, 'learning_rate': 9.330127018922195e-06, 'epoch': 0.67}
{'loss': 0.4978, 'learning_rate': 9.327058197630699e-06, 'epoch': 0.67}
{'loss': 0.5457, 'learning_rate': 9.323982870037823e-06, 'epoch': 0.67}
{'loss': 0.5044, 'learning_rate': 9.320901040767726e-06, 'epoch': 0.67}
{'loss': 0.5764, 'learning_rate': 9.317812714454344e-06, 'epoch': 0.67}
{'loss': 0.4774, 'learning_rate': 9.314717895741383e-06, 'epoch': 0.67}
{'loss': 0.6628, 'learning_rate': 9.311616589282307e-06, 'epoch': 0.67}
{'loss': 0.5319, 'learning_rate': 9.30850879974034e-06, 'epoch': 0.67}
{'loss': 0.5334, 'learning_rate': 9.305394531788456e-06, 'epoch': 0.67}
{'loss': 0.5248, 'learning_rate': 9.302273790109362e-06, 'epoch': 0.67}
{'loss': 0.4908, 'learning_rate': 9.299146579395504e-06, 'epoch': 0.67}
{'loss': 0.5356, 'learning_rate': 9.296012904349058e-06, 'epoch': 0.67}
{'loss': 0.5037, 'learning_rate': 9.292872769681913e-06, 'epoch': 0.67}
{'loss': 0.5067, 'learning_rate': 9.289726180115677e-06, 'epoch': 0.67}
{'loss': 0.5518, 'learning_rate': 9.286573140381663e-06, 'epoch': 0.68}
{'loss': 0.5103, 'learning_rate': 9.283413655220877e-06, 'epoch': 0.68}
{'loss': 0.5004, 'learning_rate': 9.280247729384025e-06, 'epoch': 0.68}
{'loss': 0.5166, 'learning_rate': 9.277075367631487e-06, 'epoch': 0.68}
{'loss': 0.5711, 'learning_rate': 9.273896574733334e-06, 'epoch': 0.68}
{'loss': 0.488, 'learning_rate': 9.270711355469293e-06, 'epoch': 0.68}
{'loss': 0.5606, 'learning_rate': 9.267519714628766e-06, 'epoch': 0.68}
{'loss': 0.4832, 'learning_rate': 9.2643216570108e-06, 'epoch': 0.68}
{'loss': 0.4628, 'learning_rate': 9.261117187424097e-06, 'epoch': 0.68}
{'loss': 0.4817, 'learning_rate': 9.257906310686999e-06, 'epoch': 0.68}
{'loss': 0.5071, 'learning_rate': 9.254689031627483e-06, 'epoch': 0.68}
{'loss': 0.5103, 'learning_rate': 9.251465355083149e-06, 'epoch': 0.68}
{'loss': 0.4622, 'learning_rate': 9.24823528590122e-06, 'epoch': 0.68}
{'loss': 0.4819, 'learning_rate': 9.244998828938531e-06, 'epoch': 0.68}
{'loss': 0.4272, 'learning_rate': 9.24175598906152e-06, 'epoch': 0.68}
{'loss': 0.4826, 'learning_rate': 9.238506771146223e-06, 'epoch': 0.68}
{'loss': 0.4835, 'learning_rate': 9.235251180078268e-06, 'epoch': 0.69}
{'loss': 0.5287, 'learning_rate': 9.231989220752863e-06, 'epoch': 0.69}
{'loss': 0.5214, 'learning_rate': 9.228720898074793e-06, 'epoch': 0.69}
{'loss': 0.3701, 'learning_rate': 9.225446216958413e-06, 'epoch': 0.69}
{'loss': 0.5009, 'learning_rate': 9.222165182327635e-06, 'epoch': 0.69}
{'loss': 0.4866, 'learning_rate': 9.218877799115929e-06, 'epoch': 0.69}
{'loss': 0.4686, 'learning_rate': 9.215584072266306e-06, 'epoch': 0.69}
{'loss': 0.5243, 'learning_rate': 9.212284006731318e-06, 'epoch': 0.69}
{'loss': 0.5093, 'learning_rate': 9.208977607473046e-06, 'epoch': 0.69}
{'loss': 0.5176, 'learning_rate': 9.205664879463102e-06, 'epoch': 0.69}
{'loss': 0.4928, 'learning_rate': 9.202345827682601e-06, 'epoch': 0.69}
{'loss': 0.512, 'learning_rate': 9.199020457122181e-06, 'epoch': 0.69}
{'loss': 0.547, 'learning_rate': 9.19568877278197e-06, 'epoch': 0.69}
{'loss': 0.5105, 'learning_rate': 9.192350779671595e-06, 'epoch': 0.69}
{'loss': 0.4766, 'learning_rate': 9.189006482810168e-06, 'epoch': 0.69}
{'loss': 0.4923, 'learning_rate': 9.18565588722628e-06, 'epoch': 0.69}
{'loss': 0.5555, 'learning_rate': 9.182298997957989e-06, 'epoch': 0.7}
{'loss': 0.4978, 'learning_rate': 9.178935820052824e-06, 'epoch': 0.7}
{'loss': 0.4561, 'learning_rate': 9.175566358567765e-06, 'epoch': 0.7}
{'loss': 0.5089, 'learning_rate': 9.172190618569236e-06, 'epoch': 0.7}
{'loss': 0.4935, 'learning_rate': 9.168808605133112e-06, 'epoch': 0.7}
{'loss': 0.5637, 'learning_rate': 9.165420323344694e-06, 'epoch': 0.7}
{'loss': 0.514, 'learning_rate': 9.162025778298709e-06, 'epoch': 0.7}
{'loss': 0.5035, 'learning_rate': 9.158624975099299e-06, 'epoch': 0.7}
{'loss': 0.4643, 'learning_rate': 9.155217918860025e-06, 'epoch': 0.7}
{'loss': 0.5383, 'learning_rate': 9.151804614703838e-06, 'epoch': 0.7}
{'loss': 0.4788, 'learning_rate': 9.148385067763094e-06, 'epoch': 0.7}
{'loss': 0.4583, 'learning_rate': 9.144959283179532e-06, 'epoch': 0.7}
{'loss': 0.4549, 'learning_rate': 9.14152726610427e-06, 'epoch': 0.7}
{'loss': 0.4908, 'learning_rate': 9.138089021697794e-06, 'epoch': 0.7}
{'loss': 0.4526, 'learning_rate': 9.134644555129958e-06, 'epoch': 0.7}
{'loss': 0.4745, 'learning_rate': 9.131193871579975e-06, 'epoch': 0.7}
{'loss': 0.5174, 'learning_rate': 9.127736976236396e-06, 'epoch': 0.71}
{'loss': 0.4798, 'learning_rate': 9.124273874297123e-06, 'epoch': 0.71}
{'loss': 0.5219, 'learning_rate': 9.120804570969382e-06, 'epoch': 0.71}
{'loss': 0.415, 'learning_rate': 9.117329071469727e-06, 'epoch': 0.71}
{'loss': 0.4885, 'learning_rate': 9.11384738102403e-06, 'epoch': 0.71}
{'loss': 0.4482, 'learning_rate': 9.110359504867472e-06, 'epoch': 0.71}
{'loss': 0.5851, 'learning_rate': 9.10686544824453e-06, 'epoch': 0.71}
{'loss': 0.444, 'learning_rate': 9.103365216408984e-06, 'epoch': 0.71}
{'loss': 0.493, 'learning_rate': 9.099858814623887e-06, 'epoch': 0.71}
{'loss': 0.5334, 'learning_rate': 9.096346248161579e-06, 'epoch': 0.71}
{'loss': 0.5007, 'learning_rate': 9.092827522303662e-06, 'epoch': 0.71}
{'loss': 0.5011, 'learning_rate': 9.08930264234101e-06, 'epoch': 0.71}
{'loss': 0.4802, 'learning_rate': 9.085771613573737e-06, 'epoch': 0.71}
{'loss': 0.4604, 'learning_rate': 9.082234441311213e-06, 'epoch': 0.71}
{'loss': 0.4302, 'learning_rate': 9.078691130872044e-06, 'epoch': 0.71}
{'loss': 0.4955, 'learning_rate': 9.075141687584056e-06, 'epoch': 0.71}
{'loss': 0.4812, 'learning_rate': 9.071586116784313e-06, 'epoch': 0.72}
{'loss': 0.5183, 'learning_rate': 9.068024423819079e-06, 'epoch': 0.72}
{'loss': 0.4846, 'learning_rate': 9.064456614043827e-06, 'epoch': 0.72}
{'loss': 0.5412, 'learning_rate': 9.060882692823229e-06, 'epoch': 0.72}
{'loss': 0.5017, 'learning_rate': 9.057302665531148e-06, 'epoch': 0.72}
{'loss': 0.5593, 'learning_rate': 9.053716537550627e-06, 'epoch': 0.72}
{'loss': 0.5378, 'learning_rate': 9.050124314273876e-06, 'epoch': 0.72}
{'loss': 0.4512, 'learning_rate': 9.046526001102281e-06, 'epoch': 0.72}
{'loss': 0.4502, 'learning_rate': 9.042921603446375e-06, 'epoch': 0.72}
{'loss': 0.4403, 'learning_rate': 9.039311126725848e-06, 'epoch': 0.72}
{'loss': 0.4129, 'learning_rate': 9.035694576369523e-06, 'epoch': 0.72}
{'loss': 0.4801, 'learning_rate': 9.032071957815362e-06, 'epoch': 0.72}
{'loss': 0.4421, 'learning_rate': 9.028443276510447e-06, 'epoch': 0.72}
{'loss': 0.5183, 'learning_rate': 9.024808537910981e-06, 'epoch': 0.72}
{'loss': 0.5427, 'learning_rate': 9.021167747482268e-06, 'epoch': 0.72}
{'loss': 0.4883, 'learning_rate': 9.017520910698718e-06, 'epoch': 0.72}
{'loss': 0.4595, 'learning_rate': 9.013868033043827e-06, 'epoch': 0.73}
{'loss': 0.5348, 'learning_rate': 9.010209120010181e-06, 'epoch': 0.73}
{'loss': 0.4682, 'learning_rate': 9.006544177099434e-06, 'epoch': 0.73}
{'loss': 0.5298, 'learning_rate': 9.002873209822312e-06, 'epoch': 0.73}
{'loss': 0.5183, 'learning_rate': 8.999196223698599e-06, 'epoch': 0.73}
{'loss': 0.5, 'learning_rate': 8.995513224257122e-06, 'epoch': 0.73}
{'loss': 0.5442, 'learning_rate': 8.99182421703576e-06, 'epoch': 0.73}
{'loss': 0.4374, 'learning_rate': 8.988129207581418e-06, 'epoch': 0.73}
{'loss': 0.4997, 'learning_rate': 8.98442820145003e-06, 'epoch': 0.73}
{'loss': 0.5496, 'learning_rate': 8.980721204206548e-06, 'epoch': 0.73}
{'loss': 0.4611, 'learning_rate': 8.977008221424928e-06, 'epoch': 0.73}
{'loss': 0.4567, 'learning_rate': 8.973289258688125e-06, 'epoch': 0.73}
{'loss': 0.4893, 'learning_rate': 8.969564321588096e-06, 'epoch': 0.73}
{'loss': 0.5375, 'learning_rate': 8.965833415725768e-06, 'epoch': 0.73}
{'loss': 0.5109, 'learning_rate': 8.962096546711052e-06, 'epoch': 0.73}
{'loss': 0.5179, 'learning_rate': 8.95835372016282e-06, 'epoch': 0.73}
{'loss': 0.4941, 'learning_rate': 8.954604941708906e-06, 'epoch': 0.74}
{'loss': 0.4801, 'learning_rate': 8.950850216986091e-06, 'epoch': 0.74}
{'loss': 0.4641, 'learning_rate': 8.9470895516401e-06, 'epoch': 0.74}
{'loss': 0.4763, 'learning_rate': 8.943322951325583e-06, 'epoch': 0.74}
{'loss': 0.4381, 'learning_rate': 8.939550421706125e-06, 'epoch': 0.74}
{'loss': 0.4931, 'learning_rate': 8.935771968454216e-06, 'epoch': 0.74}
{'loss': 0.4307, 'learning_rate': 8.931987597251262e-06, 'epoch': 0.74}
{'loss': 0.4625, 'learning_rate': 8.928197313787559e-06, 'epoch': 0.74}
{'loss': 0.517, 'learning_rate': 8.924401123762298e-06, 'epoch': 0.74}
{'loss': 0.4371, 'learning_rate': 8.920599032883553e-06, 'epoch': 0.74}
{'loss': 0.5051, 'learning_rate': 8.916791046868265e-06, 'epoch': 0.74}
{'loss': 0.4784, 'learning_rate': 8.912977171442243e-06, 'epoch': 0.74}
{'loss': 0.4769, 'learning_rate': 8.90915741234015e-06, 'epoch': 0.74}
{'loss': 0.5101, 'learning_rate': 8.905331775305497e-06, 'epoch': 0.74}
{'loss': 0.5195, 'learning_rate': 8.901500266090633e-06, 'epoch': 0.74}
{'loss': 0.46, 'learning_rate': 8.897662890456736e-06, 'epoch': 0.74}
{'loss': 0.4451, 'learning_rate': 8.893819654173804e-06, 'epoch': 0.75}
{'loss': 0.4595, 'learning_rate': 8.88997056302065e-06, 'epoch': 0.75}
{'loss': 0.4473, 'learning_rate': 8.88611562278489e-06, 'epoch': 0.75}
{'loss': 0.4906, 'learning_rate': 8.88225483926293e-06, 'epoch': 0.75}
{'loss': 0.509, 'learning_rate': 8.87838821825997e-06, 'epoch': 0.75}
{'loss': 0.4272, 'learning_rate': 8.874515765589981e-06, 'epoch': 0.75}
{'loss': 0.4953, 'learning_rate': 8.870637487075709e-06, 'epoch': 0.75}
{'loss': 0.5397, 'learning_rate': 8.86675338854865e-06, 'epoch': 0.75}
{'loss': 0.4781, 'learning_rate': 8.862863475849062e-06, 'epoch': 0.75}
{'loss': 0.4911, 'learning_rate': 8.85896775482594e-06, 'epoch': 0.75}
{'loss': 0.5374, 'learning_rate': 8.85506623133701e-06, 'epoch': 0.75}
{'loss': 0.4834, 'learning_rate': 8.851158911248728e-06, 'epoch': 0.75}
{'loss': 0.521, 'learning_rate': 8.847245800436266e-06, 'epoch': 0.75}
{'loss': 0.5017, 'learning_rate': 8.843326904783498e-06, 'epoch': 0.75}
{'loss': 0.5296, 'learning_rate': 8.839402230183e-06, 'epoch': 0.75}
{'loss': 0.558, 'learning_rate': 8.835471782536038e-06, 'epoch': 0.75}
{'loss': 0.5126, 'learning_rate': 8.831535567752557e-06, 'epoch': 0.76}
{'loss': 0.4849, 'learning_rate': 8.827593591751172e-06, 'epoch': 0.76}
{'loss': 0.5049, 'learning_rate': 8.823645860459164e-06, 'epoch': 0.76}
{'loss': 0.5206, 'learning_rate': 8.819692379812468e-06, 'epoch': 0.76}
{'loss': 0.4867, 'learning_rate': 8.815733155755659e-06, 'epoch': 0.76}
{'loss': 0.433, 'learning_rate': 8.811768194241951e-06, 'epoch': 0.76}
{'loss': 0.4655, 'learning_rate': 8.80779750123319e-06, 'epoch': 0.76}
{'loss': 0.4695, 'learning_rate': 8.803821082699833e-06, 'epoch': 0.76}
{'loss': 0.4716, 'learning_rate': 8.799838944620947e-06, 'epoch': 0.76}
{'loss': 0.489, 'learning_rate': 8.795851092984203e-06, 'epoch': 0.76}
{'loss': 0.4389, 'learning_rate': 8.791857533785859e-06, 'epoch': 0.76}
{'loss': 0.4745, 'learning_rate': 8.787858273030758e-06, 'epoch': 0.76}
{'loss': 0.5112, 'learning_rate': 8.783853316732313e-06, 'epoch': 0.76}
{'loss': 0.4618, 'learning_rate': 8.779842670912505e-06, 'epoch': 0.76}
{'loss': 0.5633, 'learning_rate': 8.775826341601867e-06, 'epoch': 0.76}
{'loss': 0.4793, 'learning_rate': 8.771804334839477e-06, 'epoch': 0.76}
{'loss': 0.5893, 'learning_rate': 8.767776656672953e-06, 'epoch': 0.77}
{'loss': 0.5958, 'learning_rate': 8.76374331315844e-06, 'epoch': 0.77}
{'loss': 0.5178, 'learning_rate': 8.759704310360598e-06, 'epoch': 0.77}
{'loss': 0.4575, 'learning_rate': 8.755659654352599e-06, 'epoch': 0.77}
{'loss': 0.445, 'learning_rate': 8.75160935121612e-06, 'epoch': 0.77}
{'loss': 0.5039, 'learning_rate': 8.74755340704132e-06, 'epoch': 0.77}
{'loss': 0.4477, 'learning_rate': 8.74349182792685e-06, 'epoch': 0.77}
{'loss': 0.4841, 'learning_rate': 8.739424619979823e-06, 'epoch': 0.77}
{'loss': 0.4789, 'learning_rate': 8.735351789315824e-06, 'epoch': 0.77}
{'loss': 0.457, 'learning_rate': 8.73127334205889e-06, 'epoch': 0.77}
{'loss': 0.4801, 'learning_rate': 8.727189284341501e-06, 'epoch': 0.77}
{'loss': 0.4843, 'learning_rate': 8.723099622304578e-06, 'epoch': 0.77}
{'loss': 0.4545, 'learning_rate': 8.719004362097466e-06, 'epoch': 0.77}
{'loss': 0.443, 'learning_rate': 8.714903509877925e-06, 'epoch': 0.77}
{'loss': 0.5133, 'learning_rate': 8.710797071812127e-06, 'epoch': 0.77}
{'loss': 0.4431, 'learning_rate': 8.706685054074644e-06, 'epoch': 0.77}
{'loss': 0.4633, 'learning_rate': 8.702567462848432e-06, 'epoch': 0.78}
{'loss': 0.452, 'learning_rate': 8.698444304324837e-06, 'epoch': 0.78}
{'loss': 0.4928, 'learning_rate': 8.694315584703562e-06, 'epoch': 0.78}
{'loss': 0.5085, 'learning_rate': 8.690181310192686e-06, 'epoch': 0.78}
{'loss': 0.5712, 'learning_rate': 8.686041487008637e-06, 'epoch': 0.78}
{'loss': 0.491, 'learning_rate': 8.681896121376177e-06, 'epoch': 0.78}
{'loss': 0.4354, 'learning_rate': 8.677745219528414e-06, 'epoch': 0.78}
{'loss': 0.4468, 'learning_rate': 8.673588787706773e-06, 'epoch': 0.78}
{'loss': 0.4696, 'learning_rate': 8.669426832160997e-06, 'epoch': 0.78}
{'loss': 0.4813, 'learning_rate': 8.665259359149132e-06, 'epoch': 0.78}
{'loss': 0.5139, 'learning_rate': 8.661086374937526e-06, 'epoch': 0.78}
{'loss': 0.5302, 'learning_rate': 8.656907885800804e-06, 'epoch': 0.78}
{'loss': 0.447, 'learning_rate': 8.65272389802188e-06, 'epoch': 0.78}
{'loss': 0.5751, 'learning_rate': 8.648534417891927e-06, 'epoch': 0.78}
{'loss': 0.3888, 'learning_rate': 8.644339451710382e-06, 'epoch': 0.78}
{'loss': 0.5212, 'learning_rate': 8.640139005784924e-06, 'epoch': 0.78}
{'loss': 0.483, 'learning_rate': 8.63593308643148e-06, 'epoch': 0.79}
{'loss': 0.492, 'learning_rate': 8.631721699974206e-06, 'epoch': 0.79}
{'loss': 0.6143, 'learning_rate': 8.627504852745469e-06, 'epoch': 0.79}
{'loss': 0.5316, 'learning_rate': 8.623282551085856e-06, 'epoch': 0.79}
{'loss': 0.5766, 'learning_rate': 8.619054801344155e-06, 'epoch': 0.79}
{'loss': 0.5391, 'learning_rate': 8.614821609877344e-06, 'epoch': 0.79}
{'loss': 0.5354, 'learning_rate': 8.610582983050581e-06, 'epoch': 0.79}
{'loss': 0.4697, 'learning_rate': 8.606338927237201e-06, 'epoch': 0.79}
{'loss': 0.4211, 'learning_rate': 8.6020894488187e-06, 'epoch': 0.79}
{'loss': 0.4351, 'learning_rate': 8.59783455418473e-06, 'epoch': 0.79}
{'loss': 0.4732, 'learning_rate': 8.59357424973308e-06, 'epoch': 0.79}
{'loss': 0.4522, 'learning_rate': 8.589308541869681e-06, 'epoch': 0.79}
{'loss': 0.4687, 'learning_rate': 8.585037437008588e-06, 'epoch': 0.79}
{'loss': 0.4723, 'learning_rate': 8.580760941571968e-06, 'epoch': 0.79}
{'loss': 0.5201, 'learning_rate': 8.576479061990094e-06, 'epoch': 0.79}
{'loss': 0.5182, 'learning_rate': 8.572191804701333e-06, 'epoch': 0.79}
{'loss': 0.4422, 'learning_rate': 8.567899176152145e-06, 'epoch': 0.8}
{'loss': 0.4786, 'learning_rate': 8.563601182797059e-06, 'epoch': 0.8}
{'loss': 0.5019, 'learning_rate': 8.559297831098675e-06, 'epoch': 0.8}
{'loss': 0.5177, 'learning_rate': 8.554989127527648e-06, 'epoch': 0.8}
{'loss': 0.5123, 'learning_rate': 8.55067507856268e-06, 'epoch': 0.8}
{'loss': 0.4805, 'learning_rate': 8.546355690690513e-06, 'epoch': 0.8}
{'loss': 0.519, 'learning_rate': 8.542030970405913e-06, 'epoch': 0.8}
{'loss': 0.5046, 'learning_rate': 8.537700924211667e-06, 'epoch': 0.8}
{'loss': 0.4688, 'learning_rate': 8.53336555861857e-06, 'epoch': 0.8}
{'loss': 0.4461, 'learning_rate': 8.529024880145415e-06, 'epoch': 0.8}
{'loss': 0.5512, 'learning_rate': 8.52467889531898e-06, 'epoch': 0.8}
{'loss': 0.4978, 'learning_rate': 8.520327610674029e-06, 'epoch': 0.8}
{'loss': 0.5113, 'learning_rate': 8.515971032753289e-06, 'epoch': 0.8}
{'loss': 0.4315, 'learning_rate': 8.511609168107447e-06, 'epoch': 0.8}
{'loss': 0.5211, 'learning_rate': 8.507242023295143e-06, 'epoch': 0.8}
{'loss': 0.4279, 'learning_rate': 8.502869604882953e-06, 'epoch': 0.8}
{'loss': 0.4868, 'learning_rate': 8.498491919445384e-06, 'epoch': 0.81}
{'loss': 0.5121, 'learning_rate': 8.49410897356486e-06, 'epoch': 0.81}
{'loss': 0.4495, 'learning_rate': 8.489720773831717e-06, 'epoch': 0.81}
{'loss': 0.4727, 'learning_rate': 8.485327326844196e-06, 'epoch': 0.81}
{'loss': 0.483, 'learning_rate': 8.480928639208415e-06, 'epoch': 0.81}
{'loss': 0.447, 'learning_rate': 8.476524717538384e-06, 'epoch': 0.81}
{'loss': 0.4425, 'learning_rate': 8.472115568455978e-06, 'epoch': 0.81}
{'loss': 0.5125, 'learning_rate': 8.467701198590935e-06, 'epoch': 0.81}
{'loss': 0.4502, 'learning_rate': 8.463281614580835e-06, 'epoch': 0.81}
{'loss': 0.4295, 'learning_rate': 8.458856823071111e-06, 'epoch': 0.81}
{'loss': 0.4776, 'learning_rate': 8.454426830715014e-06, 'epoch': 0.81}
{'loss': 0.4644, 'learning_rate': 8.449991644173624e-06, 'epoch': 0.81}
{'loss': 0.4933, 'learning_rate': 8.445551270115826e-06, 'epoch': 0.81}
{'loss': 0.5258, 'learning_rate': 8.441105715218305e-06, 'epoch': 0.81}
{'loss': 0.4593, 'learning_rate': 8.436654986165542e-06, 'epoch': 0.81}
{'loss': 0.4065, 'learning_rate': 8.43219908964979e-06, 'epoch': 0.81}
{'loss': 0.4748, 'learning_rate': 8.427738032371078e-06, 'epoch': 0.82}
{'loss': 0.5164, 'learning_rate': 8.423271821037191e-06, 'epoch': 0.82}
{'loss': 0.5204, 'learning_rate': 8.418800462363668e-06, 'epoch': 0.82}
{'loss': 0.4348, 'learning_rate': 8.41432396307378e-06, 'epoch': 0.82}
{'loss': 0.5067, 'learning_rate': 8.409842329898539e-06, 'epoch': 0.82}
{'loss': 0.5262, 'learning_rate': 8.405355569576666e-06, 'epoch': 0.82}
{'loss': 0.4422, 'learning_rate': 8.400863688854598e-06, 'epoch': 0.82}
{'loss': 0.4636, 'learning_rate': 8.396366694486466e-06, 'epoch': 0.82}
{'loss': 0.5153, 'learning_rate': 8.391864593234095e-06, 'epoch': 0.82}
{'loss': 0.4436, 'learning_rate': 8.387357391866985e-06, 'epoch': 0.82}
{'loss': 0.4313, 'learning_rate': 8.38284509716231e-06, 'epoch': 0.82}
{'loss': 0.4414, 'learning_rate': 8.378327715904894e-06, 'epoch': 0.82}
{'loss': 0.4949, 'learning_rate': 8.373805254887216e-06, 'epoch': 0.82}
{'loss': 0.4215, 'learning_rate': 8.369277720909392e-06, 'epoch': 0.82}
{'loss': 0.5538, 'learning_rate': 8.364745120779166e-06, 'epoch': 0.82}
{'loss': 0.4676, 'learning_rate': 8.360207461311896e-06, 'epoch': 0.82}
{'loss': 0.5364, 'learning_rate': 8.355664749330551e-06, 'epoch': 0.83}
{'loss': 0.4831, 'learning_rate': 8.351116991665697e-06, 'epoch': 0.83}
{'loss': 0.51, 'learning_rate': 8.346564195155487e-06, 'epoch': 0.83}
{'loss': 0.4242, 'learning_rate': 8.342006366645645e-06, 'epoch': 0.83}
{'loss': 0.4634, 'learning_rate': 8.337443512989472e-06, 'epoch': 0.83}
{'loss': 0.4531, 'learning_rate': 8.332875641047817e-06, 'epoch': 0.83}
{'loss': 0.5057, 'learning_rate': 8.328302757689074e-06, 'epoch': 0.83}
{'loss': 0.5222, 'learning_rate': 8.323724869789177e-06, 'epoch': 0.83}
{'loss': 0.4699, 'learning_rate': 8.319141984231582e-06, 'epoch': 0.83}
{'loss': 0.4921, 'learning_rate': 8.314554107907262e-06, 'epoch': 0.83}
{'loss': 0.4794, 'learning_rate': 8.30996124771469e-06, 'epoch': 0.83}
{'loss': 0.4945, 'learning_rate': 8.30536341055984e-06, 'epoch': 0.83}
{'loss': 0.4979, 'learning_rate': 8.30076060335616e-06, 'epoch': 0.83}
{'loss': 0.4707, 'learning_rate': 8.296152833024578e-06, 'epoch': 0.83}
{'loss': 0.4563, 'learning_rate': 8.291540106493485e-06, 'epoch': 0.83}
{'loss': 0.4938, 'learning_rate': 8.286922430698722e-06, 'epoch': 0.83}
{'loss': 0.477, 'learning_rate': 8.282299812583571e-06, 'epoch': 0.84}
{'loss': 0.4569, 'learning_rate': 8.277672259098746e-06, 'epoch': 0.84}
{'loss': 0.4719, 'learning_rate': 8.273039777202382e-06, 'epoch': 0.84}
{'loss': 0.5765, 'learning_rate': 8.26840237386003e-06, 'epoch': 0.84}
{'loss': 0.3849, 'learning_rate': 8.263760056044632e-06, 'epoch': 0.84}
{'loss': 0.4407, 'learning_rate': 8.259112830736523e-06, 'epoch': 0.84}
{'loss': 0.5527, 'learning_rate': 8.25446070492342e-06, 'epoch': 0.84}
{'loss': 0.4578, 'learning_rate': 8.249803685600404e-06, 'epoch': 0.84}
{'loss': 0.4454, 'learning_rate': 8.24514177976992e-06, 'epoch': 0.84}
{'loss': 0.5, 'learning_rate': 8.240474994441755e-06, 'epoch': 0.84}
{'loss': 0.4805, 'learning_rate': 8.235803336633033e-06, 'epoch': 0.84}
{'loss': 0.4609, 'learning_rate': 8.231126813368207e-06, 'epoch': 0.84}
{'loss': 0.4926, 'learning_rate': 8.226445431679047e-06, 'epoch': 0.84}
{'loss': 0.4954, 'learning_rate': 8.221759198604624e-06, 'epoch': 0.84}
{'loss': 0.4542, 'learning_rate': 8.217068121191308e-06, 'epoch': 0.84}
{'loss': 0.5099, 'learning_rate': 8.212372206492751e-06, 'epoch': 0.84}
{'loss': 0.489, 'learning_rate': 8.207671461569878e-06, 'epoch': 0.85}
{'loss': 0.4445, 'learning_rate': 8.202965893490877e-06, 'epoch': 0.85}
{'loss': 0.4557, 'learning_rate': 8.19825550933119e-06, 'epoch': 0.85}
{'loss': 0.4901, 'learning_rate': 8.193540316173499e-06, 'epoch': 0.85}
{'loss': 0.4797, 'learning_rate': 8.188820321107717e-06, 'epoch': 0.85}
{'loss': 0.4517, 'learning_rate': 8.184095531230978e-06, 'epoch': 0.85}
{'loss': 0.5158, 'learning_rate': 8.179365953647625e-06, 'epoch': 0.85}
{'loss': 0.4785, 'learning_rate': 8.1746315954692e-06, 'epoch': 0.85}
{'loss': 0.4692, 'learning_rate': 8.169892463814435e-06, 'epoch': 0.85}
{'loss': 0.452, 'learning_rate': 8.165148565809236e-06, 'epoch': 0.85}
{'loss': 0.449, 'learning_rate': 8.160399908586679e-06, 'epoch': 0.85}
{'loss': 0.4594, 'learning_rate': 8.155646499286996e-06, 'epoch': 0.85}
{'loss': 0.4821, 'learning_rate': 8.15088834505756e-06, 'epoch': 0.85}
{'loss': 0.4852, 'learning_rate': 8.146125453052885e-06, 'epoch': 0.85}
{'loss': 0.5325, 'learning_rate': 8.141357830434607e-06, 'epoch': 0.85}
{'loss': 0.4337, 'learning_rate': 8.136585484371471e-06, 'epoch': 0.85}
{'loss': 0.4831, 'learning_rate': 8.131808422039327e-06, 'epoch': 0.86}
{'loss': 0.4825, 'learning_rate': 8.12702665062112e-06, 'epoch': 0.86}
{'loss': 0.5253, 'learning_rate': 8.122240177306868e-06, 'epoch': 0.86}
{'loss': 0.4039, 'learning_rate': 8.117449009293668e-06, 'epoch': 0.86}
{'loss': 0.4955, 'learning_rate': 8.11265315378567e-06, 'epoch': 0.86}
{'loss': 0.4371, 'learning_rate': 8.107852617994074e-06, 'epoch': 0.86}
{'loss': 0.5491, 'learning_rate': 8.103047409137114e-06, 'epoch': 0.86}
{'loss': 0.4557, 'learning_rate': 8.098237534440059e-06, 'epoch': 0.86}
{'loss': 0.5244, 'learning_rate': 8.093423001135186e-06, 'epoch': 0.86}
{'loss': 0.4976, 'learning_rate': 8.088603816461779e-06, 'epoch': 0.86}
{'loss': 0.3948, 'learning_rate': 8.083779987666117e-06, 'epoch': 0.86}
{'loss': 0.4927, 'learning_rate': 8.07895152200146e-06, 'epoch': 0.86}
{'loss': 0.4514, 'learning_rate': 8.074118426728044e-06, 'epoch': 0.86}
{'loss': 0.5113, 'learning_rate': 8.06928070911306e-06, 'epoch': 0.86}
{'loss': 0.4999, 'learning_rate': 8.064438376430657e-06, 'epoch': 0.86}
{'loss': 0.4768, 'learning_rate': 8.059591435961917e-06, 'epoch': 0.86}
{'loss': 0.4867, 'learning_rate': 8.054739894994854e-06, 'epoch': 0.87}
{'loss': 0.5195, 'learning_rate': 8.049883760824398e-06, 'epoch': 0.87}
{'loss': 0.4984, 'learning_rate': 8.045023040752384e-06, 'epoch': 0.87}
{'loss': 0.4778, 'learning_rate': 8.040157742087548e-06, 'epoch': 0.87}
{'loss': 0.4123, 'learning_rate': 8.035287872145502e-06, 'epoch': 0.87}
{'loss': 0.4147, 'learning_rate': 8.03041343824874e-06, 'epoch': 0.87}
{'loss': 0.5283, 'learning_rate': 8.025534447726613e-06, 'epoch': 0.87}
{'loss': 0.4781, 'learning_rate': 8.020650907915327e-06, 'epoch': 0.87}
{'loss': 0.4769, 'learning_rate': 8.015762826157922e-06, 'epoch': 0.87}
{'loss': 0.4531, 'learning_rate': 8.010870209804279e-06, 'epoch': 0.87}
{'loss': 0.5628, 'learning_rate': 8.005973066211085e-06, 'epoch': 0.87}
{'loss': 0.4976, 'learning_rate': 8.001071402741843e-06, 'epoch': 0.87}
{'loss': 0.4598, 'learning_rate': 7.996165226766845e-06, 'epoch': 0.87}
{'loss': 0.4512, 'learning_rate': 7.991254545663178e-06, 'epoch': 0.87}
{'loss': 0.5793, 'learning_rate': 7.986339366814694e-06, 'epoch': 0.87}
{'loss': 0.5371, 'learning_rate': 7.98141969761201e-06, 'epoch': 0.87}
{'loss': 0.4662, 'learning_rate': 7.976495545452498e-06, 'epoch': 0.88}
{'loss': 0.5284, 'learning_rate': 7.971566917740268e-06, 'epoch': 0.88}
{'loss': 0.4305, 'learning_rate': 7.96663382188616e-06, 'epoch': 0.88}
{'loss': 0.3722, 'learning_rate': 7.961696265307735e-06, 'epoch': 0.88}
{'loss': 0.5007, 'learning_rate': 7.956754255429256e-06, 'epoch': 0.88}
{'loss': 0.4416, 'learning_rate': 7.951807799681684e-06, 'epoch': 0.88}
{'loss': 0.4598, 'learning_rate': 7.94685690550267e-06, 'epoch': 0.88}
{'loss': 0.4878, 'learning_rate': 7.941901580336535e-06, 'epoch': 0.88}
{'loss': 0.4259, 'learning_rate': 7.93694183163426e-06, 'epoch': 0.88}
{'loss': 0.5657, 'learning_rate': 7.93197766685348e-06, 'epoch': 0.88}
{'loss': 0.481, 'learning_rate': 7.92700909345847e-06, 'epoch': 0.88}
{'loss': 0.4679, 'learning_rate': 7.922036118920134e-06, 'epoch': 0.88}
{'loss': 0.4735, 'learning_rate': 7.917058750715995e-06, 'epoch': 0.88}
{'loss': 0.4479, 'learning_rate': 7.91207699633018e-06, 'epoch': 0.88}
{'loss': 0.475, 'learning_rate': 7.907090863253413e-06, 'epoch': 0.88}
{'loss': 0.4948, 'learning_rate': 7.902100358982999e-06, 'epoch': 0.88}
{'loss': 0.4545, 'learning_rate': 7.897105491022819e-06, 'epoch': 0.89}
{'loss': 0.4664, 'learning_rate': 7.892106266883315e-06, 'epoch': 0.89}
{'loss': 0.5115, 'learning_rate': 7.887102694081479e-06, 'epoch': 0.89}
{'loss': 0.5128, 'learning_rate': 7.882094780140838e-06, 'epoch': 0.89}
{'loss': 0.4564, 'learning_rate': 7.877082532591453e-06, 'epoch': 0.89}
{'loss': 0.4485, 'learning_rate': 7.872065958969896e-06, 'epoch': 0.89}
{'loss': 0.5161, 'learning_rate': 7.867045066819245e-06, 'epoch': 0.89}
{'loss': 0.4789, 'learning_rate': 7.862019863689075e-06, 'epoch': 0.89}
{'loss': 0.5234, 'learning_rate': 7.856990357135437e-06, 'epoch': 0.89}
{'loss': 0.4261, 'learning_rate': 7.851956554720857e-06, 'epoch': 0.89}
{'loss': 0.4674, 'learning_rate': 7.846918464014319e-06, 'epoch': 0.89}
{'loss': 0.4645, 'learning_rate': 7.841876092591255e-06, 'epoch': 0.89}
{'loss': 0.4713, 'learning_rate': 7.836829448033534e-06, 'epoch': 0.89}
{'loss': 0.4427, 'learning_rate': 7.831778537929452e-06, 'epoch': 0.89}
{'loss': 0.493, 'learning_rate': 7.826723369873715e-06, 'epoch': 0.89}
{'loss': 0.4249, 'learning_rate': 7.821663951467434e-06, 'epoch': 0.89}
{'loss': 0.5326, 'learning_rate': 7.81660029031811e-06, 'epoch': 0.9}
{'loss': 0.498, 'learning_rate': 7.811532394039624e-06, 'epoch': 0.9}
{'loss': 0.4482, 'learning_rate': 7.806460270252228e-06, 'epoch': 0.9}
{'loss': 0.4395, 'learning_rate': 7.801383926582522e-06, 'epoch': 0.9}
{'loss': 0.4864, 'learning_rate': 7.796303370663458e-06, 'epoch': 0.9}
{'loss': 0.5279, 'learning_rate': 7.791218610134324e-06, 'epoch': 0.9}
{'loss': 0.4965, 'learning_rate': 7.786129652640723e-06, 'epoch': 0.9}
{'loss': 0.4331, 'learning_rate': 7.781036505834575e-06, 'epoch': 0.9}
{'loss': 0.5317, 'learning_rate': 7.775939177374093e-06, 'epoch': 0.9}
{'loss': 0.4708, 'learning_rate': 7.770837674923784e-06, 'epoch': 0.9}
{'loss': 0.5302, 'learning_rate': 7.765732006154428e-06, 'epoch': 0.9}
{'loss': 0.4476, 'learning_rate': 7.760622178743066e-06, 'epoch': 0.9}
{'loss': 0.4265, 'learning_rate': 7.755508200373e-06, 'epoch': 0.9}
{'loss': 0.5467, 'learning_rate': 7.75039007873377e-06, 'epoch': 0.9}
{'loss': 0.4554, 'learning_rate': 7.745267821521143e-06, 'epoch': 0.9}
{'loss': 0.5411, 'learning_rate': 7.740141436437105e-06, 'epoch': 0.9}
{'loss': 0.4804, 'learning_rate': 7.735010931189855e-06, 'epoch': 0.91}
{'loss': 0.4747, 'learning_rate': 7.729876313493781e-06, 'epoch': 0.91}
{'loss': 0.5225, 'learning_rate': 7.724737591069455e-06, 'epoch': 0.91}
{'loss': 0.4598, 'learning_rate': 7.719594771643623e-06, 'epoch': 0.91}
{'loss': 0.5025, 'learning_rate': 7.714447862949193e-06, 'epoch': 0.91}
{'loss': 0.5406, 'learning_rate': 7.709296872725217e-06, 'epoch': 0.91}
{'loss': 0.5342, 'learning_rate': 7.704141808716885e-06, 'epoch': 0.91}
{'loss': 0.4247, 'learning_rate': 7.698982678675518e-06, 'epoch': 0.91}
{'loss': 0.538, 'learning_rate': 7.693819490358545e-06, 'epoch': 0.91}
{'loss': 0.5178, 'learning_rate': 7.688652251529498e-06, 'epoch': 0.91}
{'loss': 0.4948, 'learning_rate': 7.683480969958005e-06, 'epoch': 0.91}
{'loss': 0.5211, 'learning_rate': 7.67830565341976e-06, 'epoch': 0.91}
{'loss': 0.4647, 'learning_rate': 7.67312630969654e-06, 'epoch': 0.91}
{'loss': 0.4962, 'learning_rate': 7.667942946576168e-06, 'epoch': 0.91}
{'loss': 0.4649, 'learning_rate': 7.66275557185251e-06, 'epoch': 0.91}
{'loss': 0.5228, 'learning_rate': 7.65756419332547e-06, 'epoch': 0.91}
{'loss': 0.5226, 'learning_rate': 7.652368818800964e-06, 'epoch': 0.92}
{'loss': 0.4924, 'learning_rate': 7.647169456090925e-06, 'epoch': 0.92}
{'loss': 0.402, 'learning_rate': 7.641966113013282e-06, 'epoch': 0.92}
{'loss': 0.4774, 'learning_rate': 7.636758797391939e-06, 'epoch': 0.92}
{'loss': 0.4503, 'learning_rate': 7.631547517056783e-06, 'epoch': 0.92}
{'loss': 0.5122, 'learning_rate': 7.626332279843661e-06, 'epoch': 0.92}
{'loss': 0.4763, 'learning_rate': 7.621113093594368e-06, 'epoch': 0.92}
{'loss': 0.4744, 'learning_rate': 7.6158899661566355e-06, 'epoch': 0.92}
{'loss': 0.4099, 'learning_rate': 7.6106629053841255e-06, 'epoch': 0.92}
{'loss': 0.4215, 'learning_rate': 7.60543191913641e-06, 'epoch': 0.92}
{'loss': 0.4769, 'learning_rate': 7.600197015278965e-06, 'epoch': 0.92}
{'loss': 0.4794, 'learning_rate': 7.594958201683158e-06, 'epoch': 0.92}
{'loss': 0.4858, 'learning_rate': 7.589715486226235e-06, 'epoch': 0.92}
{'loss': 0.4136, 'learning_rate': 7.584468876791307e-06, 'epoch': 0.92}
{'loss': 0.4924, 'learning_rate': 7.579218381267344e-06, 'epoch': 0.92}
{'loss': 0.482, 'learning_rate': 7.5739640075491546e-06, 'epoch': 0.92}
{'loss': 0.4416, 'learning_rate': 7.568705763537383e-06, 'epoch': 0.93}
{'loss': 0.5245, 'learning_rate': 7.56344365713849e-06, 'epoch': 0.93}
{'loss': 0.4842, 'learning_rate': 7.558177696264744e-06, 'epoch': 0.93}
{'loss': 0.5215, 'learning_rate': 7.552907888834211e-06, 'epoch': 0.93}
{'loss': 0.4544, 'learning_rate': 7.5476342427707406e-06, 'epoch': 0.93}
{'loss': 0.4616, 'learning_rate': 7.542356766003953e-06, 'epoch': 0.93}
{'loss': 0.4901, 'learning_rate': 7.537075466469228e-06, 'epoch': 0.93}
{'loss': 0.5022, 'learning_rate': 7.531790352107696e-06, 'epoch': 0.93}
{'loss': 0.5107, 'learning_rate': 7.526501430866222e-06, 'epoch': 0.93}
{'loss': 0.5376, 'learning_rate': 7.521208710697394e-06, 'epoch': 0.93}
{'loss': 0.4857, 'learning_rate': 7.515912199559514e-06, 'epoch': 0.93}
{'loss': 0.4206, 'learning_rate': 7.510611905416583e-06, 'epoch': 0.93}
{'loss': 0.4723, 'learning_rate': 7.505307836238289e-06, 'epoch': 0.93}
{'loss': 0.4693, 'learning_rate': 7.500000000000001e-06, 'epoch': 0.93}
{'loss': 0.4693, 'learning_rate': 7.494688404682747e-06, 'epoch': 0.93}
{'loss': 0.4808, 'learning_rate': 7.4893730582732115e-06, 'epoch': 0.93}
{'loss': 0.4345, 'learning_rate': 7.4840539687637145e-06, 'epoch': 0.94}
{'loss': 0.4552, 'learning_rate': 7.4787311441522105e-06, 'epoch': 0.94}
{'loss': 0.5316, 'learning_rate': 7.473404592442264e-06, 'epoch': 0.94}
{'loss': 0.4674, 'learning_rate': 7.468074321643047e-06, 'epoch': 0.94}
{'loss': 0.4685, 'learning_rate': 7.462740339769323e-06, 'epoch': 0.94}
{'loss': 0.4123, 'learning_rate': 7.457402654841437e-06, 'epoch': 0.94}
{'loss': 0.5044, 'learning_rate': 7.452061274885299e-06, 'epoch': 0.94}
{'loss': 0.4191, 'learning_rate': 7.446716207932375e-06, 'epoch': 0.94}
{'loss': 0.4967, 'learning_rate': 7.44136746201968e-06, 'epoch': 0.94}
{'loss': 0.4633, 'learning_rate': 7.436015045189757e-06, 'epoch': 0.94}
{'loss': 0.4848, 'learning_rate': 7.430658965490667e-06, 'epoch': 0.94}
{'loss': 0.4869, 'learning_rate': 7.425299230975982e-06, 'epoch': 0.94}
{'loss': 0.4219, 'learning_rate': 7.419935849704767e-06, 'epoch': 0.94}
{'loss': 0.4612, 'learning_rate': 7.414568829741572e-06, 'epoch': 0.94}
{'loss': 0.5042, 'learning_rate': 7.4091981791564195e-06, 'epoch': 0.94}
{'loss': 0.4295, 'learning_rate': 7.403823906024786e-06, 'epoch': 0.94}
{'loss': 0.4771, 'learning_rate': 7.398446018427601e-06, 'epoch': 0.95}
{'loss': 0.4668, 'learning_rate': 7.393064524451225e-06, 'epoch': 0.95}
{'loss': 0.5398, 'learning_rate': 7.387679432187442e-06, 'epoch': 0.95}
{'loss': 0.4416, 'learning_rate': 7.382290749733447e-06, 'epoch': 0.95}
{'loss': 0.3962, 'learning_rate': 7.376898485191834e-06, 'epoch': 0.95}
{'loss': 0.5189, 'learning_rate': 7.371502646670583e-06, 'epoch': 0.95}
{'loss': 0.451, 'learning_rate': 7.366103242283045e-06, 'epoch': 0.95}
{'loss': 0.4617, 'learning_rate': 7.360700280147937e-06, 'epoch': 0.95}
{'loss': 0.4445, 'learning_rate': 7.355293768389321e-06, 'epoch': 0.95}
{'loss': 0.4531, 'learning_rate': 7.349883715136601e-06, 'epoch': 0.95}
{'loss': 0.5205, 'learning_rate': 7.344470128524504e-06, 'epoch': 0.95}
{'loss': 0.4926, 'learning_rate': 7.339053016693068e-06, 'epoch': 0.95}
{'loss': 0.4278, 'learning_rate': 7.333632387787635e-06, 'epoch': 0.95}
{'loss': 0.5068, 'learning_rate': 7.328208249958834e-06, 'epoch': 0.95}
{'loss': 0.4773, 'learning_rate': 7.322780611362569e-06, 'epoch': 0.95}
{'loss': 0.4349, 'learning_rate': 7.317349480160009e-06, 'epoch': 0.95}
{'loss': 0.5719, 'learning_rate': 7.311914864517575e-06, 'epoch': 0.96}
{'loss': 0.5441, 'learning_rate': 7.3064767726069265e-06, 'epoch': 0.96}
{'loss': 0.48, 'learning_rate': 7.301035212604951e-06, 'epoch': 0.96}
{'loss': 0.4778, 'learning_rate': 7.295590192693748e-06, 'epoch': 0.96}
{'loss': 0.5423, 'learning_rate': 7.290141721060623e-06, 'epoch': 0.96}
{'loss': 0.4188, 'learning_rate': 7.2846898058980685e-06, 'epoch': 0.96}
{'loss': 0.5428, 'learning_rate': 7.2792344554037584e-06, 'epoch': 0.96}
{'loss': 0.4895, 'learning_rate': 7.27377567778053e-06, 'epoch': 0.96}
{'loss': 0.439, 'learning_rate': 7.268313481236372e-06, 'epoch': 0.96}
{'loss': 0.4806, 'learning_rate': 7.262847873984416e-06, 'epoch': 0.96}
{'loss': 0.4981, 'learning_rate': 7.257378864242923e-06, 'epoch': 0.96}
{'loss': 0.4981, 'learning_rate': 7.251906460235268e-06, 'epoch': 0.96}
{'loss': 0.4887, 'learning_rate': 7.246430670189931e-06, 'epoch': 0.96}
{'loss': 0.4549, 'learning_rate': 7.240951502340482e-06, 'epoch': 0.96}
{'loss': 0.4606, 'learning_rate': 7.235468964925571e-06, 'epoch': 0.96}
{'loss': 0.4723, 'learning_rate': 7.229983066188915e-06, 'epoch': 0.96}
{'loss': 0.4555, 'learning_rate': 7.224493814379283e-06, 'epoch': 0.97}
{'loss': 0.5411, 'learning_rate': 7.21900121775049e-06, 'epoch': 0.97}
{'loss': 0.5169, 'learning_rate': 7.213505284561375e-06, 'epoch': 0.97}
{'loss': 0.4705, 'learning_rate': 7.2080060230758e-06, 'epoch': 0.97}
{'loss': 0.4518, 'learning_rate': 7.202503441562625e-06, 'epoch': 0.97}
{'loss': 0.421, 'learning_rate': 7.1969975482957075e-06, 'epoch': 0.97}
{'loss': 0.4876, 'learning_rate': 7.191488351553883e-06, 'epoch': 0.97}
{'loss': 0.4887, 'learning_rate': 7.185975859620953e-06, 'epoch': 0.97}
{'loss': 0.487, 'learning_rate': 7.1804600807856715e-06, 'epoch': 0.97}
{'loss': 0.4175, 'learning_rate': 7.174941023341741e-06, 'epoch': 0.97}
{'loss': 0.4652, 'learning_rate': 7.169418695587791e-06, 'epoch': 0.97}
{'loss': 0.4163, 'learning_rate': 7.1638931058273665e-06, 'epoch': 0.97}
{'loss': 0.4883, 'learning_rate': 7.158364262368919e-06, 'epoch': 0.97}
{'loss': 0.4526, 'learning_rate': 7.152832173525793e-06, 'epoch': 0.97}
{'loss': 0.5076, 'learning_rate': 7.147296847616211e-06, 'epoch': 0.97}
{'loss': 0.4532, 'learning_rate': 7.1417582929632635e-06, 'epoch': 0.97}
{'loss': 0.4608, 'learning_rate': 7.136216517894898e-06, 'epoch': 0.98}
{'loss': 0.5439, 'learning_rate': 7.1306715307439025e-06, 'epoch': 0.98}
{'loss': 0.4516, 'learning_rate': 7.1251233398478925e-06, 'epoch': 0.98}
{'loss': 0.5044, 'learning_rate': 7.119571953549305e-06, 'epoch': 0.98}
{'loss': 0.5053, 'learning_rate': 7.114017380195378e-06, 'epoch': 0.98}
{'loss': 0.4968, 'learning_rate': 7.108459628138145e-06, 'epoch': 0.98}
{'loss': 0.4412, 'learning_rate': 7.1028987057344174e-06, 'epoch': 0.98}
{'loss': 0.4266, 'learning_rate': 7.097334621345774e-06, 'epoch': 0.98}
{'loss': 0.4912, 'learning_rate': 7.091767383338547e-06, 'epoch': 0.98}
{'loss': 0.4622, 'learning_rate': 7.086197000083812e-06, 'epoch': 0.98}
{'loss': 0.4649, 'learning_rate': 7.080623479957372e-06, 'epoch': 0.98}
{'loss': 0.4741, 'learning_rate': 7.075046831339751e-06, 'epoch': 0.98}
{'loss': 0.5223, 'learning_rate': 7.06946706261617e-06, 'epoch': 0.98}
{'loss': 0.4844, 'learning_rate': 7.063884182176548e-06, 'epoch': 0.98}
{'loss': 0.4783, 'learning_rate': 7.058298198415478e-06, 'epoch': 0.98}
{'loss': 0.4675, 'learning_rate': 7.052709119732226e-06, 'epoch': 0.98}
{'loss': 0.4508, 'learning_rate': 7.0471169545307035e-06, 'epoch': 0.99}
{'loss': 0.4636, 'learning_rate': 7.041521711219468e-06, 'epoch': 0.99}
{'loss': 0.4357, 'learning_rate': 7.0359233982117026e-06, 'epoch': 0.99}
{'loss': 0.4649, 'learning_rate': 7.03032202392521e-06, 'epoch': 0.99}
{'loss': 0.507, 'learning_rate': 7.024717596782391e-06, 'epoch': 0.99}
{'loss': 0.5834, 'learning_rate': 7.019110125210243e-06, 'epoch': 0.99}
{'loss': 0.4724, 'learning_rate': 7.013499617640334e-06, 'epoch': 0.99}
{'loss': 0.4776, 'learning_rate': 7.007886082508801e-06, 'epoch': 0.99}
{'loss': 0.4162, 'learning_rate': 7.002269528256334e-06, 'epoch': 0.99}
{'loss': 0.4165, 'learning_rate': 6.996649963328159e-06, 'epoch': 0.99}
{'loss': 0.4301, 'learning_rate': 6.991027396174033e-06, 'epoch': 0.99}
{'loss': 0.4626, 'learning_rate': 6.9854018352482264e-06, 'epoch': 0.99}
{'loss': 0.4326, 'learning_rate': 6.9797732890095084e-06, 'epoch': 0.99}
{'loss': 0.411, 'learning_rate': 6.9741417659211395e-06, 'epoch': 0.99}
{'loss': 0.48, 'learning_rate': 6.968507274450857e-06, 'epoch': 0.99}
{'loss': 0.5401, 'learning_rate': 6.9628698230708604e-06, 'epoch': 0.99}
{'loss': 0.3881, 'learning_rate': 6.957229420257796e-06, 'epoch': 1.0}
{'loss': 0.4843, 'learning_rate': 6.951586074492755e-06, 'epoch': 1.0}
{'loss': 0.5418, 'learning_rate': 6.94593979426125e-06, 'epoch': 1.0}
{'loss': 0.4384, 'learning_rate': 6.940290588053206e-06, 'epoch': 1.0}
{'loss': 0.4798, 'learning_rate': 6.934638464362946e-06, 'epoch': 1.0}
{'loss': 0.4232, 'learning_rate': 6.928983431689185e-06, 'epoch': 1.0}
{'loss': 0.447, 'learning_rate': 6.9233254985350066e-06, 'epoch': 1.0}
{'loss': 0.429, 'learning_rate': 6.917664673407858e-06, 'epoch': 1.0}
{'eval_loss': 0.473750501871109, 'eval_runtime': 533.8943, 'eval_samples_per_second': 31.619, 'eval_steps_per_second': 1.978, 'epoch': 1.0}
{'loss': 0.4749, 'learning_rate': 6.912000964819536e-06, 'epoch': 1.0}
{'loss': 0.4316, 'learning_rate': 6.9063343812861704e-06, 'epoch': 1.0}
{'loss': 0.4666, 'learning_rate': 6.900664931328215e-06, 'epoch': 1.0}
{'loss': 0.3672, 'learning_rate': 6.894992623470434e-06, 'epoch': 1.0}
{'loss': 0.5142, 'learning_rate': 6.8893174662418905e-06, 'epoch': 1.0}
{'loss': 0.3994, 'learning_rate': 6.883639468175926e-06, 'epoch': 1.0}
{'loss': 0.4204, 'learning_rate': 6.877958637810162e-06, 'epoch': 1.0}
{'loss': 0.5223, 'learning_rate': 6.8722749836864734e-06, 'epoch': 1.0}
{'loss': 0.5469, 'learning_rate': 6.86658851435098e-06, 'epoch': 1.01}
{'loss': 0.4474, 'learning_rate': 6.860899238354039e-06, 'epoch': 1.01}
{'loss': 0.4347, 'learning_rate': 6.855207164250226e-06, 'epoch': 1.01}
{'loss': 0.4156, 'learning_rate': 6.849512300598321e-06, 'epoch': 1.01}
{'loss': 0.4284, 'learning_rate': 6.843814655961302e-06, 'epoch': 1.01}
{'loss': 0.4879, 'learning_rate': 6.838114238906327e-06, 'epoch': 1.01}
{'loss': 0.4877, 'learning_rate': 6.832411058004726e-06, 'epoch': 1.01}
{'loss': 0.4316, 'learning_rate': 6.8267051218319766e-06, 'epoch': 1.01}
{'loss': 0.4283, 'learning_rate': 6.8209964389677085e-06, 'epoch': 1.01}
{'loss': 0.4129, 'learning_rate': 6.815285017995676e-06, 'epoch': 1.01}
{'loss': 0.506, 'learning_rate': 6.8095708675037545e-06, 'epoch': 1.01}
{'loss': 0.423, 'learning_rate': 6.803853996083918e-06, 'epoch': 1.01}
{'loss': 0.4955, 'learning_rate': 6.798134412332236e-06, 'epoch': 1.01}
{'loss': 0.3796, 'learning_rate': 6.7924121248488565e-06, 'epoch': 1.01}
{'loss': 0.4779, 'learning_rate': 6.786687142237991e-06, 'epoch': 1.01}
{'loss': 0.5125, 'learning_rate': 6.780959473107903e-06, 'epoch': 1.01}
{'loss': 0.4612, 'learning_rate': 6.775229126070899e-06, 'epoch': 1.02}
{'loss': 0.4708, 'learning_rate': 6.769496109743309e-06, 'epoch': 1.02}
{'loss': 0.4517, 'learning_rate': 6.763760432745475e-06, 'epoch': 1.02}
{'loss': 0.4429, 'learning_rate': 6.7580221037017445e-06, 'epoch': 1.02}
{'loss': 0.484, 'learning_rate': 6.7522811312404515e-06, 'epoch': 1.02}
{'loss': 0.5401, 'learning_rate': 6.7465375239939e-06, 'epoch': 1.02}
{'loss': 0.4842, 'learning_rate': 6.740791290598362e-06, 'epoch': 1.02}
{'loss': 0.4741, 'learning_rate': 6.735042439694055e-06, 'epoch': 1.02}
{'loss': 0.4237, 'learning_rate': 6.729290979925132e-06, 'epoch': 1.02}
{'loss': 0.4881, 'learning_rate': 6.723536919939669e-06, 'epoch': 1.02}
{'loss': 0.4974, 'learning_rate': 6.717780268389656e-06, 'epoch': 1.02}
{'loss': 0.4571, 'learning_rate': 6.712021033930972e-06, 'epoch': 1.02}
{'loss': 0.5557, 'learning_rate': 6.706259225223386e-06, 'epoch': 1.02}
{'loss': 0.516, 'learning_rate': 6.7004948509305345e-06, 'epoch': 1.02}
{'loss': 0.4514, 'learning_rate': 6.694727919719913e-06, 'epoch': 1.02}
{'loss': 0.4947, 'learning_rate': 6.688958440262861e-06, 'epoch': 1.02}
{'loss': 0.463, 'learning_rate': 6.683186421234552e-06, 'epoch': 1.03}
{'loss': 0.4913, 'learning_rate': 6.677411871313975e-06, 'epoch': 1.03}
{'loss': 0.4805, 'learning_rate': 6.671634799183923e-06, 'epoch': 1.03}
{'loss': 0.4739, 'learning_rate': 6.66585521353099e-06, 'epoch': 1.03}
{'loss': 0.5043, 'learning_rate': 6.660073123045537e-06, 'epoch': 1.03}
{'loss': 0.5144, 'learning_rate': 6.6542885364217046e-06, 'epoch': 1.03}
{'loss': 0.4068, 'learning_rate': 6.648501462357374e-06, 'epoch': 1.03}
{'loss': 0.449, 'learning_rate': 6.6427119095541745e-06, 'epoch': 1.03}
{'loss': 0.4876, 'learning_rate': 6.636919886717463e-06, 'epoch': 1.03}
{'loss': 0.4469, 'learning_rate': 6.631125402556303e-06, 'epoch': 1.03}
{'loss': 0.3974, 'learning_rate': 6.625328465783469e-06, 'epoch': 1.03}
{'loss': 0.4791, 'learning_rate': 6.6195290851154144e-06, 'epoch': 1.03}
{'loss': 0.4985, 'learning_rate': 6.613727269272276e-06, 'epoch': 1.03}
{'loss': 0.4654, 'learning_rate': 6.607923026977841e-06, 'epoch': 1.03}
{'loss': 0.4942, 'learning_rate': 6.602116366959556e-06, 'epoch': 1.03}
{'loss': 0.4555, 'learning_rate': 6.5963072979484986e-06, 'epoch': 1.03}
{'loss': 0.4705, 'learning_rate': 6.590495828679365e-06, 'epoch': 1.04}
{'loss': 0.5067, 'learning_rate': 6.584681967890466e-06, 'epoch': 1.04}
{'loss': 0.5336, 'learning_rate': 6.578865724323707e-06, 'epoch': 1.04}
{'loss': 0.4136, 'learning_rate': 6.573047106724574e-06, 'epoch': 1.04}
{'loss': 0.4211, 'learning_rate': 6.567226123842126e-06, 'epoch': 1.04}
{'loss': 0.4873, 'learning_rate': 6.561402784428974e-06, 'epoch': 1.04}
{'loss': 0.4999, 'learning_rate': 6.555577097241278e-06, 'epoch': 1.04}
{'loss': 0.4444, 'learning_rate': 6.549749071038724e-06, 'epoch': 1.04}
{'loss': 0.4392, 'learning_rate': 6.5439187145845155e-06, 'epoch': 1.04}
{'loss': 0.4917, 'learning_rate': 6.538086036645363e-06, 'epoch': 1.04}
{'loss': 0.4462, 'learning_rate': 6.5322510459914625e-06, 'epoch': 1.04}
{'loss': 0.5371, 'learning_rate': 6.526413751396492e-06, 'epoch': 1.04}
{'loss': 0.5303, 'learning_rate': 6.520574161637591e-06, 'epoch': 1.04}
{'loss': 0.5278, 'learning_rate': 6.5147322854953506e-06, 'epoch': 1.04}
{'loss': 0.4963, 'learning_rate': 6.508888131753803e-06, 'epoch': 1.04}
{'loss': 0.4637, 'learning_rate': 6.503041709200399e-06, 'epoch': 1.04}
{'loss': 0.4765, 'learning_rate': 6.4971930266260075e-06, 'epoch': 1.05}
{'loss': 0.4708, 'learning_rate': 6.4913420928248905e-06, 'epoch': 1.05}
{'loss': 0.5098, 'learning_rate': 6.485488916594697e-06, 'epoch': 1.05}
{'loss': 0.4551, 'learning_rate': 6.479633506736447e-06, 'epoch': 1.05}
{'loss': 0.4771, 'learning_rate': 6.473775872054522e-06, 'epoch': 1.05}
{'loss': 0.4023, 'learning_rate': 6.467916021356644e-06, 'epoch': 1.05}
{'loss': 0.4644, 'learning_rate': 6.46205396345387e-06, 'epoch': 1.05}
{'loss': 0.4685, 'learning_rate': 6.456189707160577e-06, 'epoch': 1.05}
{'loss': 0.5207, 'learning_rate': 6.450323261294444e-06, 'epoch': 1.05}
{'loss': 0.4662, 'learning_rate': 6.444454634676447e-06, 'epoch': 1.05}
{'loss': 0.4153, 'learning_rate': 6.438583836130835e-06, 'epoch': 1.05}
{'loss': 0.5297, 'learning_rate': 6.4327108744851285e-06, 'epoch': 1.05}
{'loss': 0.4495, 'learning_rate': 6.4268357585700984e-06, 'epoch': 1.05}
{'loss': 0.4885, 'learning_rate': 6.420958497219751e-06, 'epoch': 1.05}
{'loss': 0.4518, 'learning_rate': 6.415079099271328e-06, 'epoch': 1.05}
{'loss': 0.4535, 'learning_rate': 6.4091975735652725e-06, 'epoch': 1.05}
{'loss': 0.4748, 'learning_rate': 6.403313928945235e-06, 'epoch': 1.06}
{'loss': 0.4677, 'learning_rate': 6.397428174258048e-06, 'epoch': 1.06}
{'loss': 0.4669, 'learning_rate': 6.39154031835372e-06, 'epoch': 1.06}
{'loss': 0.5384, 'learning_rate': 6.385650370085415e-06, 'epoch': 1.06}
{'loss': 0.4968, 'learning_rate': 6.379758338309446e-06, 'epoch': 1.06}
{'loss': 0.4835, 'learning_rate': 6.373864231885259e-06, 'epoch': 1.06}
{'loss': 0.5105, 'learning_rate': 6.367968059675418e-06, 'epoch': 1.06}
{'loss': 0.4266, 'learning_rate': 6.362069830545594e-06, 'epoch': 1.06}
{'loss': 0.4307, 'learning_rate': 6.3561695533645505e-06, 'epoch': 1.06}
{'loss': 0.4813, 'learning_rate': 6.350267237004131e-06, 'epoch': 1.06}
{'loss': 0.4148, 'learning_rate': 6.344362890339243e-06, 'epoch': 1.06}
{'loss': 0.5164, 'learning_rate': 6.338456522247851e-06, 'epoch': 1.06}
{'loss': 0.5428, 'learning_rate': 6.332548141610955e-06, 'epoch': 1.06}
{'loss': 0.5738, 'learning_rate': 6.3266377573125824e-06, 'epoch': 1.06}
{'loss': 0.447, 'learning_rate': 6.320725378239776e-06, 'epoch': 1.06}
{'loss': 0.468, 'learning_rate': 6.314811013282574e-06, 'epoch': 1.06}
{'loss': 0.4372, 'learning_rate': 6.3088946713340026e-06, 'epoch': 1.07}
{'loss': 0.5029, 'learning_rate': 6.302976361290061e-06, 'epoch': 1.07}
{'loss': 0.4966, 'learning_rate': 6.297056092049707e-06, 'epoch': 1.07}
{'loss': 0.4815, 'learning_rate': 6.2911338725148426e-06, 'epoch': 1.07}
{'loss': 0.4594, 'learning_rate': 6.285209711590306e-06, 'epoch': 1.07}
{'loss': 0.4048, 'learning_rate': 6.279283618183853e-06, 'epoch': 1.07}
{'loss': 0.4916, 'learning_rate': 6.273355601206143e-06, 'epoch': 1.07}
{'loss': 0.4007, 'learning_rate': 6.267425669570733e-06, 'epoch': 1.07}
{'loss': 0.5088, 'learning_rate': 6.2614938321940525e-06, 'epoch': 1.07}
{'loss': 0.4352, 'learning_rate': 6.255560097995399e-06, 'epoch': 1.07}
{'loss': 0.51, 'learning_rate': 6.249624475896925e-06, 'epoch': 1.07}
{'loss': 0.4452, 'learning_rate': 6.243686974823617e-06, 'epoch': 1.07}
{'loss': 0.4415, 'learning_rate': 6.237747603703291e-06, 'epoch': 1.07}
{'loss': 0.4854, 'learning_rate': 6.231806371466574e-06, 'epoch': 1.07}
{'loss': 0.4062, 'learning_rate': 6.225863287046889e-06, 'epoch': 1.07}
{'loss': 0.5361, 'learning_rate': 6.219918359380444e-06, 'epoch': 1.07}
{'loss': 0.4187, 'learning_rate': 6.213971597406221e-06, 'epoch': 1.08}
{'loss': 0.5004, 'learning_rate': 6.20802301006596e-06, 'epoch': 1.08}
{'loss': 0.5056, 'learning_rate': 6.202072606304144e-06, 'epoch': 1.08}
{'loss': 0.465, 'learning_rate': 6.196120395067991e-06, 'epoch': 1.08}
{'loss': 0.55, 'learning_rate': 6.190166385307428e-06, 'epoch': 1.08}
{'loss': 0.442, 'learning_rate': 6.1842105859750965e-06, 'epoch': 1.08}
{'loss': 0.4676, 'learning_rate': 6.178253006026324e-06, 'epoch': 1.08}
{'loss': 0.4566, 'learning_rate': 6.1722936544191155e-06, 'epoch': 1.08}
{'loss': 0.4889, 'learning_rate': 6.166332540114139e-06, 'epoch': 1.08}
{'loss': 0.4791, 'learning_rate': 6.160369672074717e-06, 'epoch': 1.08}
{'loss': 0.5294, 'learning_rate': 6.154405059266803e-06, 'epoch': 1.08}
{'loss': 0.4207, 'learning_rate': 6.148438710658979e-06, 'epoch': 1.08}
{'loss': 0.511, 'learning_rate': 6.142470635222435e-06, 'epoch': 1.08}
{'loss': 0.4979, 'learning_rate': 6.136500841930958e-06, 'epoch': 1.08}
{'loss': 0.4369, 'learning_rate': 6.130529339760917e-06, 'epoch': 1.08}
{'loss': 0.5282, 'learning_rate': 6.124556137691252e-06, 'epoch': 1.08}
{'loss': 0.4622, 'learning_rate': 6.118581244703458e-06, 'epoch': 1.09}
{'loss': 0.4562, 'learning_rate': 6.112604669781572e-06, 'epoch': 1.09}
{'loss': 0.5053, 'learning_rate': 6.106626421912163e-06, 'epoch': 1.09}
{'loss': 0.5152, 'learning_rate': 6.100646510084313e-06, 'epoch': 1.09}
{'loss': 0.5647, 'learning_rate': 6.094664943289605e-06, 'epoch': 1.09}
{'loss': 0.4969, 'learning_rate': 6.0886817305221105e-06, 'epoch': 1.09}
{'loss': 0.4784, 'learning_rate': 6.082696880778379e-06, 'epoch': 1.09}
{'loss': 0.4461, 'learning_rate': 6.07671040305742e-06, 'epoch': 1.09}
{'loss': 0.4967, 'learning_rate': 6.07072230636069e-06, 'epoch': 1.09}
{'loss': 0.5369, 'learning_rate': 6.064732599692079e-06, 'epoch': 1.09}
{'loss': 0.5099, 'learning_rate': 6.058741292057901e-06, 'epoch': 1.09}
{'loss': 0.5282, 'learning_rate': 6.052748392466876e-06, 'epoch': 1.09}
{'loss': 0.4459, 'learning_rate': 6.046753909930116e-06, 'epoch': 1.09}
{'loss': 0.5011, 'learning_rate': 6.040757853461113e-06, 'epoch': 1.09}
{'loss': 0.4436, 'learning_rate': 6.034760232075729e-06, 'epoch': 1.09}
{'loss': 0.4792, 'learning_rate': 6.028761054792176e-06, 'epoch': 1.09}
{'loss': 0.4867, 'learning_rate': 6.022760330631006e-06, 'epoch': 1.1}
{'loss': 0.424, 'learning_rate': 6.016758068615097e-06, 'epoch': 1.1}
{'loss': 0.4972, 'learning_rate': 6.010754277769641e-06, 'epoch': 1.1}
{'loss': 0.4861, 'learning_rate': 6.004748967122128e-06, 'epoch': 1.1}
{'loss': 0.4271, 'learning_rate': 5.998742145702332e-06, 'epoch': 1.1}
{'loss': 0.5059, 'learning_rate': 5.9927338225423e-06, 'epoch': 1.1}
{'loss': 0.4708, 'learning_rate': 5.986724006676334e-06, 'epoch': 1.1}
{'loss': 0.4534, 'learning_rate': 5.980712707140985e-06, 'epoch': 1.1}
{'loss': 0.4541, 'learning_rate': 5.974699932975035e-06, 'epoch': 1.1}
{'loss': 0.4485, 'learning_rate': 5.968685693219477e-06, 'epoch': 1.1}
{'loss': 0.4666, 'learning_rate': 5.962669996917514e-06, 'epoch': 1.1}
{'loss': 0.5245, 'learning_rate': 5.9566528531145375e-06, 'epoch': 1.1}
{'loss': 0.451, 'learning_rate': 5.950634270858112e-06, 'epoch': 1.1}
{'loss': 0.4266, 'learning_rate': 5.944614259197972e-06, 'epoch': 1.1}
{'loss': 0.4542, 'learning_rate': 5.938592827185994e-06, 'epoch': 1.1}
{'loss': 0.4588, 'learning_rate': 5.932569983876195e-06, 'epoch': 1.1}
{'loss': 0.4362, 'learning_rate': 5.926545738324713e-06, 'epoch': 1.11}
{'loss': 0.4344, 'learning_rate': 5.920520099589791e-06, 'epoch': 1.11}
{'loss': 0.4732, 'learning_rate': 5.914493076731774e-06, 'epoch': 1.11}
{'loss': 0.469, 'learning_rate': 5.908464678813081e-06, 'epoch': 1.11}
{'loss': 0.3752, 'learning_rate': 5.9024349148982e-06, 'epoch': 1.11}
{'loss': 0.4563, 'learning_rate': 5.896403794053679e-06, 'epoch': 1.11}
{'loss': 0.5423, 'learning_rate': 5.890371325348099e-06, 'epoch': 1.11}
{'loss': 0.5661, 'learning_rate': 5.8843375178520704e-06, 'epoch': 1.11}
{'loss': 0.4504, 'learning_rate': 5.878302380638216e-06, 'epoch': 1.11}
{'loss': 0.5013, 'learning_rate': 5.872265922781162e-06, 'epoch': 1.11}
{'loss': 0.4509, 'learning_rate': 5.866228153357514e-06, 'epoch': 1.11}
{'loss': 0.4436, 'learning_rate': 5.860189081445854e-06, 'epoch': 1.11}
{'loss': 0.4715, 'learning_rate': 5.854148716126722e-06, 'epoch': 1.11}
{'loss': 0.4183, 'learning_rate': 5.8481070664826e-06, 'epoch': 1.11}
{'loss': 0.5475, 'learning_rate': 5.842064141597905e-06, 'epoch': 1.11}
{'loss': 0.5161, 'learning_rate': 5.83601995055897e-06, 'epoch': 1.11}
{'loss': 0.4926, 'learning_rate': 5.82997450245403e-06, 'epoch': 1.12}
{'loss': 0.4977, 'learning_rate': 5.823927806373212e-06, 'epoch': 1.12}
{'loss': 0.4358, 'learning_rate': 5.817879871408519e-06, 'epoch': 1.12}
{'loss': 0.4133, 'learning_rate': 5.811830706653819e-06, 'epoch': 1.12}
{'loss': 0.5122, 'learning_rate': 5.805780321204826e-06, 'epoch': 1.12}
{'loss': 0.4349, 'learning_rate': 5.799728724159091e-06, 'epoch': 1.12}
{'loss': 0.4469, 'learning_rate': 5.793675924615986e-06, 'epoch': 1.12}
{'loss': 0.4448, 'learning_rate': 5.7876219316766916e-06, 'epoch': 1.12}
{'loss': 0.4783, 'learning_rate': 5.781566754444181e-06, 'epoch': 1.12}
{'loss': 0.5221, 'learning_rate': 5.775510402023213e-06, 'epoch': 1.12}
{'loss': 0.4885, 'learning_rate': 5.76945288352031e-06, 'epoch': 1.12}
{'loss': 0.4209, 'learning_rate': 5.763394208043747e-06, 'epoch': 1.12}
{'loss': 0.565, 'learning_rate': 5.757334384703539e-06, 'epoch': 1.12}
{'loss': 0.48, 'learning_rate': 5.75127342261143e-06, 'epoch': 1.12}
{'loss': 0.4296, 'learning_rate': 5.745211330880872e-06, 'epoch': 1.12}
{'loss': 0.4808, 'learning_rate': 5.7391481186270205e-06, 'epoch': 1.12}
{'loss': 0.5108, 'learning_rate': 5.73308379496671e-06, 'epoch': 1.13}
{'loss': 0.4829, 'learning_rate': 5.72701836901845e-06, 'epoch': 1.13}
{'loss': 0.4093, 'learning_rate': 5.720951849902408e-06, 'epoch': 1.13}
{'loss': 0.4171, 'learning_rate': 5.71488424674039e-06, 'epoch': 1.13}
{'loss': 0.5259, 'learning_rate': 5.70881556865584e-06, 'epoch': 1.13}
{'loss': 0.4225, 'learning_rate': 5.702745824773811e-06, 'epoch': 1.13}
{'loss': 0.4466, 'learning_rate': 5.696675024220963e-06, 'epoch': 1.13}
{'loss': 0.4273, 'learning_rate': 5.6906031761255445e-06, 'epoch': 1.13}
{'loss': 0.4706, 'learning_rate': 5.684530289617377e-06, 'epoch': 1.13}
{'loss': 0.4805, 'learning_rate': 5.678456373827843e-06, 'epoch': 1.13}
{'loss': 0.4529, 'learning_rate': 5.672381437889876e-06, 'epoch': 1.13}
{'loss': 0.5007, 'learning_rate': 5.666305490937943e-06, 'epoch': 1.13}
{'loss': 0.4415, 'learning_rate': 5.660228542108026e-06, 'epoch': 1.13}
{'loss': 0.4153, 'learning_rate': 5.65415060053762e-06, 'epoch': 1.13}
{'loss': 0.4637, 'learning_rate': 5.648071675365708e-06, 'epoch': 1.13}
{'loss': 0.4646, 'learning_rate': 5.641991775732756e-06, 'epoch': 1.13}
{'loss': 0.5145, 'learning_rate': 5.6359109107806905e-06, 'epoch': 1.14}
{'loss': 0.5003, 'learning_rate': 5.629829089652894e-06, 'epoch': 1.14}
{'loss': 0.4182, 'learning_rate': 5.623746321494186e-06, 'epoch': 1.14}
{'loss': 0.4532, 'learning_rate': 5.617662615450805e-06, 'epoch': 1.14}
{'loss': 0.4598, 'learning_rate': 5.611577980670407e-06, 'epoch': 1.14}
{'loss': 0.4724, 'learning_rate': 5.605492426302042e-06, 'epoch': 1.14}
{'loss': 0.443, 'learning_rate': 5.599405961496137e-06, 'epoch': 1.14}
{'loss': 0.4941, 'learning_rate': 5.5933185954044964e-06, 'epoch': 1.14}
{'loss': 0.4389, 'learning_rate': 5.587230337180275e-06, 'epoch': 1.14}
{'loss': 0.4913, 'learning_rate': 5.581141195977969e-06, 'epoch': 1.14}
{'loss': 0.4907, 'learning_rate': 5.575051180953407e-06, 'epoch': 1.14}
{'loss': 0.4132, 'learning_rate': 5.568960301263724e-06, 'epoch': 1.14}
{'loss': 0.4247, 'learning_rate': 5.562868566067362e-06, 'epoch': 1.14}
{'loss': 0.4456, 'learning_rate': 5.556775984524044e-06, 'epoch': 1.14}
{'loss': 0.4613, 'learning_rate': 5.55068256579477e-06, 'epoch': 1.14}
{'loss': 0.4538, 'learning_rate': 5.544588319041797e-06, 'epoch': 1.14}
{'loss': 0.5023, 'learning_rate': 5.538493253428625e-06, 'epoch': 1.15}
{'loss': 0.4483, 'learning_rate': 5.532397378119989e-06, 'epoch': 1.15}
{'loss': 0.4288, 'learning_rate': 5.5263007022818385e-06, 'epoch': 1.15}
{'loss': 0.3825, 'learning_rate': 5.520203235081329e-06, 'epoch': 1.15}
{'loss': 0.4751, 'learning_rate': 5.514104985686802e-06, 'epoch': 1.15}
{'loss': 0.4223, 'learning_rate': 5.508005963267782e-06, 'epoch': 1.15}
{'loss': 0.4158, 'learning_rate': 5.501906176994949e-06, 'epoch': 1.15}
{'loss': 0.4472, 'learning_rate': 5.495805636040135e-06, 'epoch': 1.15}
{'loss': 0.4739, 'learning_rate': 5.489704349576306e-06, 'epoch': 1.15}
{'loss': 0.4426, 'learning_rate': 5.483602326777549e-06, 'epoch': 1.15}
{'loss': 0.4955, 'learning_rate': 5.4774995768190595e-06, 'epoch': 1.15}
{'loss': 0.4232, 'learning_rate': 5.471396108877123e-06, 'epoch': 1.15}
{'loss': 0.5126, 'learning_rate': 5.465291932129107e-06, 'epoch': 1.15}
{'loss': 0.473, 'learning_rate': 5.459187055753446e-06, 'epoch': 1.15}
{'loss': 0.4715, 'learning_rate': 5.453081488929625e-06, 'epoch': 1.15}
{'loss': 0.4536, 'learning_rate': 5.446975240838165e-06, 'epoch': 1.15}
{'loss': 0.4577, 'learning_rate': 5.440868320660614e-06, 'epoch': 1.16}
{'loss': 0.4413, 'learning_rate': 5.434760737579532e-06, 'epoch': 1.16}
{'loss': 0.4519, 'learning_rate': 5.428652500778472e-06, 'epoch': 1.16}
{'loss': 0.4455, 'learning_rate': 5.422543619441973e-06, 'epoch': 1.16}
{'loss': 0.4702, 'learning_rate': 5.416434102755541e-06, 'epoch': 1.16}
{'loss': 0.477, 'learning_rate': 5.410323959905638e-06, 'epoch': 1.16}
{'loss': 0.4214, 'learning_rate': 5.404213200079669e-06, 'epoch': 1.16}
{'loss': 0.4774, 'learning_rate': 5.3981018324659654e-06, 'epoch': 1.16}
{'loss': 0.4435, 'learning_rate': 5.391989866253772e-06, 'epoch': 1.16}
{'loss': 0.4873, 'learning_rate': 5.385877310633233e-06, 'epoch': 1.16}
{'loss': 0.4645, 'learning_rate': 5.379764174795382e-06, 'epoch': 1.16}
{'loss': 0.4546, 'learning_rate': 5.373650467932122e-06, 'epoch': 1.16}
{'loss': 0.4709, 'learning_rate': 5.3675361992362176e-06, 'epoch': 1.16}
{'loss': 0.5172, 'learning_rate': 5.3614213779012735e-06, 'epoch': 1.16}
{'loss': 0.4577, 'learning_rate': 5.35530601312173e-06, 'epoch': 1.16}
{'loss': 0.527, 'learning_rate': 5.349190114092842e-06, 'epoch': 1.16}
{'loss': 0.5457, 'learning_rate': 5.3430736900106715e-06, 'epoch': 1.17}
{'loss': 0.4599, 'learning_rate': 5.336956750072063e-06, 'epoch': 1.17}
{'loss': 0.4397, 'learning_rate': 5.330839303474641e-06, 'epoch': 1.17}
{'loss': 0.4052, 'learning_rate': 5.324721359416794e-06, 'epoch': 1.17}
{'loss': 0.4452, 'learning_rate': 5.318602927097652e-06, 'epoch': 1.17}
{'loss': 0.4344, 'learning_rate': 5.312484015717087e-06, 'epoch': 1.17}
{'loss': 0.4366, 'learning_rate': 5.306364634475684e-06, 'epoch': 1.17}
{'loss': 0.5046, 'learning_rate': 5.300244792574743e-06, 'epoch': 1.17}
{'loss': 0.4445, 'learning_rate': 5.294124499216246e-06, 'epoch': 1.17}
{'loss': 0.481, 'learning_rate': 5.288003763602862e-06, 'epoch': 1.17}
{'loss': 0.5457, 'learning_rate': 5.281882594937923e-06, 'epoch': 1.17}
{'loss': 0.5048, 'learning_rate': 5.275761002425411e-06, 'epoch': 1.17}
{'loss': 0.423, 'learning_rate': 5.269638995269945e-06, 'epoch': 1.17}
{'loss': 0.4163, 'learning_rate': 5.263516582676767e-06, 'epoch': 1.17}
{'loss': 0.4634, 'learning_rate': 5.257393773851733e-06, 'epoch': 1.17}
{'loss': 0.4335, 'learning_rate': 5.2512705780012915e-06, 'epoch': 1.17}
{'loss': 0.3962, 'learning_rate': 5.245147004332471e-06, 'epoch': 1.18}
{'loss': 0.5089, 'learning_rate': 5.239023062052873e-06, 'epoch': 1.18}
{'loss': 0.4621, 'learning_rate': 5.232898760370648e-06, 'epoch': 1.18}
{'loss': 0.5452, 'learning_rate': 5.226774108494491e-06, 'epoch': 1.18}
{'loss': 0.4752, 'learning_rate': 5.220649115633621e-06, 'epoch': 1.18}
{'loss': 0.486, 'learning_rate': 5.214523790997773e-06, 'epoch': 1.18}
{'loss': 0.436, 'learning_rate': 5.208398143797176e-06, 'epoch': 1.18}
{'loss': 0.4807, 'learning_rate': 5.202272183242547e-06, 'epoch': 1.18}
{'loss': 0.3993, 'learning_rate': 5.196145918545075e-06, 'epoch': 1.18}
{'loss': 0.4858, 'learning_rate': 5.190019358916404e-06, 'epoch': 1.18}
{'loss': 0.4477, 'learning_rate': 5.183892513568622e-06, 'epoch': 1.18}
{'loss': 0.3739, 'learning_rate': 5.177765391714249e-06, 'epoch': 1.18}
{'loss': 0.4537, 'learning_rate': 5.171638002566218e-06, 'epoch': 1.18}
{'loss': 0.5163, 'learning_rate': 5.165510355337865e-06, 'epoch': 1.18}
{'loss': 0.4643, 'learning_rate': 5.159382459242914e-06, 'epoch': 1.18}
{'loss': 0.4562, 'learning_rate': 5.153254323495465e-06, 'epoch': 1.18}
{'loss': 0.4424, 'learning_rate': 5.147125957309972e-06, 'epoch': 1.19}
{'loss': 0.38, 'learning_rate': 5.140997369901243e-06, 'epoch': 1.19}
{'loss': 0.4023, 'learning_rate': 5.134868570484415e-06, 'epoch': 1.19}
{'loss': 0.4589, 'learning_rate': 5.1287395682749444e-06, 'epoch': 1.19}
{'loss': 0.4529, 'learning_rate': 5.122610372488592e-06, 'epoch': 1.19}
{'loss': 0.4565, 'learning_rate': 5.116480992341412e-06, 'epoch': 1.19}
{'loss': 0.4494, 'learning_rate': 5.110351437049731e-06, 'epoch': 1.19}
{'loss': 0.5215, 'learning_rate': 5.104221715830145e-06, 'epoch': 1.19}
{'loss': 0.5039, 'learning_rate': 5.098091837899495e-06, 'epoch': 1.19}
{'loss': 0.4798, 'learning_rate': 5.091961812474861e-06, 'epoch': 1.19}
{'loss': 0.4464, 'learning_rate': 5.0858316487735385e-06, 'epoch': 1.19}
{'loss': 0.4798, 'learning_rate': 5.0797013560130385e-06, 'epoch': 1.19}
{'loss': 0.4628, 'learning_rate': 5.073570943411061e-06, 'epoch': 1.19}
{'loss': 0.3761, 'learning_rate': 5.067440420185491e-06, 'epoch': 1.19}
{'loss': 0.4468, 'learning_rate': 5.061309795554375e-06, 'epoch': 1.19}
{'loss': 0.452, 'learning_rate': 5.055179078735912e-06, 'epoch': 1.19}
{'loss': 0.4079, 'learning_rate': 5.049048278948445e-06, 'epoch': 1.2}
{'loss': 0.5053, 'learning_rate': 5.042917405410436e-06, 'epoch': 1.2}
{'loss': 0.4487, 'learning_rate': 5.03678646734046e-06, 'epoch': 1.2}
{'loss': 0.4667, 'learning_rate': 5.030655473957192e-06, 'epoch': 1.2}
{'loss': 0.5167, 'learning_rate': 5.024524434479383e-06, 'epoch': 1.2}
{'loss': 0.424, 'learning_rate': 5.0183933581258606e-06, 'epoch': 1.2}
{'loss': 0.5143, 'learning_rate': 5.012262254115503e-06, 'epoch': 1.2}
{'loss': 0.4986, 'learning_rate': 5.006131131667233e-06, 'epoch': 1.2}
{'loss': 0.4883, 'learning_rate': 5e-06, 'epoch': 1.2}
{'loss': 0.4627, 'learning_rate': 4.993868868332768e-06, 'epoch': 1.2}
{'loss': 0.4513, 'learning_rate': 4.987737745884499e-06, 'epoch': 1.2}
{'loss': 0.5272, 'learning_rate': 4.981606641874141e-06, 'epoch': 1.2}
{'loss': 0.5086, 'learning_rate': 4.975475565520618e-06, 'epoch': 1.2}
{'loss': 0.4773, 'learning_rate': 4.96934452604281e-06, 'epoch': 1.2}
{'loss': 0.472, 'learning_rate': 4.963213532659541e-06, 'epoch': 1.2}
{'loss': 0.5064, 'learning_rate': 4.957082594589566e-06, 'epoch': 1.2}
{'loss': 0.4716, 'learning_rate': 4.9509517210515566e-06, 'epoch': 1.21}
{'loss': 0.5047, 'learning_rate': 4.944820921264089e-06, 'epoch': 1.21}
{'loss': 0.4777, 'learning_rate': 4.938690204445628e-06, 'epoch': 1.21}
{'loss': 0.4614, 'learning_rate': 4.93255957981451e-06, 'epoch': 1.21}
{'loss': 0.4144, 'learning_rate': 4.92642905658894e-06, 'epoch': 1.21}
{'loss': 0.4122, 'learning_rate': 4.920298643986963e-06, 'epoch': 1.21}
{'loss': 0.5208, 'learning_rate': 4.914168351226463e-06, 'epoch': 1.21}
{'loss': 0.4912, 'learning_rate': 4.908038187525142e-06, 'epoch': 1.21}
{'loss': 0.4155, 'learning_rate': 4.901908162100507e-06, 'epoch': 1.21}
{'loss': 0.4716, 'learning_rate': 4.8957782841698566e-06, 'epoch': 1.21}
{'loss': 0.4398, 'learning_rate': 4.8896485629502705e-06, 'epoch': 1.21}
{'loss': 0.4694, 'learning_rate': 4.88351900765859e-06, 'epoch': 1.21}
{'loss': 0.4913, 'learning_rate': 4.8773896275114095e-06, 'epoch': 1.21}
{'loss': 0.4658, 'learning_rate': 4.871260431725058e-06, 'epoch': 1.21}
{'loss': 0.4696, 'learning_rate': 4.865131429515587e-06, 'epoch': 1.21}
{'loss': 0.4855, 'learning_rate': 4.859002630098759e-06, 'epoch': 1.21}
{'loss': 0.4012, 'learning_rate': 4.85287404269003e-06, 'epoch': 1.22}
{'loss': 0.4429, 'learning_rate': 4.8467456765045375e-06, 'epoch': 1.22}
{'loss': 0.4463, 'learning_rate': 4.840617540757088e-06, 'epoch': 1.22}
{'loss': 0.5093, 'learning_rate': 4.834489644662137e-06, 'epoch': 1.22}
{'loss': 0.4559, 'learning_rate': 4.828361997433783e-06, 'epoch': 1.22}
{'loss': 0.4608, 'learning_rate': 4.822234608285752e-06, 'epoch': 1.22}
{'loss': 0.4541, 'learning_rate': 4.816107486431379e-06, 'epoch': 1.22}
{'loss': 0.4708, 'learning_rate': 4.809980641083598e-06, 'epoch': 1.22}
{'loss': 0.428, 'learning_rate': 4.803854081454927e-06, 'epoch': 1.22}
{'loss': 0.4502, 'learning_rate': 4.797727816757454e-06, 'epoch': 1.22}
{'loss': 0.4574, 'learning_rate': 4.791601856202825e-06, 'epoch': 1.22}
{'loss': 0.5071, 'learning_rate': 4.7854762090022274e-06, 'epoch': 1.22}
{'loss': 0.4799, 'learning_rate': 4.77935088436638e-06, 'epoch': 1.22}
{'loss': 0.5108, 'learning_rate': 4.7732258915055104e-06, 'epoch': 1.22}
{'loss': 0.4952, 'learning_rate': 4.7671012396293535e-06, 'epoch': 1.22}
{'loss': 0.4176, 'learning_rate': 4.760976937947128e-06, 'epoch': 1.22}
{'loss': 0.5081, 'learning_rate': 4.7548529956675296e-06, 'epoch': 1.23}
{'loss': 0.3503, 'learning_rate': 4.748729421998709e-06, 'epoch': 1.23}
{'loss': 0.47, 'learning_rate': 4.742606226148268e-06, 'epoch': 1.23}
{'loss': 0.4724, 'learning_rate': 4.7364834173232335e-06, 'epoch': 1.23}
{'loss': 0.4309, 'learning_rate': 4.730361004730058e-06, 'epoch': 1.23}
{'loss': 0.4268, 'learning_rate': 4.724238997574591e-06, 'epoch': 1.23}
{'loss': 0.4589, 'learning_rate': 4.718117405062078e-06, 'epoch': 1.23}
{'loss': 0.4266, 'learning_rate': 4.711996236397139e-06, 'epoch': 1.23}
{'loss': 0.3939, 'learning_rate': 4.705875500783756e-06, 'epoch': 1.23}
{'loss': 0.4646, 'learning_rate': 4.699755207425259e-06, 'epoch': 1.23}
{'loss': 0.5436, 'learning_rate': 4.6936353655243165e-06, 'epoch': 1.23}
{'loss': 0.4446, 'learning_rate': 4.687515984282915e-06, 'epoch': 1.23}
{'loss': 0.4852, 'learning_rate': 4.6813970729023494e-06, 'epoch': 1.23}
{'loss': 0.4741, 'learning_rate': 4.675278640583209e-06, 'epoch': 1.23}
{'loss': 0.4975, 'learning_rate': 4.66916069652536e-06, 'epoch': 1.23}
{'loss': 0.4513, 'learning_rate': 4.663043249927939e-06, 'epoch': 1.23}
{'loss': 0.5036, 'learning_rate': 4.65692630998933e-06, 'epoch': 1.24}
{'loss': 0.4128, 'learning_rate': 4.6508098859071585e-06, 'epoch': 1.24}
{'loss': 0.5168, 'learning_rate': 4.644693986878271e-06, 'epoch': 1.24}
{'loss': 0.4855, 'learning_rate': 4.638578622098728e-06, 'epoch': 1.24}
{'loss': 0.471, 'learning_rate': 4.632463800763785e-06, 'epoch': 1.24}
{'loss': 0.5501, 'learning_rate': 4.626349532067879e-06, 'epoch': 1.24}
{'loss': 0.4653, 'learning_rate': 4.6202358252046195e-06, 'epoch': 1.24}
{'loss': 0.497, 'learning_rate': 4.614122689366769e-06, 'epoch': 1.24}
{'loss': 0.5334, 'learning_rate': 4.608010133746229e-06, 'epoch': 1.24}
{'loss': 0.4657, 'learning_rate': 4.601898167534035e-06, 'epoch': 1.24}
{'loss': 0.4565, 'learning_rate': 4.595786799920331e-06, 'epoch': 1.24}
{'loss': 0.4937, 'learning_rate': 4.589676040094363e-06, 'epoch': 1.24}
{'loss': 0.4159, 'learning_rate': 4.58356589724446e-06, 'epoch': 1.24}
{'loss': 0.4779, 'learning_rate': 4.577456380558028e-06, 'epoch': 1.24}
{'loss': 0.3986, 'learning_rate': 4.571347499221528e-06, 'epoch': 1.24}
{'loss': 0.4265, 'learning_rate': 4.565239262420469e-06, 'epoch': 1.24}
{'loss': 0.4539, 'learning_rate': 4.559131679339386e-06, 'epoch': 1.25}
{'loss': 0.418, 'learning_rate': 4.553024759161836e-06, 'epoch': 1.25}
{'loss': 0.4817, 'learning_rate': 4.546918511070376e-06, 'epoch': 1.25}
{'loss': 0.4857, 'learning_rate': 4.540812944246554e-06, 'epoch': 1.25}
{'loss': 0.5149, 'learning_rate': 4.534708067870893e-06, 'epoch': 1.25}
{'loss': 0.4654, 'learning_rate': 4.528603891122878e-06, 'epoch': 1.25}
{'loss': 0.3974, 'learning_rate': 4.522500423180942e-06, 'epoch': 1.25}
{'loss': 0.5076, 'learning_rate': 4.516397673222451e-06, 'epoch': 1.25}
{'loss': 0.5362, 'learning_rate': 4.510295650423695e-06, 'epoch': 1.25}
{'loss': 0.4891, 'learning_rate': 4.504194363959865e-06, 'epoch': 1.25}
{'loss': 0.4948, 'learning_rate': 4.498093823005052e-06, 'epoch': 1.25}
{'loss': 0.4564, 'learning_rate': 4.491994036732219e-06, 'epoch': 1.25}
{'loss': 0.443, 'learning_rate': 4.485895014313198e-06, 'epoch': 1.25}
{'loss': 0.4816, 'learning_rate': 4.479796764918672e-06, 'epoch': 1.25}
{'loss': 0.5134, 'learning_rate': 4.473699297718162e-06, 'epoch': 1.25}
{'loss': 0.44, 'learning_rate': 4.467602621880011e-06, 'epoch': 1.25}
{'loss': 0.4905, 'learning_rate': 4.4615067465713755e-06, 'epoch': 1.26}
{'loss': 0.4196, 'learning_rate': 4.455411680958204e-06, 'epoch': 1.26}
{'loss': 0.51, 'learning_rate': 4.44931743420523e-06, 'epoch': 1.26}
{'loss': 0.5372, 'learning_rate': 4.443224015475956e-06, 'epoch': 1.26}
{'loss': 0.47, 'learning_rate': 4.437131433932639e-06, 'epoch': 1.26}
{'loss': 0.4643, 'learning_rate': 4.431039698736276e-06, 'epoch': 1.26}
{'loss': 0.515, 'learning_rate': 4.4249488190465935e-06, 'epoch': 1.26}
{'loss': 0.4806, 'learning_rate': 4.418858804022031e-06, 'epoch': 1.26}
{'loss': 0.5007, 'learning_rate': 4.412769662819726e-06, 'epoch': 1.26}
{'loss': 0.4467, 'learning_rate': 4.406681404595504e-06, 'epoch': 1.26}
{'loss': 0.5142, 'learning_rate': 4.400594038503864e-06, 'epoch': 1.26}
{'loss': 0.4562, 'learning_rate': 4.39450757369796e-06, 'epoch': 1.26}
{'loss': 0.4753, 'learning_rate': 4.388422019329593e-06, 'epoch': 1.26}
{'loss': 0.4496, 'learning_rate': 4.3823373845491954e-06, 'epoch': 1.26}
{'loss': 0.4289, 'learning_rate': 4.376253678505815e-06, 'epoch': 1.26}
{'loss': 0.4745, 'learning_rate': 4.3701709103471055e-06, 'epoch': 1.26}
{'loss': 0.4136, 'learning_rate': 4.36408908921931e-06, 'epoch': 1.27}
{'loss': 0.4672, 'learning_rate': 4.358008224267245e-06, 'epoch': 1.27}
{'loss': 0.5291, 'learning_rate': 4.351928324634293e-06, 'epoch': 1.27}
{'loss': 0.5216, 'learning_rate': 4.345849399462381e-06, 'epoch': 1.27}
{'loss': 0.4499, 'learning_rate': 4.3397714578919745e-06, 'epoch': 1.27}
{'loss': 0.4971, 'learning_rate': 4.333694509062058e-06, 'epoch': 1.27}
{'loss': 0.4967, 'learning_rate': 4.327618562110124e-06, 'epoch': 1.27}
{'loss': 0.5568, 'learning_rate': 4.321543626172157e-06, 'epoch': 1.27}
{'loss': 0.4403, 'learning_rate': 4.3154697103826235e-06, 'epoch': 1.27}
{'loss': 0.4052, 'learning_rate': 4.3093968238744554e-06, 'epoch': 1.27}
{'loss': 0.4229, 'learning_rate': 4.303324975779036e-06, 'epoch': 1.27}
{'loss': 0.5206, 'learning_rate': 4.297254175226189e-06, 'epoch': 1.27}
{'loss': 0.4282, 'learning_rate': 4.291184431344161e-06, 'epoch': 1.27}
{'loss': 0.5014, 'learning_rate': 4.28511575325961e-06, 'epoch': 1.27}
{'loss': 0.4441, 'learning_rate': 4.279048150097595e-06, 'epoch': 1.27}
{'loss': 0.4363, 'learning_rate': 4.272981630981551e-06, 'epoch': 1.27}
{'loss': 0.5225, 'learning_rate': 4.266916205033291e-06, 'epoch': 1.28}
{'loss': 0.4844, 'learning_rate': 4.26085188137298e-06, 'epoch': 1.28}
{'loss': 0.5506, 'learning_rate': 4.254788669119127e-06, 'epoch': 1.28}
{'loss': 0.5616, 'learning_rate': 4.24872657738857e-06, 'epoch': 1.28}
{'loss': 0.4838, 'learning_rate': 4.242665615296461e-06, 'epoch': 1.28}
{'loss': 0.3988, 'learning_rate': 4.236605791956254e-06, 'epoch': 1.28}
{'loss': 0.52, 'learning_rate': 4.230547116479691e-06, 'epoch': 1.28}
{'loss': 0.4216, 'learning_rate': 4.224489597976787e-06, 'epoch': 1.28}
{'loss': 0.4414, 'learning_rate': 4.21843324555582e-06, 'epoch': 1.28}
{'loss': 0.4766, 'learning_rate': 4.212378068323312e-06, 'epoch': 1.28}
{'loss': 0.5274, 'learning_rate': 4.206324075384017e-06, 'epoch': 1.28}
{'loss': 0.4664, 'learning_rate': 4.200271275840911e-06, 'epoch': 1.28}
{'loss': 0.4311, 'learning_rate': 4.194219678795176e-06, 'epoch': 1.28}
{'loss': 0.4672, 'learning_rate': 4.1881692933461835e-06, 'epoch': 1.28}
{'loss': 0.4374, 'learning_rate': 4.182120128591483e-06, 'epoch': 1.28}
{'loss': 0.4553, 'learning_rate': 4.176072193626791e-06, 'epoch': 1.28}
{'loss': 0.4459, 'learning_rate': 4.170025497545973e-06, 'epoch': 1.29}
{'loss': 0.5076, 'learning_rate': 4.163980049441033e-06, 'epoch': 1.29}
{'loss': 0.4663, 'learning_rate': 4.157935858402097e-06, 'epoch': 1.29}
{'loss': 0.5039, 'learning_rate': 4.151892933517402e-06, 'epoch': 1.29}
{'loss': 0.4547, 'learning_rate': 4.14585128387328e-06, 'epoch': 1.29}
{'loss': 0.4788, 'learning_rate': 4.139810918554147e-06, 'epoch': 1.29}
{'loss': 0.4228, 'learning_rate': 4.133771846642488e-06, 'epoch': 1.29}
{'loss': 0.4314, 'learning_rate': 4.1277340772188404e-06, 'epoch': 1.29}
{'loss': 0.405, 'learning_rate': 4.121697619361786e-06, 'epoch': 1.29}
{'loss': 0.56, 'learning_rate': 4.115662482147932e-06, 'epoch': 1.29}
{'loss': 0.4991, 'learning_rate': 4.109628674651904e-06, 'epoch': 1.29}
{'loss': 0.433, 'learning_rate': 4.103596205946323e-06, 'epoch': 1.29}
{'loss': 0.5085, 'learning_rate': 4.097565085101801e-06, 'epoch': 1.29}
{'loss': 0.4414, 'learning_rate': 4.091535321186921e-06, 'epoch': 1.29}
{'loss': 0.4868, 'learning_rate': 4.085506923268227e-06, 'epoch': 1.29}
{'loss': 0.4747, 'learning_rate': 4.07947990041021e-06, 'epoch': 1.29}
{'loss': 0.5225, 'learning_rate': 4.073454261675289e-06, 'epoch': 1.3}
{'loss': 0.5228, 'learning_rate': 4.067430016123806e-06, 'epoch': 1.3}
{'loss': 0.4649, 'learning_rate': 4.061407172814008e-06, 'epoch': 1.3}
{'loss': 0.4556, 'learning_rate': 4.055385740802031e-06, 'epoch': 1.3}
{'loss': 0.4482, 'learning_rate': 4.04936572914189e-06, 'epoch': 1.3}
{'loss': 0.4652, 'learning_rate': 4.043347146885466e-06, 'epoch': 1.3}
{'loss': 0.5266, 'learning_rate': 4.037330003082488e-06, 'epoch': 1.3}
{'loss': 0.5108, 'learning_rate': 4.0313143067805255e-06, 'epoch': 1.3}
{'loss': 0.4515, 'learning_rate': 4.025300067024968e-06, 'epoch': 1.3}
{'loss': 0.479, 'learning_rate': 4.019287292859016e-06, 'epoch': 1.3}
{'loss': 0.48, 'learning_rate': 4.013275993323667e-06, 'epoch': 1.3}
{'loss': 0.449, 'learning_rate': 4.007266177457703e-06, 'epoch': 1.3}
{'loss': 0.4782, 'learning_rate': 4.001257854297671e-06, 'epoch': 1.3}
{'loss': 0.4463, 'learning_rate': 3.995251032877874e-06, 'epoch': 1.3}
{'loss': 0.5104, 'learning_rate': 3.989245722230361e-06, 'epoch': 1.3}
{'loss': 0.4199, 'learning_rate': 3.983241931384905e-06, 'epoch': 1.3}
{'loss': 0.4399, 'learning_rate': 3.977239669368998e-06, 'epoch': 1.31}
{'loss': 0.4545, 'learning_rate': 3.971238945207827e-06, 'epoch': 1.31}
{'loss': 0.4655, 'learning_rate': 3.9652397679242736e-06, 'epoch': 1.31}
{'loss': 0.5161, 'learning_rate': 3.959242146538889e-06, 'epoch': 1.31}
{'loss': 0.3948, 'learning_rate': 3.953246090069886e-06, 'epoch': 1.31}
{'loss': 0.4446, 'learning_rate': 3.947251607533125e-06, 'epoch': 1.31}
{'loss': 0.4701, 'learning_rate': 3.941258707942101e-06, 'epoch': 1.31}
{'loss': 0.4865, 'learning_rate': 3.9352674003079225e-06, 'epoch': 1.31}
{'loss': 0.4446, 'learning_rate': 3.929277693639313e-06, 'epoch': 1.31}
{'loss': 0.4974, 'learning_rate': 3.923289596942583e-06, 'epoch': 1.31}
{'loss': 0.4577, 'learning_rate': 3.917303119221623e-06, 'epoch': 1.31}
{'loss': 0.447, 'learning_rate': 3.911318269477892e-06, 'epoch': 1.31}
{'loss': 0.4609, 'learning_rate': 3.905335056710399e-06, 'epoch': 1.31}
{'loss': 0.4577, 'learning_rate': 3.89935348991569e-06, 'epoch': 1.31}
{'loss': 0.4627, 'learning_rate': 3.893373578087838e-06, 'epoch': 1.31}
{'loss': 0.4927, 'learning_rate': 3.887395330218429e-06, 'epoch': 1.31}
{'loss': 0.4812, 'learning_rate': 3.881418755296545e-06, 'epoch': 1.32}
{'loss': 0.4381, 'learning_rate': 3.8754438623087506e-06, 'epoch': 1.32}
{'loss': 0.4505, 'learning_rate': 3.869470660239085e-06, 'epoch': 1.32}
{'loss': 0.4678, 'learning_rate': 3.863499158069044e-06, 'epoch': 1.32}
{'loss': 0.4893, 'learning_rate': 3.857529364777567e-06, 'epoch': 1.32}
{'loss': 0.4347, 'learning_rate': 3.851561289341023e-06, 'epoch': 1.32}
{'loss': 0.4196, 'learning_rate': 3.845594940733199e-06, 'epoch': 1.32}
{'loss': 0.4701, 'learning_rate': 3.839630327925285e-06, 'epoch': 1.32}
{'loss': 0.4005, 'learning_rate': 3.833667459885862e-06, 'epoch': 1.32}
{'loss': 0.4716, 'learning_rate': 3.827706345580886e-06, 'epoch': 1.32}
{'loss': 0.4956, 'learning_rate': 3.821746993973678e-06, 'epoch': 1.32}
{'loss': 0.4591, 'learning_rate': 3.815789414024904e-06, 'epoch': 1.32}
{'loss': 0.4803, 'learning_rate': 3.8098336146925728e-06, 'epoch': 1.32}
{'loss': 0.469, 'learning_rate': 3.8038796049320114e-06, 'epoch': 1.32}
{'loss': 0.5056, 'learning_rate': 3.7979273936958565e-06, 'epoch': 1.32}
{'loss': 0.4321, 'learning_rate': 3.7919769899340407e-06, 'epoch': 1.32}
{'loss': 0.4306, 'learning_rate': 3.78602840259378e-06, 'epoch': 1.33}
{'loss': 0.4999, 'learning_rate': 3.780081640619558e-06, 'epoch': 1.33}
{'loss': 0.4632, 'learning_rate': 3.774136712953113e-06, 'epoch': 1.33}
{'loss': 0.3928, 'learning_rate': 3.768193628533427e-06, 'epoch': 1.33}
{'loss': 0.5072, 'learning_rate': 3.7622523962967094e-06, 'epoch': 1.33}
{'loss': 0.4722, 'learning_rate': 3.756313025176384e-06, 'epoch': 1.33}
{'loss': 0.5032, 'learning_rate': 3.750375524103077e-06, 'epoch': 1.33}
{'loss': 0.4713, 'learning_rate': 3.744439902004603e-06, 'epoch': 1.33}
{'loss': 0.4677, 'learning_rate': 3.7385061678059496e-06, 'epoch': 1.33}
{'loss': 0.4117, 'learning_rate': 3.732574330429268e-06, 'epoch': 1.33}
{'loss': 0.4626, 'learning_rate': 3.726644398793857e-06, 'epoch': 1.33}
{'loss': 0.4943, 'learning_rate': 3.720716381816148e-06, 'epoch': 1.33}
{'loss': 0.4327, 'learning_rate': 3.714790288409695e-06, 'epoch': 1.33}
{'loss': 0.3986, 'learning_rate': 3.7088661274851583e-06, 'epoch': 1.33}
{'loss': 0.4326, 'learning_rate': 3.702943907950295e-06, 'epoch': 1.33}
{'loss': 0.4721, 'learning_rate': 3.697023638709941e-06, 'epoch': 1.33}
{'loss': 0.4912, 'learning_rate': 3.691105328665999e-06, 'epoch': 1.33}
{'loss': 0.4889, 'learning_rate': 3.685188986717427e-06, 'epoch': 1.34}
{'loss': 0.5045, 'learning_rate': 3.6792746217602254e-06, 'epoch': 1.34}
{'loss': 0.4536, 'learning_rate': 3.6733622426874184e-06, 'epoch': 1.34}
{'loss': 0.4803, 'learning_rate': 3.6674518583890466e-06, 'epoch': 1.34}
{'loss': 0.5357, 'learning_rate': 3.661543477752151e-06, 'epoch': 1.34}
{'loss': 0.5109, 'learning_rate': 3.6556371096607577e-06, 'epoch': 1.34}
{'loss': 0.4519, 'learning_rate': 3.6497327629958706e-06, 'epoch': 1.34}
{'loss': 0.4893, 'learning_rate': 3.6438304466354503e-06, 'epoch': 1.34}
{'loss': 0.501, 'learning_rate': 3.6379301694544073e-06, 'epoch': 1.34}
{'loss': 0.4715, 'learning_rate': 3.632031940324583e-06, 'epoch': 1.34}
{'loss': 0.3912, 'learning_rate': 3.6261357681147425e-06, 'epoch': 1.34}
{'loss': 0.4859, 'learning_rate': 3.620241661690555e-06, 'epoch': 1.34}
{'loss': 0.4202, 'learning_rate': 3.6143496299145866e-06, 'epoch': 1.34}
{'loss': 0.4079, 'learning_rate': 3.6084596816462823e-06, 'epoch': 1.34}
{'loss': 0.4737, 'learning_rate': 3.6025718257419532e-06, 'epoch': 1.34}
{'loss': 0.4677, 'learning_rate': 3.596686071054767e-06, 'epoch': 1.34}
{'loss': 0.5022, 'learning_rate': 3.5908024264347283e-06, 'epoch': 1.35}
{'loss': 0.4463, 'learning_rate': 3.5849209007286734e-06, 'epoch': 1.35}
{'loss': 0.4182, 'learning_rate': 3.5790415027802494e-06, 'epoch': 1.35}
{'loss': 0.4378, 'learning_rate': 3.573164241429904e-06, 'epoch': 1.35}
{'loss': 0.3747, 'learning_rate': 3.5672891255148723e-06, 'epoch': 1.35}
{'loss': 0.4613, 'learning_rate': 3.5614161638691657e-06, 'epoch': 1.35}
{'loss': 0.4446, 'learning_rate': 3.555545365323555e-06, 'epoch': 1.35}
{'loss': 0.4173, 'learning_rate': 3.5496767387055566e-06, 'epoch': 1.35}
{'loss': 0.4426, 'learning_rate': 3.543810292839424e-06, 'epoch': 1.35}
{'loss': 0.4486, 'learning_rate': 3.5379460365461306e-06, 'epoch': 1.35}
{'loss': 0.5137, 'learning_rate': 3.532083978643357e-06, 'epoch': 1.35}
{'loss': 0.5028, 'learning_rate': 3.526224127945479e-06, 'epoch': 1.35}
{'loss': 0.481, 'learning_rate': 3.520366493263554e-06, 'epoch': 1.35}
{'loss': 0.4943, 'learning_rate': 3.514511083405305e-06, 'epoch': 1.35}
{'loss': 0.4835, 'learning_rate': 3.5086579071751108e-06, 'epoch': 1.35}
{'loss': 0.475, 'learning_rate': 3.5028069733739934e-06, 'epoch': 1.35}
{'loss': 0.4647, 'learning_rate': 3.4969582907996015e-06, 'epoch': 1.36}
{'loss': 0.4417, 'learning_rate': 3.4911118682461988e-06, 'epoch': 1.36}
{'loss': 0.5012, 'learning_rate': 3.4852677145046503e-06, 'epoch': 1.36}
{'loss': 0.4637, 'learning_rate': 3.4794258383624115e-06, 'epoch': 1.36}
{'loss': 0.4621, 'learning_rate': 3.47358624860351e-06, 'epoch': 1.36}
{'loss': 0.45, 'learning_rate': 3.467748954008539e-06, 'epoch': 1.36}
{'loss': 0.4399, 'learning_rate': 3.4619139633546385e-06, 'epoch': 1.36}
{'loss': 0.5019, 'learning_rate': 3.456081285415486e-06, 'epoch': 1.36}
{'loss': 0.4745, 'learning_rate': 3.4502509289612783e-06, 'epoch': 1.36}
{'loss': 0.4948, 'learning_rate': 3.444422902758724e-06, 'epoch': 1.36}
{'loss': 0.4043, 'learning_rate': 3.4385972155710274e-06, 'epoch': 1.36}
{'loss': 0.464, 'learning_rate': 3.4327738761578764e-06, 'epoch': 1.36}
{'loss': 0.4559, 'learning_rate': 3.4269528932754277e-06, 'epoch': 1.36}
{'loss': 0.3866, 'learning_rate': 3.4211342756762945e-06, 'epoch': 1.36}
{'loss': 0.46, 'learning_rate': 3.415318032109535e-06, 'epoch': 1.36}
{'loss': 0.4662, 'learning_rate': 3.409504171320637e-06, 'epoch': 1.36}
{'loss': 0.4046, 'learning_rate': 3.403692702051503e-06, 'epoch': 1.37}
{'loss': 0.4462, 'learning_rate': 3.3978836330404453e-06, 'epoch': 1.37}
{'loss': 0.453, 'learning_rate': 3.3920769730221604e-06, 'epoch': 1.37}
{'loss': 0.4628, 'learning_rate': 3.3862727307277267e-06, 'epoch': 1.37}
{'loss': 0.498, 'learning_rate': 3.380470914884586e-06, 'epoch': 1.37}
{'loss': 0.4971, 'learning_rate': 3.3746715342165325e-06, 'epoch': 1.37}
{'loss': 0.4804, 'learning_rate': 3.3688745974436976e-06, 'epoch': 1.37}
{'loss': 0.4438, 'learning_rate': 3.3630801132825395e-06, 'epoch': 1.37}
{'loss': 0.4385, 'learning_rate': 3.3572880904458267e-06, 'epoch': 1.37}
{'loss': 0.4201, 'learning_rate': 3.351498537642628e-06, 'epoch': 1.37}
{'loss': 0.4807, 'learning_rate': 3.345711463578297e-06, 'epoch': 1.37}
{'loss': 0.4164, 'learning_rate': 3.3399268769544635e-06, 'epoch': 1.37}
{'loss': 0.4717, 'learning_rate': 3.3341447864690123e-06, 'epoch': 1.37}
{'loss': 0.4438, 'learning_rate': 3.328365200816077e-06, 'epoch': 1.37}
{'loss': 0.4947, 'learning_rate': 3.322588128686027e-06, 'epoch': 1.37}
{'loss': 0.4388, 'learning_rate': 3.3168135787654493e-06, 'epoch': 1.37}
{'loss': 0.4049, 'learning_rate': 3.311041559737139e-06, 'epoch': 1.38}
{'loss': 0.4858, 'learning_rate': 3.3052720802800887e-06, 'epoch': 1.38}
{'loss': 0.5159, 'learning_rate': 3.2995051490694676e-06, 'epoch': 1.38}
{'loss': 0.5337, 'learning_rate': 3.2937407747766155e-06, 'epoch': 1.38}
{'loss': 0.483, 'learning_rate': 3.2879789660690288e-06, 'epoch': 1.38}
{'loss': 0.4915, 'learning_rate': 3.282219731610346e-06, 'epoch': 1.38}
{'loss': 0.3972, 'learning_rate': 3.2764630800603314e-06, 'epoch': 1.38}
{'loss': 0.5591, 'learning_rate': 3.2707090200748696e-06, 'epoch': 1.38}
{'loss': 0.4424, 'learning_rate': 3.264957560305947e-06, 'epoch': 1.38}
{'loss': 0.4907, 'learning_rate': 3.2592087094016395e-06, 'epoch': 1.38}
{'loss': 0.4524, 'learning_rate': 3.2534624760061013e-06, 'epoch': 1.38}
{'loss': 0.5333, 'learning_rate': 3.2477188687595506e-06, 'epoch': 1.38}
{'loss': 0.4723, 'learning_rate': 3.2419778962982563e-06, 'epoch': 1.38}
{'loss': 0.4566, 'learning_rate': 3.236239567254526e-06, 'epoch': 1.38}
{'loss': 0.4148, 'learning_rate': 3.230503890256693e-06, 'epoch': 1.38}
{'loss': 0.4629, 'learning_rate': 3.2247708739291017e-06, 'epoch': 1.38}
{'loss': 0.456, 'learning_rate': 3.2190405268920983e-06, 'epoch': 1.39}
{'loss': 0.4429, 'learning_rate': 3.213312857762011e-06, 'epoch': 1.39}
{'loss': 0.5055, 'learning_rate': 3.2075878751511447e-06, 'epoch': 1.39}
{'loss': 0.4753, 'learning_rate': 3.201865587667765e-06, 'epoch': 1.39}
{'loss': 0.4397, 'learning_rate': 3.1961460039160842e-06, 'epoch': 1.39}
{'loss': 0.5821, 'learning_rate': 3.1904291324962476e-06, 'epoch': 1.39}
{'loss': 0.4602, 'learning_rate': 3.184714982004325e-06, 'epoch': 1.39}
{'loss': 0.513, 'learning_rate': 3.179003561032293e-06, 'epoch': 1.39}
{'loss': 0.4178, 'learning_rate': 3.173294878168025e-06, 'epoch': 1.39}
{'loss': 0.4606, 'learning_rate': 3.1675889419952764e-06, 'epoch': 1.39}
{'loss': 0.4365, 'learning_rate': 3.1618857610936743e-06, 'epoch': 1.39}
{'loss': 0.4763, 'learning_rate': 3.1561853440387e-06, 'epoch': 1.39}
{'loss': 0.4973, 'learning_rate': 3.150487699401681e-06, 'epoch': 1.39}
{'loss': 0.4973, 'learning_rate': 3.144792835749776e-06, 'epoch': 1.39}
{'loss': 0.4779, 'learning_rate': 3.139100761645961e-06, 'epoch': 1.39}
{'loss': 0.4992, 'learning_rate': 3.1334114856490203e-06, 'epoch': 1.39}
{'loss': 0.4003, 'learning_rate': 3.1277250163135274e-06, 'epoch': 1.4}
{'loss': 0.5071, 'learning_rate': 3.122041362189838e-06, 'epoch': 1.4}
{'loss': 0.5158, 'learning_rate': 3.116360531824074e-06, 'epoch': 1.4}
{'loss': 0.4652, 'learning_rate': 3.1106825337581116e-06, 'epoch': 1.4}
{'loss': 0.4466, 'learning_rate': 3.1050073765295675e-06, 'epoch': 1.4}
{'loss': 0.4914, 'learning_rate': 3.099335068671787e-06, 'epoch': 1.4}
{'loss': 0.4737, 'learning_rate': 3.0936656187138312e-06, 'epoch': 1.4}
{'loss': 0.46, 'learning_rate': 3.0879990351804658e-06, 'epoch': 1.4}
{'loss': 0.4892, 'learning_rate': 3.0823353265921422e-06, 'epoch': 1.4}
{'loss': 0.4671, 'learning_rate': 3.076674501464994e-06, 'epoch': 1.4}
{'loss': 0.4677, 'learning_rate': 3.0710165683108156e-06, 'epoch': 1.4}
{'loss': 0.4993, 'learning_rate': 3.0653615356370537e-06, 'epoch': 1.4}
{'loss': 0.4705, 'learning_rate': 3.0597094119467953e-06, 'epoch': 1.4}
{'loss': 0.4528, 'learning_rate': 3.0540602057387504e-06, 'epoch': 1.4}
{'loss': 0.4374, 'learning_rate': 3.048413925507245e-06, 'epoch': 1.4}
{'loss': 0.4463, 'learning_rate': 3.0427705797422046e-06, 'epoch': 1.4}
{'loss': 0.4931, 'learning_rate': 3.0371301769291417e-06, 'epoch': 1.41}
{'loss': 0.4232, 'learning_rate': 3.031492725549143e-06, 'epoch': 1.41}
{'loss': 0.5245, 'learning_rate': 3.02585823407886e-06, 'epoch': 1.41}
{'loss': 0.502, 'learning_rate': 3.020226710990492e-06, 'epoch': 1.41}
{'loss': 0.4734, 'learning_rate': 3.014598164751774e-06, 'epoch': 1.41}
{'loss': 0.4806, 'learning_rate': 3.008972603825967e-06, 'epoch': 1.41}
{'loss': 0.4298, 'learning_rate': 3.0033500366718415e-06, 'epoch': 1.41}
{'loss': 0.5315, 'learning_rate': 2.997730471743667e-06, 'epoch': 1.41}
{'loss': 0.4369, 'learning_rate': 2.9921139174911996e-06, 'epoch': 1.41}
{'loss': 0.4583, 'learning_rate': 2.986500382359667e-06, 'epoch': 1.41}
{'loss': 0.3853, 'learning_rate': 2.980889874789758e-06, 'epoch': 1.41}
{'loss': 0.4239, 'learning_rate': 2.9752824032176086e-06, 'epoch': 1.41}
{'loss': 0.4193, 'learning_rate': 2.9696779760747907e-06, 'epoch': 1.41}
{'loss': 0.4156, 'learning_rate': 2.964076601788298e-06, 'epoch': 1.41}
{'loss': 0.4697, 'learning_rate': 2.958478288780533e-06, 'epoch': 1.41}
{'loss': 0.4043, 'learning_rate': 2.952883045469297e-06, 'epoch': 1.41}
{'loss': 0.5499, 'learning_rate': 2.9472908802677747e-06, 'epoch': 1.42}
{'loss': 0.4941, 'learning_rate': 2.941701801584521e-06, 'epoch': 1.42}
{'loss': 0.4026, 'learning_rate': 2.9361158178234526e-06, 'epoch': 1.42}
{'loss': 0.5244, 'learning_rate': 2.930532937383831e-06, 'epoch': 1.42}
{'loss': 0.5074, 'learning_rate': 2.9249531686602506e-06, 'epoch': 1.42}
{'loss': 0.4799, 'learning_rate': 2.919376520042628e-06, 'epoch': 1.42}
{'loss': 0.5328, 'learning_rate': 2.9138029999161876e-06, 'epoch': 1.42}
{'loss': 0.5552, 'learning_rate': 2.9082326166614532e-06, 'epoch': 1.42}
{'loss': 0.4645, 'learning_rate': 2.9026653786542277e-06, 'epoch': 1.42}
{'loss': 0.4927, 'learning_rate': 2.897101294265583e-06, 'epoch': 1.42}
{'loss': 0.4938, 'learning_rate': 2.8915403718618562e-06, 'epoch': 1.42}
{'loss': 0.473, 'learning_rate': 2.8859826198046226e-06, 'epoch': 1.42}
{'loss': 0.4447, 'learning_rate': 2.880428046450697e-06, 'epoch': 1.42}
{'loss': 0.4255, 'learning_rate': 2.8748766601521083e-06, 'epoch': 1.42}
{'loss': 0.5515, 'learning_rate': 2.869328469256099e-06, 'epoch': 1.42}
{'loss': 0.4507, 'learning_rate': 2.8637834821051016e-06, 'epoch': 1.42}
{'loss': 0.3965, 'learning_rate': 2.8582417070367365e-06, 'epoch': 1.43}
{'loss': 0.5297, 'learning_rate': 2.8527031523837887e-06, 'epoch': 1.43}
{'loss': 0.4415, 'learning_rate': 2.8471678264742076e-06, 'epoch': 1.43}
{'loss': 0.4581, 'learning_rate': 2.8416357376310823e-06, 'epoch': 1.43}
{'loss': 0.4192, 'learning_rate': 2.8361068941726334e-06, 'epoch': 1.43}
{'loss': 0.4851, 'learning_rate': 2.83058130441221e-06, 'epoch': 1.43}
{'loss': 0.4814, 'learning_rate': 2.8250589766582582e-06, 'epoch': 1.43}
{'loss': 0.5132, 'learning_rate': 2.8195399192143293e-06, 'epoch': 1.43}
{'loss': 0.4311, 'learning_rate': 2.814024140379048e-06, 'epoch': 1.43}
{'loss': 0.4322, 'learning_rate': 2.8085116484461176e-06, 'epoch': 1.43}
{'loss': 0.4574, 'learning_rate': 2.8030024517042907e-06, 'epoch': 1.43}
{'loss': 0.4707, 'learning_rate': 2.7974965584373747e-06, 'epoch': 1.43}
{'loss': 0.5112, 'learning_rate': 2.7919939769242018e-06, 'epoch': 1.43}
{'loss': 0.4136, 'learning_rate': 2.7864947154386245e-06, 'epoch': 1.43}
{'loss': 0.5451, 'learning_rate': 2.780998782249512e-06, 'epoch': 1.43}
{'loss': 0.4156, 'learning_rate': 2.775506185620718e-06, 'epoch': 1.43}
{'loss': 0.4905, 'learning_rate': 2.770016933811087e-06, 'epoch': 1.44}
{'loss': 0.4143, 'learning_rate': 2.7645310350744296e-06, 'epoch': 1.44}
{'loss': 0.4689, 'learning_rate': 2.75904849765952e-06, 'epoch': 1.44}
{'loss': 0.4723, 'learning_rate': 2.7535693298100695e-06, 'epoch': 1.44}
{'loss': 0.4508, 'learning_rate': 2.7480935397647322e-06, 'epoch': 1.44}
{'loss': 0.474, 'learning_rate': 2.7426211357570763e-06, 'epoch': 1.44}
{'loss': 0.5233, 'learning_rate': 2.737152126015584e-06, 'epoch': 1.44}
{'loss': 0.4535, 'learning_rate': 2.73168651876363e-06, 'epoch': 1.44}
{'loss': 0.4525, 'learning_rate': 2.7262243222194728e-06, 'epoch': 1.44}
{'loss': 0.4593, 'learning_rate': 2.7207655445962424e-06, 'epoch': 1.44}
{'loss': 0.4452, 'learning_rate': 2.715310194101933e-06, 'epoch': 1.44}
{'loss': 0.5259, 'learning_rate': 2.709858278939381e-06, 'epoch': 1.44}
{'loss': 0.4358, 'learning_rate': 2.704409807306254e-06, 'epoch': 1.44}
{'loss': 0.4398, 'learning_rate': 2.6989647873950525e-06, 'epoch': 1.44}
{'loss': 0.4787, 'learning_rate': 2.693523227393075e-06, 'epoch': 1.44}
{'loss': 0.5107, 'learning_rate': 2.6880851354824277e-06, 'epoch': 1.44}
{'loss': 0.5335, 'learning_rate': 2.6826505198399923e-06, 'epoch': 1.45}
{'loss': 0.4656, 'learning_rate': 2.677219388637434e-06, 'epoch': 1.45}
{'loss': 0.5267, 'learning_rate': 2.6717917500411674e-06, 'epoch': 1.45}
{'loss': 0.4967, 'learning_rate': 2.666367612212367e-06, 'epoch': 1.45}
{'loss': 0.4178, 'learning_rate': 2.6609469833069335e-06, 'epoch': 1.45}
{'loss': 0.4314, 'learning_rate': 2.6555298714754983e-06, 'epoch': 1.45}
{'loss': 0.4371, 'learning_rate': 2.6501162848634023e-06, 'epoch': 1.45}
{'loss': 0.3826, 'learning_rate': 2.644706231610681e-06, 'epoch': 1.45}
{'loss': 0.4394, 'learning_rate': 2.6392997198520662e-06, 'epoch': 1.45}
{'loss': 0.4236, 'learning_rate': 2.633896757716956e-06, 'epoch': 1.45}
{'loss': 0.4457, 'learning_rate': 2.6284973533294195e-06, 'epoch': 1.45}
{'loss': 0.5565, 'learning_rate': 2.623101514808166e-06, 'epoch': 1.45}
{'loss': 0.4412, 'learning_rate': 2.6177092502665547e-06, 'epoch': 1.45}
{'loss': 0.5001, 'learning_rate': 2.6123205678125597e-06, 'epoch': 1.45}
{'loss': 0.4578, 'learning_rate': 2.6069354755487774e-06, 'epoch': 1.45}
{'loss': 0.4338, 'learning_rate': 2.601553981572402e-06, 'epoch': 1.45}
{'loss': 0.4983, 'learning_rate': 2.5961760939752155e-06, 'epoch': 1.46}
{'loss': 0.4294, 'learning_rate': 2.5908018208435835e-06, 'epoch': 1.46}
{'loss': 0.4401, 'learning_rate': 2.585431170258429e-06, 'epoch': 1.46}
{'loss': 0.4328, 'learning_rate': 2.5800641502952357e-06, 'epoch': 1.46}
{'loss': 0.4821, 'learning_rate': 2.57470076902402e-06, 'epoch': 1.46}
{'loss': 0.4382, 'learning_rate': 2.569341034509335e-06, 'epoch': 1.46}
{'loss': 0.5452, 'learning_rate': 2.563984954810245e-06, 'epoch': 1.46}
{'loss': 0.5026, 'learning_rate': 2.5586325379803213e-06, 'epoch': 1.46}
{'loss': 0.4397, 'learning_rate': 2.5532837920676257e-06, 'epoch': 1.46}
{'loss': 0.5628, 'learning_rate': 2.5479387251147047e-06, 'epoch': 1.46}
{'loss': 0.4358, 'learning_rate': 2.5425973451585667e-06, 'epoch': 1.46}
{'loss': 0.4844, 'learning_rate': 2.537259660230679e-06, 'epoch': 1.46}
{'loss': 0.5209, 'learning_rate': 2.531925678356956e-06, 'epoch': 1.46}
{'loss': 0.4541, 'learning_rate': 2.526595407557738e-06, 'epoch': 1.46}
{'loss': 0.4429, 'learning_rate': 2.521268855847792e-06, 'epoch': 1.46}
{'loss': 0.4213, 'learning_rate': 2.515946031236286e-06, 'epoch': 1.46}
{'loss': 0.3924, 'learning_rate': 2.510626941726791e-06, 'epoch': 1.47}
{'loss': 0.4716, 'learning_rate': 2.5053115953172534e-06, 'epoch': 1.47}
{'loss': 0.4767, 'learning_rate': 2.5000000000000015e-06, 'epoch': 1.47}
{'loss': 0.535, 'learning_rate': 2.494692163761712e-06, 'epoch': 1.47}
{'loss': 0.4763, 'learning_rate': 2.48938809458342e-06, 'epoch': 1.47}
{'loss': 0.4928, 'learning_rate': 2.4840878004404888e-06, 'epoch': 1.47}
{'loss': 0.3551, 'learning_rate': 2.478791289302607e-06, 'epoch': 1.47}
{'loss': 0.4988, 'learning_rate': 2.4734985691337803e-06, 'epoch': 1.47}
{'loss': 0.4448, 'learning_rate': 2.468209647892305e-06, 'epoch': 1.47}
{'loss': 0.4908, 'learning_rate': 2.462924533530774e-06, 'epoch': 1.47}
{'loss': 0.5093, 'learning_rate': 2.457643233996049e-06, 'epoch': 1.47}
{'loss': 0.5564, 'learning_rate': 2.452365757229262e-06, 'epoch': 1.47}
{'loss': 0.4463, 'learning_rate': 2.4470921111657907e-06, 'epoch': 1.47}
{'loss': 0.4259, 'learning_rate': 2.441822303735259e-06, 'epoch': 1.47}
{'loss': 0.4501, 'learning_rate': 2.436556342861514e-06, 'epoch': 1.47}
{'loss': 0.4631, 'learning_rate': 2.4312942364626195e-06, 'epoch': 1.47}
{'loss': 0.437, 'learning_rate': 2.426035992450848e-06, 'epoch': 1.48}
{'loss': 0.4688, 'learning_rate': 2.420781618732658e-06, 'epoch': 1.48}
{'loss': 0.4112, 'learning_rate': 2.415531123208695e-06, 'epoch': 1.48}
{'loss': 0.4104, 'learning_rate': 2.4102845137737668e-06, 'epoch': 1.48}
{'loss': 0.4453, 'learning_rate': 2.4050417983168437e-06, 'epoch': 1.48}
{'loss': 0.4963, 'learning_rate': 2.3998029847210365e-06, 'epoch': 1.48}
{'loss': 0.4701, 'learning_rate': 2.394568080863592e-06, 'epoch': 1.48}
{'loss': 0.5112, 'learning_rate': 2.3893370946158758e-06, 'epoch': 1.48}
{'loss': 0.4975, 'learning_rate': 2.3841100338433658e-06, 'epoch': 1.48}
{'loss': 0.4484, 'learning_rate': 2.378886906405635e-06, 'epoch': 1.48}
{'loss': 0.5137, 'learning_rate': 2.3736677201563403e-06, 'epoch': 1.48}
{'loss': 0.4215, 'learning_rate': 2.368452482943219e-06, 'epoch': 1.48}
{'loss': 0.4445, 'learning_rate': 2.3632412026080628e-06, 'epoch': 1.48}
{'loss': 0.3896, 'learning_rate': 2.358033886986721e-06, 'epoch': 1.48}
{'loss': 0.4592, 'learning_rate': 2.3528305439090744e-06, 'epoch': 1.48}
{'loss': 0.4526, 'learning_rate': 2.347631181199037e-06, 'epoch': 1.48}
{'loss': 0.4046, 'learning_rate': 2.3424358066745316e-06, 'epoch': 1.49}
{'loss': 0.5442, 'learning_rate': 2.3372444281474914e-06, 'epoch': 1.49}
{'loss': 0.4232, 'learning_rate': 2.3320570534238333e-06, 'epoch': 1.49}
{'loss': 0.471, 'learning_rate': 2.326873690303461e-06, 'epoch': 1.49}
{'loss': 0.4668, 'learning_rate': 2.3216943465802415e-06, 'epoch': 1.49}
{'loss': 0.444, 'learning_rate': 2.316519030041998e-06, 'epoch': 1.49}
{'loss': 0.4361, 'learning_rate': 2.3113477484705033e-06, 'epoch': 1.49}
{'loss': 0.4114, 'learning_rate': 2.3061805096414563e-06, 'epoch': 1.49}
{'loss': 0.4093, 'learning_rate': 2.301017321324484e-06, 'epoch': 1.49}
{'loss': 0.4908, 'learning_rate': 2.2958581912831152e-06, 'epoch': 1.49}
{'loss': 0.4473, 'learning_rate': 2.2907031272747855e-06, 'epoch': 1.49}
{'loss': 0.4216, 'learning_rate': 2.2855521370508077e-06, 'epoch': 1.49}
{'loss': 0.4986, 'learning_rate': 2.280405228356377e-06, 'epoch': 1.49}
{'loss': 0.445, 'learning_rate': 2.275262408930547e-06, 'epoch': 1.49}
{'loss': 0.5443, 'learning_rate': 2.2701236865062197e-06, 'epoch': 1.49}
{'loss': 0.4414, 'learning_rate': 2.264989068810146e-06, 'epoch': 1.49}
{'loss': 0.4327, 'learning_rate': 2.259858563562895e-06, 'epoch': 1.5}
{'loss': 0.5135, 'learning_rate': 2.2547321784788593e-06, 'epoch': 1.5}
{'loss': 0.4891, 'learning_rate': 2.249609921266231e-06, 'epoch': 1.5}
{'loss': 0.4947, 'learning_rate': 2.2444917996270003e-06, 'epoch': 1.5}
{'loss': 0.445, 'learning_rate': 2.239377821256934e-06, 'epoch': 1.5}
{'loss': 0.424, 'learning_rate': 2.2342679938455745e-06, 'epoch': 1.5}
{'loss': 0.4244, 'learning_rate': 2.2291623250762162e-06, 'epoch': 1.5}
{'loss': 0.4531, 'learning_rate': 2.224060822625908e-06, 'epoch': 1.5}
{'loss': 0.4199, 'learning_rate': 2.2189634941654274e-06, 'epoch': 1.5}
{'loss': 0.4515, 'learning_rate': 2.2138703473592773e-06, 'epoch': 1.5}
{'loss': 0.4464, 'learning_rate': 2.2087813898656775e-06, 'epoch': 1.5}
{'loss': 0.4104, 'learning_rate': 2.203696629336542e-06, 'epoch': 1.5}
{'loss': 0.4707, 'learning_rate': 2.1986160734174807e-06, 'epoch': 1.5}
{'loss': 0.4775, 'learning_rate': 2.1935397297477732e-06, 'epoch': 1.5}
{'loss': 0.4554, 'learning_rate': 2.188467605960376e-06, 'epoch': 1.5}
{'loss': 0.4656, 'learning_rate': 2.1833997096818897e-06, 'epoch': 1.5}
{'loss': 0.5178, 'learning_rate': 2.178336048532567e-06, 'epoch': 1.51}
{'loss': 0.4494, 'learning_rate': 2.173276630126287e-06, 'epoch': 1.51}
{'loss': 0.4611, 'learning_rate': 2.1682214620705494e-06, 'epoch': 1.51}
{'loss': 0.511, 'learning_rate': 2.1631705519664675e-06, 'epoch': 1.51}
{'loss': 0.3964, 'learning_rate': 2.158123907408747e-06, 'epoch': 1.51}
{'loss': 0.3936, 'learning_rate': 2.153081535985684e-06, 'epoch': 1.51}
{'loss': 0.5692, 'learning_rate': 2.1480434452791447e-06, 'epoch': 1.51}
{'loss': 0.5068, 'learning_rate': 2.1430096428645654e-06, 'epoch': 1.51}
{'loss': 0.4825, 'learning_rate': 2.137980136310926e-06, 'epoch': 1.51}
{'loss': 0.4887, 'learning_rate': 2.132954933180755e-06, 'epoch': 1.51}
{'loss': 0.4258, 'learning_rate': 2.127934041030104e-06, 'epoch': 1.51}
{'loss': 0.4665, 'learning_rate': 2.1229174674085477e-06, 'epoch': 1.51}
{'loss': 0.4602, 'learning_rate': 2.1179052198591634e-06, 'epoch': 1.51}
{'loss': 0.4148, 'learning_rate': 2.1128973059185225e-06, 'epoch': 1.51}
{'loss': 0.4578, 'learning_rate': 2.1078937331166866e-06, 'epoch': 1.51}
{'loss': 0.5205, 'learning_rate': 2.102894508977182e-06, 'epoch': 1.51}
{'loss': 0.4843, 'learning_rate': 2.0978996410170035e-06, 'epoch': 1.52}
{'loss': 0.5177, 'learning_rate': 2.092909136746589e-06, 'epoch': 1.52}
{'loss': 0.4483, 'learning_rate': 2.087923003669822e-06, 'epoch': 1.52}
{'loss': 0.494, 'learning_rate': 2.0829412492840055e-06, 'epoch': 1.52}
{'loss': 0.4347, 'learning_rate': 2.0779638810798667e-06, 'epoch': 1.52}
{'loss': 0.499, 'learning_rate': 2.072990906541531e-06, 'epoch': 1.52}
{'loss': 0.4607, 'learning_rate': 2.0680223331465223e-06, 'epoch': 1.52}
{'loss': 0.4469, 'learning_rate': 2.063058168365743e-06, 'epoch': 1.52}
{'loss': 0.4766, 'learning_rate': 2.0580984196634662e-06, 'epoch': 1.52}
{'loss': 0.5012, 'learning_rate': 2.053143094497331e-06, 'epoch': 1.52}
{'loss': 0.481, 'learning_rate': 2.0481922003183165e-06, 'epoch': 1.52}
{'loss': 0.4272, 'learning_rate': 2.043245744570747e-06, 'epoch': 1.52}
{'loss': 0.474, 'learning_rate': 2.0383037346922667e-06, 'epoch': 1.52}
{'loss': 0.4449, 'learning_rate': 2.033366178113841e-06, 'epoch': 1.52}
{'loss': 0.4745, 'learning_rate': 2.0284330822597328e-06, 'epoch': 1.52}
{'loss': 0.4691, 'learning_rate': 2.0235044545475035e-06, 'epoch': 1.52}
{'loss': 0.418, 'learning_rate': 2.018580302387992e-06, 'epoch': 1.53}
{'loss': 0.4435, 'learning_rate': 2.0136606331853076e-06, 'epoch': 1.53}
{'loss': 0.5242, 'learning_rate': 2.008745454336824e-06, 'epoch': 1.53}
{'loss': 0.4705, 'learning_rate': 2.0038347732331547e-06, 'epoch': 1.53}
{'loss': 0.4487, 'learning_rate': 1.9989285972581595e-06, 'epoch': 1.53}
{'loss': 0.4728, 'learning_rate': 1.9940269337889164e-06, 'epoch': 1.53}
{'loss': 0.4793, 'learning_rate': 1.9891297901957235e-06, 'epoch': 1.53}
{'loss': 0.4648, 'learning_rate': 1.984237173842078e-06, 'epoch': 1.53}
{'loss': 0.518, 'learning_rate': 1.979349092084676e-06, 'epoch': 1.53}
{'loss': 0.4519, 'learning_rate': 1.9744655522733874e-06, 'epoch': 1.53}
{'loss': 0.4421, 'learning_rate': 1.9695865617512615e-06, 'epoch': 1.53}
{'loss': 0.4894, 'learning_rate': 1.9647121278544996e-06, 'epoch': 1.53}
{'loss': 0.4329, 'learning_rate': 1.9598422579124537e-06, 'epoch': 1.53}
{'loss': 0.4602, 'learning_rate': 1.954976959247617e-06, 'epoch': 1.53}
{'loss': 0.4561, 'learning_rate': 1.950116239175603e-06, 'epoch': 1.53}
{'loss': 0.5928, 'learning_rate': 1.9452601050051473e-06, 'epoch': 1.53}
{'loss': 0.4624, 'learning_rate': 1.9404085640380833e-06, 'epoch': 1.54}
{'loss': 0.4538, 'learning_rate': 1.935561623569344e-06, 'epoch': 1.54}
{'loss': 0.4371, 'learning_rate': 1.93071929088694e-06, 'epoch': 1.54}
{'loss': 0.4731, 'learning_rate': 1.925881573271958e-06, 'epoch': 1.54}
{'loss': 0.3861, 'learning_rate': 1.9210484779985403e-06, 'epoch': 1.54}
{'loss': 0.4375, 'learning_rate': 1.9162200123338853e-06, 'epoch': 1.54}
{'loss': 0.4479, 'learning_rate': 1.911396183538223e-06, 'epoch': 1.54}
{'loss': 0.4484, 'learning_rate': 1.9065769988648152e-06, 'epoch': 1.54}
{'loss': 0.4315, 'learning_rate': 1.9017624655599426e-06, 'epoch': 1.54}
{'loss': 0.4879, 'learning_rate': 1.896952590862886e-06, 'epoch': 1.54}
{'loss': 0.4255, 'learning_rate': 1.8921473820059284e-06, 'epoch': 1.54}
{'loss': 0.4819, 'learning_rate': 1.8873468462143307e-06, 'epoch': 1.54}
{'loss': 0.5326, 'learning_rate': 1.8825509907063328e-06, 'epoch': 1.54}
{'loss': 0.3909, 'learning_rate': 1.8777598226931315e-06, 'epoch': 1.54}
{'loss': 0.4789, 'learning_rate': 1.8729733493788822e-06, 'epoch': 1.54}
{'loss': 0.4839, 'learning_rate': 1.8681915779606751e-06, 'epoch': 1.54}
{'loss': 0.4523, 'learning_rate': 1.8634145156285311e-06, 'epoch': 1.55}
{'loss': 0.3807, 'learning_rate': 1.8586421695653956e-06, 'epoch': 1.55}
{'loss': 0.4467, 'learning_rate': 1.8538745469471153e-06, 'epoch': 1.55}
{'loss': 0.4541, 'learning_rate': 1.8491116549424414e-06, 'epoch': 1.55}
{'loss': 0.4593, 'learning_rate': 1.8443535007130058e-06, 'epoch': 1.55}
{'loss': 0.4605, 'learning_rate': 1.8396000914133228e-06, 'epoch': 1.55}
{'loss': 0.4446, 'learning_rate': 1.8348514341907654e-06, 'epoch': 1.55}
{'loss': 0.3844, 'learning_rate': 1.8301075361855674e-06, 'epoch': 1.55}
{'loss': 0.3871, 'learning_rate': 1.8253684045308007e-06, 'epoch': 1.55}
{'loss': 0.4212, 'learning_rate': 1.820634046352377e-06, 'epoch': 1.55}
{'loss': 0.4961, 'learning_rate': 1.8159044687690248e-06, 'epoch': 1.55}
{'loss': 0.4756, 'learning_rate': 1.8111796788922847e-06, 'epoch': 1.55}
{'loss': 0.4341, 'learning_rate': 1.8064596838265036e-06, 'epoch': 1.55}
{'loss': 0.4609, 'learning_rate': 1.8017444906688114e-06, 'epoch': 1.55}
{'loss': 0.4454, 'learning_rate': 1.7970341065091246e-06, 'epoch': 1.55}
{'loss': 0.4685, 'learning_rate': 1.792328538430123e-06, 'epoch': 1.55}
{'loss': 0.5307, 'learning_rate': 1.7876277935072505e-06, 'epoch': 1.56}
{'loss': 0.5268, 'learning_rate': 1.7829318788086923e-06, 'epoch': 1.56}
{'loss': 0.5156, 'learning_rate': 1.7782408013953773e-06, 'epoch': 1.56}
{'loss': 0.496, 'learning_rate': 1.773554568320956e-06, 'epoch': 1.56}
{'loss': 0.45, 'learning_rate': 1.768873186631795e-06, 'epoch': 1.56}
{'loss': 0.4762, 'learning_rate': 1.7641966633669705e-06, 'epoch': 1.56}
{'loss': 0.4023, 'learning_rate': 1.7595250055582475e-06, 'epoch': 1.56}
{'loss': 0.5074, 'learning_rate': 1.7548582202300819e-06, 'epoch': 1.56}
{'loss': 0.4655, 'learning_rate': 1.750196314399596e-06, 'epoch': 1.56}
{'loss': 0.4589, 'learning_rate': 1.7455392950765815e-06, 'epoch': 1.56}
{'loss': 0.4425, 'learning_rate': 1.740887169263477e-06, 'epoch': 1.56}
{'loss': 0.5212, 'learning_rate': 1.7362399439553695e-06, 'epoch': 1.56}
{'loss': 0.426, 'learning_rate': 1.7315976261399698e-06, 'epoch': 1.56}
{'loss': 0.3758, 'learning_rate': 1.7269602227976167e-06, 'epoch': 1.56}
{'loss': 0.4881, 'learning_rate': 1.7223277409012556e-06, 'epoch': 1.56}
{'loss': 0.4599, 'learning_rate': 1.71770018741643e-06, 'epoch': 1.56}
{'loss': 0.4655, 'learning_rate': 1.713077569301279e-06, 'epoch': 1.57}
{'loss': 0.5023, 'learning_rate': 1.7084598935065144e-06, 'epoch': 1.57}
{'loss': 0.4486, 'learning_rate': 1.7038471669754225e-06, 'epoch': 1.57}
{'loss': 0.5117, 'learning_rate': 1.699239396643841e-06, 'epoch': 1.57}
{'loss': 0.5566, 'learning_rate': 1.6946365894401623e-06, 'epoch': 1.57}
{'loss': 0.429, 'learning_rate': 1.6900387522853096e-06, 'epoch': 1.57}
{'loss': 0.4129, 'learning_rate': 1.6854458920927391e-06, 'epoch': 1.57}
{'loss': 0.4605, 'learning_rate': 1.6808580157684174e-06, 'epoch': 1.57}
{'loss': 0.3968, 'learning_rate': 1.6762751302108237e-06, 'epoch': 1.57}
{'loss': 0.4078, 'learning_rate': 1.6716972423109273e-06, 'epoch': 1.57}
{'loss': 0.4202, 'learning_rate': 1.667124358952184e-06, 'epoch': 1.57}
{'loss': 0.4431, 'learning_rate': 1.6625564870105282e-06, 'epoch': 1.57}
{'loss': 0.3859, 'learning_rate': 1.6579936333543538e-06, 'epoch': 1.57}
{'loss': 0.5032, 'learning_rate': 1.6534358048445153e-06, 'epoch': 1.57}
{'loss': 0.4144, 'learning_rate': 1.6488830083343033e-06, 'epoch': 1.57}
{'loss': 0.4681, 'learning_rate': 1.6443352506694498e-06, 'epoch': 1.57}
{'loss': 0.4355, 'learning_rate': 1.6397925386881048e-06, 'epoch': 1.58}
{'loss': 0.447, 'learning_rate': 1.6352548792208356e-06, 'epoch': 1.58}
{'loss': 0.5044, 'learning_rate': 1.6307222790906092e-06, 'epoch': 1.58}
{'loss': 0.494, 'learning_rate': 1.626194745112784e-06, 'epoch': 1.58}
{'loss': 0.4337, 'learning_rate': 1.6216722840951077e-06, 'epoch': 1.58}
{'loss': 0.4663, 'learning_rate': 1.6171549028376909e-06, 'epoch': 1.58}
{'loss': 0.4921, 'learning_rate': 1.6126426081330149e-06, 'epoch': 1.58}
{'loss': 0.428, 'learning_rate': 1.608135406765905e-06, 'epoch': 1.58}
{'loss': 0.4518, 'learning_rate': 1.6036333055135345e-06, 'epoch': 1.58}
{'loss': 0.5086, 'learning_rate': 1.5991363111454023e-06, 'epoch': 1.58}
{'loss': 0.494, 'learning_rate': 1.5946444304233343e-06, 'epoch': 1.58}
{'loss': 0.4934, 'learning_rate': 1.5901576701014604e-06, 'epoch': 1.58}
{'loss': 0.4667, 'learning_rate': 1.5856760369262191e-06, 'epoch': 1.58}
{'loss': 0.5637, 'learning_rate': 1.5811995376363343e-06, 'epoch': 1.58}
{'loss': 0.4736, 'learning_rate': 1.5767281789628086e-06, 'epoch': 1.58}
{'loss': 0.4638, 'learning_rate': 1.572261967628923e-06, 'epoch': 1.58}
{'loss': 0.4397, 'learning_rate': 1.5678009103502095e-06, 'epoch': 1.59}
{'loss': 0.4464, 'learning_rate': 1.5633450138344592e-06, 'epoch': 1.59}
{'loss': 0.4705, 'learning_rate': 1.558894284781694e-06, 'epoch': 1.59}
{'loss': 0.4824, 'learning_rate': 1.5544487298841753e-06, 'epoch': 1.59}
{'loss': 0.4313, 'learning_rate': 1.5500083558263763e-06, 'epoch': 1.59}
{'loss': 0.418, 'learning_rate': 1.5455731692849862e-06, 'epoch': 1.59}
{'loss': 0.4675, 'learning_rate': 1.541143176928891e-06, 'epoch': 1.59}
{'loss': 0.4764, 'learning_rate': 1.5367183854191648e-06, 'epoch': 1.59}
{'loss': 0.4649, 'learning_rate': 1.5322988014090673e-06, 'epoch': 1.59}
{'loss': 0.4615, 'learning_rate': 1.5278844315440217e-06, 'epoch': 1.59}
{'loss': 0.509, 'learning_rate': 1.5234752824616167e-06, 'epoch': 1.59}
{'loss': 0.4815, 'learning_rate': 1.5190713607915852e-06, 'epoch': 1.59}
{'loss': 0.4905, 'learning_rate': 1.514672673155806e-06, 'epoch': 1.59}
{'loss': 0.4341, 'learning_rate': 1.5102792261682813e-06, 'epoch': 1.59}
{'loss': 0.436, 'learning_rate': 1.5058910264351406e-06, 'epoch': 1.59}
{'loss': 0.4596, 'learning_rate': 1.5015080805546162e-06, 'epoch': 1.59}
{'loss': 0.4894, 'learning_rate': 1.4971303951170473e-06, 'epoch': 1.6}
{'loss': 0.5327, 'learning_rate': 1.4927579767048578e-06, 'epoch': 1.6}
{'loss': 0.507, 'learning_rate': 1.4883908318925528e-06, 'epoch': 1.6}
{'loss': 0.4416, 'learning_rate': 1.4840289672467128e-06, 'epoch': 1.6}
{'loss': 0.4901, 'learning_rate': 1.4796723893259712e-06, 'epoch': 1.6}
{'loss': 0.4419, 'learning_rate': 1.4753211046810206e-06, 'epoch': 1.6}
{'loss': 0.4849, 'learning_rate': 1.4709751198545858e-06, 'epoch': 1.6}
{'loss': 0.4416, 'learning_rate': 1.4666344413814303e-06, 'epoch': 1.6}
{'loss': 0.4943, 'learning_rate': 1.4622990757883337e-06, 'epoch': 1.6}
{'loss': 0.4898, 'learning_rate': 1.457969029594089e-06, 'epoch': 1.6}
{'loss': 0.3988, 'learning_rate': 1.4536443093094887e-06, 'epoch': 1.6}
{'loss': 0.4686, 'learning_rate': 1.4493249214373224e-06, 'epoch': 1.6}
{'loss': 0.5572, 'learning_rate': 1.4450108724723538e-06, 'epoch': 1.6}
{'loss': 0.4668, 'learning_rate': 1.4407021689013274e-06, 'epoch': 1.6}
{'loss': 0.3979, 'learning_rate': 1.4363988172029419e-06, 'epoch': 1.6}
{'loss': 0.4775, 'learning_rate': 1.4321008238478573e-06, 'epoch': 1.6}
{'loss': 0.4561, 'learning_rate': 1.4278081952986694e-06, 'epoch': 1.61}
{'loss': 0.4607, 'learning_rate': 1.4235209380099092e-06, 'epoch': 1.61}
{'loss': 0.4546, 'learning_rate': 1.4192390584280347e-06, 'epoch': 1.61}
{'loss': 0.4926, 'learning_rate': 1.4149625629914132e-06, 'epoch': 1.61}
{'loss': 0.4131, 'learning_rate': 1.4106914581303199e-06, 'epoch': 1.61}
{'loss': 0.4855, 'learning_rate': 1.4064257502669215e-06, 'epoch': 1.61}
{'loss': 0.4771, 'learning_rate': 1.4021654458152735e-06, 'epoch': 1.61}
{'loss': 0.4521, 'learning_rate': 1.3979105511813002e-06, 'epoch': 1.61}
{'loss': 0.4013, 'learning_rate': 1.3936610727628003e-06, 'epoch': 1.61}
{'loss': 0.4834, 'learning_rate': 1.3894170169494192e-06, 'epoch': 1.61}
{'loss': 0.5011, 'learning_rate': 1.3851783901226578e-06, 'epoch': 1.61}
{'loss': 0.4653, 'learning_rate': 1.3809451986558464e-06, 'epoch': 1.61}
{'loss': 0.4234, 'learning_rate': 1.376717448914145e-06, 'epoch': 1.61}
{'loss': 0.4996, 'learning_rate': 1.3724951472545339e-06, 'epoch': 1.61}
{'loss': 0.53, 'learning_rate': 1.3682783000257965e-06, 'epoch': 1.61}
{'loss': 0.4536, 'learning_rate': 1.3640669135685202e-06, 'epoch': 1.61}
{'loss': 0.4701, 'learning_rate': 1.3598609942150765e-06, 'epoch': 1.62}
{'loss': 0.4204, 'learning_rate': 1.3556605482896207e-06, 'epoch': 1.62}
{'loss': 0.5203, 'learning_rate': 1.3514655821080735e-06, 'epoch': 1.62}
{'loss': 0.4991, 'learning_rate': 1.3472761019781217e-06, 'epoch': 1.62}
{'loss': 0.428, 'learning_rate': 1.3430921141991977e-06, 'epoch': 1.62}
{'loss': 0.4571, 'learning_rate': 1.3389136250624767e-06, 'epoch': 1.62}
{'loss': 0.4152, 'learning_rate': 1.3347406408508695e-06, 'epoch': 1.62}
{'loss': 0.4186, 'learning_rate': 1.330573167839005e-06, 'epoch': 1.62}
{'loss': 0.4949, 'learning_rate': 1.3264112122932294e-06, 'epoch': 1.62}
{'loss': 0.4492, 'learning_rate': 1.3222547804715874e-06, 'epoch': 1.62}
{'loss': 0.433, 'learning_rate': 1.3181038786238247e-06, 'epoch': 1.62}
{'loss': 0.492, 'learning_rate': 1.3139585129913651e-06, 'epoch': 1.62}
{'loss': 0.4773, 'learning_rate': 1.3098186898073146e-06, 'epoch': 1.62}
{'loss': 0.473, 'learning_rate': 1.3056844152964388e-06, 'epoch': 1.62}
{'loss': 0.4831, 'learning_rate': 1.3015556956751669e-06, 'epoch': 1.62}
{'loss': 0.4084, 'learning_rate': 1.29743253715157e-06, 'epoch': 1.62}
{'loss': 0.4018, 'learning_rate': 1.293314945925358e-06, 'epoch': 1.63}
{'loss': 0.5103, 'learning_rate': 1.2892029281878748e-06, 'epoch': 1.63}
{'loss': 0.5285, 'learning_rate': 1.2850964901220765e-06, 'epoch': 1.63}
{'loss': 0.4269, 'learning_rate': 1.2809956379025363e-06, 'epoch': 1.63}
{'loss': 0.4837, 'learning_rate': 1.2769003776954225e-06, 'epoch': 1.63}
{'loss': 0.5216, 'learning_rate': 1.2728107156585e-06, 'epoch': 1.63}
{'loss': 0.4688, 'learning_rate': 1.2687266579411113e-06, 'epoch': 1.63}
{'loss': 0.4743, 'learning_rate': 1.2646482106841772e-06, 'epoch': 1.63}
{'loss': 0.44, 'learning_rate': 1.2605753800201792e-06, 'epoch': 1.63}
{'loss': 0.52, 'learning_rate': 1.2565081720731514e-06, 'epoch': 1.63}
{'loss': 0.4463, 'learning_rate': 1.2524465929586805e-06, 'epoch': 1.63}
{'loss': 0.495, 'learning_rate': 1.2483906487838809e-06, 'epoch': 1.63}
{'loss': 0.4836, 'learning_rate': 1.2443403456474017e-06, 'epoch': 1.63}
{'loss': 0.4398, 'learning_rate': 1.2402956896394041e-06, 'epoch': 1.63}
{'loss': 0.4601, 'learning_rate': 1.2362566868415632e-06, 'epoch': 1.63}
{'loss': 0.4879, 'learning_rate': 1.232223343327048e-06, 'epoch': 1.63}
{'loss': 0.5031, 'learning_rate': 1.2281956651605248e-06, 'epoch': 1.64}
{'loss': 0.3966, 'learning_rate': 1.2241736583981345e-06, 'epoch': 1.64}
{'loss': 0.5034, 'learning_rate': 1.2201573290874963e-06, 'epoch': 1.64}
{'loss': 0.4665, 'learning_rate': 1.2161466832676888e-06, 'epoch': 1.64}
{'loss': 0.5064, 'learning_rate': 1.2121417269692437e-06, 'epoch': 1.64}
{'loss': 0.4585, 'learning_rate': 1.2081424662141429e-06, 'epoch': 1.64}
{'loss': 0.3928, 'learning_rate': 1.204148907015798e-06, 'epoch': 1.64}
{'loss': 0.4813, 'learning_rate': 1.2001610553790543e-06, 'epoch': 1.64}
{'loss': 0.4991, 'learning_rate': 1.196178917300168e-06, 'epoch': 1.64}
{'loss': 0.4887, 'learning_rate': 1.1922024987668106e-06, 'epoch': 1.64}
{'loss': 0.4607, 'learning_rate': 1.188231805758049e-06, 'epoch': 1.64}
{'loss': 0.4415, 'learning_rate': 1.1842668442443434e-06, 'epoch': 1.64}
{'loss': 0.458, 'learning_rate': 1.1803076201875336e-06, 'epoch': 1.64}
{'loss': 0.4416, 'learning_rate': 1.1763541395408367e-06, 'epoch': 1.64}
{'loss': 0.5225, 'learning_rate': 1.1724064082488296e-06, 'epoch': 1.64}
{'loss': 0.4402, 'learning_rate': 1.1684644322474442e-06, 'epoch': 1.64}
{'loss': 0.4342, 'learning_rate': 1.1645282174639634e-06, 'epoch': 1.65}
{'loss': 0.3974, 'learning_rate': 1.1605977698170001e-06, 'epoch': 1.65}
{'loss': 0.4112, 'learning_rate': 1.1566730952165033e-06, 'epoch': 1.65}
{'loss': 0.4845, 'learning_rate': 1.1527541995637347e-06, 'epoch': 1.65}
{'loss': 0.4784, 'learning_rate': 1.148841088751273e-06, 'epoch': 1.65}
{'loss': 0.4889, 'learning_rate': 1.1449337686629912e-06, 'epoch': 1.65}
{'loss': 0.4721, 'learning_rate': 1.1410322451740629e-06, 'epoch': 1.65}
{'loss': 0.4834, 'learning_rate': 1.1371365241509402e-06, 'epoch': 1.65}
{'loss': 0.4325, 'learning_rate': 1.1332466114513512e-06, 'epoch': 1.65}
{'loss': 0.4633, 'learning_rate': 1.1293625129242941e-06, 'epoch': 1.65}
{'loss': 0.4906, 'learning_rate': 1.1254842344100193e-06, 'epoch': 1.65}
{'loss': 0.5947, 'learning_rate': 1.1216117817400318e-06, 'epoch': 1.65}
{'loss': 0.3827, 'learning_rate': 1.1177451607370703e-06, 'epoch': 1.65}
{'loss': 0.4979, 'learning_rate': 1.1138843772151125e-06, 'epoch': 1.65}
{'loss': 0.4106, 'learning_rate': 1.1100294369793507e-06, 'epoch': 1.65}
{'loss': 0.4555, 'learning_rate': 1.1061803458261977e-06, 'epoch': 1.65}
{'loss': 0.4247, 'learning_rate': 1.1023371095432656e-06, 'epoch': 1.66}
{'loss': 0.4592, 'learning_rate': 1.0984997339093684e-06, 'epoch': 1.66}
{'loss': 0.3788, 'learning_rate': 1.094668224694505e-06, 'epoch': 1.66}
{'loss': 0.444, 'learning_rate': 1.0908425876598512e-06, 'epoch': 1.66}
{'loss': 0.4128, 'learning_rate': 1.0870228285577595e-06, 'epoch': 1.66}
{'loss': 0.4203, 'learning_rate': 1.0832089531317363e-06, 'epoch': 1.66}
{'loss': 0.503, 'learning_rate': 1.0794009671164484e-06, 'epoch': 1.66}
{'loss': 0.4844, 'learning_rate': 1.0755988762377017e-06, 'epoch': 1.66}
{'loss': 0.4779, 'learning_rate': 1.0718026862124425e-06, 'epoch': 1.66}
{'loss': 0.4223, 'learning_rate': 1.0680124027487393e-06, 'epoch': 1.66}
{'loss': 0.4759, 'learning_rate': 1.0642280315457849e-06, 'epoch': 1.66}
{'loss': 0.4622, 'learning_rate': 1.0604495782938773e-06, 'epoch': 1.66}
{'loss': 0.4425, 'learning_rate': 1.056677048674417e-06, 'epoch': 1.66}
{'loss': 0.4512, 'learning_rate': 1.0529104483599023e-06, 'epoch': 1.66}
{'loss': 0.4411, 'learning_rate': 1.049149783013909e-06, 'epoch': 1.66}
{'loss': 0.4566, 'learning_rate': 1.0453950582910954e-06, 'epoch': 1.66}
{'loss': 0.4608, 'learning_rate': 1.0416462798371806e-06, 'epoch': 1.67}
{'loss': 0.4254, 'learning_rate': 1.0379034532889504e-06, 'epoch': 1.67}
{'loss': 0.4433, 'learning_rate': 1.0341665842742327e-06, 'epoch': 1.67}
{'loss': 0.539, 'learning_rate': 1.0304356784119057e-06, 'epoch': 1.67}
{'loss': 0.4359, 'learning_rate': 1.0267107413118743e-06, 'epoch': 1.67}
{'loss': 0.4698, 'learning_rate': 1.0229917785750742e-06, 'epoch': 1.67}
{'loss': 0.5287, 'learning_rate': 1.0192787957934536e-06, 'epoch': 1.67}
{'loss': 0.4721, 'learning_rate': 1.0155717985499696e-06, 'epoch': 1.67}
{'loss': 0.4604, 'learning_rate': 1.0118707924185833e-06, 'epoch': 1.67}
{'loss': 0.5027, 'learning_rate': 1.0081757829642413e-06, 'epoch': 1.67}
{'loss': 0.4134, 'learning_rate': 1.0044867757428795e-06, 'epoch': 1.67}
{'loss': 0.4315, 'learning_rate': 1.0008037763014033e-06, 'epoch': 1.67}
{'loss': 0.4779, 'learning_rate': 9.971267901776888e-07, 'epoch': 1.67}
{'loss': 0.5517, 'learning_rate': 9.934558229005664e-07, 'epoch': 1.67}
{'loss': 0.4778, 'learning_rate': 9.89790879989821e-07, 'epoch': 1.67}
{'loss': 0.4993, 'learning_rate': 9.861319669561737e-07, 'epoch': 1.67}
{'loss': 0.4576, 'learning_rate': 9.824790893012843e-07, 'epoch': 1.68}
{'loss': 0.538, 'learning_rate': 9.78832252517734e-07, 'epoch': 1.68}
{'loss': 0.4528, 'learning_rate': 9.751914620890208e-07, 'epoch': 1.68}
{'loss': 0.4551, 'learning_rate': 9.715567234895539e-07, 'epoch': 1.68}
{'loss': 0.4875, 'learning_rate': 9.679280421846394e-07, 'epoch': 1.68}
{'loss': 0.5054, 'learning_rate': 9.64305423630479e-07, 'epoch': 1.68}
{'loss': 0.4107, 'learning_rate': 9.606888732741538e-07, 'epoch': 1.68}
{'loss': 0.407, 'learning_rate': 9.570783965536261e-07, 'epoch': 1.68}
{'loss': 0.4322, 'learning_rate': 9.534739988977199e-07, 'epoch': 1.68}
{'loss': 0.4412, 'learning_rate': 9.498756857261243e-07, 'epoch': 1.68}
{'loss': 0.4277, 'learning_rate': 9.462834624493755e-07, 'epoch': 1.68}
{'loss': 0.3819, 'learning_rate': 9.426973344688517e-07, 'epoch': 1.68}
{'loss': 0.4519, 'learning_rate': 9.391173071767718e-07, 'epoch': 1.68}
{'loss': 0.4941, 'learning_rate': 9.355433859561741e-07, 'epoch': 1.68}
{'loss': 0.4251, 'learning_rate': 9.319755761809235e-07, 'epoch': 1.68}
{'loss': 0.5064, 'learning_rate': 9.284138832156875e-07, 'epoch': 1.68}
{'loss': 0.4551, 'learning_rate': 9.248583124159438e-07, 'epoch': 1.69}
{'loss': 0.5284, 'learning_rate': 9.213088691279576e-07, 'epoch': 1.69}
{'loss': 0.4161, 'learning_rate': 9.177655586887873e-07, 'epoch': 1.69}
{'loss': 0.4108, 'learning_rate': 9.14228386426263e-07, 'epoch': 1.69}
{'loss': 0.4688, 'learning_rate': 9.106973576589922e-07, 'epoch': 1.69}
{'loss': 0.4609, 'learning_rate': 9.071724776963387e-07, 'epoch': 1.69}
{'loss': 0.4633, 'learning_rate': 9.03653751838423e-07, 'epoch': 1.69}
{'loss': 0.5405, 'learning_rate': 9.00141185376115e-07, 'epoch': 1.69}
{'loss': 0.4518, 'learning_rate': 8.966347835910178e-07, 'epoch': 1.69}
{'loss': 0.4447, 'learning_rate': 8.931345517554701e-07, 'epoch': 1.69}
{'loss': 0.4913, 'learning_rate': 8.896404951325294e-07, 'epoch': 1.69}
{'loss': 0.484, 'learning_rate': 8.861526189759706e-07, 'epoch': 1.69}
{'loss': 0.4606, 'learning_rate': 8.826709285302737e-07, 'epoch': 1.69}
{'loss': 0.4743, 'learning_rate': 8.791954290306198e-07, 'epoch': 1.69}
{'loss': 0.5373, 'learning_rate': 8.757261257028776e-07, 'epoch': 1.69}
{'loss': 0.5178, 'learning_rate': 8.722630237636037e-07, 'epoch': 1.69}
{'loss': 0.5757, 'learning_rate': 8.688061284200266e-07, 'epoch': 1.7}
{'loss': 0.4054, 'learning_rate': 8.653554448700413e-07, 'epoch': 1.7}
{'loss': 0.5108, 'learning_rate': 8.619109783022072e-07, 'epoch': 1.7}
{'loss': 0.4252, 'learning_rate': 8.584727338957316e-07, 'epoch': 1.7}
{'loss': 0.472, 'learning_rate': 8.550407168204683e-07, 'epoch': 1.7}
{'loss': 0.4789, 'learning_rate': 8.516149322369055e-07, 'epoch': 1.7}
{'loss': 0.4308, 'learning_rate': 8.481953852961627e-07, 'epoch': 1.7}
{'loss': 0.5076, 'learning_rate': 8.447820811399765e-07, 'epoch': 1.7}
{'loss': 0.4492, 'learning_rate': 8.413750249007013e-07, 'epoch': 1.7}
{'loss': 0.4063, 'learning_rate': 8.379742217012931e-07, 'epoch': 1.7}
{'loss': 0.4778, 'learning_rate': 8.345796766553066e-07, 'epoch': 1.7}
{'loss': 0.4682, 'learning_rate': 8.311913948668881e-07, 'epoch': 1.7}
{'loss': 0.4534, 'learning_rate': 8.278093814307637e-07, 'epoch': 1.7}
{'loss': 0.5411, 'learning_rate': 8.244336414322374e-07, 'epoch': 1.7}
{'loss': 0.4427, 'learning_rate': 8.210641799471763e-07, 'epoch': 1.7}
{'loss': 0.4607, 'learning_rate': 8.177010020420117e-07, 'epoch': 1.7}
{'loss': 0.4715, 'learning_rate': 8.143441127737217e-07, 'epoch': 1.71}
{'loss': 0.5115, 'learning_rate': 8.109935171898331e-07, 'epoch': 1.71}
{'loss': 0.4711, 'learning_rate': 8.076492203284053e-07, 'epoch': 1.71}
{'loss': 0.4323, 'learning_rate': 8.043112272180309e-07, 'epoch': 1.71}
{'loss': 0.4573, 'learning_rate': 8.009795428778205e-07, 'epoch': 1.71}
{'loss': 0.4804, 'learning_rate': 7.976541723173986e-07, 'epoch': 1.71}
{'loss': 0.4534, 'learning_rate': 7.943351205369004e-07, 'epoch': 1.71}
{'loss': 0.4457, 'learning_rate': 7.910223925269539e-07, 'epoch': 1.71}
{'loss': 0.4932, 'learning_rate': 7.87715993268684e-07, 'epoch': 1.71}
{'loss': 0.4595, 'learning_rate': 7.844159277336949e-07, 'epoch': 1.71}
{'loss': 0.4994, 'learning_rate': 7.811222008840719e-07, 'epoch': 1.71}
{'loss': 0.3989, 'learning_rate': 7.778348176723644e-07, 'epoch': 1.71}
{'loss': 0.4734, 'learning_rate': 7.745537830415878e-07, 'epoch': 1.71}
{'loss': 0.4932, 'learning_rate': 7.712791019252081e-07, 'epoch': 1.71}
{'loss': 0.4371, 'learning_rate': 7.680107792471381e-07, 'epoch': 1.71}
{'loss': 0.489, 'learning_rate': 7.647488199217334e-07, 'epoch': 1.71}
{'loss': 0.4919, 'learning_rate': 7.614932288537774e-07, 'epoch': 1.72}
{'loss': 0.4401, 'learning_rate': 7.582440109384808e-07, 'epoch': 1.72}
{'loss': 0.5027, 'learning_rate': 7.550011710614691e-07, 'epoch': 1.72}
{'loss': 0.4705, 'learning_rate': 7.5176471409878e-07, 'epoch': 1.72}
{'loss': 0.4256, 'learning_rate': 7.485346449168512e-07, 'epoch': 1.72}
{'loss': 0.4429, 'learning_rate': 7.45310968372518e-07, 'epoch': 1.72}
{'loss': 0.4172, 'learning_rate': 7.420936893130009e-07, 'epoch': 1.72}
{'loss': 0.3987, 'learning_rate': 7.38882812575904e-07, 'epoch': 1.72}
{'loss': 0.4847, 'learning_rate': 7.356783429892022e-07, 'epoch': 1.72}
{'loss': 0.4799, 'learning_rate': 7.324802853712354e-07, 'epoch': 1.72}
{'loss': 0.4985, 'learning_rate': 7.292886445307074e-07, 'epoch': 1.72}
{'loss': 0.3953, 'learning_rate': 7.261034252666671e-07, 'epoch': 1.72}
{'loss': 0.4678, 'learning_rate': 7.22924632368513e-07, 'epoch': 1.72}
{'loss': 0.4872, 'learning_rate': 7.197522706159771e-07, 'epoch': 1.72}
{'loss': 0.4619, 'learning_rate': 7.165863447791238e-07, 'epoch': 1.72}
{'loss': 0.441, 'learning_rate': 7.13426859618338e-07, 'epoch': 1.72}
{'loss': 0.4742, 'learning_rate': 7.102738198843228e-07, 'epoch': 1.73}
{'loss': 0.4497, 'learning_rate': 7.071272303180871e-07, 'epoch': 1.73}
{'loss': 0.4411, 'learning_rate': 7.039870956509432e-07, 'epoch': 1.73}
{'loss': 0.4645, 'learning_rate': 7.00853420604497e-07, 'epoch': 1.73}
{'loss': 0.4676, 'learning_rate': 6.977262098906389e-07, 'epoch': 1.73}
{'loss': 0.4344, 'learning_rate': 6.946054682115455e-07, 'epoch': 1.73}
{'loss': 0.4985, 'learning_rate': 6.914912002596591e-07, 'epoch': 1.73}
{'loss': 0.4968, 'learning_rate': 6.88383410717694e-07, 'epoch': 1.73}
{'loss': 0.4289, 'learning_rate': 6.852821042586183e-07, 'epoch': 1.73}
{'loss': 0.5242, 'learning_rate': 6.821872855456562e-07, 'epoch': 1.73}
{'loss': 0.4404, 'learning_rate': 6.790989592322738e-07, 'epoch': 1.73}
{'loss': 0.4723, 'learning_rate': 6.760171299621776e-07, 'epoch': 1.73}
{'loss': 0.463, 'learning_rate': 6.729418023693024e-07, 'epoch': 1.73}
{'loss': 0.4423, 'learning_rate': 6.698729810778065e-07, 'epoch': 1.73}
{'loss': 0.476, 'learning_rate': 6.668106707020694e-07, 'epoch': 1.73}
{'loss': 0.4622, 'learning_rate': 6.63754875846675e-07, 'epoch': 1.73}
{'loss': 0.4722, 'learning_rate': 6.607056011064156e-07, 'epoch': 1.74}
{'loss': 0.5052, 'learning_rate': 6.576628510662742e-07, 'epoch': 1.74}
{'loss': 0.5145, 'learning_rate': 6.546266303014281e-07, 'epoch': 1.74}
{'loss': 0.42, 'learning_rate': 6.515969433772329e-07, 'epoch': 1.74}
{'loss': 0.5005, 'learning_rate': 6.485737948492237e-07, 'epoch': 1.74}
{'loss': 0.4869, 'learning_rate': 6.455571892631002e-07, 'epoch': 1.74}
{'loss': 0.435, 'learning_rate': 6.425471311547277e-07, 'epoch': 1.74}
{'loss': 0.5379, 'learning_rate': 6.395436250501235e-07, 'epoch': 1.74}
{'loss': 0.5051, 'learning_rate': 6.365466754654532e-07, 'epoch': 1.74}
{'loss': 0.481, 'learning_rate': 6.335562869070272e-07, 'epoch': 1.74}
{'loss': 0.5333, 'learning_rate': 6.305724638712857e-07, 'epoch': 1.74}
{'loss': 0.4412, 'learning_rate': 6.275952108448019e-07, 'epoch': 1.74}
{'loss': 0.4876, 'learning_rate': 6.246245323042649e-07, 'epoch': 1.74}
{'loss': 0.4859, 'learning_rate': 6.216604327164827e-07, 'epoch': 1.74}
{'loss': 0.4718, 'learning_rate': 6.187029165383679e-07, 'epoch': 1.74}
{'loss': 0.4357, 'learning_rate': 6.157519882169366e-07, 'epoch': 1.74}
{'loss': 0.4233, 'learning_rate': 6.128076521892956e-07, 'epoch': 1.75}
{'loss': 0.4927, 'learning_rate': 6.098699128826446e-07, 'epoch': 1.75}
{'loss': 0.4683, 'learning_rate': 6.069387747142591e-07, 'epoch': 1.75}
{'loss': 0.4444, 'learning_rate': 6.040142420914902e-07, 'epoch': 1.75}
{'loss': 0.4931, 'learning_rate': 6.010963194117602e-07, 'epoch': 1.75}
{'loss': 0.4692, 'learning_rate': 5.981850110625476e-07, 'epoch': 1.75}
{'loss': 0.422, 'learning_rate': 5.952803214213887e-07, 'epoch': 1.75}
{'loss': 0.5058, 'learning_rate': 5.923822548558655e-07, 'epoch': 1.75}
{'loss': 0.4121, 'learning_rate': 5.894908157236045e-07, 'epoch': 1.75}
{'loss': 0.4743, 'learning_rate': 5.866060083722624e-07, 'epoch': 1.75}
{'loss': 0.498, 'learning_rate': 5.837278371395289e-07, 'epoch': 1.75}
{'loss': 0.6135, 'learning_rate': 5.80856306353112e-07, 'epoch': 1.75}
{'loss': 0.4598, 'learning_rate': 5.779914203307358e-07, 'epoch': 1.75}
{'loss': 0.5367, 'learning_rate': 5.751331833801343e-07, 'epoch': 1.75}
{'loss': 0.5296, 'learning_rate': 5.722815997990411e-07, 'epoch': 1.75}
{'loss': 0.4388, 'learning_rate': 5.694366738751905e-07, 'epoch': 1.75}
{'loss': 0.5185, 'learning_rate': 5.665984098862992e-07, 'epoch': 1.76}
{'loss': 0.4781, 'learning_rate': 5.637668121000739e-07, 'epoch': 1.76}
{'loss': 0.4683, 'learning_rate': 5.609418847741927e-07, 'epoch': 1.76}
{'loss': 0.4194, 'learning_rate': 5.58123632156306e-07, 'epoch': 1.76}
{'loss': 0.4586, 'learning_rate': 5.553120584840266e-07, 'epoch': 1.76}
{'loss': 0.4195, 'learning_rate': 5.525071679849275e-07, 'epoch': 1.76}
{'loss': 0.4608, 'learning_rate': 5.497089648765297e-07, 'epoch': 1.76}
{'loss': 0.3954, 'learning_rate': 5.46917453366298e-07, 'epoch': 1.76}
{'loss': 0.4416, 'learning_rate': 5.441326376516398e-07, 'epoch': 1.76}
{'loss': 0.5182, 'learning_rate': 5.413545219198912e-07, 'epoch': 1.76}
{'loss': 0.4532, 'learning_rate': 5.385831103483141e-07, 'epoch': 1.76}
{'loss': 0.408, 'learning_rate': 5.358184071040901e-07, 'epoch': 1.76}
{'loss': 0.4781, 'learning_rate': 5.330604163443159e-07, 'epoch': 1.76}
{'loss': 0.426, 'learning_rate': 5.303091422159923e-07, 'epoch': 1.76}
{'loss': 0.4554, 'learning_rate': 5.275645888560233e-07, 'epoch': 1.76}
{'loss': 0.4222, 'learning_rate': 5.248267603912039e-07, 'epoch': 1.76}
{'loss': 0.4045, 'learning_rate': 5.220956609382216e-07, 'epoch': 1.77}
{'loss': 0.4618, 'learning_rate': 5.193712946036416e-07, 'epoch': 1.77}
{'loss': 0.3948, 'learning_rate': 5.166536654839099e-07, 'epoch': 1.77}
{'loss': 0.4722, 'learning_rate': 5.139427776653372e-07, 'epoch': 1.77}
{'loss': 0.4342, 'learning_rate': 5.112386352241017e-07, 'epoch': 1.77}
{'loss': 0.4701, 'learning_rate': 5.085412422262364e-07, 'epoch': 1.77}
{'loss': 0.4236, 'learning_rate': 5.058506027276261e-07, 'epoch': 1.77}
{'loss': 0.3581, 'learning_rate': 5.031667207740026e-07, 'epoch': 1.77}
{'loss': 0.5182, 'learning_rate': 5.004896004009347e-07, 'epoch': 1.77}
{'loss': 0.4764, 'learning_rate': 4.97819245633826e-07, 'epoch': 1.77}
{'loss': 0.3791, 'learning_rate': 4.951556604879049e-07, 'epoch': 1.77}
{'loss': 0.4347, 'learning_rate': 4.924988489682237e-07, 'epoch': 1.77}
{'loss': 0.4679, 'learning_rate': 4.898488150696468e-07, 'epoch': 1.77}
{'loss': 0.4393, 'learning_rate': 4.872055627768502e-07, 'epoch': 1.77}
{'loss': 0.4165, 'learning_rate': 4.845690960643107e-07, 'epoch': 1.77}
{'loss': 0.3722, 'learning_rate': 4.819394188963023e-07, 'epoch': 1.77}
{'loss': 0.4103, 'learning_rate': 4.793165352268924e-07, 'epoch': 1.78}
{'loss': 0.4513, 'learning_rate': 4.7670044899993e-07, 'epoch': 1.78}
{'loss': 0.4921, 'learning_rate': 4.740911641490464e-07, 'epoch': 1.78}
{'loss': 0.4771, 'learning_rate': 4.71488684597643e-07, 'epoch': 1.78}
{'loss': 0.4484, 'learning_rate': 4.688930142588921e-07, 'epoch': 1.78}
{'loss': 0.4206, 'learning_rate': 4.6630415703572407e-07, 'epoch': 1.78}
{'loss': 0.462, 'learning_rate': 4.6372211682082837e-07, 'epoch': 1.78}
{'loss': 0.5002, 'learning_rate': 4.6114689749663987e-07, 'epoch': 1.78}
{'loss': 0.4506, 'learning_rate': 4.5857850293534125e-07, 'epoch': 1.78}
{'loss': 0.4638, 'learning_rate': 4.560169369988515e-07, 'epoch': 1.78}
{'loss': 0.4381, 'learning_rate': 4.534622035388214e-07, 'epoch': 1.78}
{'loss': 0.5032, 'learning_rate': 4.509143063966298e-07, 'epoch': 1.78}
{'loss': 0.4733, 'learning_rate': 4.483732494033738e-07, 'epoch': 1.78}
{'loss': 0.4327, 'learning_rate': 4.4583903637986926e-07, 'epoch': 1.78}
{'loss': 0.4528, 'learning_rate': 4.433116711366364e-07, 'epoch': 1.78}
{'loss': 0.3502, 'learning_rate': 4.407911574739038e-07, 'epoch': 1.78}
{'loss': 0.4216, 'learning_rate': 4.38277499181593e-07, 'epoch': 1.79}
{'loss': 0.5424, 'learning_rate': 4.3577070003932243e-07, 'epoch': 1.79}
{'loss': 0.4364, 'learning_rate': 4.3327076381639357e-07, 'epoch': 1.79}
{'loss': 0.4721, 'learning_rate': 4.307776942717884e-07, 'epoch': 1.79}
{'loss': 0.4204, 'learning_rate': 4.2829149515416614e-07, 'epoch': 1.79}
{'loss': 0.4741, 'learning_rate': 4.258121702018536e-07, 'epoch': 1.79}
{'loss': 0.4287, 'learning_rate': 4.233397231428432e-07, 'epoch': 1.79}
{'loss': 0.4609, 'learning_rate': 4.2087415769478336e-07, 'epoch': 1.79}
{'loss': 0.5311, 'learning_rate': 4.184154775649768e-07, 'epoch': 1.79}
{'loss': 0.4609, 'learning_rate': 4.1596368645037187e-07, 'epoch': 1.79}
{'loss': 0.4275, 'learning_rate': 4.1351878803756073e-07, 'epoch': 1.79}
{'loss': 0.4441, 'learning_rate': 4.1108078600276767e-07, 'epoch': 1.79}
{'loss': 0.4623, 'learning_rate': 4.0864968401185144e-07, 'epoch': 1.79}
{'loss': 0.4633, 'learning_rate': 4.062254857202935e-07, 'epoch': 1.79}
{'loss': 0.4405, 'learning_rate': 4.038081947731931e-07, 'epoch': 1.79}
{'loss': 0.4596, 'learning_rate': 4.0139781480526776e-07, 'epoch': 1.79}
{'loss': 0.4817, 'learning_rate': 3.9899434944083883e-07, 'epoch': 1.8}
{'loss': 0.5023, 'learning_rate': 3.9659780229383436e-07, 'epoch': 1.8}
{'loss': 0.4325, 'learning_rate': 3.942081769677775e-07, 'epoch': 1.8}
{'loss': 0.3838, 'learning_rate': 3.91825477055785e-07, 'epoch': 1.8}
{'loss': 0.4453, 'learning_rate': 3.894497061405589e-07, 'epoch': 1.8}
{'loss': 0.4374, 'learning_rate': 3.8708086779438383e-07, 'epoch': 1.8}
{'loss': 0.4549, 'learning_rate': 3.8471896557912005e-07, 'epoch': 1.8}
{'loss': 0.4237, 'learning_rate': 3.8236400304619835e-07, 'epoch': 1.8}
{'loss': 0.4535, 'learning_rate': 3.8001598373661466e-07, 'epoch': 1.8}
{'loss': 0.4756, 'learning_rate': 3.7767491118092417e-07, 'epoch': 1.8}
{'loss': 0.4529, 'learning_rate': 3.753407888992394e-07, 'epoch': 1.8}
{'loss': 0.4332, 'learning_rate': 3.7301362040121805e-07, 'epoch': 1.8}
{'loss': 0.4407, 'learning_rate': 3.7069340918606643e-07, 'epoch': 1.8}
{'loss': 0.485, 'learning_rate': 3.683801587425251e-07, 'epoch': 1.8}
{'loss': 0.4879, 'learning_rate': 3.660738725488733e-07, 'epoch': 1.8}
{'loss': 0.4374, 'learning_rate': 3.6377455407291263e-07, 'epoch': 1.8}
{'loss': 0.458, 'learning_rate': 3.6148220677197364e-07, 'epoch': 1.81}
{'loss': 0.4875, 'learning_rate': 3.591968340929014e-07, 'epoch': 1.81}
{'loss': 0.5521, 'learning_rate': 3.5691843947205315e-07, 'epoch': 1.81}
{'loss': 0.3961, 'learning_rate': 3.546470263352963e-07, 'epoch': 1.81}
{'loss': 0.3822, 'learning_rate': 3.523825980979989e-07, 'epoch': 1.81}
{'loss': 0.4202, 'learning_rate': 3.5012515816502725e-07, 'epoch': 1.81}
{'loss': 0.4811, 'learning_rate': 3.478747099307389e-07, 'epoch': 1.81}
{'loss': 0.3763, 'learning_rate': 3.4563125677897936e-07, 'epoch': 1.81}
{'loss': 0.4486, 'learning_rate': 3.433948020830746e-07, 'epoch': 1.81}
{'loss': 0.4783, 'learning_rate': 3.411653492058298e-07, 'epoch': 1.81}
{'loss': 0.4536, 'learning_rate': 3.389429014995199e-07, 'epoch': 1.81}
{'loss': 0.4706, 'learning_rate': 3.3672746230588803e-07, 'epoch': 1.81}
{'loss': 0.4418, 'learning_rate': 3.3451903495613836e-07, 'epoch': 1.81}
{'loss': 0.4766, 'learning_rate': 3.323176227709313e-07, 'epoch': 1.81}
{'loss': 0.4457, 'learning_rate': 3.301232290603812e-07, 'epoch': 1.81}
{'loss': 0.4144, 'learning_rate': 3.27935857124046e-07, 'epoch': 1.81}
{'loss': 0.4673, 'learning_rate': 3.257555102509291e-07, 'epoch': 1.82}
{'loss': 0.459, 'learning_rate': 3.2358219171946703e-07, 'epoch': 1.82}
{'loss': 0.4809, 'learning_rate': 3.214159047975324e-07, 'epoch': 1.82}
{'loss': 0.4912, 'learning_rate': 3.1925665274242014e-07, 'epoch': 1.82}
{'loss': 0.4216, 'learning_rate': 3.171044388008515e-07, 'epoch': 1.82}
{'loss': 0.4339, 'learning_rate': 3.1495926620896345e-07, 'epoch': 1.82}
{'loss': 0.466, 'learning_rate': 3.128211381923041e-07, 'epoch': 1.82}
{'loss': 0.463, 'learning_rate': 3.106900579658312e-07, 'epoch': 1.82}
{'loss': 0.4874, 'learning_rate': 3.085660287339032e-07, 'epoch': 1.82}
{'loss': 0.4589, 'learning_rate': 3.0644905369027923e-07, 'epoch': 1.82}
{'loss': 0.5558, 'learning_rate': 3.043391360181086e-07, 'epoch': 1.82}
{'loss': 0.4206, 'learning_rate': 3.022362788899308e-07, 'epoch': 1.82}
{'loss': 0.4882, 'learning_rate': 3.0014048546766706e-07, 'epoch': 1.82}
{'loss': 0.4874, 'learning_rate': 2.980517589026205e-07, 'epoch': 1.82}
{'loss': 0.5153, 'learning_rate': 2.959701023354644e-07, 'epoch': 1.82}
{'loss': 0.3946, 'learning_rate': 2.9389551889624503e-07, 'epoch': 1.82}
{'loss': 0.5056, 'learning_rate': 2.918280117043709e-07, 'epoch': 1.83}
{'loss': 0.4032, 'learning_rate': 2.897675838686098e-07, 'epoch': 1.83}
{'loss': 0.4455, 'learning_rate': 2.8771423848708846e-07, 'epoch': 1.83}
{'loss': 0.4593, 'learning_rate': 2.8566797864727993e-07, 'epoch': 1.83}
{'loss': 0.4371, 'learning_rate': 2.836288074260068e-07, 'epoch': 1.83}
{'loss': 0.4728, 'learning_rate': 2.815967278894294e-07, 'epoch': 1.83}
{'loss': 0.4642, 'learning_rate': 2.7957174309304835e-07, 'epoch': 1.83}
{'loss': 0.5454, 'learning_rate': 2.7755385608169374e-07, 'epoch': 1.83}
{'loss': 0.4176, 'learning_rate': 2.7554306988952505e-07, 'epoch': 1.83}
{'loss': 0.4069, 'learning_rate': 2.7353938754002273e-07, 'epoch': 1.83}
{'loss': 0.4353, 'learning_rate': 2.7154281204598896e-07, 'epoch': 1.83}
{'loss': 0.4568, 'learning_rate': 2.6955334640953566e-07, 'epoch': 1.83}
{'loss': 0.4829, 'learning_rate': 2.6757099362208663e-07, 'epoch': 1.83}
{'loss': 0.492, 'learning_rate': 2.655957566643708e-07, 'epoch': 1.83}
{'loss': 0.4637, 'learning_rate': 2.636276385064157e-07, 'epoch': 1.83}
{'loss': 0.4136, 'learning_rate': 2.6166664210754754e-07, 'epoch': 1.83}
{'loss': 0.4495, 'learning_rate': 2.59712770416381e-07, 'epoch': 1.84}
{'loss': 0.4655, 'learning_rate': 2.577660263708204e-07, 'epoch': 1.84}
{'loss': 0.4742, 'learning_rate': 2.558264128980503e-07, 'epoch': 1.84}
{'loss': 0.5119, 'learning_rate': 2.5389393291453626e-07, 'epoch': 1.84}
{'loss': 0.4514, 'learning_rate': 2.5196858932601596e-07, 'epoch': 1.84}
{'loss': 0.4813, 'learning_rate': 2.500503850274949e-07, 'epoch': 1.84}
{'loss': 0.5632, 'learning_rate': 2.481393229032486e-07, 'epoch': 1.84}
{'loss': 0.4116, 'learning_rate': 2.4623540582680794e-07, 'epoch': 1.84}
{'loss': 0.4233, 'learning_rate': 2.443386366609646e-07, 'epoch': 1.84}
{'loss': 0.4872, 'learning_rate': 2.424490182577588e-07, 'epoch': 1.84}
{'loss': 0.4213, 'learning_rate': 2.4056655345848224e-07, 'epoch': 1.84}
{'loss': 0.4809, 'learning_rate': 2.386912450936674e-07, 'epoch': 1.84}
{'loss': 0.4059, 'learning_rate': 2.368230959830875e-07, 'epoch': 1.84}
{'loss': 0.4296, 'learning_rate': 2.349621089357501e-07, 'epoch': 1.84}
{'loss': 0.4667, 'learning_rate': 2.3310828674989516e-07, 'epoch': 1.84}
{'loss': 0.5456, 'learning_rate': 2.3126163221298793e-07, 'epoch': 1.84}
{'loss': 0.5729, 'learning_rate': 2.2942214810171503e-07, 'epoch': 1.85}
{'loss': 0.4547, 'learning_rate': 2.2758983718198514e-07, 'epoch': 1.85}
{'loss': 0.4693, 'learning_rate': 2.2576470220891656e-07, 'epoch': 1.85}
{'loss': 0.5313, 'learning_rate': 2.2394674592684184e-07, 'epoch': 1.85}
{'loss': 0.585, 'learning_rate': 2.2213597106929608e-07, 'epoch': 1.85}
{'loss': 0.3723, 'learning_rate': 2.2033238035901904e-07, 'epoch': 1.85}
{'loss': 0.3922, 'learning_rate': 2.1853597650794478e-07, 'epoch': 1.85}
{'loss': 0.4601, 'learning_rate': 2.167467622172048e-07, 'epoch': 1.85}
{'loss': 0.3852, 'learning_rate': 2.1496474017711655e-07, 'epoch': 1.85}
{'loss': 0.5003, 'learning_rate': 2.1318991306718607e-07, 'epoch': 1.85}
{'loss': 0.4678, 'learning_rate': 2.1142228355609862e-07, 'epoch': 1.85}
{'loss': 0.4997, 'learning_rate': 2.096618543017176e-07, 'epoch': 1.85}
{'loss': 0.5055, 'learning_rate': 2.0790862795108113e-07, 'epoch': 1.85}
{'loss': 0.4801, 'learning_rate': 2.0616260714039383e-07, 'epoch': 1.85}
{'loss': 0.3699, 'learning_rate': 2.0442379449503003e-07, 'epoch': 1.85}
{'loss': 0.4473, 'learning_rate': 2.0269219262952111e-07, 'epoch': 1.85}
{'loss': 0.3644, 'learning_rate': 2.0096780414756045e-07, 'epoch': 1.86}
{'loss': 0.4271, 'learning_rate': 1.992506316419912e-07, 'epoch': 1.86}
{'loss': 0.425, 'learning_rate': 1.9754067769480967e-07, 'epoch': 1.86}
{'loss': 0.4215, 'learning_rate': 1.9583794487715579e-07, 'epoch': 1.86}
{'loss': 0.4672, 'learning_rate': 1.9414243574931214e-07, 'epoch': 1.86}
{'loss': 0.4659, 'learning_rate': 1.9245415286070047e-07, 'epoch': 1.86}
{'loss': 0.5005, 'learning_rate': 1.907730987498757e-07, 'epoch': 1.86}
{'loss': 0.4293, 'learning_rate': 1.890992759445248e-07, 'epoch': 1.86}
{'loss': 0.445, 'learning_rate': 1.8743268696145956e-07, 'epoch': 1.86}
{'loss': 0.5669, 'learning_rate': 1.8577333430661648e-07, 'epoch': 1.86}
{'loss': 0.4538, 'learning_rate': 1.8412122047505032e-07, 'epoch': 1.86}
{'loss': 0.3903, 'learning_rate': 1.8247634795093227e-07, 'epoch': 1.86}
{'loss': 0.4413, 'learning_rate': 1.808387192075428e-07, 'epoch': 1.86}
{'loss': 0.5199, 'learning_rate': 1.7920833670727444e-07, 'epoch': 1.86}
{'loss': 0.4335, 'learning_rate': 1.7758520290162118e-07, 'epoch': 1.86}
{'loss': 0.4232, 'learning_rate': 1.7596932023117687e-07, 'epoch': 1.86}
{'loss': 0.4009, 'learning_rate': 1.7436069112563568e-07, 'epoch': 1.87}
{'loss': 0.4523, 'learning_rate': 1.7275931800378177e-07, 'epoch': 1.87}
{'loss': 0.5429, 'learning_rate': 1.7116520327349117e-07, 'epoch': 1.87}
{'loss': 0.4932, 'learning_rate': 1.6957834933172434e-07, 'epoch': 1.87}
{'loss': 0.3966, 'learning_rate': 1.6799875856452596e-07, 'epoch': 1.87}
{'loss': 0.4554, 'learning_rate': 1.664264333470178e-07, 'epoch': 1.87}
{'loss': 0.4856, 'learning_rate': 1.6486137604339813e-07, 'epoch': 1.87}
{'loss': 0.4548, 'learning_rate': 1.6330358900693676e-07, 'epoch': 1.87}
{'loss': 0.528, 'learning_rate': 1.617530745799706e-07, 'epoch': 1.87}
{'loss': 0.4666, 'learning_rate': 1.6020983509390354e-07, 'epoch': 1.87}
{'loss': 0.4243, 'learning_rate': 1.5867387286919723e-07, 'epoch': 1.87}
{'loss': 0.4661, 'learning_rate': 1.5714519021537477e-07, 'epoch': 1.87}
{'loss': 0.5177, 'learning_rate': 1.5562378943101086e-07, 'epoch': 1.87}
{'loss': 0.4239, 'learning_rate': 1.5410967280373222e-07, 'epoch': 1.87}
{'loss': 0.4847, 'learning_rate': 1.5260284261021163e-07, 'epoch': 1.87}
{'loss': 0.3996, 'learning_rate': 1.5110330111616777e-07, 'epoch': 1.87}
{'loss': 0.4822, 'learning_rate': 1.4961105057635706e-07, 'epoch': 1.88}
{'loss': 0.5115, 'learning_rate': 1.4812609323457628e-07, 'epoch': 1.88}
{'loss': 0.4889, 'learning_rate': 1.4664843132365325e-07, 'epoch': 1.88}
{'loss': 0.4796, 'learning_rate': 1.4517806706544625e-07, 'epoch': 1.88}
{'loss': 0.453, 'learning_rate': 1.4371500267084337e-07, 'epoch': 1.88}
{'loss': 0.4326, 'learning_rate': 1.422592403397527e-07, 'epoch': 1.88}
{'loss': 0.4572, 'learning_rate': 1.4081078226110546e-07, 'epoch': 1.88}
{'loss': 0.4231, 'learning_rate': 1.3936963061284837e-07, 'epoch': 1.88}
{'loss': 0.4038, 'learning_rate': 1.379357875619436e-07, 'epoch': 1.88}
{'loss': 0.5147, 'learning_rate': 1.36509255264361e-07, 'epoch': 1.88}
{'loss': 0.4276, 'learning_rate': 1.3509003586508197e-07, 'epoch': 1.88}
{'loss': 0.4629, 'learning_rate': 1.3367813149808728e-07, 'epoch': 1.88}
{'loss': 0.4582, 'learning_rate': 1.3227354428636262e-07, 'epoch': 1.88}
{'loss': 0.4867, 'learning_rate': 1.3087627634188916e-07, 'epoch': 1.88}
{'loss': 0.4836, 'learning_rate': 1.294863297656429e-07, 'epoch': 1.88}
{'loss': 0.4389, 'learning_rate': 1.2810370664759153e-07, 'epoch': 1.88}
{'loss': 0.4349, 'learning_rate': 1.2672840906669092e-07, 'epoch': 1.89}
{'loss': 0.4656, 'learning_rate': 1.253604390908819e-07, 'epoch': 1.89}
{'loss': 0.3891, 'learning_rate': 1.2399979877708746e-07, 'epoch': 1.89}
{'loss': 0.4737, 'learning_rate': 1.2264649017120934e-07, 'epoch': 1.89}
{'loss': 0.4828, 'learning_rate': 1.2130051530812425e-07, 'epoch': 1.89}
{'loss': 0.4931, 'learning_rate': 1.1996187621168388e-07, 'epoch': 1.89}
{'loss': 0.4541, 'learning_rate': 1.1863057489470808e-07, 'epoch': 1.89}
{'loss': 0.5312, 'learning_rate': 1.173066133589823e-07, 'epoch': 1.89}
{'loss': 0.4956, 'learning_rate': 1.1598999359525797e-07, 'epoch': 1.89}
{'loss': 0.5166, 'learning_rate': 1.1468071758324595e-07, 'epoch': 1.89}
{'loss': 0.4592, 'learning_rate': 1.1337878729161533e-07, 'epoch': 1.89}
{'loss': 0.4257, 'learning_rate': 1.1208420467798853e-07, 'epoch': 1.89}
{'loss': 0.4359, 'learning_rate': 1.1079697168894232e-07, 'epoch': 1.89}
{'loss': 0.4477, 'learning_rate': 1.0951709025999957e-07, 'epoch': 1.89}
{'loss': 0.4738, 'learning_rate': 1.0824456231563141e-07, 'epoch': 1.89}
{'loss': 0.4403, 'learning_rate': 1.069793897692506e-07, 'epoch': 1.89}
{'loss': 0.4822, 'learning_rate': 1.0572157452321097e-07, 'epoch': 1.9}
{'loss': 0.4595, 'learning_rate': 1.0447111846880243e-07, 'epoch': 1.9}
{'loss': 0.4284, 'learning_rate': 1.0322802348625039e-07, 'epoch': 1.9}
{'loss': 0.4345, 'learning_rate': 1.0199229144471246e-07, 'epoch': 1.9}
{'loss': 0.3796, 'learning_rate': 1.0076392420227343e-07, 'epoch': 1.9}
{'loss': 0.4716, 'learning_rate': 9.954292360594641e-08, 'epoch': 1.9}
{'loss': 0.3901, 'learning_rate': 9.832929149166503e-08, 'epoch': 1.9}
{'loss': 0.4245, 'learning_rate': 9.712302968428567e-08, 'epoch': 1.9}
{'loss': 0.5045, 'learning_rate': 9.592413999758077e-08, 'epoch': 1.9}
{'loss': 0.4552, 'learning_rate': 9.473262423424002e-08, 'epoch': 1.9}
{'loss': 0.4379, 'learning_rate': 9.35484841858636e-08, 'epoch': 1.9}
{'loss': 0.5315, 'learning_rate': 9.237172163296171e-08, 'epoch': 1.9}
{'loss': 0.4593, 'learning_rate': 9.12023383449523e-08, 'epoch': 1.9}
{'loss': 0.4641, 'learning_rate': 9.004033608015606e-08, 'epoch': 1.9}
{'loss': 0.4771, 'learning_rate': 8.888571658579704e-08, 'epoch': 1.9}
{'loss': 0.4472, 'learning_rate': 8.773848159799647e-08, 'epoch': 1.9}
{'loss': 0.4514, 'learning_rate': 8.659863284177505e-08, 'epoch': 1.91}
{'loss': 0.5014, 'learning_rate': 8.546617203104402e-08, 'epoch': 1.91}
{'loss': 0.3899, 'learning_rate': 8.434110086860736e-08, 'epoch': 1.91}
{'loss': 0.4454, 'learning_rate': 8.322342104615744e-08, 'epoch': 1.91}
{'loss': 0.4918, 'learning_rate': 8.21131342442738e-08, 'epoch': 1.91}
{'loss': 0.4482, 'learning_rate': 8.101024213241826e-08, 'epoch': 1.91}
{'loss': 0.4491, 'learning_rate': 7.99147463689337e-08, 'epoch': 1.91}
{'loss': 0.5502, 'learning_rate': 7.882664860104305e-08, 'epoch': 1.91}
{'loss': 0.4773, 'learning_rate': 7.774595046484368e-08, 'epoch': 1.91}
{'loss': 0.4725, 'learning_rate': 7.667265358530851e-08, 'epoch': 1.91}
{'loss': 0.3954, 'learning_rate': 7.560675957627939e-08, 'epoch': 1.91}
{'loss': 0.4015, 'learning_rate': 7.454827004046872e-08, 'epoch': 1.91}
{'loss': 0.4866, 'learning_rate': 7.349718656945504e-08, 'epoch': 1.91}
{'loss': 0.4916, 'learning_rate': 7.245351074368023e-08, 'epoch': 1.91}
{'loss': 0.496, 'learning_rate': 7.141724413244899e-08, 'epoch': 1.91}
{'loss': 0.4758, 'learning_rate': 7.038838829392381e-08, 'epoch': 1.91}
{'loss': 0.5378, 'learning_rate': 6.936694477512496e-08, 'epoch': 1.92}
{'loss': 0.471, 'learning_rate': 6.835291511192666e-08, 'epoch': 1.92}
{'loss': 0.4406, 'learning_rate': 6.734630082905757e-08, 'epoch': 1.92}
{'loss': 0.469, 'learning_rate': 6.634710344009255e-08, 'epoch': 1.92}
{'loss': 0.5277, 'learning_rate': 6.535532444745862e-08, 'epoch': 1.92}
{'loss': 0.4769, 'learning_rate': 6.437096534242405e-08, 'epoch': 1.92}
{'loss': 0.4709, 'learning_rate': 6.339402760510371e-08, 'epoch': 1.92}
{'loss': 0.493, 'learning_rate': 6.242451270445038e-08, 'epoch': 1.92}
{'loss': 0.3761, 'learning_rate': 6.146242209825959e-08, 'epoch': 1.92}
{'loss': 0.4218, 'learning_rate': 6.050775723315915e-08, 'epoch': 1.92}
{'loss': 0.5005, 'learning_rate': 5.9560519544614725e-08, 'epoch': 1.92}
{'loss': 0.4702, 'learning_rate': 5.8620710456921414e-08, 'epoch': 1.92}
{'loss': 0.4527, 'learning_rate': 5.768833138320662e-08, 'epoch': 1.92}
{'loss': 0.4424, 'learning_rate': 5.6763383725425006e-08, 'epoch': 1.92}
{'loss': 0.4945, 'learning_rate': 5.584586887435739e-08, 'epoch': 1.92}
{'loss': 0.4922, 'learning_rate': 5.493578820960743e-08, 'epoch': 1.92}
{'loss': 0.529, 'learning_rate': 5.403314309960161e-08, 'epoch': 1.93}
{'loss': 0.5625, 'learning_rate': 5.3137934901585364e-08, 'epoch': 1.93}
{'loss': 0.5097, 'learning_rate': 5.225016496162194e-08, 'epoch': 1.93}
{'loss': 0.4913, 'learning_rate': 5.136983461459078e-08, 'epoch': 1.93}
{'loss': 0.4777, 'learning_rate': 5.049694518418358e-08, 'epoch': 1.93}
{'loss': 0.5238, 'learning_rate': 4.9631497982905455e-08, 'epoch': 1.93}
{'loss': 0.4029, 'learning_rate': 4.877349431206879e-08, 'epoch': 1.93}
{'loss': 0.4679, 'learning_rate': 4.7922935461796607e-08, 'epoch': 1.93}
{'loss': 0.4253, 'learning_rate': 4.7079822711015296e-08, 'epoch': 1.93}
{'loss': 0.5253, 'learning_rate': 4.624415732745524e-08, 'epoch': 1.93}
{'loss': 0.3728, 'learning_rate': 4.541594056765075e-08, 'epoch': 1.93}
{'loss': 0.436, 'learning_rate': 4.459517367693289e-08, 'epoch': 1.93}
{'loss': 0.42, 'learning_rate': 4.3781857889434456e-08, 'epoch': 1.93}
{'loss': 0.4748, 'learning_rate': 4.297599442808109e-08, 'epoch': 1.93}
{'loss': 0.4699, 'learning_rate': 4.2177584504595746e-08, 'epoch': 1.93}
{'loss': 0.4638, 'learning_rate': 4.138662931949255e-08, 'epoch': 1.93}
{'loss': 0.4411, 'learning_rate': 4.060313006207683e-08, 'epoch': 1.94}
{'loss': 0.4415, 'learning_rate': 3.982708791044176e-08, 'epoch': 1.94}
{'loss': 0.5261, 'learning_rate': 3.90585040314706e-08, 'epoch': 1.94}
{'loss': 0.4782, 'learning_rate': 3.829737958082891e-08, 'epoch': 1.94}
{'loss': 0.4616, 'learning_rate': 3.754371570296789e-08, 'epoch': 1.94}
{'loss': 0.5219, 'learning_rate': 3.6797513531120485e-08, 'epoch': 1.94}
{'loss': 0.4795, 'learning_rate': 3.605877418729975e-08, 'epoch': 1.94}
{'loss': 0.4834, 'learning_rate': 3.532749878229769e-08, 'epoch': 1.94}
{'loss': 0.4956, 'learning_rate': 3.460368841568307e-08, 'epoch': 1.94}
{'loss': 0.3988, 'learning_rate': 3.388734417579975e-08, 'epoch': 1.94}
{'loss': 0.4433, 'learning_rate': 3.317846713976502e-08, 'epoch': 1.94}
{'loss': 0.4476, 'learning_rate': 3.2477058373470146e-08, 'epoch': 1.94}
{'loss': 0.4929, 'learning_rate': 3.178311893157482e-08, 'epoch': 1.94}
{'loss': 0.4397, 'learning_rate': 3.1096649857508264e-08, 'epoch': 1.94}
{'loss': 0.4205, 'learning_rate': 3.041765218346704e-08, 'epoch': 1.94}
{'loss': 0.4364, 'learning_rate': 2.9746126930412787e-08, 'epoch': 1.94}
{'loss': 0.4292, 'learning_rate': 2.9082075108073926e-08, 'epoch': 1.95}
{'loss': 0.4527, 'learning_rate': 2.8425497714937856e-08, 'epoch': 1.95}
{'loss': 0.4751, 'learning_rate': 2.7776395738256523e-08, 'epoch': 1.95}
{'loss': 0.4352, 'learning_rate': 2.7134770154039202e-08, 'epoch': 1.95}
{'loss': 0.4185, 'learning_rate': 2.6500621927054716e-08, 'epoch': 1.95}
{'loss': 0.467, 'learning_rate': 2.587395201082865e-08, 'epoch': 1.95}
{'loss': 0.4068, 'learning_rate': 2.5254761347641155e-08, 'epoch': 1.95}
{'loss': 0.4497, 'learning_rate': 2.4643050868527474e-08, 'epoch': 1.95}
{'loss': 0.4856, 'learning_rate': 2.4038821493274077e-08, 'epoch': 1.95}
{'loss': 0.4818, 'learning_rate': 2.3442074130419767e-08, 'epoch': 1.95}
{'loss': 0.454, 'learning_rate': 2.285280967725234e-08, 'epoch': 1.95}
{'loss': 0.4591, 'learning_rate': 2.227102901980971e-08, 'epoch': 1.95}
{'loss': 0.3963, 'learning_rate': 2.1696733032873785e-08, 'epoch': 1.95}
{'loss': 0.4416, 'learning_rate': 2.1129922579975482e-08, 'epoch': 1.95}
{'loss': 0.4704, 'learning_rate': 2.0570598513388605e-08, 'epoch': 1.95}
{'loss': 0.4275, 'learning_rate': 2.0018761674130417e-08, 'epoch': 1.95}
{'loss': 0.4697, 'learning_rate': 1.9474412891959395e-08, 'epoch': 1.96}
{'loss': 0.4161, 'learning_rate': 1.8937552985377472e-08, 'epoch': 1.96}
{'loss': 0.4998, 'learning_rate': 1.840818276162226e-08, 'epoch': 1.96}
{'loss': 0.4804, 'learning_rate': 1.7886303016672602e-08, 'epoch': 1.96}
{'loss': 0.4684, 'learning_rate': 1.737191453524356e-08, 'epoch': 1.96}
{'loss': 0.4625, 'learning_rate': 1.6865018090784778e-08, 'epoch': 1.96}
{'loss': 0.4938, 'learning_rate': 1.636561444548268e-08, 'epoch': 1.96}
{'loss': 0.4043, 'learning_rate': 1.5873704350256037e-08, 'epoch': 1.96}
{'loss': 0.4484, 'learning_rate': 1.538928854475652e-08, 'epoch': 1.96}
{'loss': 0.4799, 'learning_rate': 1.4912367757366485e-08, 'epoch': 1.96}
{'loss': 0.4161, 'learning_rate': 1.444294270520008e-08, 'epoch': 1.96}
{'loss': 0.4557, 'learning_rate': 1.3981014094099354e-08, 'epoch': 1.96}
{'loss': 0.4643, 'learning_rate': 1.3526582618634265e-08, 'epoch': 1.96}
{'loss': 0.3791, 'learning_rate': 1.3079648962102675e-08, 'epoch': 1.96}
{'loss': 0.4761, 'learning_rate': 1.2640213796528134e-08, 'epoch': 1.96}
{'loss': 0.5208, 'learning_rate': 1.2208277782659317e-08, 'epoch': 1.96}
{'loss': 0.4587, 'learning_rate': 1.1783841569968368e-08, 'epoch': 1.97}
{'loss': 0.4347, 'learning_rate': 1.136690579665145e-08, 'epoch': 1.97}
{'loss': 0.4034, 'learning_rate': 1.0957471089626526e-08, 'epoch': 1.97}
{'loss': 0.4566, 'learning_rate': 1.0555538064532244e-08, 'epoch': 1.97}
{'loss': 0.5372, 'learning_rate': 1.0161107325727394e-08, 'epoch': 1.97}
{'loss': 0.4084, 'learning_rate': 9.774179466291445e-09, 'epoch': 1.97}
{'loss': 0.479, 'learning_rate': 9.394755068020678e-09, 'epoch': 1.97}
{'loss': 0.4108, 'learning_rate': 9.022834701429839e-09, 'epoch': 1.97}
{'loss': 0.4623, 'learning_rate': 8.658418925749922e-09, 'epoch': 1.97}
{'loss': 0.5274, 'learning_rate': 8.301508288928174e-09, 'epoch': 1.97}
{'loss': 0.4698, 'learning_rate': 7.95210332762697e-09, 'epoch': 1.97}
{'loss': 0.3759, 'learning_rate': 7.610204567222168e-09, 'epoch': 1.97}
{'loss': 0.4254, 'learning_rate': 7.275812521803649e-09, 'epoch': 1.97}
{'loss': 0.387, 'learning_rate': 6.9489276941742124e-09, 'epoch': 1.97}
{'loss': 0.415, 'learning_rate': 6.629550575847355e-09, 'epoch': 1.97}
{'loss': 0.4984, 'learning_rate': 6.317681647049489e-09, 'epoch': 1.97}
{'loss': 0.4022, 'learning_rate': 6.013321376716619e-09, 'epoch': 1.98}
{'loss': 0.4633, 'learning_rate': 5.716470222493775e-09, 'epoch': 1.98}
{'loss': 0.437, 'learning_rate': 5.427128630736134e-09, 'epoch': 1.98}
{'loss': 0.4914, 'learning_rate': 5.145297036506791e-09, 'epoch': 1.98}
{'loss': 0.4291, 'learning_rate': 4.87097586357621e-09, 'epoch': 1.98}
{'loss': 0.4704, 'learning_rate': 4.6041655244233315e-09, 'epoch': 1.98}
{'loss': 0.4147, 'learning_rate': 4.344866420231686e-09, 'epoch': 1.98}
{'loss': 0.4421, 'learning_rate': 4.09307894089217e-09, 'epoch': 1.98}
{'loss': 0.4604, 'learning_rate': 3.848803465000272e-09, 'epoch': 1.98}
{'loss': 0.4819, 'learning_rate': 3.612040359856073e-09, 'epoch': 1.98}
{'loss': 0.4825, 'learning_rate': 3.3827899814642408e-09, 'epoch': 1.98}
{'loss': 0.3872, 'learning_rate': 3.1610526745329275e-09, 'epoch': 1.98}
{'loss': 0.5006, 'learning_rate': 2.9468287724737642e-09, 'epoch': 1.98}
{'loss': 0.4617, 'learning_rate': 2.7401185973996434e-09, 'epoch': 1.98}
{'loss': 0.4356, 'learning_rate': 2.5409224601269376e-09, 'epoch': 1.98}
{'loss': 0.4935, 'learning_rate': 2.34924066017328e-09, 'epoch': 1.98}
{'loss': 0.5059, 'learning_rate': 2.165073485757563e-09, 'epoch': 1.99}
{'loss': 0.4474, 'learning_rate': 1.98842121379883e-09, 'epoch': 1.99}
{'loss': 0.4947, 'learning_rate': 1.8192841099179404e-09, 'epoch': 1.99}
{'loss': 0.4757, 'learning_rate': 1.657662428434792e-09, 'epoch': 1.99}
{'loss': 0.4405, 'learning_rate': 1.5035564123677682e-09, 'epoch': 1.99}
{'loss': 0.4777, 'learning_rate': 1.3569662934359572e-09, 'epoch': 1.99}
{'loss': 0.5215, 'learning_rate': 1.2178922920574876e-09, 'epoch': 1.99}
{'loss': 0.4334, 'learning_rate': 1.0863346173478617e-09, 'epoch': 1.99}
{'loss': 0.4916, 'learning_rate': 9.622934671216221e-10, 'epoch': 1.99}
{'loss': 0.4948, 'learning_rate': 8.457690278912412e-10, 'epoch': 1.99}
{'loss': 0.4546, 'learning_rate': 7.36761474865455e-10, 'epoch': 1.99}
{'loss': 0.5164, 'learning_rate': 6.352709719525951e-10, 'epoch': 1.99}
{'loss': 0.4344, 'learning_rate': 5.412976717561469e-10, 'epoch': 1.99}
{'loss': 0.4319, 'learning_rate': 4.5484171557808044e-10, 'epoch': 1.99}
{'loss': 0.4157, 'learning_rate': 3.7590323341607507e-10, 'epoch': 1.99}
{'loss': 0.4451, 'learning_rate': 3.044823439640743e-10, 'epoch': 1.99}
{'loss': 0.4855, 'learning_rate': 2.405791546133962e-10, 'epoch': 2.0}
{'loss': 0.3964, 'learning_rate': 1.8419376145051294e-10, 'epoch': 2.0}
{'loss': 0.4556, 'learning_rate': 1.3532624925871595e-10, 'epoch': 2.0}
{'loss': 0.496, 'learning_rate': 9.397669151589572e-11, 'epoch': 2.0}
{'loss': 0.43, 'learning_rate': 6.014515039731717e-11, 'epoch': 2.0}
{'loss': 0.4096, 'learning_rate': 3.383167677284416e-11, 'epoch': 2.0}
{'loss': 0.4256, 'learning_rate': 1.5036310208604853e-11, 'epoch': 2.0}
{'loss': 0.4164, 'learning_rate': 3.759078965326346e-12, 'epoch': 2.0}
{'loss': 0.4813, 'learning_rate': 0.0, 'epoch': 2.0}
{'eval_loss': 0.46020370721817017, 'eval_runtime': 530.935, 'eval_samples_per_second': 31.795, 'eval_steps_per_second': 1.989, 'epoch': 2.0}
{'train_runtime': 38738.9447, 'train_samples_per_second': 10.583, 'train_steps_per_second': 0.165, 'train_loss': 0.6355241375754038, 'epoch': 2.0}
start testing...
path: output/cn15k_baseline_cp/model_name_pt_llm_ds_llm_model_name_7b_chat_llm_frozen_True_max_txt_len_1500_max_new_tokens_32_gnn_model_name_gt_patience_2_num_epochs_2_seed0_fp16_False/test_result.csv
start testing...
path: output/cn15k_baseline_cp/model_name_pt_llm_ds_llm_model_name_7b_chat_llm_frozen_True_max_txt_len_1500_max_new_tokens_32_gnn_model_name_gt_patience_2_num_epochs_2_seed0_fp16_False/test_result.csv
MSE: 0.07044
MAE: 0.17649
valid_ratio: 0.99974
Test Acc 0.07044450461426793
MSE: 0.07044
MAE: 0.17649
valid_ratio: 0.99974
Test Acc 0.07044450461426793
[2025-12-04 14:02:51,372] [INFO] [launch.py:347:main] Process 2181904 exits successfully.
[2025-12-04 14:04:01,442] [INFO] [launch.py:347:main] Process 2181903 exits successfully.
